[train] blocks: train=46811 val=956 seq_len=1024
[train] params=226.5M vocab=32768 fp16=True grad_ckpt=True

  0%|          | 0/5000 [00:00<?, ?it/s]
  0%|          | 1/5000 [00:06<9:15:38,  6.67s/it]
  0%|          | 2/5000 [00:12<8:17:43,  5.98s/it]
  0%|          | 3/5000 [00:17<7:59:56,  5.76s/it]
  0%|          | 4/5000 [00:22<7:41:11,  5.54s/it]
  0%|          | 5/5000 [00:28<7:31:42,  5.43s/it]
  0%|          | 6/5000 [00:33<7:24:51,  5.34s/it]
  0%|          | 7/5000 [00:38<7:29:17,  5.40s/it]
  0%|          | 8/5000 [00:45<7:51:57,  5.67s/it]
  0%|          | 9/5000 [00:52<8:32:38,  6.16s/it]
  0%|          | 10/5000 [00:58<8:31:46,  6.15s/it]
  0%|          | 11/5000 [01:04<8:35:33,  6.20s/it]
  0%|          | 12/5000 [01:10<8:24:55,  6.07s/it]
  0%|          | 13/5000 [01:16<8:35:12,  6.20s/it]
  0%|          | 14/5000 [01:23<8:31:15,  6.15s/it]
  0%|          | 15/5000 [01:30<8:58:11,  6.48s/it]
  0%|          | 16/5000 [01:37<9:06:20,  6.58s/it]
  0%|          | 17/5000 [01:43<9:06:50,  6.58s/it]
  0%|          | 18/5000 [01:49<8:53:37,  6.43s/it]
  0%|          | 19/5000 [01:55<8:40:54,  6.27s/it]
  0%|          | 20/5000 [02:01<8:33:43,  6.19s/it]
  0%|          | 21/5000 [02:07<8:33:22,  6.19s/it]
  0%|          | 22/5000 [02:13<8:28:20,  6.13s/it]
  0%|          | 23/5000 [02:20<8:44:10,  6.32s/it]
  0%|          | 24/5000 [02:27<8:54:40,  6.45s/it]
  0%|          | 25/5000 [02:33<8:51:03,  6.40s/it]
  1%|          | 26/5000 [02:39<8:34:43,  6.21s/it]
  1%|          | 27/5000 [02:45<8:31:00,  6.17s/it]
  1%|          | 28/5000 [02:51<8:29:16,  6.15s/it]
  1%|          | 29/5000 [02:57<8:26:23,  6.11s/it]
  1%|          | 30/5000 [03:03<8:16:42,  6.00s/it]
  1%|          | 31/5000 [03:09<8:32:10,  6.18s/it]
  1%|          | 32/5000 [03:16<8:34:46,  6.22s/it]
  1%|          | 33/5000 [03:22<8:34:37,  6.22s/it]
  1%|          | 34/5000 [03:30<9:08:26,  6.63s/it]
  1%|          | 35/5000 [03:37<9:18:33,  6.75s/it]
  1%|          | 36/5000 [03:43<9:18:04,  6.75s/it]
  1%|          | 37/5000 [03:50<9:18:35,  6.75s/it]
  1%|          | 38/5000 [03:58<9:48:06,  7.11s/it]
  1%|          | 39/5000 [04:05<9:42:39,  7.05s/it]
  1%|          | 40/5000 [04:12<9:49:48,  7.13s/it]
  1%|          | 41/5000 [04:19<9:31:25,  6.91s/it]
  1%|          | 42/5000 [04:26<9:47:01,  7.10s/it]
  1%|          | 43/5000 [04:34<9:52:06,  7.17s/it]
  1%|          | 44/5000 [04:40<9:32:22,  6.93s/it]
  1%|          | 45/5000 [04:47<9:48:24,  7.13s/it]
  1%|          | 46/5000 [04:54<9:38:15,  7.00s/it]
  1%|          | 47/5000 [05:02<9:48:45,  7.13s/it]
  1%|          | 48/5000 [05:09<9:48:57,  7.14s/it]
  1%|          | 49/5000 [05:16<9:47:14,  7.12s/it]
  1%|1         | 50/5000 [05:23<9:45:20,  7.10s/it]
                                                   

  1%|1         | 50/5000 [05:23<9:45:20,  7.10s/it]
  1%|1         | 51/5000 [05:30<9:50:06,  7.15s/it]
  1%|1         | 52/5000 [05:37<9:48:38,  7.14s/it]
  1%|1         | 53/5000 [05:45<9:51:33,  7.17s/it]
  1%|1         | 54/5000 [05:52<10:01:27,  7.30s/it]
  1%|1         | 55/5000 [05:59<10:00:14,  7.28s/it]
  1%|1         | 56/5000 [06:07<10:03:17,  7.32s/it]
  1%|1         | 57/5000 [06:14<10:05:58,  7.36s/it]
  1%|1         | 58/5000 [06:21<9:59:38,  7.28s/it] 
  1%|1         | 59/5000 [06:29<10:04:10,  7.34s/it]
  1%|1         | 60/5000 [06:35<9:34:34,  6.98s/it] 
  1%|1         | 61/5000 [06:43<10:05:30,  7.36s/it]
  1%|1         | 62/5000 [06:50<9:52:43,  7.20s/it] 
  1%|1         | 63/5000 [06:57<9:57:06,  7.26s/it]
  1%|1         | 64/5000 [07:04<9:44:23,  7.10s/it]
  1%|1         | 65/5000 [07:12<9:58:08,  7.27s/it]
  1%|1         | 66/5000 [07:19<10:04:17,  7.35s/it]
  1%|1         | 67/5000 [07:27<10:01:35,  7.32s/it]
  1%|1         | 68/5000 [07:35<10:17:13,  7.51s/it]
  1%|1         | 69/5000 [07:42<10:26:21,  7.62s/it]
  1%|1         | 70/5000 [07:50<10:14:25,  7.48s/it]
  1%|1         | 71/5000 [07:57<10:07:58,  7.40s/it]
  1%|1         | 72/5000 [08:05<10:16:44,  7.51s/it]
  1%|1         | 73/5000 [08:11<10:01:43,  7.33s/it]
  1%|1         | 74/5000 [08:19<9:55:09,  7.25s/it] 
  2%|1         | 75/5000 [08:26<9:57:05,  7.27s/it]
  2%|1         | 76/5000 [08:33<10:03:19,  7.35s/it]
  2%|1         | 77/5000 [08:41<10:11:25,  7.45s/it]
  2%|1         | 78/5000 [08:48<10:09:55,  7.44s/it]
  2%|1         | 79/5000 [08:56<10:03:06,  7.35s/it]
  2%|1         | 80/5000 [09:03<10:10:32,  7.45s/it]
  2%|1         | 81/5000 [09:12<10:43:44,  7.85s/it]
  2%|1         | 82/5000 [09:20<10:52:52,  7.97s/it]
  2%|1         | 83/5000 [09:31<12:02:39,  8.82s/it]
  2%|1         | 84/5000 [09:39<11:36:04,  8.50s/it]
  2%|1         | 85/5000 [09:47<11:24:26,  8.36s/it]
  2%|1         | 86/5000 [09:53<10:28:23,  7.67s/it]
  2%|1         | 87/5000 [10:01<10:29:24,  7.69s/it]
  2%|1         | 88/5000 [10:10<11:04:12,  8.11s/it]
  2%|1         | 89/5000 [10:17<10:50:50,  7.95s/it]
  2%|1         | 90/5000 [10:25<10:46:24,  7.90s/it]
  2%|1         | 91/5000 [10:33<10:52:52,  7.98s/it]
  2%|1         | 92/5000 [10:42<11:15:00,  8.25s/it]
  2%|1         | 93/5000 [10:50<11:10:18,  8.20s/it]
  2%|1         | 94/5000 [10:57<10:36:25,  7.78s/it]
  2%|1         | 95/5000 [11:06<10:58:45,  8.06s/it]
  2%|1         | 96/5000 [11:13<10:47:53,  7.93s/it]
  2%|1         | 97/5000 [11:21<10:48:02,  7.93s/it]
  2%|1         | 98/5000 [11:30<10:57:59,  8.05s/it]
  2%|1         | 99/5000 [11:37<10:46:31,  7.92s/it]
  2%|2         | 100/5000 [11:45<10:35:00,  7.78s/it]
                                                     

  2%|2         | 100/5000 [11:45<10:35:00,  7.78s/it]
  2%|2         | 101/5000 [11:52<10:29:18,  7.71s/it]
  2%|2         | 102/5000 [12:00<10:34:58,  7.78s/it]
  2%|2         | 103/5000 [12:09<10:54:35,  8.02s/it]
  2%|2         | 104/5000 [12:16<10:44:30,  7.90s/it]
  2%|2         | 105/5000 [12:24<10:33:18,  7.76s/it]
  2%|2         | 106/5000 [12:32<10:36:41,  7.81s/it]
  2%|2         | 107/5000 [12:39<10:32:21,  7.75s/it]
  2%|2         | 108/5000 [12:47<10:32:37,  7.76s/it]
  2%|2         | 109/5000 [12:54<10:18:49,  7.59s/it]
  2%|2         | 110/5000 [13:02<10:29:44,  7.73s/it]
  2%|2         | 111/5000 [13:10<10:30:34,  7.74s/it]
  2%|2         | 112/5000 [13:17<10:16:42,  7.57s/it]
  2%|2         | 113/5000 [13:26<10:35:28,  7.80s/it]
  2%|2         | 114/5000 [13:33<10:18:09,  7.59s/it]
  2%|2         | 115/5000 [13:40<10:08:00,  7.47s/it]
  2%|2         | 116/5000 [13:49<10:41:17,  7.88s/it]
  2%|2         | 117/5000 [13:57<10:53:37,  8.03s/it]
  2%|2         | 118/5000 [14:04<10:26:11,  7.70s/it]
  2%|2         | 119/5000 [14:11<10:11:21,  7.52s/it]
  2%|2         | 120/5000 [14:19<10:23:39,  7.67s/it]
  2%|2         | 121/5000 [14:27<10:13:43,  7.55s/it]
  2%|2         | 122/5000 [14:34<10:18:58,  7.61s/it]
  2%|2         | 123/5000 [14:42<10:19:22,  7.62s/it]
  2%|2         | 124/5000 [14:49<9:58:35,  7.37s/it] 
  2%|2         | 125/5000 [14:57<10:09:17,  7.50s/it]
  3%|2         | 126/5000 [15:04<10:07:32,  7.48s/it]
  3%|2         | 127/5000 [15:11<10:08:29,  7.49s/it]
  3%|2         | 128/5000 [15:19<10:13:42,  7.56s/it]
  3%|2         | 129/5000 [15:27<10:15:30,  7.58s/it]
  3%|2         | 130/5000 [15:34<10:10:53,  7.53s/it]
  3%|2         | 131/5000 [15:42<10:20:51,  7.65s/it]
  3%|2         | 132/5000 [15:50<10:30:42,  7.77s/it]
  3%|2         | 133/5000 [15:58<10:19:00,  7.63s/it]
  3%|2         | 134/5000 [16:06<10:27:50,  7.74s/it]
  3%|2         | 135/5000 [16:13<10:23:47,  7.69s/it]
  3%|2         | 136/5000 [16:20<10:14:57,  7.59s/it]
  3%|2         | 137/5000 [16:27<9:56:04,  7.35s/it] 
  3%|2         | 138/5000 [16:36<10:20:11,  7.65s/it]
  3%|2         | 139/5000 [16:43<10:20:01,  7.65s/it]
  3%|2         | 140/5000 [16:50<10:05:00,  7.47s/it]
  3%|2         | 141/5000 [16:58<10:06:26,  7.49s/it]
  3%|2         | 142/5000 [17:06<10:21:48,  7.68s/it]
  3%|2         | 143/5000 [17:13<10:10:12,  7.54s/it]
  3%|2         | 144/5000 [17:21<10:09:25,  7.53s/it]
  3%|2         | 145/5000 [17:28<10:15:34,  7.61s/it]
  3%|2         | 146/5000 [17:35<9:55:34,  7.36s/it] 
  3%|2         | 147/5000 [17:43<10:05:53,  7.49s/it]
  3%|2         | 148/5000 [17:51<10:06:00,  7.49s/it]
  3%|2         | 149/5000 [17:57<9:50:07,  7.30s/it] 
  3%|3         | 150/5000 [18:05<9:58:40,  7.41s/it]
                                                    

  3%|3         | 150/5000 [18:05<9:58:40,  7.41s/it]
  3%|3         | 151/5000 [18:14<10:35:13,  7.86s/it]
  3%|3         | 152/5000 [18:22<10:35:30,  7.87s/it]
  3%|3         | 153/5000 [18:29<10:27:13,  7.76s/it]
  3%|3         | 154/5000 [18:36<10:03:08,  7.47s/it]
  3%|3         | 155/5000 [18:44<10:15:57,  7.63s/it]
  3%|3         | 156/5000 [18:52<10:19:36,  7.67s/it]
  3%|3         | 157/5000 [19:00<10:20:41,  7.69s/it]
  3%|3         | 158/5000 [19:07<10:07:57,  7.53s/it]
  3%|3         | 159/5000 [19:15<10:16:27,  7.64s/it]
  3%|3         | 160/5000 [19:23<10:23:58,  7.74s/it]
  3%|3         | 161/5000 [19:31<10:27:20,  7.78s/it]
  3%|3         | 162/5000 [19:38<10:22:53,  7.72s/it]
  3%|3         | 163/5000 [19:46<10:22:08,  7.72s/it]
  3%|3         | 164/5000 [19:54<10:41:09,  7.95s/it]
  3%|3         | 165/5000 [20:03<10:52:47,  8.10s/it]
  3%|3         | 166/5000 [20:11<10:57:59,  8.17s/it]
  3%|3         | 167/5000 [20:19<10:57:16,  8.16s/it]
  3%|3         | 168/5000 [20:29<11:47:12,  8.78s/it]
  3%|3         | 169/5000 [20:39<11:57:48,  8.92s/it]
  3%|3         | 170/5000 [20:48<12:04:39,  9.00s/it]
  3%|3         | 171/5000 [20:57<11:57:42,  8.92s/it]
  3%|3         | 172/5000 [21:05<11:33:18,  8.62s/it]
  3%|3         | 173/5000 [21:13<11:28:28,  8.56s/it]
  3%|3         | 174/5000 [21:21<11:07:33,  8.30s/it]
  4%|3         | 175/5000 [21:29<11:20:24,  8.46s/it]
  4%|3         | 176/5000 [21:38<11:19:34,  8.45s/it]
  4%|3         | 177/5000 [21:48<12:02:49,  8.99s/it]
  4%|3         | 178/5000 [21:59<12:39:38,  9.45s/it]
  4%|3         | 179/5000 [22:06<11:43:53,  8.76s/it]
  4%|3         | 180/5000 [22:13<11:16:02,  8.42s/it]
  4%|3         | 181/5000 [22:21<11:03:04,  8.26s/it]
  4%|3         | 182/5000 [22:29<10:42:45,  8.00s/it]
  4%|3         | 183/5000 [22:36<10:22:16,  7.75s/it]
  4%|3         | 184/5000 [22:44<10:36:09,  7.93s/it]
  4%|3         | 185/5000 [22:52<10:26:51,  7.81s/it]
  4%|3         | 186/5000 [22:59<10:21:22,  7.74s/it]
  4%|3         | 187/5000 [23:07<10:18:17,  7.71s/it]
  4%|3         | 188/5000 [23:14<10:12:15,  7.63s/it]
  4%|3         | 189/5000 [23:22<10:20:39,  7.74s/it]
  4%|3         | 190/5000 [23:30<10:20:46,  7.74s/it]
  4%|3         | 191/5000 [23:38<10:23:52,  7.78s/it]
  4%|3         | 192/5000 [23:46<10:19:09,  7.73s/it]
  4%|3         | 193/5000 [23:53<10:06:03,  7.56s/it]
  4%|3         | 194/5000 [24:02<10:32:00,  7.89s/it]
  4%|3         | 195/5000 [24:09<10:25:49,  7.81s/it]
  4%|3         | 196/5000 [24:17<10:15:48,  7.69s/it]
  4%|3         | 197/5000 [24:24<10:09:23,  7.61s/it]
  4%|3         | 198/5000 [24:31<10:05:13,  7.56s/it]
  4%|3         | 199/5000 [24:39<9:56:17,  7.45s/it] 
  4%|4         | 200/5000 [24:45<9:35:38,  7.20s/it]
                                                    

  4%|4         | 200/5000 [24:45<9:35:38,  7.20s/it]
  4%|4         | 201/5000 [24:52<9:27:16,  7.09s/it]
  4%|4         | 202/5000 [24:59<9:24:24,  7.06s/it]
  4%|4         | 203/5000 [25:05<9:05:54,  6.83s/it]
  4%|4         | 204/5000 [25:13<9:18:12,  6.98s/it]
  4%|4         | 205/5000 [25:19<9:13:15,  6.92s/it]
  4%|4         | 206/5000 [25:26<8:59:25,  6.75s/it]
  4%|4         | 207/5000 [25:33<9:03:42,  6.81s/it]
  4%|4         | 208/5000 [25:40<9:15:59,  6.96s/it]
  4%|4         | 209/5000 [25:47<9:09:53,  6.89s/it]
  4%|4         | 210/5000 [25:54<9:24:37,  7.07s/it]
  4%|4         | 211/5000 [26:02<9:48:58,  7.38s/it]
  4%|4         | 212/5000 [26:10<9:46:39,  7.35s/it]
  4%|4         | 213/5000 [26:17<9:51:46,  7.42s/it]
  4%|4         | 214/5000 [26:25<9:55:58,  7.47s/it]
  4%|4         | 215/5000 [26:32<9:49:41,  7.39s/it]
  4%|4         | 216/5000 [26:40<9:51:58,  7.42s/it]
  4%|4         | 217/5000 [26:47<9:45:46,  7.35s/it]
  4%|4         | 218/5000 [26:54<9:51:08,  7.42s/it]
  4%|4         | 219/5000 [27:01<9:45:25,  7.35s/it]
  4%|4         | 220/5000 [27:09<9:50:03,  7.41s/it]
  4%|4         | 221/5000 [27:16<9:50:33,  7.41s/it]
  4%|4         | 222/5000 [27:24<10:04:11,  7.59s/it]
  4%|4         | 223/5000 [27:31<9:50:40,  7.42s/it] 
  4%|4         | 224/5000 [27:39<9:51:25,  7.43s/it]
  4%|4         | 225/5000 [27:46<9:49:12,  7.40s/it]
  5%|4         | 226/5000 [27:55<10:19:18,  7.78s/it]
  5%|4         | 227/5000 [28:03<10:21:10,  7.81s/it]
  5%|4         | 228/5000 [28:10<10:15:06,  7.73s/it]
  5%|4         | 229/5000 [28:19<10:26:12,  7.88s/it]
  5%|4         | 230/5000 [28:26<10:12:50,  7.71s/it]
  5%|4         | 231/5000 [28:34<10:29:58,  7.93s/it]
  5%|4         | 232/5000 [28:42<10:18:42,  7.79s/it]
  5%|4         | 233/5000 [28:49<10:08:18,  7.66s/it]
  5%|4         | 234/5000 [28:57<10:01:00,  7.57s/it]
  5%|4         | 235/5000 [29:04<9:52:39,  7.46s/it] 
  5%|4         | 236/5000 [29:11<9:43:28,  7.35s/it]
  5%|4         | 237/5000 [29:19<9:57:49,  7.53s/it]
  5%|4         | 238/5000 [29:26<9:48:10,  7.41s/it]
  5%|4         | 239/5000 [29:33<9:52:05,  7.46s/it]
  5%|4         | 240/5000 [29:41<9:46:19,  7.39s/it]
  5%|4         | 241/5000 [29:48<9:45:11,  7.38s/it]
  5%|4         | 242/5000 [29:57<10:16:41,  7.78s/it]
  5%|4         | 243/5000 [30:04<10:09:13,  7.68s/it]
  5%|4         | 244/5000 [30:12<10:12:46,  7.73s/it]
  5%|4         | 245/5000 [30:20<10:28:21,  7.93s/it]
  5%|4         | 246/5000 [30:29<10:32:51,  7.99s/it]
  5%|4         | 247/5000 [30:35<10:06:50,  7.66s/it]
  5%|4         | 248/5000 [30:44<10:25:27,  7.90s/it]
  5%|4         | 249/5000 [30:51<10:11:27,  7.72s/it]
  5%|5         | 250/5000 [31:01<10:50:44,  8.22s/it]
                                                     

  5%|5         | 250/5000 [31:01<10:50:44,  8.22s/it]
  5%|5         | 251/5000 [31:07<10:11:54,  7.73s/it]
  5%|5         | 252/5000 [31:14<9:50:53,  7.47s/it] 
  5%|5         | 253/5000 [31:22<10:05:30,  7.65s/it]
  5%|5         | 254/5000 [31:29<9:50:17,  7.46s/it] 
  5%|5         | 255/5000 [31:36<9:42:31,  7.37s/it]
  5%|5         | 256/5000 [31:43<9:37:52,  7.31s/it]
  5%|5         | 257/5000 [31:51<9:51:26,  7.48s/it]
  5%|5         | 258/5000 [31:58<9:39:54,  7.34s/it]
  5%|5         | 259/5000 [32:06<9:42:54,  7.38s/it]
  5%|5         | 260/5000 [32:13<9:34:34,  7.27s/it]
  5%|5         | 261/5000 [32:20<9:32:14,  7.25s/it]
  5%|5         | 262/5000 [32:27<9:28:30,  7.20s/it]
  5%|5         | 263/5000 [32:34<9:23:12,  7.13s/it]
  5%|5         | 264/5000 [32:43<10:01:58,  7.63s/it]
  5%|5         | 265/5000 [32:50<9:43:57,  7.40s/it] 
  5%|5         | 266/5000 [32:57<9:38:46,  7.34s/it]
  5%|5         | 267/5000 [33:04<9:37:23,  7.32s/it]
  5%|5         | 268/5000 [33:12<9:46:56,  7.44s/it]
  5%|5         | 269/5000 [33:19<9:44:55,  7.42s/it]
  5%|5         | 270/5000 [33:26<9:36:12,  7.31s/it]
  5%|5         | 271/5000 [33:34<9:46:50,  7.45s/it]
  5%|5         | 272/5000 [33:41<9:42:35,  7.39s/it]
  5%|5         | 273/5000 [33:48<9:25:47,  7.18s/it]
  5%|5         | 274/5000 [34:00<11:15:35,  8.58s/it]
  6%|5         | 275/5000 [34:11<12:21:31,  9.42s/it]
  6%|5         | 276/5000 [34:21<12:17:35,  9.37s/it]
  6%|5         | 277/5000 [34:30<12:21:31,  9.42s/it]
  6%|5         | 278/5000 [34:39<12:08:37,  9.26s/it]
  6%|5         | 279/5000 [34:48<12:12:22,  9.31s/it]
  6%|5         | 280/5000 [34:57<12:05:14,  9.22s/it]
  6%|5         | 281/5000 [35:05<11:29:53,  8.77s/it]
  6%|5         | 282/5000 [35:13<11:12:29,  8.55s/it]
  6%|5         | 283/5000 [35:21<10:55:42,  8.34s/it]
  6%|5         | 284/5000 [35:29<10:35:23,  8.08s/it]
  6%|5         | 285/5000 [35:36<10:26:40,  7.97s/it]
  6%|5         | 286/5000 [35:45<10:43:05,  8.19s/it]
  6%|5         | 287/5000 [35:53<10:43:41,  8.19s/it]
  6%|5         | 288/5000 [36:01<10:30:02,  8.02s/it]
  6%|5         | 289/5000 [36:09<10:34:11,  8.08s/it]
  6%|5         | 290/5000 [36:17<10:24:01,  7.95s/it]
  6%|5         | 291/5000 [36:24<10:21:54,  7.92s/it]
  6%|5         | 292/5000 [36:32<10:12:22,  7.80s/it]
  6%|5         | 293/5000 [36:40<10:22:36,  7.94s/it]
  6%|5         | 294/5000 [36:47<9:59:22,  7.64s/it] 
  6%|5         | 295/5000 [36:55<9:51:43,  7.55s/it]
  6%|5         | 296/5000 [37:03<10:11:00,  7.79s/it]
  6%|5         | 297/5000 [37:11<10:10:29,  7.79s/it]
  6%|5         | 298/5000 [37:18<10:04:30,  7.71s/it]
  6%|5         | 299/5000 [37:27<10:20:59,  7.93s/it]
  6%|6         | 300/5000 [37:36<10:44:12,  8.22s/it]
                                                     

  6%|6         | 300/5000 [37:36<10:44:12,  8.22s/it]
  6%|6         | 301/5000 [37:44<10:52:29,  8.33s/it]
  6%|6         | 302/5000 [37:53<10:53:52,  8.35s/it]
  6%|6         | 303/5000 [38:01<10:49:32,  8.30s/it]
  6%|6         | 304/5000 [38:10<11:14:24,  8.62s/it]
  6%|6         | 305/5000 [38:18<10:57:39,  8.40s/it]
  6%|6         | 306/5000 [38:26<10:56:00,  8.39s/it]
  6%|6         | 307/5000 [38:34<10:43:41,  8.23s/it]
  6%|6         | 308/5000 [38:42<10:36:12,  8.14s/it]
  6%|6         | 309/5000 [38:50<10:20:29,  7.94s/it]
  6%|6         | 310/5000 [38:59<10:59:54,  8.44s/it]
  6%|6         | 311/5000 [39:08<11:02:38,  8.48s/it]
  6%|6         | 312/5000 [39:16<10:46:39,  8.28s/it]
  6%|6         | 313/5000 [39:24<10:52:49,  8.36s/it]
  6%|6         | 314/5000 [39:31<10:20:30,  7.95s/it]
  6%|6         | 315/5000 [39:39<10:08:45,  7.80s/it]
  6%|6         | 316/5000 [39:47<10:13:00,  7.85s/it]
  6%|6         | 317/5000 [39:55<10:25:55,  8.02s/it]
  6%|6         | 318/5000 [40:04<10:41:35,  8.22s/it]
  6%|6         | 319/5000 [40:12<10:45:42,  8.28s/it]
  6%|6         | 320/5000 [40:20<10:37:03,  8.17s/it]
  6%|6         | 321/5000 [40:31<11:47:08,  9.07s/it]
  6%|6         | 322/5000 [40:39<11:20:54,  8.73s/it]
  6%|6         | 323/5000 [40:47<11:00:22,  8.47s/it]
  6%|6         | 324/5000 [40:56<11:05:00,  8.53s/it]
  6%|6         | 325/5000 [41:04<10:52:41,  8.38s/it]
  7%|6         | 326/5000 [41:15<12:08:43,  9.35s/it]
  7%|6         | 327/5000 [41:25<12:23:20,  9.54s/it]
  7%|6         | 328/5000 [41:35<12:39:04,  9.75s/it]
  7%|6         | 329/5000 [41:45<12:42:59,  9.80s/it]
  7%|6         | 330/5000 [41:56<13:05:51, 10.10s/it]
  7%|6         | 331/5000 [42:05<12:31:40,  9.66s/it]
  7%|6         | 332/5000 [42:13<12:06:59,  9.34s/it]
  7%|6         | 333/5000 [42:23<12:00:37,  9.26s/it]
  7%|6         | 334/5000 [42:31<11:47:37,  9.10s/it]
  7%|6         | 335/5000 [42:39<11:12:40,  8.65s/it]
  7%|6         | 336/5000 [42:47<11:04:00,  8.54s/it]
  7%|6         | 337/5000 [42:55<10:42:47,  8.27s/it]
  7%|6         | 338/5000 [43:02<10:24:07,  8.03s/it]
  7%|6         | 339/5000 [43:10<10:24:49,  8.04s/it]
  7%|6         | 340/5000 [43:18<10:22:55,  8.02s/it]
  7%|6         | 341/5000 [43:25<10:04:18,  7.78s/it]
  7%|6         | 342/5000 [43:33<9:56:24,  7.68s/it] 
  7%|6         | 343/5000 [43:41<10:04:29,  7.79s/it]
  7%|6         | 344/5000 [43:49<10:04:25,  7.79s/it]
  7%|6         | 345/5000 [43:56<9:55:54,  7.68s/it] 
  7%|6         | 346/5000 [44:04<9:47:44,  7.58s/it]
  7%|6         | 347/5000 [44:11<9:47:53,  7.58s/it]
  7%|6         | 348/5000 [44:19<9:54:48,  7.67s/it]
  7%|6         | 349/5000 [44:26<9:44:20,  7.54s/it]
  7%|7         | 350/5000 [44:33<9:17:50,  7.20s/it]
                                                    

  7%|7         | 350/5000 [44:33<9:17:50,  7.20s/it]
  7%|7         | 351/5000 [44:40<9:28:49,  7.34s/it]
  7%|7         | 352/5000 [44:47<9:18:37,  7.21s/it]
  7%|7         | 353/5000 [44:55<9:28:41,  7.34s/it]
  7%|7         | 354/5000 [45:02<9:25:26,  7.30s/it]
  7%|7         | 355/5000 [45:09<9:23:18,  7.28s/it]
  7%|7         | 356/5000 [45:16<9:18:36,  7.22s/it]
  7%|7         | 357/5000 [45:23<9:15:36,  7.18s/it]
  7%|7         | 358/5000 [45:31<9:27:57,  7.34s/it]
  7%|7         | 359/5000 [45:38<9:18:34,  7.22s/it]
  7%|7         | 360/5000 [45:46<9:26:23,  7.32s/it]
  7%|7         | 361/5000 [45:53<9:18:01,  7.22s/it]
  7%|7         | 362/5000 [46:00<9:29:54,  7.37s/it]
  7%|7         | 363/5000 [46:08<9:27:45,  7.35s/it]
  7%|7         | 364/5000 [46:14<9:02:10,  7.02s/it]
  7%|7         | 365/5000 [46:22<9:22:17,  7.28s/it]
  7%|7         | 366/5000 [46:29<9:18:41,  7.23s/it]
  7%|7         | 367/5000 [46:37<9:29:03,  7.37s/it]
  7%|7         | 368/5000 [46:44<9:31:13,  7.40s/it]
  7%|7         | 369/5000 [46:51<9:22:52,  7.29s/it]
  7%|7         | 370/5000 [46:58<9:21:01,  7.27s/it]
  7%|7         | 371/5000 [47:06<9:18:38,  7.24s/it]
  7%|7         | 372/5000 [47:12<9:00:28,  7.01s/it]
  7%|7         | 373/5000 [47:19<9:08:12,  7.11s/it]
  7%|7         | 374/5000 [47:27<9:21:05,  7.28s/it]
  8%|7         | 375/5000 [47:34<9:04:16,  7.06s/it]
  8%|7         | 376/5000 [47:40<8:57:26,  6.97s/it]
  8%|7         | 377/5000 [47:47<8:56:25,  6.96s/it]
  8%|7         | 378/5000 [47:55<9:02:47,  7.05s/it]
  8%|7         | 379/5000 [48:02<9:13:23,  7.19s/it]
  8%|7         | 380/5000 [48:08<8:45:37,  6.83s/it]
  8%|7         | 381/5000 [48:15<8:51:37,  6.91s/it]
  8%|7         | 382/5000 [48:22<9:00:49,  7.03s/it]
  8%|7         | 383/5000 [48:29<9:00:43,  7.03s/it]
  8%|7         | 384/5000 [48:37<9:03:39,  7.07s/it]
  8%|7         | 385/5000 [48:44<9:03:00,  7.06s/it]
  8%|7         | 386/5000 [48:50<8:50:57,  6.90s/it]
  8%|7         | 387/5000 [48:58<9:01:15,  7.04s/it]
  8%|7         | 388/5000 [49:04<8:52:26,  6.93s/it]
  8%|7         | 389/5000 [49:12<9:03:18,  7.07s/it]
  8%|7         | 390/5000 [49:19<9:05:38,  7.10s/it]
  8%|7         | 391/5000 [49:25<8:56:24,  6.98s/it]
  8%|7         | 392/5000 [49:34<9:20:54,  7.30s/it]
  8%|7         | 393/5000 [49:41<9:18:13,  7.27s/it]
  8%|7         | 394/5000 [49:48<9:23:48,  7.34s/it]
  8%|7         | 395/5000 [49:55<9:02:35,  7.07s/it]
  8%|7         | 396/5000 [50:01<8:53:06,  6.95s/it]
  8%|7         | 397/5000 [50:11<9:45:24,  7.63s/it]
  8%|7         | 398/5000 [50:18<9:32:04,  7.46s/it]
  8%|7         | 399/5000 [50:25<9:34:14,  7.49s/it]
  8%|8         | 400/5000 [50:33<9:33:09,  7.48s/it]
                                                    

  8%|8         | 400/5000 [50:33<9:33:09,  7.48s/it]
  8%|8         | 401/5000 [50:40<9:41:46,  7.59s/it]
  8%|8         | 402/5000 [50:48<9:33:16,  7.48s/it]
  8%|8         | 403/5000 [50:55<9:24:15,  7.36s/it]
  8%|8         | 404/5000 [51:03<9:34:53,  7.51s/it]
  8%|8         | 405/5000 [51:10<9:40:30,  7.58s/it]
  8%|8         | 406/5000 [51:18<9:41:48,  7.60s/it]
  8%|8         | 407/5000 [51:24<9:08:31,  7.17s/it]
  8%|8         | 408/5000 [51:33<9:55:50,  7.79s/it]
  8%|8         | 409/5000 [51:40<9:31:17,  7.47s/it]
  8%|8         | 410/5000 [51:47<9:27:14,  7.42s/it]
  8%|8         | 411/5000 [51:55<9:34:21,  7.51s/it]
  8%|8         | 412/5000 [52:03<9:52:18,  7.75s/it]
  8%|8         | 413/5000 [52:10<9:28:32,  7.44s/it]
  8%|8         | 414/5000 [52:18<9:46:45,  7.68s/it]
  8%|8         | 415/5000 [52:26<9:36:07,  7.54s/it]
  8%|8         | 416/5000 [52:32<9:16:05,  7.28s/it]
  8%|8         | 417/5000 [52:40<9:19:19,  7.32s/it]
  8%|8         | 418/5000 [52:47<9:09:21,  7.19s/it]
  8%|8         | 419/5000 [52:54<9:18:43,  7.32s/it]
  8%|8         | 420/5000 [53:01<9:09:31,  7.20s/it]
  8%|8         | 421/5000 [53:08<9:05:04,  7.14s/it]
  8%|8         | 422/5000 [53:16<9:15:36,  7.28s/it]
  8%|8         | 423/5000 [53:23<9:10:45,  7.22s/it]
  8%|8         | 424/5000 [53:30<9:04:28,  7.14s/it]
  8%|8         | 425/5000 [53:37<9:14:20,  7.27s/it]
  9%|8         | 426/5000 [53:44<9:02:05,  7.11s/it]
  9%|8         | 427/5000 [53:52<9:21:00,  7.36s/it]
  9%|8         | 428/5000 [53:59<9:07:55,  7.19s/it]
  9%|8         | 429/5000 [54:05<8:49:05,  6.95s/it]
  9%|8         | 430/5000 [54:13<9:05:10,  7.16s/it]
  9%|8         | 431/5000 [54:21<9:17:16,  7.32s/it]
  9%|8         | 432/5000 [54:27<8:56:49,  7.05s/it]
  9%|8         | 433/5000 [54:35<9:11:54,  7.25s/it]
  9%|8         | 434/5000 [54:41<8:59:15,  7.09s/it]
  9%|8         | 435/5000 [54:49<9:07:52,  7.20s/it]
  9%|8         | 436/5000 [54:57<9:24:30,  7.42s/it]
  9%|8         | 437/5000 [55:03<9:02:07,  7.13s/it]
  9%|8         | 438/5000 [55:11<9:05:00,  7.17s/it]
  9%|8         | 439/5000 [55:18<9:13:28,  7.28s/it]
  9%|8         | 440/5000 [55:25<8:58:48,  7.09s/it]
  9%|8         | 441/5000 [55:32<9:10:00,  7.24s/it]
  9%|8         | 442/5000 [55:40<9:14:50,  7.30s/it]
  9%|8         | 443/5000 [55:46<8:56:52,  7.07s/it]
  9%|8         | 444/5000 [55:53<8:57:20,  7.08s/it]
  9%|8         | 445/5000 [56:00<8:49:47,  6.98s/it]
  9%|8         | 446/5000 [56:07<8:55:42,  7.06s/it]
  9%|8         | 447/5000 [56:14<8:45:57,  6.93s/it]
  9%|8         | 448/5000 [56:21<8:51:01,  7.00s/it]
  9%|8         | 449/5000 [56:28<8:44:06,  6.91s/it]
  9%|9         | 450/5000 [56:35<8:45:35,  6.93s/it]
                                                    

  9%|9         | 450/5000 [56:35<8:45:35,  6.93s/it]
  9%|9         | 451/5000 [56:41<8:37:41,  6.83s/it]
  9%|9         | 452/5000 [56:49<8:44:25,  6.92s/it]
  9%|9         | 453/5000 [56:56<8:45:53,  6.94s/it]
  9%|9         | 454/5000 [57:03<8:48:36,  6.98s/it]
  9%|9         | 455/5000 [57:09<8:41:25,  6.88s/it]
  9%|9         | 456/5000 [57:16<8:45:37,  6.94s/it]
  9%|9         | 457/5000 [57:23<8:36:47,  6.83s/it]
  9%|9         | 458/5000 [57:30<8:40:19,  6.87s/it]
  9%|9         | 459/5000 [57:37<8:36:37,  6.83s/it]
  9%|9         | 460/5000 [57:44<8:38:52,  6.86s/it]
  9%|9         | 461/5000 [57:52<9:05:22,  7.21s/it]
  9%|9         | 462/5000 [57:58<8:42:25,  6.91s/it]
  9%|9         | 463/5000 [58:05<8:46:50,  6.97s/it]
  9%|9         | 464/5000 [58:12<8:45:39,  6.95s/it]
  9%|9         | 465/5000 [58:19<8:41:02,  6.89s/it]
  9%|9         | 466/5000 [58:26<8:53:10,  7.06s/it]
  9%|9         | 467/5000 [58:33<8:55:52,  7.09s/it]
  9%|9         | 468/5000 [58:41<9:06:24,  7.23s/it]
  9%|9         | 469/5000 [58:47<8:33:33,  6.80s/it]
  9%|9         | 470/5000 [58:54<8:52:37,  7.05s/it]
  9%|9         | 471/5000 [59:01<8:45:41,  6.96s/it]
  9%|9         | 472/5000 [59:07<8:29:33,  6.75s/it]
  9%|9         | 473/5000 [59:15<8:45:26,  6.96s/it]
  9%|9         | 474/5000 [59:21<8:36:52,  6.85s/it]
 10%|9         | 475/5000 [59:29<8:48:14,  7.00s/it]
 10%|9         | 476/5000 [59:35<8:31:03,  6.78s/it]
 10%|9         | 477/5000 [59:42<8:34:52,  6.83s/it]
 10%|9         | 478/5000 [59:49<8:37:48,  6.87s/it]
 10%|9         | 479/5000 [59:55<8:18:49,  6.62s/it]
 10%|9         | 480/5000 [1:00:02<8:31:57,  6.80s/it]
 10%|9         | 481/5000 [1:00:08<8:15:26,  6.58s/it]
 10%|9         | 482/5000 [1:00:15<8:19:43,  6.64s/it]
 10%|9         | 483/5000 [1:00:22<8:23:06,  6.68s/it]
 10%|9         | 484/5000 [1:00:28<8:20:11,  6.65s/it]
 10%|9         | 485/5000 [1:00:35<8:14:46,  6.58s/it]
 10%|9         | 486/5000 [1:00:41<8:16:28,  6.60s/it]
 10%|9         | 487/5000 [1:00:48<8:15:30,  6.59s/it]
 10%|9         | 488/5000 [1:00:55<8:18:02,  6.62s/it]
 10%|9         | 489/5000 [1:01:01<8:23:50,  6.70s/it]
 10%|9         | 490/5000 [1:01:08<8:18:15,  6.63s/it]
 10%|9         | 491/5000 [1:01:15<8:29:07,  6.77s/it]
 10%|9         | 492/5000 [1:01:21<8:19:30,  6.65s/it]
 10%|9         | 493/5000 [1:01:28<8:23:38,  6.70s/it]
 10%|9         | 494/5000 [1:01:35<8:18:54,  6.64s/it]
 10%|9         | 495/5000 [1:01:41<8:17:22,  6.62s/it]
 10%|9         | 496/5000 [1:01:48<8:09:15,  6.52s/it]
 10%|9         | 497/5000 [1:01:55<8:21:42,  6.68s/it]
 10%|9         | 498/5000 [1:02:02<8:29:01,  6.78s/it]
 10%|9         | 499/5000 [1:02:09<8:35:56,  6.88s/it]
 10%|#         | 500/5000 [1:02:16<8:47:16,  7.03s/it]
                                                      

 10%|#         | 500/5000 [1:02:16<8:47:16,  7.03s/it]

{'loss': '8.06', 'grad_norm': '1.666', 'learning_rate': '0.0001307', 'epoch': '0.03418'}
{'loss': '5.574', 'grad_norm': '1.268', 'learning_rate': '0.000264', 'epoch': '0.06836'}
{'loss': '4.607', 'grad_norm': '0.9947', 'learning_rate': '0.0003973', 'epoch': '0.1025'}
{'loss': '4.146', 'grad_norm': '0.7452', 'learning_rate': '0.0003999', 'epoch': '0.1367'}
{'loss': '3.829', 'grad_norm': '0.7389', 'learning_rate': '0.0003996', 'epoch': '0.1709'}
{'loss': '3.635', 'grad_norm': '0.6353', 'learning_rate': '0.0003991', 'epoch': '0.2051'}
{'loss': '3.438', 'grad_norm': '0.6463', 'learning_rate': '0.0003983', 'epoch': '0.2393'}
{'loss': '3.201', 'grad_norm': '0.6139', 'learning_rate': '0.0003974', 'epoch': '0.2734'}
{'loss': '2.989', 'grad_norm': '0.6604', 'learning_rate': '0.0003963', 'epoch': '0.3076'}
{'loss': '2.772', 'grad_norm': '0.6121', 'learning_rate': '0.0003949', 'epoch': '0.3418'}
  0%|          | 0/478 [00:00<?, ?it/s][A

  1%|          | 3/478 [00:00<00:20, 23.69it/s][A

  1%|1         | 6/478 [00:00<00:27, 17.26it/s][A

  2%|1         | 8/478 [00:00<00:30, 15.47it/s][A

  2%|2         | 10/478 [00:00<00:30, 15.34it/s][A

  3%|2         | 12/478 [00:00<00:31, 14.58it/s][A

  3%|2         | 14/478 [00:00<00:32, 14.33it/s][A

  3%|3         | 16/478 [00:01<00:35, 13.15it/s][A

  4%|3         | 18/478 [00:01<00:33, 13.86it/s][A

  4%|4         | 20/478 [00:01<00:32, 13.90it/s][A

  5%|4         | 22/478 [00:01<00:33, 13.68it/s][A

  5%|5         | 24/478 [00:01<00:32, 13.98it/s][A

  5%|5         | 26/478 [00:01<00:32, 13.97it/s][A

  6%|5         | 28/478 [00:01<00:32, 13.96it/s][A

  6%|6         | 30/478 [00:02<00:31, 14.42it/s][A

  7%|6         | 32/478 [00:02<00:32, 13.83it/s][A

  7%|7         | 34/478 [00:02<00:33, 13.43it/s][A

  8%|7         | 36/478 [00:02<00:31, 13.87it/s][A

  8%|7         | 38/478 [00:02<00:31, 14.08it/s][A

  8%|8         | 40/478 [00:02<00:31, 14.07it/s][A

  9%|8         | 42/478 [00:02<00:30, 14.51it/s][A

  9%|9         | 44/478 [00:03<00:30, 14.32it/s][A

 10%|9         | 46/478 [00:03<00:30, 14.03it/s][A

 10%|#         | 48/478 [00:03<00:30, 14.17it/s][A

 10%|#         | 50/478 [00:03<00:31, 13.56it/s][A

 11%|#         | 52/478 [00:03<00:29, 14.24it/s][A

 11%|#1        | 54/478 [00:03<00:30, 13.79it/s][A

 12%|#1        | 56/478 [00:03<00:29, 14.29it/s][A

 12%|#2        | 58/478 [00:04<00:30, 13.73it/s][A

 13%|#2        | 60/478 [00:04<00:30, 13.55it/s][A

 13%|#2        | 62/478 [00:04<00:29, 13.94it/s][A

 13%|#3        | 64/478 [00:04<00:29, 13.81it/s][A

 14%|#3        | 66/478 [00:04<00:29, 14.02it/s][A

 14%|#4        | 68/478 [00:04<00:29, 13.69it/s][A

 15%|#4        | 70/478 [00:04<00:29, 13.64it/s][A

 15%|#5        | 72/478 [00:05<00:30, 13.24it/s][A

 15%|#5        | 74/478 [00:05<00:30, 13.33it/s][A

 16%|#5        | 76/478 [00:05<00:29, 13.47it/s][A

 16%|#6        | 78/478 [00:05<00:30, 13.29it/s][A

 17%|#6        | 80/478 [00:05<00:29, 13.68it/s][A

 17%|#7        | 82/478 [00:05<00:29, 13.57it/s][A

 18%|#7        | 84/478 [00:06<00:30, 12.88it/s][A

 18%|#7        | 86/478 [00:06<00:29, 13.24it/s][A

 18%|#8        | 88/478 [00:06<00:30, 12.88it/s][A

 19%|#8        | 90/478 [00:06<00:30, 12.53it/s][A

 19%|#9        | 92/478 [00:06<00:30, 12.60it/s][A

 20%|#9        | 94/478 [00:06<00:33, 11.54it/s][A

 20%|##        | 96/478 [00:07<00:33, 11.44it/s][A

 21%|##        | 98/478 [00:07<00:33, 11.18it/s][A

 21%|##        | 100/478 [00:07<00:34, 10.99it/s][A

 21%|##1       | 102/478 [00:07<00:34, 10.90it/s][A

 22%|##1       | 104/478 [00:07<00:33, 11.09it/s][A

 22%|##2       | 106/478 [00:07<00:34, 10.67it/s][A

 23%|##2       | 108/478 [00:08<00:35, 10.30it/s][A

 23%|##3       | 110/478 [00:08<00:34, 10.70it/s][A

 23%|##3       | 112/478 [00:08<00:31, 11.56it/s][A

 24%|##3       | 114/478 [00:08<00:29, 12.16it/s][A

 24%|##4       | 116/478 [00:08<00:28, 12.69it/s][A

 25%|##4       | 118/478 [00:08<00:27, 13.17it/s][A

 25%|##5       | 120/478 [00:09<00:26, 13.26it/s][A

 26%|##5       | 122/478 [00:09<00:26, 13.45it/s][A

 26%|##5       | 124/478 [00:09<00:26, 13.46it/s][A

 26%|##6       | 126/478 [00:09<00:25, 13.74it/s][A

 27%|##6       | 128/478 [00:09<00:27, 12.57it/s][A

 27%|##7       | 130/478 [00:09<00:25, 13.39it/s][A

 28%|##7       | 132/478 [00:09<00:26, 13.13it/s][A

 28%|##8       | 134/478 [00:10<00:24, 13.83it/s][A

 28%|##8       | 136/478 [00:10<00:25, 13.41it/s][A

 29%|##8       | 138/478 [00:10<00:25, 13.55it/s][A

 29%|##9       | 140/478 [00:10<00:24, 14.03it/s][A

 30%|##9       | 142/478 [00:10<00:23, 14.12it/s][A

 30%|###       | 144/478 [00:10<00:23, 14.08it/s][A

 31%|###       | 146/478 [00:10<00:23, 14.04it/s][A

 31%|###       | 148/478 [00:11<00:25, 12.80it/s][A

 31%|###1      | 150/478 [00:11<00:24, 13.42it/s][A

 32%|###1      | 152/478 [00:11<00:24, 13.20it/s][A

 32%|###2      | 154/478 [00:11<00:23, 13.85it/s][A

 33%|###2      | 156/478 [00:11<00:23, 13.66it/s][A

 33%|###3      | 158/478 [00:11<00:23, 13.51it/s][A

 33%|###3      | 160/478 [00:12<00:23, 13.65it/s][A

 34%|###3      | 162/478 [00:12<00:23, 13.72it/s][A

 34%|###4      | 164/478 [00:12<00:23, 13.36it/s][A

 35%|###4      | 166/478 [00:12<00:23, 13.12it/s][A

 35%|###5      | 168/478 [00:12<00:24, 12.86it/s][A

 36%|###5      | 170/478 [00:12<00:24, 12.82it/s][A

 36%|###5      | 172/478 [00:12<00:25, 12.05it/s][A

 36%|###6      | 174/478 [00:13<00:27, 11.23it/s][A

 37%|###6      | 176/478 [00:13<00:27, 11.18it/s][A

 37%|###7      | 178/478 [00:13<00:25, 11.57it/s][A

 38%|###7      | 180/478 [00:13<00:24, 12.19it/s][A

 38%|###8      | 182/478 [00:13<00:24, 12.05it/s][A

 38%|###8      | 184/478 [00:14<00:25, 11.65it/s][A

 39%|###8      | 186/478 [00:14<00:25, 11.51it/s][A

 39%|###9      | 188/478 [00:14<00:25, 11.56it/s][A

 40%|###9      | 190/478 [00:14<00:23, 12.38it/s][A

 40%|####      | 192/478 [00:14<00:22, 12.61it/s][A

 41%|####      | 194/478 [00:14<00:21, 13.24it/s][A

 41%|####1     | 196/478 [00:14<00:21, 13.18it/s][A

 41%|####1     | 198/478 [00:15<00:20, 13.42it/s][A

 42%|####1     | 200/478 [00:15<00:21, 13.05it/s][A

 42%|####2     | 202/478 [00:15<00:21, 13.00it/s][A

 43%|####2     | 204/478 [00:15<00:20, 13.30it/s][A

 43%|####3     | 206/478 [00:15<00:20, 13.50it/s][A

 44%|####3     | 208/478 [00:15<00:19, 13.61it/s][A

 44%|####3     | 210/478 [00:16<00:20, 13.28it/s][A

 44%|####4     | 212/478 [00:16<00:19, 13.46it/s][A

 45%|####4     | 214/478 [00:16<00:18, 13.92it/s][A

 45%|####5     | 216/478 [00:16<00:19, 13.32it/s][A

 46%|####5     | 218/478 [00:16<00:18, 13.73it/s][A

 46%|####6     | 220/478 [00:16<00:20, 12.66it/s][A

 46%|####6     | 222/478 [00:16<00:20, 12.38it/s][A

 47%|####6     | 224/478 [00:17<00:21, 11.63it/s][A

 47%|####7     | 226/478 [00:17<00:21, 11.52it/s][A

 48%|####7     | 228/478 [00:17<00:21, 11.85it/s][A

 48%|####8     | 230/478 [00:17<00:20, 12.06it/s][A

 49%|####8     | 232/478 [00:17<00:20, 12.21it/s][A

 49%|####8     | 234/478 [00:17<00:19, 12.70it/s][A

 49%|####9     | 236/478 [00:18<00:20, 11.73it/s][A

 50%|####9     | 238/478 [00:18<00:21, 11.22it/s][A

 50%|#####     | 240/478 [00:18<00:21, 10.97it/s][A

 51%|#####     | 242/478 [00:18<00:20, 11.43it/s][A

 51%|#####1    | 244/478 [00:18<00:20, 11.32it/s][A

 51%|#####1    | 246/478 [00:19<00:20, 11.35it/s][A

 52%|#####1    | 248/478 [00:19<00:20, 11.31it/s][A

 52%|#####2    | 250/478 [00:19<00:19, 11.61it/s][A

 53%|#####2    | 252/478 [00:19<00:18, 12.08it/s][A

 53%|#####3    | 254/478 [00:19<00:18, 12.42it/s][A

 54%|#####3    | 256/478 [00:19<00:18, 12.14it/s][A

 54%|#####3    | 258/478 [00:20<00:18, 12.20it/s][A

 54%|#####4    | 260/478 [00:20<00:17, 12.70it/s][A

 55%|#####4    | 262/478 [00:20<00:16, 13.05it/s][A

 55%|#####5    | 264/478 [00:20<00:16, 13.31it/s][A

 56%|#####5    | 266/478 [00:20<00:15, 13.58it/s][A

 56%|#####6    | 268/478 [00:20<00:15, 13.73it/s][A

 56%|#####6    | 270/478 [00:20<00:15, 13.25it/s][A

 57%|#####6    | 272/478 [00:21<00:15, 13.02it/s][A

 57%|#####7    | 274/478 [00:21<00:15, 13.30it/s][A

 58%|#####7    | 276/478 [00:21<00:16, 12.60it/s][A

 58%|#####8    | 278/478 [00:21<00:15, 12.82it/s][A

 59%|#####8    | 280/478 [00:21<00:15, 13.04it/s][A

 59%|#####8    | 282/478 [00:21<00:14, 13.66it/s][A

 59%|#####9    | 284/478 [00:21<00:14, 13.04it/s][A

 60%|#####9    | 286/478 [00:22<00:15, 12.75it/s][A

 60%|######    | 288/478 [00:22<00:14, 13.09it/s][A

 61%|######    | 290/478 [00:22<00:15, 12.16it/s][A

 61%|######1   | 292/478 [00:22<00:15, 11.93it/s][A

 62%|######1   | 294/478 [00:22<00:14, 12.46it/s][A

 62%|######1   | 296/478 [00:22<00:14, 12.86it/s][A

 62%|######2   | 298/478 [00:23<00:14, 12.42it/s][A

 63%|######2   | 300/478 [00:23<00:13, 12.72it/s][A

 63%|######3   | 302/478 [00:23<00:13, 13.19it/s][A

 64%|######3   | 304/478 [00:23<00:13, 12.97it/s][A

 64%|######4   | 306/478 [00:23<00:13, 12.47it/s][A

 64%|######4   | 308/478 [00:23<00:13, 12.71it/s][A

 65%|######4   | 310/478 [00:24<00:13, 12.07it/s][A

 65%|######5   | 312/478 [00:24<00:13, 12.62it/s][A

 66%|######5   | 314/478 [00:24<00:12, 13.00it/s][A

 66%|######6   | 316/478 [00:24<00:12, 12.53it/s][A

 67%|######6   | 318/478 [00:24<00:12, 12.63it/s][A

 67%|######6   | 320/478 [00:24<00:13, 11.91it/s][A

 67%|######7   | 322/478 [00:25<00:13, 11.97it/s][A

 68%|######7   | 324/478 [00:25<00:12, 12.44it/s][A

 68%|######8   | 326/478 [00:25<00:11, 12.89it/s][A

 69%|######8   | 328/478 [00:25<00:11, 12.74it/s][A

 69%|######9   | 330/478 [00:25<00:11, 12.68it/s][A

 69%|######9   | 332/478 [00:25<00:11, 12.45it/s][A

 70%|######9   | 334/478 [00:25<00:11, 12.04it/s][A

 70%|#######   | 336/478 [00:26<00:11, 11.91it/s][A

 71%|#######   | 338/478 [00:26<00:11, 12.19it/s][A

 71%|#######1  | 340/478 [00:26<00:11, 12.29it/s][A

 72%|#######1  | 342/478 [00:26<00:11, 12.12it/s][A

 72%|#######1  | 344/478 [00:26<00:10, 12.57it/s][A

 72%|#######2  | 346/478 [00:26<00:11, 11.83it/s][A

 73%|#######2  | 348/478 [00:27<00:10, 12.40it/s][A

 73%|#######3  | 350/478 [00:27<00:09, 12.87it/s][A

 74%|#######3  | 352/478 [00:27<00:09, 13.20it/s][A

 74%|#######4  | 354/478 [00:27<00:09, 13.41it/s][A

 74%|#######4  | 356/478 [00:27<00:08, 13.57it/s][A

 75%|#######4  | 358/478 [00:27<00:09, 12.87it/s][A

 75%|#######5  | 360/478 [00:28<00:08, 13.16it/s][A

 76%|#######5  | 362/478 [00:28<00:08, 13.40it/s][A

 76%|#######6  | 364/478 [00:28<00:08, 13.06it/s][A

 77%|#######6  | 366/478 [00:28<00:08, 13.89it/s][A

 77%|#######6  | 368/478 [00:28<00:07, 13.93it/s][A

 77%|#######7  | 370/478 [00:28<00:08, 13.23it/s][A

 78%|#######7  | 372/478 [00:28<00:07, 13.28it/s][A

 78%|#######8  | 374/478 [00:29<00:07, 13.07it/s][A

 79%|#######8  | 376/478 [00:29<00:07, 13.33it/s][A

 79%|#######9  | 378/478 [00:29<00:07, 13.08it/s][A

 79%|#######9  | 380/478 [00:29<00:07, 13.33it/s][A

 80%|#######9  | 382/478 [00:29<00:07, 13.52it/s][A

 80%|########  | 384/478 [00:29<00:07, 12.97it/s][A

 81%|########  | 386/478 [00:29<00:07, 12.84it/s][A

 81%|########1 | 388/478 [00:30<00:06, 13.87it/s][A

 82%|########1 | 390/478 [00:30<00:06, 13.93it/s][A

 82%|########2 | 392/478 [00:30<00:06, 13.77it/s][A

 82%|########2 | 394/478 [00:30<00:05, 14.00it/s][A

 83%|########2 | 396/478 [00:30<00:05, 14.02it/s][A

 83%|########3 | 398/478 [00:30<00:05, 13.54it/s][A

 84%|########3 | 400/478 [00:30<00:05, 14.12it/s][A

 84%|########4 | 402/478 [00:31<00:05, 14.07it/s][A

 85%|########4 | 404/478 [00:31<00:05, 14.05it/s][A

 85%|########4 | 406/478 [00:31<00:05, 13.84it/s][A

 85%|########5 | 408/478 [00:31<00:04, 14.07it/s][A

 86%|########5 | 410/478 [00:31<00:04, 14.04it/s][A

 86%|########6 | 412/478 [00:31<00:04, 14.49it/s][A

 87%|########6 | 414/478 [00:31<00:04, 13.85it/s][A

 87%|########7 | 416/478 [00:32<00:04, 13.88it/s][A

 87%|########7 | 418/478 [00:32<00:04, 13.92it/s][A

 88%|########7 | 420/478 [00:32<00:04, 13.80it/s][A

 88%|########8 | 422/478 [00:32<00:04, 13.98it/s][A

 89%|########8 | 424/478 [00:32<00:03, 13.97it/s][A

 89%|########9 | 426/478 [00:32<00:03, 13.51it/s][A

 90%|########9 | 428/478 [00:32<00:03, 13.80it/s][A

 90%|########9 | 430/478 [00:33<00:03, 14.15it/s][A

 90%|######### | 432/478 [00:33<00:03, 14.08it/s][A

 91%|######### | 434/478 [00:33<00:03, 13.96it/s][A

 91%|#########1| 436/478 [00:33<00:02, 14.03it/s][A

 92%|#########1| 438/478 [00:33<00:02, 13.71it/s][A

 92%|#########2| 440/478 [00:33<00:02, 13.74it/s][A

 92%|#########2| 442/478 [00:33<00:02, 13.71it/s][A

 93%|#########2| 444/478 [00:34<00:02, 14.25it/s][A

 93%|#########3| 446/478 [00:34<00:02, 14.15it/s][A

 94%|#########3| 448/478 [00:34<00:02, 14.66it/s][A

 94%|#########4| 450/478 [00:34<00:01, 14.04it/s][A

 95%|#########4| 452/478 [00:34<00:01, 14.09it/s][A

 95%|#########4| 454/478 [00:34<00:01, 13.93it/s][A

 95%|#########5| 456/478 [00:34<00:01, 13.96it/s][A

 96%|#########5| 458/478 [00:35<00:01, 13.90it/s][A

 96%|#########6| 460/478 [00:35<00:01, 13.99it/s][A

 97%|#########6| 462/478 [00:35<00:01, 13.81it/s][A

 97%|#########7| 464/478 [00:35<00:01, 13.61it/s][A

 97%|#########7| 466/478 [00:35<00:00, 14.16it/s][A

 98%|#########7| 468/478 [00:35<00:00, 14.13it/s][A

 98%|#########8| 470/478 [00:35<00:00, 13.52it/s][A

 99%|#########8| 472/478 [00:36<00:00, 13.81it/s][A

 99%|#########9| 474/478 [00:36<00:00, 13.84it/s][A

100%|#########9| 476/478 [00:36<00:00, 13.24it/s][A

100%|##########| 478/478 [00:36<00:00, 13.22it/s][A
                                                      


                                                 
[A
 10%|#         | 500/5000 [1:02:53<8:47:16,  7.03s/it]

100%|##########| 478/478 [00:36<00:00, 13.22it/s][A

{'eval_loss': '2.857', 'eval_runtime': '36.68', 'eval_samples_per_second': '26.06', 'eval_steps_per_second': '13.03', 'epoch': '0.3418'}
                                                 [A

Writing model shards:   0%|          | 0/1 [00:00<?, ?it/s][A

Writing model shards: 100%|##########| 1/1 [00:01<00:00,  1.27s/it][A
Writing model shards: 100%|##########| 1/1 [00:01<00:00,  1.27s/it]

 10%|#         | 501/5000 [1:03:03<23:43:35, 18.99s/it]
 10%|#         | 502/5000 [1:03:09<18:54:31, 15.13s/it]
 10%|#         | 503/5000 [1:03:16<15:57:17, 12.77s/it]
 10%|#         | 504/5000 [1:03:23<13:42:30, 10.98s/it]
 10%|#         | 505/5000 [1:03:30<12:09:05,  9.73s/it]
 10%|#         | 506/5000 [1:03:37<11:02:15,  8.84s/it]
 10%|#         | 507/5000 [1:03:44<10:19:35,  8.27s/it]
 10%|#         | 508/5000 [1:03:51<9:50:10,  7.88s/it] 
 10%|#         | 509/5000 [1:03:57<9:24:08,  7.54s/it]
 10%|#         | 510/5000 [1:04:05<9:18:54,  7.47s/it]
 10%|#         | 511/5000 [1:04:11<8:49:53,  7.08s/it]
 10%|#         | 512/5000 [1:04:18<8:43:11,  6.99s/it]
 10%|#         | 513/5000 [1:04:24<8:22:34,  6.72s/it]
 10%|#         | 514/5000 [1:04:31<8:29:40,  6.82s/it]
 10%|#         | 515/5000 [1:04:38<8:35:19,  6.89s/it]
 10%|#         | 516/5000 [1:04:45<8:37:55,  6.93s/it]
 10%|#         | 517/5000 [1:04:52<8:36:01,  6.91s/it]
 10%|#         | 518/5000 [1:04:59<8:32:25,  6.86s/it]
 10%|#         | 519/5000 [1:05:05<8:23:34,  6.74s/it]
 10%|#         | 520/5000 [1:05:11<8:18:27,  6.68s/it]
 10%|#         | 521/5000 [1:05:19<8:38:54,  6.95s/it]
 10%|#         | 522/5000 [1:05:26<8:39:05,  6.96s/it]
 10%|#         | 523/5000 [1:05:33<8:37:42,  6.94s/it]
 10%|#         | 524/5000 [1:05:39<8:26:05,  6.78s/it]
 10%|#         | 525/5000 [1:05:46<8:30:48,  6.85s/it]
 11%|#         | 526/5000 [1:05:53<8:32:53,  6.88s/it]
 11%|#         | 527/5000 [1:06:00<8:34:18,  6.90s/it]
 11%|#         | 528/5000 [1:06:08<8:45:16,  7.05s/it]
 11%|#         | 529/5000 [1:06:14<8:37:39,  6.95s/it]
 11%|#         | 530/5000 [1:06:21<8:32:11,  6.88s/it]
 11%|#         | 531/5000 [1:06:28<8:36:35,  6.94s/it]
 11%|#         | 532/5000 [1:06:35<8:27:37,  6.82s/it]
 11%|#         | 533/5000 [1:06:42<8:28:03,  6.82s/it]
 11%|#         | 534/5000 [1:06:49<8:50:16,  7.12s/it]
 11%|#         | 535/5000 [1:06:56<8:40:30,  6.99s/it]
 11%|#         | 536/5000 [1:07:03<8:47:53,  7.10s/it]
 11%|#         | 537/5000 [1:07:10<8:42:28,  7.02s/it]
 11%|#         | 538/5000 [1:07:18<8:49:30,  7.12s/it]
 11%|#         | 539/5000 [1:07:25<9:00:46,  7.27s/it]
 11%|#         | 540/5000 [1:07:32<8:38:37,  6.98s/it]
 11%|#         | 541/5000 [1:07:39<8:48:39,  7.11s/it]
 11%|#         | 542/5000 [1:07:46<8:55:02,  7.20s/it]
 11%|#         | 543/5000 [1:07:53<8:41:52,  7.03s/it]
 11%|#         | 544/5000 [1:08:00<8:46:36,  7.09s/it]
 11%|#         | 545/5000 [1:08:07<8:44:33,  7.06s/it]
 11%|#         | 546/5000 [1:08:14<8:29:56,  6.87s/it]
 11%|#         | 547/5000 [1:08:21<8:36:12,  6.96s/it]
 11%|#         | 548/5000 [1:08:28<8:46:33,  7.10s/it]
 11%|#         | 549/5000 [1:08:35<8:41:06,  7.02s/it]
 11%|#1        | 550/5000 [1:08:42<8:37:08,  6.97s/it]
                                                      

 11%|#1        | 550/5000 [1:08:42<8:37:08,  6.97s/it]
 11%|#1        | 551/5000 [1:08:48<8:26:52,  6.84s/it]
 11%|#1        | 552/5000 [1:08:55<8:28:02,  6.85s/it]
 11%|#1        | 553/5000 [1:09:02<8:26:35,  6.84s/it]
 11%|#1        | 554/5000 [1:09:09<8:29:27,  6.88s/it]
 11%|#1        | 555/5000 [1:09:16<8:32:33,  6.92s/it]
 11%|#1        | 556/5000 [1:09:23<8:28:25,  6.86s/it]
 11%|#1        | 557/5000 [1:09:30<8:32:35,  6.92s/it]
 11%|#1        | 558/5000 [1:09:38<8:51:39,  7.18s/it]
 11%|#1        | 559/5000 [1:09:45<8:52:01,  7.19s/it]
 11%|#1        | 560/5000 [1:09:52<8:43:55,  7.08s/it]
 11%|#1        | 561/5000 [1:09:59<8:40:59,  7.04s/it]
 11%|#1        | 562/5000 [1:10:06<8:44:05,  7.09s/it]
 11%|#1        | 563/5000 [1:10:13<8:36:01,  6.98s/it]
 11%|#1        | 564/5000 [1:10:20<8:51:04,  7.18s/it]
 11%|#1        | 565/5000 [1:10:27<8:46:04,  7.12s/it]
 11%|#1        | 566/5000 [1:10:34<8:32:45,  6.94s/it]
 11%|#1        | 567/5000 [1:10:41<8:31:27,  6.92s/it]
 11%|#1        | 568/5000 [1:10:47<8:26:04,  6.85s/it]
 11%|#1        | 569/5000 [1:10:54<8:27:00,  6.87s/it]
 11%|#1        | 570/5000 [1:11:01<8:29:15,  6.90s/it]
 11%|#1        | 571/5000 [1:11:09<8:56:04,  7.26s/it]
 11%|#1        | 572/5000 [1:11:16<8:33:08,  6.95s/it]
 11%|#1        | 573/5000 [1:11:23<8:44:03,  7.10s/it]
 11%|#1        | 574/5000 [1:11:30<8:43:45,  7.10s/it]
 12%|#1        | 575/5000 [1:11:37<8:36:51,  7.01s/it]
 12%|#1        | 576/5000 [1:11:45<8:51:09,  7.20s/it]
 12%|#1        | 577/5000 [1:11:51<8:38:21,  7.03s/it]
 12%|#1        | 578/5000 [1:11:58<8:36:19,  7.01s/it]
 12%|#1        | 579/5000 [1:12:05<8:29:48,  6.92s/it]
 12%|#1        | 580/5000 [1:12:12<8:26:54,  6.88s/it]
 12%|#1        | 581/5000 [1:12:19<8:28:22,  6.90s/it]
 12%|#1        | 582/5000 [1:12:26<8:33:59,  6.98s/it]
 12%|#1        | 583/5000 [1:12:33<8:34:43,  6.99s/it]
 12%|#1        | 584/5000 [1:12:40<8:40:21,  7.07s/it]
 12%|#1        | 585/5000 [1:12:46<8:19:19,  6.79s/it]
 12%|#1        | 586/5000 [1:12:53<8:21:27,  6.82s/it]
 12%|#1        | 587/5000 [1:13:00<8:31:41,  6.96s/it]
 12%|#1        | 588/5000 [1:13:07<8:28:33,  6.92s/it]
 12%|#1        | 589/5000 [1:13:14<8:35:38,  7.01s/it]
 12%|#1        | 590/5000 [1:13:21<8:34:09,  7.00s/it]
 12%|#1        | 591/5000 [1:13:28<8:22:33,  6.84s/it]
 12%|#1        | 592/5000 [1:13:35<8:35:14,  7.01s/it]
 12%|#1        | 593/5000 [1:13:42<8:31:38,  6.97s/it]
 12%|#1        | 594/5000 [1:13:49<8:37:54,  7.05s/it]
 12%|#1        | 595/5000 [1:13:56<8:27:45,  6.92s/it]
 12%|#1        | 596/5000 [1:14:03<8:23:37,  6.86s/it]
 12%|#1        | 597/5000 [1:14:09<8:18:01,  6.79s/it]
 12%|#1        | 598/5000 [1:14:16<8:26:34,  6.90s/it]
 12%|#1        | 599/5000 [1:14:23<8:23:17,  6.86s/it]
 12%|#2        | 600/5000 [1:14:30<8:26:53,  6.91s/it]
                                                      

 12%|#2        | 600/5000 [1:14:30<8:26:53,  6.91s/it]
 12%|#2        | 601/5000 [1:14:37<8:19:31,  6.81s/it]
 12%|#2        | 602/5000 [1:14:44<8:20:49,  6.83s/it]
 12%|#2        | 603/5000 [1:14:50<8:06:57,  6.64s/it]
 12%|#2        | 604/5000 [1:14:57<8:28:04,  6.93s/it]
 12%|#2        | 605/5000 [1:15:04<8:19:55,  6.82s/it]
 12%|#2        | 606/5000 [1:15:11<8:26:29,  6.92s/it]
 12%|#2        | 607/5000 [1:15:18<8:16:13,  6.78s/it]
 12%|#2        | 608/5000 [1:15:24<8:15:18,  6.77s/it]
 12%|#2        | 609/5000 [1:15:32<8:38:34,  7.09s/it]
 12%|#2        | 610/5000 [1:15:39<8:33:18,  7.02s/it]
 12%|#2        | 611/5000 [1:15:46<8:39:25,  7.10s/it]
 12%|#2        | 612/5000 [1:15:54<8:43:45,  7.16s/it]
 12%|#2        | 613/5000 [1:16:00<8:33:49,  7.03s/it]
 12%|#2        | 614/5000 [1:16:07<8:32:59,  7.02s/it]
 12%|#2        | 615/5000 [1:16:15<8:44:22,  7.18s/it]
 12%|#2        | 616/5000 [1:16:22<8:41:37,  7.14s/it]
 12%|#2        | 617/5000 [1:16:29<8:38:17,  7.09s/it]
 12%|#2        | 618/5000 [1:16:35<8:25:47,  6.93s/it]
 12%|#2        | 619/5000 [1:16:43<8:43:50,  7.17s/it]
 12%|#2        | 620/5000 [1:16:50<8:34:47,  7.05s/it]
 12%|#2        | 621/5000 [1:16:57<8:42:54,  7.16s/it]
 12%|#2        | 622/5000 [1:17:04<8:35:34,  7.07s/it]
 12%|#2        | 623/5000 [1:17:11<8:28:56,  6.98s/it]
 12%|#2        | 624/5000 [1:17:18<8:32:27,  7.03s/it]
 12%|#2        | 625/5000 [1:17:25<8:24:30,  6.92s/it]
 13%|#2        | 626/5000 [1:17:33<8:46:10,  7.22s/it]
 13%|#2        | 627/5000 [1:17:40<8:39:23,  7.13s/it]
 13%|#2        | 628/5000 [1:17:46<8:21:03,  6.88s/it]
 13%|#2        | 629/5000 [1:17:53<8:33:34,  7.05s/it]
 13%|#2        | 630/5000 [1:18:00<8:32:22,  7.03s/it]
 13%|#2        | 631/5000 [1:18:08<8:35:20,  7.08s/it]
 13%|#2        | 632/5000 [1:18:15<8:36:21,  7.09s/it]
 13%|#2        | 633/5000 [1:18:22<8:47:08,  7.24s/it]
 13%|#2        | 634/5000 [1:18:29<8:37:46,  7.12s/it]
 13%|#2        | 635/5000 [1:18:36<8:24:57,  6.94s/it]
 13%|#2        | 636/5000 [1:18:44<8:58:05,  7.40s/it]
 13%|#2        | 637/5000 [1:18:53<9:29:13,  7.83s/it]
 13%|#2        | 638/5000 [1:19:01<9:41:03,  7.99s/it]
 13%|#2        | 639/5000 [1:19:08<9:11:06,  7.58s/it]
 13%|#2        | 640/5000 [1:19:15<9:05:42,  7.51s/it]
 13%|#2        | 641/5000 [1:19:23<9:04:26,  7.49s/it]
 13%|#2        | 642/5000 [1:19:30<9:05:18,  7.51s/it]
 13%|#2        | 643/5000 [1:19:37<8:43:15,  7.21s/it]
 13%|#2        | 644/5000 [1:19:45<9:05:48,  7.52s/it]
 13%|#2        | 645/5000 [1:19:52<8:58:52,  7.42s/it]
 13%|#2        | 646/5000 [1:20:00<8:57:47,  7.41s/it]
 13%|#2        | 647/5000 [1:20:06<8:45:20,  7.24s/it]
 13%|#2        | 648/5000 [1:20:14<8:52:56,  7.35s/it]
 13%|#2        | 649/5000 [1:20:22<8:57:40,  7.41s/it]
 13%|#3        | 650/5000 [1:20:28<8:40:42,  7.18s/it]
                                                      

 13%|#3        | 650/5000 [1:20:28<8:40:42,  7.18s/it]
 13%|#3        | 651/5000 [1:20:36<8:41:30,  7.19s/it]
 13%|#3        | 652/5000 [1:20:43<8:47:23,  7.28s/it]
 13%|#3        | 653/5000 [1:20:50<8:45:31,  7.25s/it]
 13%|#3        | 654/5000 [1:20:57<8:34:08,  7.10s/it]
 13%|#3        | 655/5000 [1:21:04<8:37:42,  7.15s/it]
 13%|#3        | 656/5000 [1:21:11<8:27:04,  7.00s/it]
 13%|#3        | 657/5000 [1:21:19<8:41:10,  7.20s/it]
 13%|#3        | 658/5000 [1:21:26<8:36:25,  7.14s/it]
 13%|#3        | 659/5000 [1:21:33<8:47:35,  7.29s/it]
 13%|#3        | 660/5000 [1:21:40<8:40:45,  7.20s/it]
 13%|#3        | 661/5000 [1:21:47<8:40:56,  7.20s/it]
 13%|#3        | 662/5000 [1:21:55<8:52:33,  7.37s/it]
 13%|#3        | 663/5000 [1:22:02<8:49:33,  7.33s/it]
 13%|#3        | 664/5000 [1:22:10<8:57:55,  7.44s/it]
 13%|#3        | 665/5000 [1:22:17<8:52:52,  7.38s/it]
 13%|#3        | 666/5000 [1:22:25<8:50:04,  7.34s/it]
 13%|#3        | 667/5000 [1:22:31<8:32:26,  7.10s/it]
 13%|#3        | 668/5000 [1:22:39<8:39:57,  7.20s/it]
 13%|#3        | 669/5000 [1:22:46<8:43:25,  7.25s/it]
 13%|#3        | 670/5000 [1:22:52<8:28:37,  7.05s/it]
 13%|#3        | 671/5000 [1:23:00<8:29:47,  7.07s/it]
 13%|#3        | 672/5000 [1:23:06<8:24:48,  7.00s/it]
 13%|#3        | 673/5000 [1:23:13<8:17:45,  6.90s/it]
 13%|#3        | 674/5000 [1:23:20<8:22:33,  6.97s/it]
 14%|#3        | 675/5000 [1:23:27<8:21:36,  6.96s/it]
 14%|#3        | 676/5000 [1:23:34<8:29:33,  7.07s/it]
 14%|#3        | 677/5000 [1:23:42<8:34:08,  7.14s/it]
 14%|#3        | 678/5000 [1:23:49<8:33:53,  7.13s/it]
 14%|#3        | 679/5000 [1:23:56<8:30:03,  7.08s/it]
 14%|#3        | 680/5000 [1:24:03<8:27:19,  7.05s/it]
 14%|#3        | 681/5000 [1:24:10<8:23:23,  6.99s/it]
 14%|#3        | 682/5000 [1:24:17<8:19:36,  6.94s/it]
 14%|#3        | 683/5000 [1:24:23<8:20:06,  6.95s/it]
 14%|#3        | 684/5000 [1:24:30<8:19:23,  6.94s/it]
 14%|#3        | 685/5000 [1:24:37<8:03:12,  6.72s/it]
 14%|#3        | 686/5000 [1:24:44<8:17:17,  6.92s/it]
 14%|#3        | 687/5000 [1:24:51<8:21:17,  6.97s/it]
 14%|#3        | 688/5000 [1:24:58<8:21:47,  6.98s/it]
 14%|#3        | 689/5000 [1:25:04<8:08:31,  6.80s/it]
 14%|#3        | 690/5000 [1:25:11<8:11:23,  6.84s/it]
 14%|#3        | 691/5000 [1:25:18<8:05:42,  6.76s/it]
 14%|#3        | 692/5000 [1:25:25<8:01:21,  6.70s/it]
 14%|#3        | 693/5000 [1:25:31<7:58:20,  6.66s/it]
 14%|#3        | 694/5000 [1:25:38<7:56:18,  6.64s/it]
 14%|#3        | 695/5000 [1:25:44<7:55:05,  6.62s/it]
 14%|#3        | 696/5000 [1:25:51<7:57:15,  6.65s/it]
 14%|#3        | 697/5000 [1:25:58<8:01:49,  6.72s/it]
 14%|#3        | 698/5000 [1:26:05<8:00:09,  6.70s/it]
 14%|#3        | 699/5000 [1:26:11<8:01:44,  6.72s/it]
 14%|#4        | 700/5000 [1:26:18<7:53:33,  6.61s/it]
                                                      

 14%|#4        | 700/5000 [1:26:18<7:53:33,  6.61s/it]
 14%|#4        | 701/5000 [1:26:24<7:51:31,  6.58s/it]
 14%|#4        | 702/5000 [1:26:31<7:58:40,  6.68s/it]
 14%|#4        | 703/5000 [1:26:38<8:03:17,  6.75s/it]
 14%|#4        | 704/5000 [1:26:44<7:52:25,  6.60s/it]
 14%|#4        | 705/5000 [1:26:52<8:07:35,  6.81s/it]
 14%|#4        | 706/5000 [1:26:58<7:56:39,  6.66s/it]
 14%|#4        | 707/5000 [1:27:04<7:45:42,  6.51s/it]
 14%|#4        | 708/5000 [1:27:11<8:00:54,  6.72s/it]
 14%|#4        | 709/5000 [1:27:18<8:01:28,  6.73s/it]
 14%|#4        | 710/5000 [1:27:24<7:48:54,  6.56s/it]
 14%|#4        | 711/5000 [1:27:31<7:53:55,  6.63s/it]
 14%|#4        | 712/5000 [1:27:38<7:57:13,  6.68s/it]
 14%|#4        | 713/5000 [1:27:44<7:57:06,  6.68s/it]
 14%|#4        | 714/5000 [1:27:51<8:02:03,  6.75s/it]
 14%|#4        | 715/5000 [1:27:58<8:07:14,  6.82s/it]
 14%|#4        | 716/5000 [1:28:05<8:02:03,  6.75s/it]
 14%|#4        | 717/5000 [1:28:12<8:00:40,  6.73s/it]
 14%|#4        | 718/5000 [1:28:18<8:00:42,  6.74s/it]
 14%|#4        | 719/5000 [1:28:25<7:57:33,  6.69s/it]
 14%|#4        | 720/5000 [1:28:32<7:59:36,  6.72s/it]
 14%|#4        | 721/5000 [1:28:39<8:01:51,  6.76s/it]
 14%|#4        | 722/5000 [1:28:45<8:03:35,  6.78s/it]
 14%|#4        | 723/5000 [1:28:52<8:02:09,  6.76s/it]
 14%|#4        | 724/5000 [1:28:59<7:57:04,  6.69s/it]
 14%|#4        | 725/5000 [1:29:06<8:03:09,  6.78s/it]
 15%|#4        | 726/5000 [1:29:12<8:01:14,  6.76s/it]
 15%|#4        | 727/5000 [1:29:19<8:01:27,  6.76s/it]
 15%|#4        | 728/5000 [1:29:25<7:52:24,  6.63s/it]
 15%|#4        | 729/5000 [1:29:32<7:54:27,  6.67s/it]
 15%|#4        | 730/5000 [1:29:39<8:01:00,  6.76s/it]
 15%|#4        | 731/5000 [1:29:46<8:04:31,  6.81s/it]
 15%|#4        | 732/5000 [1:29:54<8:19:51,  7.03s/it]
 15%|#4        | 733/5000 [1:30:00<8:11:30,  6.91s/it]
 15%|#4        | 734/5000 [1:30:08<8:33:34,  7.22s/it]
 15%|#4        | 735/5000 [1:30:17<9:04:48,  7.66s/it]
 15%|#4        | 736/5000 [1:30:26<9:35:13,  8.09s/it]
 15%|#4        | 737/5000 [1:30:34<9:36:26,  8.11s/it]
 15%|#4        | 738/5000 [1:30:42<9:29:25,  8.02s/it]
 15%|#4        | 739/5000 [1:30:50<9:38:01,  8.14s/it]
 15%|#4        | 740/5000 [1:30:58<9:37:55,  8.14s/it]
 15%|#4        | 741/5000 [1:31:07<9:51:55,  8.34s/it]
 15%|#4        | 742/5000 [1:31:18<10:45:31,  9.10s/it]
 15%|#4        | 743/5000 [1:31:28<10:55:33,  9.24s/it]
 15%|#4        | 744/5000 [1:31:36<10:43:02,  9.07s/it]
 15%|#4        | 745/5000 [1:31:46<10:49:46,  9.16s/it]
 15%|#4        | 746/5000 [1:31:54<10:28:52,  8.87s/it]
 15%|#4        | 747/5000 [1:32:02<10:04:02,  8.52s/it]
 15%|#4        | 748/5000 [1:32:09<9:30:30,  8.05s/it] 
 15%|#4        | 749/5000 [1:32:15<9:01:06,  7.64s/it]
 15%|#5        | 750/5000 [1:32:23<9:09:57,  7.76s/it]
                                                      

 15%|#5        | 750/5000 [1:32:23<9:09:57,  7.76s/it]
 15%|#5        | 751/5000 [1:32:31<9:02:33,  7.66s/it]
 15%|#5        | 752/5000 [1:32:37<8:41:34,  7.37s/it]
 15%|#5        | 753/5000 [1:32:44<8:30:39,  7.21s/it]
 15%|#5        | 754/5000 [1:32:51<8:20:15,  7.07s/it]
 15%|#5        | 755/5000 [1:32:58<8:27:46,  7.18s/it]
 15%|#5        | 756/5000 [1:33:05<8:05:48,  6.87s/it]
 15%|#5        | 757/5000 [1:33:12<8:12:14,  6.96s/it]
 15%|#5        | 758/5000 [1:33:19<8:06:25,  6.88s/it]
 15%|#5        | 759/5000 [1:33:25<8:03:04,  6.83s/it]
 15%|#5        | 760/5000 [1:33:32<8:00:50,  6.80s/it]
 15%|#5        | 761/5000 [1:33:39<7:57:32,  6.76s/it]
 15%|#5        | 762/5000 [1:33:46<8:00:34,  6.80s/it]
 15%|#5        | 763/5000 [1:33:52<7:58:18,  6.77s/it]
 15%|#5        | 764/5000 [1:33:59<7:54:06,  6.72s/it]
 15%|#5        | 765/5000 [1:34:05<7:50:43,  6.67s/it]
 15%|#5        | 766/5000 [1:34:12<7:59:21,  6.79s/it]
 15%|#5        | 767/5000 [1:34:19<7:54:24,  6.72s/it]
 15%|#5        | 768/5000 [1:34:26<7:55:51,  6.75s/it]
 15%|#5        | 769/5000 [1:34:32<7:51:01,  6.68s/it]
 15%|#5        | 770/5000 [1:34:39<7:56:49,  6.76s/it]
 15%|#5        | 771/5000 [1:34:46<7:50:43,  6.68s/it]
 15%|#5        | 772/5000 [1:34:52<7:51:06,  6.69s/it]
 15%|#5        | 773/5000 [1:34:59<7:46:43,  6.62s/it]
 15%|#5        | 774/5000 [1:35:06<7:50:56,  6.69s/it]
 16%|#5        | 775/5000 [1:35:13<8:00:38,  6.83s/it]
 16%|#5        | 776/5000 [1:35:19<7:52:47,  6.72s/it]
 16%|#5        | 777/5000 [1:35:26<7:40:04,  6.54s/it]
 16%|#5        | 778/5000 [1:35:32<7:47:49,  6.65s/it]
 16%|#5        | 779/5000 [1:35:40<7:59:47,  6.82s/it]
 16%|#5        | 780/5000 [1:35:46<7:56:50,  6.78s/it]
 16%|#5        | 781/5000 [1:35:53<8:01:42,  6.85s/it]
 16%|#5        | 782/5000 [1:36:00<7:49:37,  6.68s/it]
 16%|#5        | 783/5000 [1:36:07<7:56:10,  6.77s/it]
 16%|#5        | 784/5000 [1:36:13<7:49:49,  6.69s/it]
 16%|#5        | 785/5000 [1:36:19<7:42:39,  6.59s/it]
 16%|#5        | 786/5000 [1:36:27<7:53:41,  6.74s/it]
 16%|#5        | 787/5000 [1:36:33<7:50:17,  6.70s/it]
 16%|#5        | 788/5000 [1:36:39<7:42:14,  6.58s/it]
 16%|#5        | 789/5000 [1:36:46<7:48:06,  6.67s/it]
 16%|#5        | 790/5000 [1:36:54<7:58:45,  6.82s/it]
 16%|#5        | 791/5000 [1:37:00<7:45:49,  6.64s/it]
 16%|#5        | 792/5000 [1:37:06<7:47:41,  6.67s/it]
 16%|#5        | 793/5000 [1:37:14<7:58:22,  6.82s/it]
 16%|#5        | 794/5000 [1:37:20<7:53:26,  6.75s/it]
 16%|#5        | 795/5000 [1:37:27<7:51:48,  6.73s/it]
 16%|#5        | 796/5000 [1:37:34<7:49:19,  6.70s/it]
 16%|#5        | 797/5000 [1:37:40<7:54:06,  6.77s/it]
 16%|#5        | 798/5000 [1:37:47<7:47:50,  6.68s/it]
 16%|#5        | 799/5000 [1:37:53<7:37:19,  6.53s/it]
 16%|#6        | 800/5000 [1:38:00<7:34:51,  6.50s/it]
                                                      

 16%|#6        | 800/5000 [1:38:00<7:34:51,  6.50s/it]
 16%|#6        | 801/5000 [1:38:07<7:44:06,  6.63s/it]
 16%|#6        | 802/5000 [1:38:13<7:41:14,  6.59s/it]
 16%|#6        | 803/5000 [1:38:19<7:35:04,  6.51s/it]
 16%|#6        | 804/5000 [1:38:26<7:33:52,  6.49s/it]
 16%|#6        | 805/5000 [1:38:32<7:23:30,  6.34s/it]
 16%|#6        | 806/5000 [1:38:38<7:31:03,  6.45s/it]
 16%|#6        | 807/5000 [1:38:46<7:44:57,  6.65s/it]
 16%|#6        | 808/5000 [1:38:53<7:51:09,  6.74s/it]
 16%|#6        | 809/5000 [1:38:59<7:43:44,  6.64s/it]
 16%|#6        | 810/5000 [1:39:06<7:43:48,  6.64s/it]
 16%|#6        | 811/5000 [1:39:12<7:41:23,  6.61s/it]
 16%|#6        | 812/5000 [1:39:19<7:44:25,  6.65s/it]
 16%|#6        | 813/5000 [1:39:26<7:55:10,  6.81s/it]
 16%|#6        | 814/5000 [1:39:32<7:38:07,  6.57s/it]
 16%|#6        | 815/5000 [1:39:39<7:40:24,  6.60s/it]
 16%|#6        | 816/5000 [1:39:45<7:41:44,  6.62s/it]
 16%|#6        | 817/5000 [1:39:52<7:41:14,  6.62s/it]
 16%|#6        | 818/5000 [1:40:00<8:00:59,  6.90s/it]
 16%|#6        | 819/5000 [1:40:06<7:40:34,  6.61s/it]
 16%|#6        | 820/5000 [1:40:13<7:51:25,  6.77s/it]
 16%|#6        | 821/5000 [1:40:19<7:45:58,  6.69s/it]
 16%|#6        | 822/5000 [1:40:26<7:49:32,  6.74s/it]
 16%|#6        | 823/5000 [1:40:32<7:37:20,  6.57s/it]
 16%|#6        | 824/5000 [1:40:39<7:42:54,  6.65s/it]
 16%|#6        | 825/5000 [1:40:46<7:39:44,  6.61s/it]
 17%|#6        | 826/5000 [1:40:52<7:36:29,  6.56s/it]
 17%|#6        | 827/5000 [1:40:59<7:41:37,  6.64s/it]
 17%|#6        | 828/5000 [1:41:06<7:43:28,  6.67s/it]
 17%|#6        | 829/5000 [1:41:12<7:34:53,  6.54s/it]
 17%|#6        | 830/5000 [1:41:18<7:36:42,  6.57s/it]
 17%|#6        | 831/5000 [1:41:25<7:45:07,  6.69s/it]
 17%|#6        | 832/5000 [1:41:32<7:38:30,  6.60s/it]
 17%|#6        | 833/5000 [1:41:38<7:34:37,  6.55s/it]
 17%|#6        | 834/5000 [1:41:45<7:40:28,  6.63s/it]
 17%|#6        | 835/5000 [1:41:52<7:40:07,  6.63s/it]
 17%|#6        | 836/5000 [1:41:58<7:38:33,  6.61s/it]
 17%|#6        | 837/5000 [1:42:04<7:24:26,  6.41s/it]
 17%|#6        | 838/5000 [1:42:11<7:29:26,  6.48s/it]
 17%|#6        | 839/5000 [1:42:18<7:34:53,  6.56s/it]
 17%|#6        | 840/5000 [1:42:24<7:30:23,  6.50s/it]
 17%|#6        | 841/5000 [1:42:30<7:30:49,  6.50s/it]
 17%|#6        | 842/5000 [1:42:37<7:26:09,  6.44s/it]
 17%|#6        | 843/5000 [1:42:43<7:24:47,  6.42s/it]
 17%|#6        | 844/5000 [1:42:49<7:22:11,  6.38s/it]
 17%|#6        | 845/5000 [1:42:56<7:35:42,  6.58s/it]
 17%|#6        | 846/5000 [1:43:03<7:26:49,  6.45s/it]
 17%|#6        | 847/5000 [1:43:09<7:35:27,  6.58s/it]
 17%|#6        | 848/5000 [1:43:16<7:38:52,  6.63s/it]
 17%|#6        | 849/5000 [1:43:22<7:29:30,  6.50s/it]
 17%|#7        | 850/5000 [1:43:29<7:26:49,  6.46s/it]
                                                      

 17%|#7        | 850/5000 [1:43:29<7:26:49,  6.46s/it]
 17%|#7        | 851/5000 [1:43:35<7:31:07,  6.52s/it]
 17%|#7        | 852/5000 [1:43:42<7:23:22,  6.41s/it]
 17%|#7        | 853/5000 [1:43:48<7:27:35,  6.48s/it]
 17%|#7        | 854/5000 [1:43:55<7:26:28,  6.46s/it]
 17%|#7        | 855/5000 [1:44:01<7:27:23,  6.48s/it]
 17%|#7        | 856/5000 [1:44:19<11:15:15,  9.78s/it]
 17%|#7        | 857/5000 [1:44:24<9:47:44,  8.51s/it] 
 17%|#7        | 858/5000 [1:44:30<8:43:45,  7.59s/it]
 17%|#7        | 859/5000 [1:44:35<7:59:54,  6.95s/it]
 17%|#7        | 860/5000 [1:44:41<7:28:08,  6.49s/it]
 17%|#7        | 861/5000 [1:44:47<7:30:27,  6.53s/it]
 17%|#7        | 862/5000 [1:44:53<7:22:38,  6.42s/it]
 17%|#7        | 863/5000 [1:45:00<7:21:10,  6.40s/it]
 17%|#7        | 864/5000 [1:45:06<7:29:09,  6.52s/it]
 17%|#7        | 865/5000 [1:45:13<7:23:10,  6.43s/it]
 17%|#7        | 866/5000 [1:45:19<7:13:47,  6.30s/it]
 17%|#7        | 867/5000 [1:45:25<7:16:28,  6.34s/it]
 17%|#7        | 868/5000 [1:45:32<7:22:30,  6.43s/it]
 17%|#7        | 869/5000 [1:45:38<7:20:58,  6.40s/it]
 17%|#7        | 870/5000 [1:45:45<7:33:22,  6.59s/it]
 17%|#7        | 871/5000 [1:45:51<7:25:27,  6.47s/it]
 17%|#7        | 872/5000 [1:45:58<7:33:51,  6.60s/it]
 17%|#7        | 873/5000 [1:46:04<7:17:37,  6.36s/it]
 17%|#7        | 874/5000 [1:46:11<7:30:19,  6.55s/it]
 18%|#7        | 875/5000 [1:46:18<7:34:38,  6.61s/it]
 18%|#7        | 876/5000 [1:46:24<7:21:11,  6.42s/it]
 18%|#7        | 877/5000 [1:46:30<7:26:10,  6.49s/it]
 18%|#7        | 878/5000 [1:46:36<7:14:58,  6.33s/it]
 18%|#7        | 879/5000 [1:46:43<7:29:50,  6.55s/it]
 18%|#7        | 880/5000 [1:46:50<7:33:14,  6.60s/it]
 18%|#7        | 881/5000 [1:46:57<7:40:07,  6.70s/it]
 18%|#7        | 882/5000 [1:47:03<7:26:43,  6.51s/it]
 18%|#7        | 883/5000 [1:47:10<7:29:35,  6.55s/it]
 18%|#7        | 884/5000 [1:47:19<8:21:56,  7.32s/it]
 18%|#7        | 885/5000 [1:47:25<7:53:18,  6.90s/it]
 18%|#7        | 886/5000 [1:47:32<7:53:04,  6.90s/it]
 18%|#7        | 887/5000 [1:47:39<7:59:54,  7.00s/it]
 18%|#7        | 888/5000 [1:47:46<7:58:42,  6.98s/it]
 18%|#7        | 889/5000 [1:47:52<7:47:41,  6.83s/it]
 18%|#7        | 890/5000 [1:47:59<7:51:47,  6.89s/it]
 18%|#7        | 891/5000 [1:48:06<7:48:42,  6.84s/it]
 18%|#7        | 892/5000 [1:48:13<7:47:32,  6.83s/it]
 18%|#7        | 893/5000 [1:48:20<7:48:23,  6.84s/it]
 18%|#7        | 894/5000 [1:48:27<7:59:18,  7.00s/it]
 18%|#7        | 895/5000 [1:48:34<7:57:49,  6.98s/it]
 18%|#7        | 896/5000 [1:48:41<8:03:15,  7.07s/it]
 18%|#7        | 897/5000 [1:48:48<8:02:18,  7.05s/it]
 18%|#7        | 898/5000 [1:48:56<8:05:45,  7.11s/it]
 18%|#7        | 899/5000 [1:49:03<8:04:10,  7.08s/it]
 18%|#8        | 900/5000 [1:49:09<7:57:53,  6.99s/it]
                                                      

 18%|#8        | 900/5000 [1:49:09<7:57:53,  6.99s/it]
 18%|#8        | 901/5000 [1:49:17<8:02:05,  7.06s/it]
 18%|#8        | 902/5000 [1:49:23<7:56:17,  6.97s/it]
 18%|#8        | 903/5000 [1:49:31<8:03:19,  7.08s/it]
 18%|#8        | 904/5000 [1:49:37<7:53:01,  6.93s/it]
 18%|#8        | 905/5000 [1:49:45<8:03:13,  7.08s/it]
 18%|#8        | 906/5000 [1:49:51<7:52:10,  6.92s/it]
 18%|#8        | 907/5000 [1:49:58<7:54:03,  6.95s/it]
 18%|#8        | 908/5000 [1:50:05<7:52:49,  6.93s/it]
 18%|#8        | 909/5000 [1:50:13<8:03:05,  7.09s/it]
 18%|#8        | 910/5000 [1:50:19<7:45:25,  6.83s/it]
 18%|#8        | 911/5000 [1:50:27<8:15:28,  7.27s/it]
 18%|#8        | 912/5000 [1:50:34<8:05:37,  7.13s/it]
 18%|#8        | 913/5000 [1:50:41<7:59:51,  7.04s/it]
 18%|#8        | 914/5000 [1:50:48<8:05:14,  7.13s/it]
 18%|#8        | 915/5000 [1:50:55<8:09:16,  7.19s/it]
 18%|#8        | 916/5000 [1:51:02<8:02:40,  7.09s/it]
 18%|#8        | 917/5000 [1:51:09<8:04:22,  7.12s/it]
 18%|#8        | 918/5000 [1:51:16<7:59:37,  7.05s/it]
 18%|#8        | 919/5000 [1:51:23<7:52:00,  6.94s/it]
 18%|#8        | 920/5000 [1:51:30<7:48:05,  6.88s/it]
 18%|#8        | 921/5000 [1:51:36<7:34:13,  6.68s/it]
 18%|#8        | 922/5000 [1:51:43<7:48:02,  6.89s/it]
 18%|#8        | 923/5000 [1:51:50<7:50:29,  6.92s/it]
 18%|#8        | 924/5000 [1:51:58<8:00:54,  7.08s/it]
 18%|#8        | 925/5000 [1:52:04<7:42:20,  6.81s/it]
 19%|#8        | 926/5000 [1:52:12<8:05:35,  7.15s/it]
 19%|#8        | 927/5000 [1:52:20<8:14:12,  7.28s/it]
 19%|#8        | 928/5000 [1:52:27<8:11:36,  7.24s/it]
 19%|#8        | 929/5000 [1:52:34<8:09:43,  7.22s/it]
 19%|#8        | 930/5000 [1:52:41<8:04:56,  7.15s/it]
 19%|#8        | 931/5000 [1:52:49<8:20:32,  7.38s/it]
 19%|#8        | 932/5000 [1:52:56<8:19:51,  7.37s/it]
 19%|#8        | 933/5000 [1:53:04<8:21:22,  7.40s/it]
 19%|#8        | 934/5000 [1:53:11<8:15:55,  7.32s/it]
 19%|#8        | 935/5000 [1:53:19<8:25:32,  7.46s/it]
 19%|#8        | 936/5000 [1:53:26<8:17:04,  7.34s/it]
 19%|#8        | 937/5000 [1:53:33<8:20:16,  7.39s/it]
 19%|#8        | 938/5000 [1:53:41<8:21:35,  7.41s/it]
 19%|#8        | 939/5000 [1:53:48<8:25:54,  7.47s/it]
 19%|#8        | 940/5000 [1:53:55<8:04:29,  7.16s/it]
 19%|#8        | 941/5000 [1:54:02<8:03:21,  7.15s/it]
 19%|#8        | 942/5000 [1:54:09<8:08:43,  7.23s/it]
 19%|#8        | 943/5000 [1:54:16<8:04:56,  7.17s/it]
 19%|#8        | 944/5000 [1:54:23<7:55:33,  7.03s/it]
 19%|#8        | 945/5000 [1:54:30<7:52:32,  6.99s/it]
 19%|#8        | 946/5000 [1:54:37<7:48:15,  6.93s/it]
 19%|#8        | 947/5000 [1:54:44<7:55:12,  7.03s/it]
 19%|#8        | 948/5000 [1:54:51<7:48:24,  6.94s/it]
 19%|#8        | 949/5000 [1:54:57<7:37:16,  6.77s/it]
 19%|#9        | 950/5000 [1:55:05<8:00:26,  7.12s/it]
                                                      

 19%|#9        | 950/5000 [1:55:05<8:00:26,  7.12s/it]
 19%|#9        | 951/5000 [1:55:12<7:57:58,  7.08s/it]
 19%|#9        | 952/5000 [1:55:20<8:17:40,  7.38s/it]
 19%|#9        | 953/5000 [1:55:27<8:03:54,  7.17s/it]
 19%|#9        | 954/5000 [1:55:34<8:04:22,  7.18s/it]
 19%|#9        | 955/5000 [1:55:41<8:06:10,  7.21s/it]
 19%|#9        | 956/5000 [1:55:48<7:55:47,  7.06s/it]
 19%|#9        | 957/5000 [1:55:56<8:08:48,  7.25s/it]
 19%|#9        | 958/5000 [1:56:02<8:02:45,  7.17s/it]
 19%|#9        | 959/5000 [1:56:10<8:13:09,  7.32s/it]
 19%|#9        | 960/5000 [1:56:17<8:00:06,  7.13s/it]
 19%|#9        | 961/5000 [1:56:23<7:45:02,  6.91s/it]
 19%|#9        | 962/5000 [1:56:30<7:52:13,  7.02s/it]
 19%|#9        | 963/5000 [1:56:38<7:56:04,  7.08s/it]
 19%|#9        | 964/5000 [1:56:45<8:04:53,  7.21s/it]
 19%|#9        | 965/5000 [1:56:52<7:58:28,  7.11s/it]
 19%|#9        | 966/5000 [1:56:59<7:44:21,  6.91s/it]
 19%|#9        | 967/5000 [1:57:06<7:53:29,  7.04s/it]
 19%|#9        | 968/5000 [1:57:14<8:06:30,  7.24s/it]
 19%|#9        | 969/5000 [1:57:21<8:12:53,  7.34s/it]
 19%|#9        | 970/5000 [1:57:28<8:05:38,  7.23s/it]
 19%|#9        | 971/5000 [1:57:35<8:04:20,  7.21s/it]
 19%|#9        | 972/5000 [1:57:43<8:09:38,  7.29s/it]
 19%|#9        | 973/5000 [1:57:50<8:01:39,  7.18s/it]
 19%|#9        | 974/5000 [1:57:58<8:14:00,  7.36s/it]
 20%|#9        | 975/5000 [1:58:06<8:33:00,  7.65s/it]
 20%|#9        | 976/5000 [1:58:13<8:25:49,  7.54s/it]
 20%|#9        | 977/5000 [1:58:19<8:01:10,  7.18s/it]
 20%|#9        | 978/5000 [1:58:27<8:18:37,  7.44s/it]
 20%|#9        | 979/5000 [1:58:34<8:08:38,  7.29s/it]
 20%|#9        | 980/5000 [1:58:42<8:08:14,  7.29s/it]
 20%|#9        | 981/5000 [1:58:49<8:03:27,  7.22s/it]
 20%|#9        | 982/5000 [1:58:56<7:58:34,  7.15s/it]
 20%|#9        | 983/5000 [1:59:03<7:59:27,  7.16s/it]
 20%|#9        | 984/5000 [1:59:10<7:52:52,  7.06s/it]
 20%|#9        | 985/5000 [1:59:17<7:51:02,  7.04s/it]
 20%|#9        | 986/5000 [1:59:23<7:42:40,  6.92s/it]
 20%|#9        | 987/5000 [1:59:30<7:45:16,  6.96s/it]
 20%|#9        | 988/5000 [1:59:37<7:42:11,  6.91s/it]
 20%|#9        | 989/5000 [1:59:44<7:46:30,  6.98s/it]
 20%|#9        | 990/5000 [1:59:51<7:39:38,  6.88s/it]
 20%|#9        | 991/5000 [1:59:58<7:45:56,  6.97s/it]
 20%|#9        | 992/5000 [2:00:05<7:38:51,  6.87s/it]
 20%|#9        | 993/5000 [2:00:12<7:42:09,  6.92s/it]
 20%|#9        | 994/5000 [2:00:19<7:54:30,  7.11s/it]
 20%|#9        | 995/5000 [2:00:26<7:38:21,  6.87s/it]
 20%|#9        | 996/5000 [2:00:34<8:01:57,  7.22s/it]
 20%|#9        | 997/5000 [2:00:41<8:09:19,  7.33s/it]
 20%|#9        | 998/5000 [2:00:49<8:08:25,  7.32s/it]
 20%|#9        | 999/5000 [2:00:55<7:57:54,  7.17s/it]
 20%|##        | 1000/5000 [2:01:03<7:57:23,  7.16s/it]
                                                       

{'loss': '2.618', 'grad_norm': '0.5659', 'learning_rate': '0.0003934', 'epoch': '0.376'}
 20%|##        | 1000/5000 [2:01:03<7:57:23,  7.16s/it]
{'loss': '2.491', 'grad_norm': '0.5218', 'learning_rate': '0.0003916', 'epoch': '0.4102'}
{'loss': '2.392', 'grad_norm': '0.4834', 'learning_rate': '0.0003896', 'epoch': '0.4443'}
{'loss': '2.339', 'grad_norm': '0.4813', 'learning_rate': '0.0003875', 'epoch': '0.4785'}
{'loss': '2.248', 'grad_norm': '0.4856', 'learning_rate': '0.0003851', 'epoch': '0.5127'}
{'loss': '2.226', 'grad_norm': '0.4968', 'learning_rate': '0.0003826', 'epoch': '0.5469'}
{'loss': '2.153', 'grad_norm': '0.4803', 'learning_rate': '0.0003798', 'epoch': '0.5811'}
{'loss': '2.149', 'grad_norm': '0.4357', 'learning_rate': '0.0003769', 'epoch': '0.6152'}
{'loss': '2.089', 'grad_norm': '0.4344', 'learning_rate': '0.0003738', 'epoch': '0.6494'}
{'loss': '2.089', 'grad_norm': '0.4221', 'learning_rate': '0.0003705', 'epoch': '0.6836'}

  0%|          | 0/478 [00:00<?, ?it/s][A

  1%|          | 3/478 [00:00<00:21, 22.40it/s][A

  1%|1         | 6/478 [00:00<00:27, 17.06it/s][A

  2%|1         | 8/478 [00:00<00:29, 15.84it/s][A

  2%|2         | 10/478 [00:00<00:32, 14.54it/s][A

  3%|2         | 12/478 [00:00<00:31, 14.93it/s][A

  3%|2         | 14/478 [00:00<00:32, 14.32it/s][A

  3%|3         | 16/478 [00:01<00:32, 14.15it/s][A

  4%|3         | 18/478 [00:01<00:32, 14.00it/s][A

  4%|4         | 20/478 [00:01<00:32, 13.99it/s][A

  5%|4         | 22/478 [00:01<00:31, 14.49it/s][A

  5%|5         | 24/478 [00:01<00:32, 14.13it/s][A

  5%|5         | 26/478 [00:01<00:31, 14.26it/s][A

  6%|5         | 28/478 [00:01<00:32, 13.98it/s][A

  6%|6         | 30/478 [00:02<00:31, 14.18it/s][A

  7%|6         | 32/478 [00:02<00:31, 14.12it/s][A

  7%|7         | 34/478 [00:02<00:31, 14.07it/s][A

  8%|7         | 36/478 [00:02<00:31, 13.91it/s][A

  8%|7         | 38/478 [00:02<00:31, 14.06it/s][A

  8%|8         | 40/478 [00:02<00:31, 14.04it/s][A

  9%|8         | 42/478 [00:02<00:30, 14.49it/s][A

  9%|9         | 44/478 [00:03<00:31, 13.98it/s][A

 10%|9         | 46/478 [00:03<00:31, 13.89it/s][A

 10%|#         | 48/478 [00:03<00:30, 13.93it/s][A

 10%|#         | 50/478 [00:03<00:30, 13.92it/s][A

 11%|#         | 52/478 [00:03<00:30, 13.96it/s][A

 11%|#1        | 54/478 [00:03<00:30, 13.85it/s][A

 12%|#1        | 56/478 [00:03<00:30, 14.03it/s][A

 12%|#2        | 58/478 [00:04<00:31, 13.31it/s][A

 13%|#2        | 60/478 [00:04<00:30, 13.51it/s][A

 13%|#2        | 62/478 [00:04<00:30, 13.53it/s][A

 13%|#3        | 64/478 [00:04<00:30, 13.43it/s][A

 14%|#3        | 66/478 [00:04<00:29, 13.85it/s][A

 14%|#4        | 68/478 [00:04<00:30, 13.44it/s][A

 15%|#4        | 70/478 [00:04<00:30, 13.47it/s][A

 15%|#5        | 72/478 [00:05<00:29, 13.57it/s][A

 15%|#5        | 74/478 [00:05<00:29, 13.52it/s][A

 16%|#5        | 76/478 [00:05<00:28, 13.86it/s][A

 16%|#6        | 78/478 [00:05<00:29, 13.46it/s][A

 17%|#6        | 80/478 [00:05<00:28, 14.05it/s][A

 17%|#7        | 82/478 [00:05<00:28, 13.87it/s][A

 18%|#7        | 84/478 [00:05<00:29, 13.57it/s][A

 18%|#7        | 86/478 [00:06<00:28, 13.58it/s][A

 18%|#8        | 88/478 [00:06<00:29, 13.09it/s][A

 19%|#8        | 90/478 [00:06<00:32, 11.83it/s][A

 19%|#9        | 92/478 [00:06<00:33, 11.69it/s][A

 20%|#9        | 94/478 [00:06<00:31, 12.05it/s][A

 20%|##        | 96/478 [00:06<00:30, 12.47it/s][A

 21%|##        | 98/478 [00:07<00:31, 12.19it/s][A

 21%|##        | 100/478 [00:07<00:29, 12.62it/s][A

 21%|##1       | 102/478 [00:07<00:31, 11.94it/s][A

 22%|##1       | 104/478 [00:07<00:29, 12.80it/s][A

 22%|##2       | 106/478 [00:07<00:29, 12.76it/s][A

 23%|##2       | 108/478 [00:07<00:28, 13.05it/s][A

 23%|##3       | 110/478 [00:08<00:28, 12.90it/s][A

 23%|##3       | 112/478 [00:08<00:29, 12.62it/s][A

 24%|##3       | 114/478 [00:08<00:27, 13.14it/s][A

 24%|##4       | 116/478 [00:08<00:26, 13.47it/s][A

 25%|##4       | 118/478 [00:08<00:27, 13.19it/s][A

 25%|##5       | 120/478 [00:08<00:27, 12.97it/s][A

 26%|##5       | 122/478 [00:08<00:26, 13.69it/s][A

 26%|##5       | 124/478 [00:09<00:28, 12.21it/s][A

 26%|##6       | 126/478 [00:09<00:27, 13.03it/s][A

 27%|##6       | 128/478 [00:09<00:26, 13.28it/s][A

 27%|##7       | 130/478 [00:09<00:27, 12.69it/s][A

 28%|##7       | 132/478 [00:09<00:26, 13.08it/s][A

 28%|##8       | 134/478 [00:09<00:26, 12.92it/s][A

 28%|##8       | 136/478 [00:10<00:25, 13.22it/s][A

 29%|##8       | 138/478 [00:10<00:26, 13.02it/s][A

 29%|##9       | 140/478 [00:10<00:25, 13.27it/s][A

 30%|##9       | 142/478 [00:10<00:24, 13.48it/s][A

 30%|###       | 144/478 [00:10<00:24, 13.62it/s][A

 31%|###       | 146/478 [00:10<00:24, 13.72it/s][A

 31%|###       | 148/478 [00:10<00:24, 13.52it/s][A

 31%|###1      | 150/478 [00:11<00:23, 13.96it/s][A

 32%|###1      | 152/478 [00:11<00:24, 13.10it/s][A

 32%|###2      | 154/478 [00:11<00:24, 13.03it/s][A

 33%|###2      | 156/478 [00:11<00:24, 12.99it/s][A

 33%|###3      | 158/478 [00:11<00:24, 12.92it/s][A

 33%|###3      | 160/478 [00:11<00:23, 13.41it/s][A

 34%|###3      | 162/478 [00:12<00:23, 13.56it/s][A

 34%|###4      | 164/478 [00:12<00:23, 13.27it/s][A

 35%|###4      | 166/478 [00:12<00:23, 13.19it/s][A

 35%|###5      | 168/478 [00:12<00:23, 12.99it/s][A

 36%|###5      | 170/478 [00:12<00:23, 13.17it/s][A

 36%|###5      | 172/478 [00:12<00:22, 13.41it/s][A

 36%|###6      | 174/478 [00:12<00:22, 13.59it/s][A

 37%|###6      | 176/478 [00:13<00:22, 13.47it/s][A

 37%|###7      | 178/478 [00:13<00:22, 13.43it/s][A

 38%|###7      | 180/478 [00:13<00:22, 13.48it/s][A

 38%|###8      | 182/478 [00:13<00:22, 13.27it/s][A

 38%|###8      | 184/478 [00:13<00:21, 13.42it/s][A

 39%|###8      | 186/478 [00:13<00:21, 13.50it/s][A

 39%|###9      | 188/478 [00:13<00:21, 13.74it/s][A

 40%|###9      | 190/478 [00:14<00:21, 13.44it/s][A

 40%|####      | 192/478 [00:14<00:21, 13.60it/s][A

 41%|####      | 194/478 [00:14<00:21, 13.28it/s][A

 41%|####1     | 196/478 [00:14<00:20, 13.48it/s][A

 41%|####1     | 198/478 [00:14<00:20, 13.63it/s][A

 42%|####1     | 200/478 [00:14<00:20, 13.73it/s][A

 42%|####2     | 202/478 [00:14<00:20, 13.80it/s][A

 43%|####2     | 204/478 [00:15<00:19, 13.85it/s][A

 43%|####3     | 206/478 [00:15<00:19, 13.67it/s][A

 44%|####3     | 208/478 [00:15<00:20, 12.89it/s][A

 44%|####3     | 210/478 [00:15<00:19, 13.50it/s][A

 44%|####4     | 212/478 [00:15<00:19, 13.31it/s][A

 45%|####4     | 214/478 [00:15<00:19, 13.70it/s][A

 45%|####5     | 216/478 [00:16<00:18, 13.93it/s][A

 46%|####5     | 218/478 [00:16<00:19, 13.05it/s][A

 46%|####6     | 220/478 [00:16<00:19, 13.28it/s][A

 46%|####6     | 222/478 [00:16<00:18, 13.49it/s][A

 47%|####6     | 224/478 [00:16<00:18, 13.63it/s][A

 47%|####7     | 226/478 [00:16<00:18, 13.60it/s][A

 48%|####7     | 228/478 [00:16<00:18, 13.40it/s][A

 48%|####8     | 230/478 [00:17<00:17, 14.00it/s][A

 49%|####8     | 232/478 [00:17<00:18, 13.36it/s][A

 49%|####8     | 234/478 [00:17<00:17, 13.76it/s][A

 49%|####9     | 236/478 [00:17<00:17, 13.80it/s][A

 50%|####9     | 238/478 [00:17<00:17, 13.87it/s][A

 50%|#####     | 240/478 [00:17<00:17, 13.65it/s][A

 51%|#####     | 242/478 [00:17<00:17, 13.57it/s][A

 51%|#####1    | 244/478 [00:18<00:16, 14.03it/s][A

 51%|#####1    | 246/478 [00:18<00:16, 13.65it/s][A

 52%|#####1    | 248/478 [00:18<00:16, 13.74it/s][A

 52%|#####2    | 250/478 [00:18<00:16, 13.79it/s][A

 53%|#####2    | 252/478 [00:18<00:16, 13.83it/s][A

 53%|#####3    | 254/478 [00:18<00:16, 13.87it/s][A

 54%|#####3    | 256/478 [00:18<00:17, 12.64it/s][A

 54%|#####3    | 258/478 [00:19<00:26,  8.18it/s][A

 54%|#####4    | 260/478 [00:19<00:23,  9.14it/s][A

 55%|#####4    | 262/478 [00:19<00:20, 10.45it/s][A

 55%|#####5    | 264/478 [00:19<00:19, 10.98it/s][A

 56%|#####5    | 266/478 [00:20<00:17, 11.80it/s][A

 56%|#####6    | 268/478 [00:20<00:17, 11.82it/s][A

 56%|#####6    | 270/478 [00:20<00:17, 12.11it/s][A

 57%|#####6    | 272/478 [00:20<00:16, 12.74it/s][A

 57%|#####7    | 274/478 [00:20<00:16, 12.75it/s][A

 58%|#####7    | 276/478 [00:20<00:15, 12.86it/s][A

 58%|#####8    | 278/478 [00:20<00:15, 13.04it/s][A

 59%|#####8    | 280/478 [00:21<00:14, 13.31it/s][A

 59%|#####8    | 282/478 [00:21<00:14, 13.09it/s][A

 59%|#####9    | 284/478 [00:21<00:15, 12.84it/s][A

 60%|#####9    | 286/478 [00:21<00:14, 13.31it/s][A

 60%|######    | 288/478 [00:21<00:14, 13.34it/s][A

 61%|######    | 290/478 [00:21<00:14, 12.86it/s][A

 61%|######1   | 292/478 [00:22<00:14, 12.69it/s][A

 62%|######1   | 294/478 [00:22<00:14, 12.67it/s][A

 62%|######1   | 296/478 [00:22<00:14, 12.34it/s][A

 62%|######2   | 298/478 [00:22<00:15, 11.32it/s][A

 63%|######2   | 300/478 [00:22<00:15, 11.80it/s][A

 63%|######3   | 302/478 [00:22<00:14, 11.73it/s][A

 64%|######3   | 304/478 [00:23<00:14, 11.87it/s][A

 64%|######4   | 306/478 [00:23<00:14, 11.49it/s][A

 64%|######4   | 308/478 [00:23<00:14, 11.71it/s][A

 65%|######4   | 310/478 [00:23<00:13, 12.07it/s][A

 65%|######5   | 312/478 [00:23<00:12, 12.79it/s][A

 66%|######5   | 314/478 [00:23<00:12, 13.01it/s][A

 66%|######6   | 316/478 [00:23<00:12, 12.80it/s][A

 67%|######6   | 318/478 [00:24<00:12, 12.74it/s][A

 67%|######6   | 320/478 [00:24<00:12, 12.97it/s][A

 67%|######7   | 322/478 [00:24<00:12, 12.98it/s][A

 68%|######7   | 324/478 [00:24<00:11, 12.88it/s][A

 68%|######8   | 326/478 [00:24<00:11, 12.69it/s][A

 69%|######8   | 328/478 [00:24<00:11, 12.66it/s][A

 69%|######9   | 330/478 [00:25<00:11, 12.36it/s][A

 69%|######9   | 332/478 [00:25<00:12, 12.07it/s][A

 70%|######9   | 334/478 [00:25<00:11, 12.05it/s][A

 70%|#######   | 336/478 [00:25<00:11, 12.03it/s][A

 71%|#######   | 338/478 [00:25<00:11, 12.41it/s][A

 71%|#######1  | 340/478 [00:25<00:10, 12.75it/s][A

 72%|#######1  | 342/478 [00:26<00:10, 12.92it/s][A

 72%|#######1  | 344/478 [00:26<00:11, 11.73it/s][A

 72%|#######2  | 346/478 [00:26<00:10, 12.31it/s][A

 73%|#######2  | 348/478 [00:26<00:10, 12.04it/s][A

 73%|#######3  | 350/478 [00:26<00:10, 12.55it/s][A

 74%|#######3  | 352/478 [00:26<00:10, 12.01it/s][A

 74%|#######4  | 354/478 [00:27<00:10, 12.37it/s][A

 74%|#######4  | 356/478 [00:27<00:10, 12.02it/s][A

 75%|#######4  | 358/478 [00:27<00:10, 11.61it/s][A

 75%|#######5  | 360/478 [00:27<00:10, 11.57it/s][A

 76%|#######5  | 362/478 [00:27<00:09, 11.84it/s][A

 76%|#######6  | 364/478 [00:27<00:09, 11.78it/s][A

 77%|#######6  | 366/478 [00:28<00:09, 12.33it/s][A

 77%|#######6  | 368/478 [00:28<00:09, 12.02it/s][A

 77%|#######7  | 370/478 [00:28<00:08, 12.21it/s][A

 78%|#######7  | 372/478 [00:28<00:08, 12.55it/s][A

 78%|#######8  | 374/478 [00:28<00:07, 13.07it/s][A

 79%|#######8  | 376/478 [00:28<00:08, 11.77it/s][A

 79%|#######9  | 378/478 [00:29<00:08, 12.41it/s][A

 79%|#######9  | 380/478 [00:29<00:08, 12.09it/s][A

 80%|#######9  | 382/478 [00:29<00:07, 12.24it/s][A

 80%|########  | 384/478 [00:29<00:07, 12.28it/s][A

 81%|########  | 386/478 [00:29<00:07, 12.79it/s][A

 81%|########1 | 388/478 [00:29<00:07, 12.51it/s][A

 82%|########1 | 390/478 [00:30<00:07, 12.37it/s][A

 82%|########2 | 392/478 [00:30<00:06, 12.43it/s][A

 82%|########2 | 394/478 [00:30<00:06, 12.45it/s][A

 83%|########2 | 396/478 [00:30<00:06, 12.86it/s][A

 83%|########3 | 398/478 [00:30<00:06, 13.08it/s][A

 84%|########3 | 400/478 [00:30<00:05, 13.28it/s][A

 84%|########4 | 402/478 [00:30<00:05, 13.66it/s][A

 85%|########4 | 404/478 [00:31<00:05, 13.77it/s][A

 85%|########4 | 406/478 [00:31<00:06, 11.76it/s][A

 85%|########5 | 408/478 [00:31<00:05, 11.79it/s][A

 86%|########5 | 410/478 [00:31<00:05, 12.36it/s][A

 86%|########6 | 412/478 [00:31<00:05, 12.07it/s][A

 87%|########6 | 414/478 [00:31<00:05, 12.57it/s][A

 87%|########7 | 416/478 [00:32<00:04, 12.97it/s][A

 87%|########7 | 418/478 [00:32<00:04, 12.74it/s][A

 88%|########7 | 420/478 [00:32<00:04, 13.18it/s][A

 88%|########8 | 422/478 [00:32<00:04, 12.23it/s][A

 89%|########8 | 424/478 [00:32<00:04, 12.70it/s][A

 89%|########9 | 426/478 [00:32<00:03, 13.01it/s][A

 90%|########9 | 428/478 [00:32<00:03, 13.17it/s][A

 90%|########9 | 430/478 [00:33<00:03, 13.55it/s][A

 90%|######### | 432/478 [00:33<00:03, 13.05it/s][A

 91%|######### | 434/478 [00:33<00:03, 13.36it/s][A

 91%|#########1| 436/478 [00:33<00:03, 13.22it/s][A

 92%|#########1| 438/478 [00:33<00:02, 13.35it/s][A

 92%|#########2| 440/478 [00:33<00:02, 13.20it/s][A

 92%|#########2| 442/478 [00:34<00:02, 13.48it/s][A

 93%|#########2| 444/478 [00:34<00:02, 12.60it/s][A

 93%|#########3| 446/478 [00:34<00:02, 13.19it/s][A

 94%|#########3| 448/478 [00:34<00:02, 13.00it/s][A

 94%|#########4| 450/478 [00:34<00:02, 12.34it/s][A

 95%|#########4| 452/478 [00:34<00:02, 12.41it/s][A

 95%|#########4| 454/478 [00:34<00:01, 12.89it/s][A

 95%|#########5| 456/478 [00:35<00:01, 12.92it/s][A

 96%|#########5| 458/478 [00:35<00:01, 13.13it/s][A

 96%|#########6| 460/478 [00:35<00:01, 12.69it/s][A

 97%|#########6| 462/478 [00:35<00:01, 13.40it/s][A

 97%|#########7| 464/478 [00:35<00:01, 12.57it/s][A

 97%|#########7| 466/478 [00:35<00:00, 12.68it/s][A

 98%|#########7| 468/478 [00:36<00:00, 13.10it/s][A

 98%|#########8| 470/478 [00:36<00:00, 12.98it/s][A

 99%|#########8| 472/478 [00:36<00:00, 12.98it/s][A

 99%|#########9| 474/478 [00:36<00:00, 13.16it/s][A

100%|#########9| 476/478 [00:36<00:00, 12.62it/s][A

100%|##########| 478/478 [00:36<00:00, 11.88it/s][A
                                                       


                                                 
[A
 20%|##        | 1000/5000 [2:01:40<7:57:23,  7.16s/it]

100%|##########| 478/478 [00:36<00:00, 11.88it/s][A

{'eval_loss': '2.265', 'eval_runtime': '36.96', 'eval_samples_per_second': '25.87', 'eval_steps_per_second': '12.93', 'epoch': '0.6836'}
                                                 [A

Writing model shards:   0%|          | 0/1 [00:00<?, ?it/s][A

Writing model shards: 100%|##########| 1/1 [00:01<00:00,  1.08s/it][A
Writing model shards: 100%|##########| 1/1 [00:01<00:00,  1.08s/it]

 20%|##        | 1001/5000 [2:01:52<21:53:38, 19.71s/it]
 20%|##        | 1002/5000 [2:02:00<18:00:45, 16.22s/it]
 20%|##        | 1003/5000 [2:02:06<14:45:19, 13.29s/it]
 20%|##        | 1004/5000 [2:02:14<12:56:31, 11.66s/it]
 20%|##        | 1005/5000 [2:02:22<11:36:10, 10.46s/it]
 20%|##        | 1006/5000 [2:02:29<10:34:32,  9.53s/it]
 20%|##        | 1007/5000 [2:02:36<9:47:16,  8.82s/it] 
 20%|##        | 1008/5000 [2:02:44<9:18:00,  8.39s/it]
 20%|##        | 1009/5000 [2:02:51<8:52:37,  8.01s/it]
 20%|##        | 1010/5000 [2:02:58<8:38:13,  7.79s/it]
 20%|##        | 1011/5000 [2:03:05<8:18:13,  7.49s/it]
 20%|##        | 1012/5000 [2:03:13<8:26:55,  7.63s/it]
 20%|##        | 1013/5000 [2:03:20<8:15:23,  7.46s/it]
 20%|##        | 1014/5000 [2:03:28<8:24:06,  7.59s/it]
 20%|##        | 1015/5000 [2:03:35<8:20:33,  7.54s/it]
 20%|##        | 1016/5000 [2:03:42<8:13:11,  7.43s/it]
 20%|##        | 1017/5000 [2:03:49<8:08:37,  7.36s/it]
 20%|##        | 1018/5000 [2:03:57<8:16:16,  7.48s/it]
 20%|##        | 1019/5000 [2:04:05<8:14:45,  7.46s/it]
 20%|##        | 1020/5000 [2:04:12<8:15:21,  7.47s/it]
 20%|##        | 1021/5000 [2:04:19<7:56:14,  7.18s/it]
 20%|##        | 1022/5000 [2:04:26<7:56:22,  7.19s/it]
 20%|##        | 1023/5000 [2:04:34<8:07:02,  7.35s/it]
 20%|##        | 1024/5000 [2:04:41<8:06:03,  7.33s/it]
 20%|##        | 1025/5000 [2:04:48<7:57:59,  7.21s/it]
 21%|##        | 1026/5000 [2:04:55<7:48:21,  7.07s/it]
 21%|##        | 1027/5000 [2:05:01<7:38:04,  6.92s/it]
 21%|##        | 1028/5000 [2:05:08<7:38:53,  6.93s/it]
 21%|##        | 1029/5000 [2:05:15<7:40:22,  6.96s/it]
 21%|##        | 1030/5000 [2:05:22<7:32:52,  6.84s/it]
 21%|##        | 1031/5000 [2:05:28<7:29:12,  6.79s/it]
 21%|##        | 1032/5000 [2:05:36<7:45:43,  7.04s/it]
 21%|##        | 1033/5000 [2:05:43<7:44:48,  7.03s/it]
 21%|##        | 1034/5000 [2:05:49<7:26:24,  6.75s/it]
 21%|##        | 1035/5000 [2:05:57<7:40:20,  6.97s/it]
 21%|##        | 1036/5000 [2:06:04<7:41:05,  6.98s/it]
 21%|##        | 1037/5000 [2:06:11<7:43:29,  7.02s/it]
 21%|##        | 1038/5000 [2:06:17<7:37:48,  6.93s/it]
 21%|##        | 1039/5000 [2:06:25<7:47:03,  7.07s/it]
 21%|##        | 1040/5000 [2:06:32<7:47:14,  7.08s/it]
 21%|##        | 1041/5000 [2:06:38<7:30:55,  6.83s/it]
 21%|##        | 1042/5000 [2:06:46<7:51:23,  7.15s/it]
 21%|##        | 1043/5000 [2:06:52<7:28:39,  6.80s/it]
 21%|##        | 1044/5000 [2:07:00<7:56:39,  7.23s/it]
 21%|##        | 1045/5000 [2:07:07<7:49:29,  7.12s/it]
 21%|##        | 1046/5000 [2:07:14<7:50:43,  7.14s/it]
 21%|##        | 1047/5000 [2:07:21<7:51:17,  7.15s/it]
 21%|##        | 1048/5000 [2:07:29<7:54:34,  7.21s/it]
 21%|##        | 1049/5000 [2:07:36<7:46:08,  7.08s/it]
 21%|##1       | 1050/5000 [2:07:44<8:07:56,  7.41s/it]
                                                       

 21%|##1       | 1050/5000 [2:07:44<8:07:56,  7.41s/it]
 21%|##1       | 1051/5000 [2:07:51<8:02:17,  7.33s/it]
 21%|##1       | 1052/5000 [2:07:58<7:55:31,  7.23s/it]
 21%|##1       | 1053/5000 [2:08:05<7:56:26,  7.24s/it]
 21%|##1       | 1054/5000 [2:08:12<7:51:43,  7.17s/it]
 21%|##1       | 1055/5000 [2:08:19<7:46:58,  7.10s/it]
 21%|##1       | 1056/5000 [2:08:27<8:03:00,  7.35s/it]
 21%|##1       | 1057/5000 [2:08:34<7:54:44,  7.22s/it]
 21%|##1       | 1058/5000 [2:08:41<7:51:56,  7.18s/it]
 21%|##1       | 1059/5000 [2:08:50<8:22:56,  7.66s/it]
 21%|##1       | 1060/5000 [2:08:59<8:55:58,  8.16s/it]
 21%|##1       | 1061/5000 [2:09:10<9:48:39,  8.97s/it]
 21%|##1       | 1062/5000 [2:09:21<10:20:57,  9.46s/it]
 21%|##1       | 1063/5000 [2:09:31<10:36:41,  9.70s/it]
 21%|##1       | 1064/5000 [2:09:42<10:55:46, 10.00s/it]
 21%|##1       | 1065/5000 [2:09:52<10:55:47, 10.00s/it]
 21%|##1       | 1066/5000 [2:10:02<11:04:41, 10.14s/it]
 21%|##1       | 1067/5000 [2:10:12<11:08:01, 10.19s/it]
 21%|##1       | 1068/5000 [2:10:22<11:06:54, 10.18s/it]
 21%|##1       | 1069/5000 [2:10:33<11:11:26, 10.25s/it]
 21%|##1       | 1070/5000 [2:10:43<11:13:03, 10.28s/it]
 21%|##1       | 1071/5000 [2:10:53<11:07:10, 10.19s/it]
 21%|##1       | 1072/5000 [2:11:02<10:47:15,  9.89s/it]
 21%|##1       | 1073/5000 [2:11:11<10:22:57,  9.52s/it]
 21%|##1       | 1074/5000 [2:11:20<10:18:51,  9.46s/it]
 22%|##1       | 1075/5000 [2:11:28<9:46:50,  8.97s/it] 
 22%|##1       | 1076/5000 [2:11:34<8:45:20,  8.03s/it]
 22%|##1       | 1077/5000 [2:11:40<8:10:34,  7.50s/it]
 22%|##1       | 1078/5000 [2:11:47<7:53:25,  7.24s/it]
 22%|##1       | 1079/5000 [2:11:54<7:45:16,  7.12s/it]
 22%|##1       | 1080/5000 [2:12:01<7:40:09,  7.04s/it]
 22%|##1       | 1081/5000 [2:12:07<7:24:14,  6.80s/it]
 22%|##1       | 1082/5000 [2:12:13<7:16:46,  6.69s/it]
 22%|##1       | 1083/5000 [2:12:20<7:24:45,  6.81s/it]
 22%|##1       | 1084/5000 [2:12:28<7:31:54,  6.92s/it]
 22%|##1       | 1085/5000 [2:12:34<7:26:16,  6.84s/it]
 22%|##1       | 1086/5000 [2:12:40<7:14:17,  6.66s/it]
 22%|##1       | 1087/5000 [2:12:48<7:29:34,  6.89s/it]
 22%|##1       | 1088/5000 [2:12:55<7:27:48,  6.87s/it]
 22%|##1       | 1089/5000 [2:13:02<7:42:44,  7.10s/it]
 22%|##1       | 1090/5000 [2:13:09<7:41:16,  7.08s/it]
 22%|##1       | 1091/5000 [2:13:16<7:34:10,  6.97s/it]
 22%|##1       | 1092/5000 [2:13:23<7:33:06,  6.96s/it]
 22%|##1       | 1093/5000 [2:13:30<7:36:27,  7.01s/it]
 22%|##1       | 1094/5000 [2:13:37<7:41:21,  7.09s/it]
 22%|##1       | 1095/5000 [2:13:44<7:39:53,  7.07s/it]
 22%|##1       | 1096/5000 [2:13:52<7:39:51,  7.07s/it]
 22%|##1       | 1097/5000 [2:13:59<7:53:46,  7.28s/it]
 22%|##1       | 1098/5000 [2:14:07<8:02:15,  7.42s/it]
 22%|##1       | 1099/5000 [2:14:14<7:49:52,  7.23s/it]
 22%|##2       | 1100/5000 [2:14:21<7:47:21,  7.19s/it]
                                                       

 22%|##2       | 1100/5000 [2:14:21<7:47:21,  7.19s/it]
 22%|##2       | 1101/5000 [2:14:29<7:58:42,  7.37s/it]
 22%|##2       | 1102/5000 [2:14:36<7:48:08,  7.21s/it]
 22%|##2       | 1103/5000 [2:14:43<7:44:08,  7.15s/it]
 22%|##2       | 1104/5000 [2:14:50<7:52:34,  7.28s/it]
 22%|##2       | 1105/5000 [2:14:57<7:42:01,  7.12s/it]
 22%|##2       | 1106/5000 [2:15:04<7:46:32,  7.19s/it]
 22%|##2       | 1107/5000 [2:15:11<7:43:22,  7.14s/it]
 22%|##2       | 1108/5000 [2:15:19<7:58:37,  7.38s/it]
 22%|##2       | 1109/5000 [2:15:27<8:09:58,  7.56s/it]
 22%|##2       | 1110/5000 [2:15:34<8:02:15,  7.44s/it]
 22%|##2       | 1111/5000 [2:15:43<8:33:32,  7.92s/it]
 22%|##2       | 1112/5000 [2:15:50<8:04:49,  7.48s/it]
 22%|##2       | 1113/5000 [2:15:57<7:57:16,  7.37s/it]
 22%|##2       | 1114/5000 [2:16:03<7:38:20,  7.08s/it]
 22%|##2       | 1115/5000 [2:16:11<7:43:16,  7.15s/it]
 22%|##2       | 1116/5000 [2:16:18<7:43:07,  7.15s/it]
 22%|##2       | 1117/5000 [2:16:25<7:36:38,  7.06s/it]
 22%|##2       | 1118/5000 [2:16:31<7:30:21,  6.96s/it]
 22%|##2       | 1119/5000 [2:16:38<7:14:47,  6.72s/it]
 22%|##2       | 1120/5000 [2:16:45<7:20:01,  6.80s/it]
 22%|##2       | 1121/5000 [2:16:52<7:24:31,  6.88s/it]
 22%|##2       | 1122/5000 [2:16:58<7:17:45,  6.77s/it]
 22%|##2       | 1123/5000 [2:17:04<7:05:56,  6.59s/it]
 22%|##2       | 1124/5000 [2:17:11<7:11:13,  6.68s/it]
 22%|##2       | 1125/5000 [2:17:19<7:24:03,  6.88s/it]
 23%|##2       | 1126/5000 [2:17:25<7:19:33,  6.81s/it]
 23%|##2       | 1127/5000 [2:17:32<7:13:36,  6.72s/it]
 23%|##2       | 1128/5000 [2:17:39<7:15:43,  6.75s/it]
 23%|##2       | 1129/5000 [2:17:47<7:47:42,  7.25s/it]
 23%|##2       | 1130/5000 [2:17:53<7:23:31,  6.88s/it]
 23%|##2       | 1131/5000 [2:18:00<7:20:24,  6.83s/it]
 23%|##2       | 1132/5000 [2:18:07<7:28:16,  6.95s/it]
 23%|##2       | 1133/5000 [2:18:13<7:18:58,  6.81s/it]
 23%|##2       | 1134/5000 [2:18:21<7:26:20,  6.93s/it]
 23%|##2       | 1135/5000 [2:18:27<7:21:38,  6.86s/it]
 23%|##2       | 1136/5000 [2:18:34<7:14:34,  6.75s/it]
 23%|##2       | 1137/5000 [2:18:40<7:08:11,  6.65s/it]
 23%|##2       | 1138/5000 [2:18:47<7:13:27,  6.73s/it]
 23%|##2       | 1139/5000 [2:18:54<7:07:06,  6.64s/it]
 23%|##2       | 1140/5000 [2:19:00<7:11:20,  6.70s/it]
 23%|##2       | 1141/5000 [2:19:07<7:05:47,  6.62s/it]
 23%|##2       | 1142/5000 [2:19:14<7:12:09,  6.72s/it]
 23%|##2       | 1143/5000 [2:19:21<7:17:19,  6.80s/it]
 23%|##2       | 1144/5000 [2:19:27<7:06:54,  6.64s/it]
 23%|##2       | 1145/5000 [2:19:34<7:10:42,  6.70s/it]
 23%|##2       | 1146/5000 [2:19:41<7:13:43,  6.75s/it]
 23%|##2       | 1147/5000 [2:19:47<7:11:00,  6.71s/it]
 23%|##2       | 1148/5000 [2:19:54<7:15:46,  6.79s/it]
 23%|##2       | 1149/5000 [2:20:01<7:12:30,  6.74s/it]
 23%|##3       | 1150/5000 [2:20:08<7:10:51,  6.71s/it]
                                                       

 23%|##3       | 1150/5000 [2:20:08<7:10:51,  6.71s/it]
 23%|##3       | 1151/5000 [2:20:14<7:11:13,  6.72s/it]
 23%|##3       | 1152/5000 [2:20:21<7:14:32,  6.78s/it]
 23%|##3       | 1153/5000 [2:20:28<7:05:04,  6.63s/it]
 23%|##3       | 1154/5000 [2:20:35<7:13:26,  6.76s/it]
 23%|##3       | 1155/5000 [2:20:42<7:17:14,  6.82s/it]
 23%|##3       | 1156/5000 [2:20:48<7:07:06,  6.67s/it]
 23%|##3       | 1157/5000 [2:20:55<7:12:01,  6.75s/it]
 23%|##3       | 1158/5000 [2:21:02<7:19:49,  6.87s/it]
 23%|##3       | 1159/5000 [2:21:09<7:16:47,  6.82s/it]
 23%|##3       | 1160/5000 [2:21:15<7:09:32,  6.71s/it]
 23%|##3       | 1161/5000 [2:21:22<7:13:11,  6.77s/it]
 23%|##3       | 1162/5000 [2:21:29<7:07:36,  6.68s/it]
 23%|##3       | 1163/5000 [2:21:35<7:10:37,  6.73s/it]
 23%|##3       | 1164/5000 [2:21:42<7:02:25,  6.61s/it]
 23%|##3       | 1165/5000 [2:21:48<7:03:33,  6.63s/it]
 23%|##3       | 1166/5000 [2:21:56<7:15:08,  6.81s/it]
 23%|##3       | 1167/5000 [2:22:02<7:01:09,  6.59s/it]
 23%|##3       | 1168/5000 [2:22:09<7:06:32,  6.68s/it]
 23%|##3       | 1169/5000 [2:22:15<7:04:00,  6.64s/it]
 23%|##3       | 1170/5000 [2:22:22<7:07:58,  6.70s/it]
 23%|##3       | 1171/5000 [2:22:28<6:56:07,  6.52s/it]
 23%|##3       | 1172/5000 [2:22:35<7:06:27,  6.68s/it]
 23%|##3       | 1173/5000 [2:22:42<7:08:32,  6.72s/it]
 23%|##3       | 1174/5000 [2:22:49<7:14:59,  6.82s/it]
 24%|##3       | 1175/5000 [2:22:55<7:07:15,  6.70s/it]
 24%|##3       | 1176/5000 [2:23:01<6:54:14,  6.50s/it]
 24%|##3       | 1177/5000 [2:23:09<7:07:14,  6.71s/it]
 24%|##3       | 1178/5000 [2:23:15<7:04:37,  6.67s/it]
 24%|##3       | 1179/5000 [2:23:22<7:16:15,  6.85s/it]
 24%|##3       | 1180/5000 [2:23:30<7:23:12,  6.96s/it]
 24%|##3       | 1181/5000 [2:23:36<7:06:04,  6.69s/it]
 24%|##3       | 1182/5000 [2:23:43<7:23:19,  6.97s/it]
 24%|##3       | 1183/5000 [2:23:50<7:17:01,  6.87s/it]
 24%|##3       | 1184/5000 [2:23:56<7:07:07,  6.72s/it]
 24%|##3       | 1185/5000 [2:24:03<6:59:18,  6.59s/it]
 24%|##3       | 1186/5000 [2:24:10<7:10:16,  6.77s/it]
 24%|##3       | 1187/5000 [2:24:16<7:07:08,  6.72s/it]
 24%|##3       | 1188/5000 [2:24:23<7:07:14,  6.72s/it]
 24%|##3       | 1189/5000 [2:24:29<6:55:44,  6.55s/it]
 24%|##3       | 1190/5000 [2:24:36<7:01:35,  6.64s/it]
 24%|##3       | 1191/5000 [2:24:43<6:58:58,  6.60s/it]
 24%|##3       | 1192/5000 [2:24:50<7:08:54,  6.76s/it]
 24%|##3       | 1193/5000 [2:24:57<7:10:07,  6.78s/it]
 24%|##3       | 1194/5000 [2:25:03<7:10:39,  6.79s/it]
 24%|##3       | 1195/5000 [2:25:10<7:14:16,  6.85s/it]
 24%|##3       | 1196/5000 [2:25:19<7:37:49,  7.22s/it]
 24%|##3       | 1197/5000 [2:25:25<7:18:01,  6.91s/it]
 24%|##3       | 1198/5000 [2:25:32<7:21:55,  6.97s/it]
 24%|##3       | 1199/5000 [2:25:39<7:29:10,  7.09s/it]
 24%|##4       | 1200/5000 [2:25:46<7:22:50,  6.99s/it]
                                                       

 24%|##4       | 1200/5000 [2:25:46<7:22:50,  6.99s/it]
 24%|##4       | 1201/5000 [2:25:54<7:48:49,  7.40s/it]
 24%|##4       | 1202/5000 [2:26:01<7:34:44,  7.18s/it]
 24%|##4       | 1203/5000 [2:26:09<7:47:20,  7.39s/it]
 24%|##4       | 1204/5000 [2:26:16<7:38:58,  7.25s/it]
 24%|##4       | 1205/5000 [2:26:23<7:38:41,  7.25s/it]
 24%|##4       | 1206/5000 [2:26:30<7:38:53,  7.26s/it]
 24%|##4       | 1207/5000 [2:26:37<7:27:23,  7.08s/it]
 24%|##4       | 1208/5000 [2:26:45<7:37:53,  7.25s/it]
 24%|##4       | 1209/5000 [2:26:52<7:40:24,  7.29s/it]
 24%|##4       | 1210/5000 [2:27:01<8:13:00,  7.80s/it]
 24%|##4       | 1211/5000 [2:27:08<8:03:42,  7.66s/it]
 24%|##4       | 1212/5000 [2:27:16<8:11:10,  7.78s/it]
 24%|##4       | 1213/5000 [2:27:25<8:23:19,  7.97s/it]
 24%|##4       | 1214/5000 [2:27:32<8:05:17,  7.69s/it]
 24%|##4       | 1215/5000 [2:27:39<8:02:26,  7.65s/it]
 24%|##4       | 1216/5000 [2:27:47<8:04:24,  7.68s/it]
 24%|##4       | 1217/5000 [2:27:55<8:11:45,  7.80s/it]
 24%|##4       | 1218/5000 [2:28:04<8:27:43,  8.05s/it]
 24%|##4       | 1219/5000 [2:28:12<8:37:09,  8.21s/it]
 24%|##4       | 1220/5000 [2:28:20<8:22:10,  7.97s/it]
 24%|##4       | 1221/5000 [2:28:28<8:21:03,  7.96s/it]
 24%|##4       | 1222/5000 [2:28:35<8:05:41,  7.71s/it]
 24%|##4       | 1223/5000 [2:28:42<7:59:46,  7.62s/it]
 24%|##4       | 1224/5000 [2:28:50<7:57:20,  7.58s/it]
 24%|##4       | 1225/5000 [2:28:58<8:07:26,  7.75s/it]
 25%|##4       | 1226/5000 [2:29:05<7:47:16,  7.43s/it]
 25%|##4       | 1227/5000 [2:29:12<7:43:32,  7.37s/it]
 25%|##4       | 1228/5000 [2:29:20<7:54:12,  7.54s/it]
 25%|##4       | 1229/5000 [2:29:28<7:57:34,  7.60s/it]
 25%|##4       | 1230/5000 [2:29:34<7:42:58,  7.37s/it]
 25%|##4       | 1231/5000 [2:29:41<7:30:17,  7.17s/it]
 25%|##4       | 1232/5000 [2:29:48<7:19:22,  7.00s/it]
 25%|##4       | 1233/5000 [2:29:56<7:51:17,  7.51s/it]
 25%|##4       | 1234/5000 [2:30:03<7:42:27,  7.37s/it]
 25%|##4       | 1235/5000 [2:30:11<7:47:40,  7.45s/it]
 25%|##4       | 1236/5000 [2:30:18<7:40:46,  7.35s/it]
 25%|##4       | 1237/5000 [2:30:25<7:33:14,  7.23s/it]
 25%|##4       | 1238/5000 [2:30:33<7:40:53,  7.35s/it]
 25%|##4       | 1239/5000 [2:30:40<7:39:33,  7.33s/it]
 25%|##4       | 1240/5000 [2:30:48<7:51:42,  7.53s/it]
 25%|##4       | 1241/5000 [2:30:55<7:38:35,  7.32s/it]
 25%|##4       | 1242/5000 [2:31:02<7:39:15,  7.33s/it]
 25%|##4       | 1243/5000 [2:31:09<7:33:19,  7.24s/it]
 25%|##4       | 1244/5000 [2:31:17<7:49:38,  7.50s/it]
 25%|##4       | 1245/5000 [2:31:24<7:30:38,  7.20s/it]
 25%|##4       | 1246/5000 [2:31:31<7:37:55,  7.32s/it]
 25%|##4       | 1247/5000 [2:31:38<7:29:51,  7.19s/it]
 25%|##4       | 1248/5000 [2:31:46<7:40:55,  7.37s/it]
 25%|##4       | 1249/5000 [2:31:54<7:44:49,  7.44s/it]
 25%|##5       | 1250/5000 [2:32:01<7:43:29,  7.42s/it]
                                                       

 25%|##5       | 1250/5000 [2:32:01<7:43:29,  7.42s/it]
 25%|##5       | 1251/5000 [2:32:08<7:37:54,  7.33s/it]
 25%|##5       | 1252/5000 [2:32:16<7:40:06,  7.37s/it]
 25%|##5       | 1253/5000 [2:32:22<7:28:53,  7.19s/it]
 25%|##5       | 1254/5000 [2:32:29<7:23:43,  7.11s/it]
 25%|##5       | 1255/5000 [2:32:36<7:18:50,  7.03s/it]
 25%|##5       | 1256/5000 [2:32:43<7:16:19,  6.99s/it]
 25%|##5       | 1257/5000 [2:32:50<7:14:48,  6.97s/it]
 25%|##5       | 1258/5000 [2:32:57<7:07:49,  6.86s/it]
 25%|##5       | 1259/5000 [2:33:03<7:03:28,  6.79s/it]
 25%|##5       | 1260/5000 [2:33:10<7:07:28,  6.86s/it]
 25%|##5       | 1261/5000 [2:33:17<6:58:36,  6.72s/it]
 25%|##5       | 1262/5000 [2:33:24<7:02:28,  6.78s/it]
 25%|##5       | 1263/5000 [2:33:31<7:05:33,  6.83s/it]
 25%|##5       | 1264/5000 [2:33:37<6:55:50,  6.68s/it]
 25%|##5       | 1265/5000 [2:33:44<6:55:21,  6.67s/it]
 25%|##5       | 1266/5000 [2:33:51<7:04:19,  6.82s/it]
 25%|##5       | 1267/5000 [2:33:57<7:03:37,  6.81s/it]
 25%|##5       | 1268/5000 [2:34:04<7:01:55,  6.78s/it]
 25%|##5       | 1269/5000 [2:34:10<6:45:04,  6.51s/it]
 25%|##5       | 1270/5000 [2:34:17<6:53:45,  6.66s/it]
 25%|##5       | 1271/5000 [2:34:24<7:01:11,  6.78s/it]
 25%|##5       | 1272/5000 [2:34:31<7:04:44,  6.84s/it]
 25%|##5       | 1273/5000 [2:34:38<6:59:49,  6.76s/it]
 25%|##5       | 1274/5000 [2:34:44<6:58:29,  6.74s/it]
 26%|##5       | 1275/5000 [2:34:51<6:54:08,  6.67s/it]
 26%|##5       | 1276/5000 [2:34:57<6:47:51,  6.57s/it]
 26%|##5       | 1277/5000 [2:35:04<6:48:29,  6.58s/it]
 26%|##5       | 1278/5000 [2:35:11<7:02:35,  6.81s/it]
 26%|##5       | 1279/5000 [2:35:18<7:00:13,  6.78s/it]
 26%|##5       | 1280/5000 [2:35:24<6:54:20,  6.68s/it]
 26%|##5       | 1281/5000 [2:35:31<6:56:59,  6.73s/it]
 26%|##5       | 1282/5000 [2:35:37<6:46:25,  6.56s/it]
 26%|##5       | 1283/5000 [2:35:44<6:47:18,  6.57s/it]
 26%|##5       | 1284/5000 [2:35:51<6:53:59,  6.68s/it]
 26%|##5       | 1285/5000 [2:35:58<6:53:57,  6.69s/it]
 26%|##5       | 1286/5000 [2:36:04<6:48:25,  6.60s/it]
 26%|##5       | 1287/5000 [2:36:11<6:55:32,  6.71s/it]
 26%|##5       | 1288/5000 [2:36:17<6:50:02,  6.63s/it]
 26%|##5       | 1289/5000 [2:36:24<6:47:07,  6.58s/it]
 26%|##5       | 1290/5000 [2:36:30<6:47:46,  6.59s/it]
 26%|##5       | 1291/5000 [2:36:37<6:49:08,  6.62s/it]
 26%|##5       | 1292/5000 [2:36:44<6:44:50,  6.55s/it]
 26%|##5       | 1293/5000 [2:36:50<6:50:39,  6.65s/it]
 26%|##5       | 1294/5000 [2:36:57<6:42:13,  6.51s/it]
 26%|##5       | 1295/5000 [2:37:03<6:43:12,  6.53s/it]
 26%|##5       | 1296/5000 [2:37:10<6:46:12,  6.58s/it]
 26%|##5       | 1297/5000 [2:37:17<6:50:59,  6.66s/it]
 26%|##5       | 1298/5000 [2:37:24<6:59:05,  6.79s/it]
 26%|##5       | 1299/5000 [2:37:31<7:09:49,  6.97s/it]
 26%|##6       | 1300/5000 [2:37:38<7:02:53,  6.86s/it]
                                                       

 26%|##6       | 1300/5000 [2:37:38<7:02:53,  6.86s/it]
 26%|##6       | 1301/5000 [2:37:45<7:09:43,  6.97s/it]
 26%|##6       | 1302/5000 [2:37:52<7:10:45,  6.99s/it]
 26%|##6       | 1303/5000 [2:37:59<7:14:49,  7.06s/it]
 26%|##6       | 1304/5000 [2:38:06<7:06:10,  6.92s/it]
 26%|##6       | 1305/5000 [2:38:13<7:09:51,  6.98s/it]
 26%|##6       | 1306/5000 [2:38:21<7:25:28,  7.24s/it]
 26%|##6       | 1307/5000 [2:38:28<7:24:22,  7.22s/it]
 26%|##6       | 1308/5000 [2:38:35<7:25:18,  7.24s/it]
 26%|##6       | 1309/5000 [2:38:42<7:21:10,  7.17s/it]
 26%|##6       | 1310/5000 [2:38:50<7:38:33,  7.46s/it]
 26%|##6       | 1311/5000 [2:38:57<7:26:41,  7.27s/it]
 26%|##6       | 1312/5000 [2:39:04<7:13:59,  7.06s/it]
 26%|##6       | 1313/5000 [2:39:11<7:11:13,  7.02s/it]
 26%|##6       | 1314/5000 [2:39:21<8:06:53,  7.93s/it]
 26%|##6       | 1315/5000 [2:39:27<7:41:58,  7.52s/it]
 26%|##6       | 1316/5000 [2:39:34<7:23:03,  7.22s/it]
 26%|##6       | 1317/5000 [2:39:42<7:46:18,  7.60s/it]
 26%|##6       | 1318/5000 [2:39:49<7:34:45,  7.41s/it]
 26%|##6       | 1319/5000 [2:39:57<7:31:12,  7.35s/it]
 26%|##6       | 1320/5000 [2:40:03<7:14:45,  7.09s/it]
 26%|##6       | 1321/5000 [2:40:11<7:23:47,  7.24s/it]
 26%|##6       | 1322/5000 [2:40:17<7:16:16,  7.12s/it]
 26%|##6       | 1323/5000 [2:40:25<7:19:38,  7.17s/it]
 26%|##6       | 1324/5000 [2:40:32<7:15:28,  7.11s/it]
 26%|##6       | 1325/5000 [2:40:39<7:21:47,  7.21s/it]
 27%|##6       | 1326/5000 [2:40:47<7:26:11,  7.29s/it]
 27%|##6       | 1327/5000 [2:40:54<7:22:19,  7.23s/it]
 27%|##6       | 1328/5000 [2:41:02<7:34:13,  7.42s/it]
 27%|##6       | 1329/5000 [2:41:09<7:26:19,  7.30s/it]
 27%|##6       | 1330/5000 [2:41:16<7:27:18,  7.31s/it]
 27%|##6       | 1331/5000 [2:41:23<7:22:21,  7.23s/it]
 27%|##6       | 1332/5000 [2:41:31<7:33:36,  7.42s/it]
 27%|##6       | 1333/5000 [2:41:38<7:26:41,  7.31s/it]
 27%|##6       | 1334/5000 [2:41:45<7:29:43,  7.36s/it]
 27%|##6       | 1335/5000 [2:41:53<7:29:34,  7.36s/it]
 27%|##6       | 1336/5000 [2:42:00<7:26:08,  7.31s/it]
 27%|##6       | 1337/5000 [2:42:07<7:27:27,  7.33s/it]
 27%|##6       | 1338/5000 [2:42:16<7:52:42,  7.75s/it]
 27%|##6       | 1339/5000 [2:42:23<7:41:25,  7.56s/it]
 27%|##6       | 1340/5000 [2:42:30<7:33:30,  7.43s/it]
 27%|##6       | 1341/5000 [2:42:38<7:44:56,  7.62s/it]
 27%|##6       | 1342/5000 [2:42:46<7:43:26,  7.60s/it]
 27%|##6       | 1343/5000 [2:42:53<7:36:56,  7.50s/it]
 27%|##6       | 1344/5000 [2:43:00<7:31:26,  7.41s/it]
 27%|##6       | 1345/5000 [2:43:08<7:31:34,  7.41s/it]
 27%|##6       | 1346/5000 [2:43:16<7:47:07,  7.67s/it]
 27%|##6       | 1347/5000 [2:43:23<7:36:39,  7.50s/it]
 27%|##6       | 1348/5000 [2:43:30<7:23:02,  7.28s/it]
 27%|##6       | 1349/5000 [2:43:37<7:14:23,  7.14s/it]
 27%|##7       | 1350/5000 [2:43:44<7:12:33,  7.11s/it]
                                                       

 27%|##7       | 1350/5000 [2:43:44<7:12:33,  7.11s/it]
 27%|##7       | 1351/5000 [2:43:51<7:08:14,  7.04s/it]
 27%|##7       | 1352/5000 [2:43:58<7:09:25,  7.06s/it]
 27%|##7       | 1353/5000 [2:44:04<6:59:11,  6.90s/it]
 27%|##7       | 1354/5000 [2:44:11<7:00:43,  6.92s/it]
 27%|##7       | 1355/5000 [2:44:18<7:01:22,  6.94s/it]
 27%|##7       | 1356/5000 [2:44:25<7:01:36,  6.94s/it]
 27%|##7       | 1357/5000 [2:44:32<7:03:49,  6.98s/it]
 27%|##7       | 1358/5000 [2:44:39<6:53:42,  6.82s/it]
 27%|##7       | 1359/5000 [2:44:46<6:58:35,  6.90s/it]
 27%|##7       | 1360/5000 [2:44:53<6:54:55,  6.84s/it]
 27%|##7       | 1361/5000 [2:45:00<7:09:57,  7.09s/it]
 27%|##7       | 1362/5000 [2:45:07<7:04:23,  7.00s/it]
 27%|##7       | 1363/5000 [2:45:14<6:58:50,  6.91s/it]
 27%|##7       | 1364/5000 [2:45:20<6:55:25,  6.86s/it]
 27%|##7       | 1365/5000 [2:45:28<7:03:52,  7.00s/it]
 27%|##7       | 1366/5000 [2:45:34<6:56:40,  6.88s/it]
 27%|##7       | 1367/5000 [2:45:41<6:56:57,  6.89s/it]
 27%|##7       | 1368/5000 [2:45:49<7:06:36,  7.05s/it]
 27%|##7       | 1369/5000 [2:45:55<7:02:11,  6.98s/it]
 27%|##7       | 1370/5000 [2:46:03<7:05:53,  7.04s/it]
 27%|##7       | 1371/5000 [2:46:10<7:08:17,  7.08s/it]
 27%|##7       | 1372/5000 [2:46:18<7:28:44,  7.42s/it]
 27%|##7       | 1373/5000 [2:46:25<7:21:33,  7.30s/it]
 27%|##7       | 1374/5000 [2:46:33<7:24:18,  7.35s/it]
 28%|##7       | 1375/5000 [2:46:40<7:19:03,  7.27s/it]
 28%|##7       | 1376/5000 [2:46:47<7:17:39,  7.25s/it]
 28%|##7       | 1377/5000 [2:46:55<7:30:38,  7.46s/it]
 28%|##7       | 1378/5000 [2:47:02<7:32:05,  7.49s/it]
 28%|##7       | 1379/5000 [2:47:12<8:03:35,  8.01s/it]
 28%|##7       | 1380/5000 [2:47:19<7:55:52,  7.89s/it]
 28%|##7       | 1381/5000 [2:47:27<8:01:32,  7.98s/it]
 28%|##7       | 1382/5000 [2:47:35<7:55:16,  7.88s/it]
 28%|##7       | 1383/5000 [2:47:43<7:53:19,  7.85s/it]
 28%|##7       | 1384/5000 [2:47:51<7:50:44,  7.81s/it]
 28%|##7       | 1385/5000 [2:47:58<7:48:34,  7.78s/it]
 28%|##7       | 1386/5000 [2:48:06<7:48:14,  7.77s/it]
 28%|##7       | 1387/5000 [2:48:14<7:46:23,  7.75s/it]
 28%|##7       | 1388/5000 [2:48:23<8:07:25,  8.10s/it]
 28%|##7       | 1389/5000 [2:48:31<8:10:31,  8.15s/it]
 28%|##7       | 1390/5000 [2:48:40<8:22:48,  8.36s/it]
 28%|##7       | 1391/5000 [2:48:48<8:14:10,  8.22s/it]
 28%|##7       | 1392/5000 [2:48:56<8:10:22,  8.15s/it]
 28%|##7       | 1393/5000 [2:49:04<8:19:06,  8.30s/it]
 28%|##7       | 1394/5000 [2:49:13<8:29:26,  8.48s/it]
 28%|##7       | 1395/5000 [2:49:22<8:28:07,  8.46s/it]
 28%|##7       | 1396/5000 [2:49:31<8:38:00,  8.62s/it]
 28%|##7       | 1397/5000 [2:49:40<8:48:01,  8.79s/it]
 28%|##7       | 1398/5000 [2:49:48<8:32:54,  8.54s/it]
 28%|##7       | 1399/5000 [2:49:57<8:49:53,  8.83s/it]
 28%|##8       | 1400/5000 [2:50:06<8:41:21,  8.69s/it]
                                                       

 28%|##8       | 1400/5000 [2:50:06<8:41:21,  8.69s/it]
 28%|##8       | 1401/5000 [2:50:13<8:17:43,  8.30s/it]
 28%|##8       | 1402/5000 [2:50:21<8:11:07,  8.19s/it]
 28%|##8       | 1403/5000 [2:50:29<8:16:58,  8.29s/it]
 28%|##8       | 1404/5000 [2:50:37<8:08:04,  8.14s/it]
 28%|##8       | 1405/5000 [2:50:44<7:50:15,  7.85s/it]
 28%|##8       | 1406/5000 [2:50:53<8:03:54,  8.08s/it]
 28%|##8       | 1407/5000 [2:51:01<8:00:57,  8.03s/it]
 28%|##8       | 1408/5000 [2:51:09<8:03:47,  8.08s/it]
 28%|##8       | 1409/5000 [2:51:19<8:33:46,  8.58s/it]
 28%|##8       | 1410/5000 [2:51:26<8:12:37,  8.23s/it]
 28%|##8       | 1411/5000 [2:51:34<8:04:40,  8.10s/it]
 28%|##8       | 1412/5000 [2:51:42<7:56:09,  7.96s/it]
 28%|##8       | 1413/5000 [2:51:50<8:02:51,  8.08s/it]
 28%|##8       | 1414/5000 [2:51:58<8:02:49,  8.08s/it]
 28%|##8       | 1415/5000 [2:52:06<8:06:11,  8.14s/it]
 28%|##8       | 1416/5000 [2:52:15<8:12:13,  8.24s/it]
 28%|##8       | 1417/5000 [2:52:22<7:55:59,  7.97s/it]
 28%|##8       | 1418/5000 [2:52:30<7:58:40,  8.02s/it]
 28%|##8       | 1419/5000 [2:52:38<7:44:24,  7.78s/it]
 28%|##8       | 1420/5000 [2:52:45<7:35:50,  7.64s/it]
 28%|##8       | 1421/5000 [2:52:53<7:43:23,  7.77s/it]
 28%|##8       | 1422/5000 [2:53:00<7:39:10,  7.70s/it]
 28%|##8       | 1423/5000 [2:53:08<7:34:41,  7.63s/it]
 28%|##8       | 1424/5000 [2:53:15<7:30:27,  7.56s/it]
 28%|##8       | 1425/5000 [2:53:23<7:23:26,  7.44s/it]
 29%|##8       | 1426/5000 [2:53:31<7:44:20,  7.80s/it]
 29%|##8       | 1427/5000 [2:53:38<7:34:41,  7.64s/it]
 29%|##8       | 1428/5000 [2:53:46<7:35:23,  7.65s/it]
 29%|##8       | 1429/5000 [2:53:53<7:29:05,  7.55s/it]
 29%|##8       | 1430/5000 [2:54:01<7:28:07,  7.53s/it]
 29%|##8       | 1431/5000 [2:54:08<7:27:00,  7.51s/it]
 29%|##8       | 1432/5000 [2:54:16<7:27:11,  7.52s/it]
 29%|##8       | 1433/5000 [2:54:23<7:26:53,  7.52s/it]
 29%|##8       | 1434/5000 [2:54:30<7:16:41,  7.35s/it]
 29%|##8       | 1435/5000 [2:54:39<7:44:00,  7.81s/it]
 29%|##8       | 1436/5000 [2:54:46<7:22:55,  7.46s/it]
 29%|##8       | 1437/5000 [2:54:53<7:22:35,  7.45s/it]
 29%|##8       | 1438/5000 [2:55:00<7:07:31,  7.20s/it]
 29%|##8       | 1439/5000 [2:55:07<7:12:03,  7.28s/it]
 29%|##8       | 1440/5000 [2:55:15<7:15:16,  7.34s/it]
 29%|##8       | 1441/5000 [2:55:22<7:12:36,  7.29s/it]
 29%|##8       | 1442/5000 [2:55:30<7:18:03,  7.39s/it]
 29%|##8       | 1443/5000 [2:55:37<7:10:49,  7.27s/it]
 29%|##8       | 1444/5000 [2:55:43<6:51:00,  6.93s/it]
 29%|##8       | 1445/5000 [2:55:50<7:00:42,  7.10s/it]
 29%|##8       | 1446/5000 [2:55:58<7:15:17,  7.35s/it]
 29%|##8       | 1447/5000 [2:56:05<7:11:39,  7.29s/it]
 29%|##8       | 1448/5000 [2:56:13<7:10:03,  7.26s/it]
 29%|##8       | 1449/5000 [2:56:20<7:09:36,  7.26s/it]
 29%|##9       | 1450/5000 [2:56:27<7:05:53,  7.20s/it]
                                                       

 29%|##9       | 1450/5000 [2:56:27<7:05:53,  7.20s/it]
 29%|##9       | 1451/5000 [2:56:35<7:19:25,  7.43s/it]
 29%|##9       | 1452/5000 [2:56:42<7:09:17,  7.26s/it]
 29%|##9       | 1453/5000 [2:56:49<7:08:54,  7.26s/it]
 29%|##9       | 1454/5000 [2:56:56<7:07:58,  7.24s/it]
 29%|##9       | 1455/5000 [2:57:03<7:01:41,  7.14s/it]
 29%|##9       | 1456/5000 [2:57:10<7:04:25,  7.19s/it]
 29%|##9       | 1457/5000 [2:57:18<7:04:29,  7.19s/it]
 29%|##9       | 1458/5000 [2:57:25<7:01:58,  7.15s/it]
 29%|##9       | 1459/5000 [2:57:32<6:59:36,  7.11s/it]
 29%|##9       | 1460/5000 [2:57:40<7:26:58,  7.58s/it]
 29%|##9       | 1461/5000 [2:57:48<7:32:34,  7.67s/it]
 29%|##9       | 1462/5000 [2:57:54<7:06:07,  7.23s/it]
 29%|##9       | 1463/5000 [2:58:01<6:49:33,  6.95s/it]
 29%|##9       | 1464/5000 [2:58:09<7:08:08,  7.26s/it]
 29%|##9       | 1465/5000 [2:58:16<7:11:16,  7.32s/it]
 29%|##9       | 1466/5000 [2:58:23<7:01:17,  7.15s/it]
 29%|##9       | 1467/5000 [2:58:32<7:27:37,  7.60s/it]
 29%|##9       | 1468/5000 [2:58:44<8:49:31,  9.00s/it]
 29%|##9       | 1469/5000 [2:58:52<8:32:34,  8.71s/it]
 29%|##9       | 1470/5000 [2:58:59<8:10:35,  8.34s/it]
 29%|##9       | 1471/5000 [2:59:07<8:08:01,  8.30s/it]
 29%|##9       | 1472/5000 [2:59:16<8:10:38,  8.34s/it]
 29%|##9       | 1473/5000 [2:59:24<8:07:29,  8.29s/it]
 29%|##9       | 1474/5000 [2:59:32<8:00:57,  8.18s/it]
 30%|##9       | 1475/5000 [2:59:39<7:35:00,  7.74s/it]
 30%|##9       | 1476/5000 [2:59:45<7:02:41,  7.20s/it]
 30%|##9       | 1477/5000 [2:59:52<7:11:24,  7.35s/it]
 30%|##9       | 1478/5000 [2:59:59<7:01:31,  7.18s/it]
 30%|##9       | 1479/5000 [3:00:06<6:59:34,  7.15s/it]
 30%|##9       | 1480/5000 [3:00:13<6:59:02,  7.14s/it]
 30%|##9       | 1481/5000 [3:00:20<6:54:57,  7.08s/it]
 30%|##9       | 1482/5000 [3:00:29<7:15:07,  7.42s/it]
 30%|##9       | 1483/5000 [3:00:35<6:58:01,  7.13s/it]
 30%|##9       | 1484/5000 [3:00:43<7:15:53,  7.44s/it]
 30%|##9       | 1485/5000 [3:00:49<6:55:25,  7.09s/it]
 30%|##9       | 1486/5000 [3:00:56<6:37:34,  6.79s/it]
 30%|##9       | 1487/5000 [3:01:04<7:04:33,  7.25s/it]
 30%|##9       | 1488/5000 [3:01:10<6:53:21,  7.06s/it]
 30%|##9       | 1489/5000 [3:01:18<6:54:28,  7.08s/it]
 30%|##9       | 1490/5000 [3:01:25<6:57:52,  7.14s/it]
 30%|##9       | 1491/5000 [3:01:32<6:59:26,  7.17s/it]
 30%|##9       | 1492/5000 [3:01:39<6:56:48,  7.13s/it]
 30%|##9       | 1493/5000 [3:01:49<7:48:51,  8.02s/it]
 30%|##9       | 1494/5000 [3:02:00<8:32:17,  8.77s/it]
 30%|##9       | 1495/5000 [3:02:07<8:00:01,  8.22s/it]
 30%|##9       | 1496/5000 [3:02:13<7:34:42,  7.79s/it]
 30%|##9       | 1497/5000 [3:02:20<7:12:02,  7.40s/it]
 30%|##9       | 1498/5000 [3:02:28<7:14:37,  7.45s/it]
 30%|##9       | 1499/5000 [3:02:35<7:11:20,  7.39s/it]
 30%|###       | 1500/5000 [3:02:42<7:03:17,  7.26s/it]
                                                       

 30%|###       | 1500/5000 [3:02:42<7:03:17,  7.26s/it]
{'loss': '2.052', 'grad_norm': '0.5384', 'learning_rate': '0.000367', 'epoch': '0.7178'}

{'loss': '2.013', 'grad_norm': '0.4101', 'learning_rate': '0.0003634', 'epoch': '0.752'}
{'loss': '1.961', 'grad_norm': '0.4184', 'learning_rate': '0.0003596', 'epoch': '0.7861'}
{'loss': '1.983', 'grad_norm': '0.4428', 'learning_rate': '0.0003556', 'epoch': '0.8203'}
{'loss': '1.925', 'grad_norm': '0.4216', 'learning_rate': '0.0003514', 'epoch': '0.8545'}
{'loss': '1.931', 'grad_norm': '0.3926', 'learning_rate': '0.0003471', 'epoch': '0.8887'}
{'loss': '1.871', 'grad_norm': '0.3839', 'learning_rate': '0.0003427', 'epoch': '0.9229'}
{'loss': '1.892', 'grad_norm': '0.3959', 'learning_rate': '0.000338', 'epoch': '0.957'}
{'loss': '1.877', 'grad_norm': '0.4092', 'learning_rate': '0.0003333', 'epoch': '0.9912'}
{'loss': '1.757', 'grad_norm': '0.3695', 'learning_rate': '0.0003284', 'epoch': '1.025'}
  0%|          | 0/478 [00:00<?, ?it/s][A

  1%|          | 3/478 [00:00<00:20, 23.60it/s][A

  1%|1         | 6/478 [00:00<00:27, 16.87it/s][A

  2%|1         | 8/478 [00:00<00:30, 15.19it/s][A

  2%|2         | 10/478 [00:00<00:32, 14.41it/s][A

  3%|2         | 12/478 [00:00<00:32, 14.17it/s][A

  3%|2         | 14/478 [00:00<00:32, 14.16it/s][A

  3%|3         | 16/478 [00:01<00:31, 14.64it/s][A

  4%|3         | 18/478 [00:01<00:34, 13.49it/s][A

  4%|4         | 20/478 [00:01<00:31, 14.61it/s][A

  5%|4         | 22/478 [00:01<00:31, 14.43it/s][A

  5%|5         | 24/478 [00:01<00:32, 13.81it/s][A

  5%|5         | 26/478 [00:01<00:31, 14.21it/s][A

  6%|5         | 28/478 [00:01<00:31, 14.09it/s][A

  6%|6         | 30/478 [00:02<00:31, 14.31it/s][A

  7%|6         | 32/478 [00:02<00:31, 14.21it/s][A

  7%|7         | 34/478 [00:02<00:31, 13.98it/s][A

  8%|7         | 36/478 [00:02<00:32, 13.71it/s][A

  8%|7         | 38/478 [00:02<00:32, 13.73it/s][A

  8%|8         | 40/478 [00:02<00:32, 13.44it/s][A

  9%|8         | 42/478 [00:02<00:32, 13.54it/s][A

  9%|9         | 44/478 [00:03<00:33, 12.91it/s][A

 10%|9         | 46/478 [00:03<00:32, 13.16it/s][A

 10%|#         | 48/478 [00:03<00:30, 13.91it/s][A

 10%|#         | 50/478 [00:03<00:30, 13.94it/s][A

 11%|#         | 52/478 [00:03<00:31, 13.50it/s][A

 11%|#1        | 54/478 [00:03<00:31, 13.64it/s][A

 12%|#1        | 56/478 [00:03<00:31, 13.48it/s][A

 12%|#2        | 58/478 [00:04<00:31, 13.40it/s][A

 13%|#2        | 60/478 [00:04<00:29, 14.06it/s][A

 13%|#2        | 62/478 [00:04<00:30, 13.65it/s][A

 13%|#3        | 64/478 [00:04<00:31, 13.33it/s][A

 14%|#3        | 66/478 [00:04<00:30, 13.52it/s][A

 14%|#4        | 68/478 [00:04<00:31, 12.98it/s][A

 15%|#4        | 70/478 [00:05<00:32, 12.74it/s][A

 15%|#5        | 72/478 [00:05<00:31, 12.80it/s][A

 15%|#5        | 74/478 [00:05<00:31, 13.02it/s][A

 16%|#5        | 76/478 [00:05<00:31, 12.91it/s][A

 16%|#6        | 78/478 [00:05<00:31, 12.78it/s][A

 17%|#6        | 80/478 [00:05<00:33, 11.97it/s][A

 17%|#7        | 82/478 [00:06<00:33, 11.88it/s][A

 18%|#7        | 84/478 [00:06<00:32, 12.00it/s][A

 18%|#7        | 86/478 [00:06<00:31, 12.45it/s][A

 18%|#8        | 88/478 [00:06<00:31, 12.45it/s][A

 19%|#8        | 90/478 [00:06<00:31, 12.13it/s][A

 19%|#9        | 92/478 [00:06<00:30, 12.52it/s][A

 20%|#9        | 94/478 [00:06<00:29, 13.03it/s][A

 20%|##        | 96/478 [00:07<00:30, 12.69it/s][A

 21%|##        | 98/478 [00:07<00:30, 12.32it/s][A

 21%|##        | 100/478 [00:07<00:31, 11.98it/s][A

 21%|##1       | 102/478 [00:07<00:31, 11.93it/s][A

 22%|##1       | 104/478 [00:07<00:32, 11.51it/s][A

 22%|##2       | 106/478 [00:08<00:34, 10.91it/s][A

 23%|##2       | 108/478 [00:08<00:36, 10.25it/s][A

 23%|##3       | 110/478 [00:08<00:35, 10.32it/s][A

 23%|##3       | 112/478 [00:08<00:33, 10.77it/s][A

 24%|##3       | 114/478 [00:08<00:32, 11.15it/s][A

 24%|##4       | 116/478 [00:08<00:32, 11.25it/s][A

 25%|##4       | 118/478 [00:09<00:35, 10.26it/s][A

 25%|##5       | 120/478 [00:09<00:35, 10.06it/s][A

 26%|##5       | 122/478 [00:09<00:35,  9.95it/s][A

 26%|##5       | 124/478 [00:09<00:37,  9.44it/s][A

 26%|##6       | 125/478 [00:09<00:37,  9.34it/s][A

 26%|##6       | 126/478 [00:10<00:38,  9.19it/s][A

 27%|##6       | 127/478 [00:10<00:39,  8.99it/s][A

 27%|##6       | 128/478 [00:10<00:38,  9.00it/s][A

 27%|##6       | 129/478 [00:10<00:40,  8.65it/s][A

 27%|##7       | 130/478 [00:10<00:40,  8.70it/s][A

 28%|##7       | 132/478 [00:10<00:37,  9.17it/s][A

 28%|##8       | 134/478 [00:10<00:34,  9.92it/s][A

 28%|##8       | 136/478 [00:11<00:31, 10.73it/s][A

 29%|##8       | 138/478 [00:11<00:32, 10.59it/s][A

 29%|##9       | 140/478 [00:11<00:30, 11.16it/s][A

 30%|##9       | 142/478 [00:11<00:28, 11.82it/s][A

 30%|###       | 144/478 [00:11<00:27, 12.25it/s][A

 31%|###       | 146/478 [00:11<00:28, 11.59it/s][A

 31%|###       | 148/478 [00:12<00:29, 11.22it/s][A

 31%|###1      | 150/478 [00:12<00:29, 11.12it/s][A

 32%|###1      | 152/478 [00:12<00:30, 10.76it/s][A

 32%|###2      | 154/478 [00:12<00:30, 10.64it/s][A

 33%|###2      | 156/478 [00:12<00:28, 11.41it/s][A

 33%|###3      | 158/478 [00:13<00:27, 11.74it/s][A

 33%|###3      | 160/478 [00:13<00:27, 11.71it/s][A

 34%|###3      | 162/478 [00:13<00:27, 11.64it/s][A

 34%|###4      | 164/478 [00:13<00:26, 11.76it/s][A

 35%|###4      | 166/478 [00:13<00:25, 12.09it/s][A

 35%|###5      | 168/478 [00:13<00:25, 12.32it/s][A

 36%|###5      | 170/478 [00:14<00:25, 12.04it/s][A

 36%|###5      | 172/478 [00:14<00:25, 11.89it/s][A

 36%|###6      | 174/478 [00:14<00:25, 11.93it/s][A

 37%|###6      | 176/478 [00:14<00:26, 11.60it/s][A

 37%|###7      | 178/478 [00:14<00:25, 11.57it/s][A

 38%|###7      | 180/478 [00:14<00:26, 11.32it/s][A

 38%|###8      | 182/478 [00:15<00:26, 11.17it/s][A

 38%|###8      | 184/478 [00:15<00:27, 10.72it/s][A

 39%|###8      | 186/478 [00:15<00:28, 10.09it/s][A

 39%|###9      | 188/478 [00:15<00:28, 10.31it/s][A

 40%|###9      | 190/478 [00:15<00:28, 10.20it/s][A

 40%|####      | 192/478 [00:16<00:28,  9.91it/s][A

 40%|####      | 193/478 [00:16<00:30,  9.39it/s][A

 41%|####      | 194/478 [00:16<00:30,  9.34it/s][A

 41%|####      | 195/478 [00:16<00:30,  9.40it/s][A

 41%|####1     | 197/478 [00:16<00:28,  9.84it/s][A

 41%|####1     | 198/478 [00:16<00:29,  9.60it/s][A

 42%|####1     | 200/478 [00:16<00:27, 10.20it/s][A

 42%|####2     | 202/478 [00:17<00:27, 10.00it/s][A

 43%|####2     | 204/478 [00:17<00:27,  9.91it/s][A

 43%|####2     | 205/478 [00:17<00:28,  9.73it/s][A

 43%|####3     | 206/478 [00:17<00:29,  9.33it/s][A

 43%|####3     | 207/478 [00:17<00:30,  9.01it/s][A

 44%|####3     | 208/478 [00:17<00:30,  8.89it/s][A

 44%|####3     | 210/478 [00:18<00:29,  9.23it/s][A

 44%|####4     | 212/478 [00:18<00:27,  9.74it/s][A

 45%|####4     | 214/478 [00:18<00:27,  9.72it/s][A

 45%|####4     | 215/478 [00:18<00:27,  9.62it/s][A

 45%|####5     | 216/478 [00:18<00:27,  9.46it/s][A

 46%|####5     | 218/478 [00:18<00:27,  9.59it/s][A

 46%|####6     | 220/478 [00:19<00:27,  9.36it/s][A

 46%|####6     | 222/478 [00:19<00:27,  9.23it/s][A

 47%|####6     | 224/478 [00:19<00:27,  9.40it/s][A

 47%|####7     | 226/478 [00:19<00:26,  9.50it/s][A

 48%|####7     | 228/478 [00:19<00:25,  9.81it/s][A

 48%|####7     | 229/478 [00:19<00:25,  9.78it/s][A

 48%|####8     | 230/478 [00:20<00:26,  9.48it/s][A

 48%|####8     | 231/478 [00:20<00:26,  9.45it/s][A

 49%|####8     | 232/478 [00:20<00:25,  9.54it/s][A

 49%|####8     | 233/478 [00:20<00:26,  9.09it/s][A

 49%|####8     | 234/478 [00:20<00:26,  9.17it/s][A

 49%|####9     | 235/478 [00:20<00:26,  9.04it/s][A

 49%|####9     | 236/478 [00:20<00:26,  8.98it/s][A

 50%|####9     | 238/478 [00:20<00:25,  9.60it/s][A

 50%|#####     | 239/478 [00:21<00:24,  9.68it/s][A

 50%|#####     | 241/478 [00:21<00:23, 10.18it/s][A

 51%|#####     | 243/478 [00:21<00:22, 10.49it/s][A

 51%|#####1    | 245/478 [00:21<00:21, 10.68it/s][A

 52%|#####1    | 247/478 [00:21<00:20, 11.20it/s][A

 52%|#####2    | 249/478 [00:21<00:19, 11.60it/s][A

 53%|#####2    | 251/478 [00:22<00:19, 11.56it/s][A

 53%|#####2    | 253/478 [00:22<00:19, 11.54it/s][A

 53%|#####3    | 255/478 [00:22<00:19, 11.35it/s][A

 54%|#####3    | 257/478 [00:22<00:19, 11.48it/s][A

 54%|#####4    | 259/478 [00:22<00:18, 11.85it/s][A

 55%|#####4    | 261/478 [00:22<00:17, 12.43it/s][A

 55%|#####5    | 263/478 [00:23<00:17, 12.43it/s][A

 55%|#####5    | 265/478 [00:23<00:17, 12.52it/s][A

 56%|#####5    | 267/478 [00:23<00:16, 12.74it/s][A

 56%|#####6    | 269/478 [00:23<00:16, 12.92it/s][A

 57%|#####6    | 271/478 [00:23<00:16, 12.44it/s][A

 57%|#####7    | 273/478 [00:23<00:16, 12.48it/s][A

 58%|#####7    | 275/478 [00:24<00:17, 11.93it/s][A

 58%|#####7    | 277/478 [00:24<00:17, 11.61it/s][A

 58%|#####8    | 279/478 [00:24<00:17, 11.29it/s][A

 59%|#####8    | 281/478 [00:24<00:18, 10.77it/s][A

 59%|#####9    | 283/478 [00:24<00:18, 10.68it/s][A

 60%|#####9    | 285/478 [00:25<00:18, 10.38it/s][A

 60%|######    | 287/478 [00:25<00:18, 10.16it/s][A

 60%|######    | 289/478 [00:25<00:18, 10.26it/s][A

 61%|######    | 291/478 [00:25<00:17, 10.61it/s][A

 61%|######1   | 293/478 [00:25<00:17, 10.58it/s][A

 62%|######1   | 295/478 [00:26<00:17, 10.30it/s][A

 62%|######2   | 297/478 [00:26<00:17, 10.53it/s][A

 63%|######2   | 299/478 [00:26<00:17, 10.35it/s][A

 63%|######2   | 301/478 [00:26<00:17,  9.94it/s][A

 63%|######3   | 303/478 [00:26<00:18,  9.66it/s][A

 64%|######3   | 304/478 [00:26<00:18,  9.54it/s][A

 64%|######3   | 305/478 [00:27<00:20,  8.44it/s][A

 64%|######4   | 306/478 [00:27<00:20,  8.31it/s][A

 64%|######4   | 307/478 [00:27<00:20,  8.48it/s][A

 64%|######4   | 308/478 [00:27<00:20,  8.47it/s][A

 65%|######4   | 309/478 [00:27<00:19,  8.83it/s][A

 65%|######5   | 311/478 [00:27<00:17,  9.74it/s][A

 65%|######5   | 313/478 [00:27<00:16,  9.72it/s][A

 66%|######5   | 314/478 [00:28<00:17,  9.61it/s][A

 66%|######5   | 315/478 [00:28<00:17,  9.31it/s][A

 66%|######6   | 316/478 [00:28<00:17,  9.31it/s][A

 66%|######6   | 317/478 [00:28<00:16,  9.47it/s][A

 67%|######6   | 318/478 [00:28<00:16,  9.55it/s][A

 67%|######6   | 320/478 [00:28<00:15, 10.26it/s][A

 67%|######7   | 322/478 [00:28<00:14, 10.91it/s][A

 68%|######7   | 324/478 [00:28<00:13, 11.26it/s][A

 68%|######8   | 326/478 [00:29<00:14, 10.66it/s][A

 69%|######8   | 328/478 [00:29<00:15,  9.85it/s][A

 69%|######9   | 330/478 [00:29<00:16,  9.19it/s][A

 69%|######9   | 331/478 [00:29<00:16,  8.91it/s][A

 69%|######9   | 332/478 [00:29<00:16,  8.59it/s][A

 70%|######9   | 333/478 [00:30<00:17,  8.45it/s][A

 70%|######9   | 334/478 [00:30<00:17,  8.29it/s][A

 70%|#######   | 335/478 [00:30<00:17,  8.35it/s][A

 70%|#######   | 336/478 [00:30<00:16,  8.69it/s][A

 71%|#######   | 337/478 [00:30<00:15,  8.96it/s][A

 71%|#######   | 339/478 [00:30<00:14,  9.72it/s][A

 71%|#######1  | 341/478 [00:30<00:13, 10.41it/s][A

 72%|#######1  | 343/478 [00:31<00:12, 11.02it/s][A

 72%|#######2  | 345/478 [00:31<00:11, 11.41it/s][A

 73%|#######2  | 347/478 [00:31<00:10, 12.22it/s][A

 73%|#######3  | 349/478 [00:31<00:10, 12.38it/s][A

 73%|#######3  | 351/478 [00:31<00:10, 12.63it/s][A

 74%|#######3  | 353/478 [00:31<00:10, 12.46it/s][A

 74%|#######4  | 355/478 [00:32<00:10, 11.78it/s][A

 75%|#######4  | 357/478 [00:32<00:10, 11.25it/s][A

 75%|#######5  | 359/478 [00:32<00:11, 10.77it/s][A

 76%|#######5  | 361/478 [00:32<00:11, 10.26it/s][A

 76%|#######5  | 363/478 [00:32<00:11,  9.84it/s][A

 76%|#######6  | 365/478 [00:33<00:11, 10.25it/s][A

 77%|#######6  | 367/478 [00:33<00:10, 10.55it/s][A

 77%|#######7  | 369/478 [00:33<00:10, 10.77it/s][A

 78%|#######7  | 371/478 [00:33<00:09, 10.84it/s][A

 78%|#######8  | 373/478 [00:33<00:09, 11.01it/s][A

 78%|#######8  | 375/478 [00:33<00:09, 10.84it/s][A

 79%|#######8  | 377/478 [00:34<00:09, 10.70it/s][A

 79%|#######9  | 379/478 [00:34<00:08, 11.17it/s][A

 80%|#######9  | 381/478 [00:34<00:08, 11.10it/s][A

 80%|########  | 383/478 [00:34<00:08, 11.11it/s][A

 81%|########  | 385/478 [00:34<00:08, 11.01it/s][A

 81%|########  | 387/478 [00:35<00:08, 10.41it/s][A

 81%|########1 | 389/478 [00:35<00:08, 10.38it/s][A

 82%|########1 | 391/478 [00:35<00:08, 10.32it/s][A

 82%|########2 | 393/478 [00:35<00:08, 10.36it/s][A

 83%|########2 | 395/478 [00:35<00:08, 10.10it/s][A

 83%|########3 | 397/478 [00:36<00:07, 10.40it/s][A

 83%|########3 | 399/478 [00:36<00:07, 10.43it/s][A

 84%|########3 | 401/478 [00:36<00:07, 10.68it/s][A

 84%|########4 | 403/478 [00:36<00:07, 10.46it/s][A

 85%|########4 | 405/478 [00:36<00:07, 10.14it/s][A

 85%|########5 | 407/478 [00:37<00:07,  9.50it/s][A

 86%|########5 | 409/478 [00:37<00:06,  9.93it/s][A

 86%|########5 | 411/478 [00:37<00:06, 10.46it/s][A

 86%|########6 | 413/478 [00:37<00:06, 10.57it/s][A

 87%|########6 | 415/478 [00:37<00:05, 11.45it/s][A

 87%|########7 | 417/478 [00:37<00:05, 11.44it/s][A

 88%|########7 | 419/478 [00:38<00:05, 11.77it/s][A

 88%|########8 | 421/478 [00:38<00:04, 12.00it/s][A

 88%|########8 | 423/478 [00:38<00:04, 12.53it/s][A

 89%|########8 | 425/478 [00:38<00:04, 12.94it/s][A

 89%|########9 | 427/478 [00:38<00:03, 12.79it/s][A

 90%|########9 | 429/478 [00:38<00:03, 12.39it/s][A

 90%|######### | 431/478 [00:39<00:04, 11.38it/s][A

 91%|######### | 433/478 [00:39<00:04, 10.73it/s][A

 91%|#########1| 435/478 [00:39<00:03, 11.04it/s][A

 91%|#########1| 437/478 [00:39<00:03, 11.50it/s][A

 92%|#########1| 439/478 [00:39<00:03, 11.18it/s][A

 92%|#########2| 441/478 [00:39<00:03, 11.93it/s][A

 93%|#########2| 443/478 [00:40<00:02, 12.14it/s][A

 93%|#########3| 445/478 [00:40<00:02, 11.81it/s][A

 94%|#########3| 447/478 [00:40<00:02, 12.51it/s][A

 94%|#########3| 449/478 [00:40<00:02, 12.56it/s][A

 94%|#########4| 451/478 [00:40<00:02, 12.57it/s][A

 95%|#########4| 453/478 [00:40<00:02, 12.42it/s][A

 95%|#########5| 455/478 [00:41<00:01, 11.90it/s][A

 96%|#########5| 457/478 [00:41<00:01, 12.35it/s][A

 96%|#########6| 459/478 [00:41<00:01, 12.55it/s][A

 96%|#########6| 461/478 [00:41<00:01, 12.85it/s][A

 97%|#########6| 463/478 [00:41<00:01, 13.34it/s][A

 97%|#########7| 465/478 [00:41<00:00, 13.09it/s][A

 98%|#########7| 467/478 [00:41<00:00, 12.96it/s][A

 98%|#########8| 469/478 [00:42<00:00, 13.09it/s][A

 99%|#########8| 471/478 [00:42<00:00, 12.50it/s][A

 99%|#########8| 473/478 [00:42<00:00, 12.11it/s][A

 99%|#########9| 475/478 [00:42<00:00, 12.16it/s][A

100%|#########9| 477/478 [00:42<00:00, 11.93it/s][A
                                                       


                                                 
[A
 30%|###       | 1500/5000 [3:03:25<7:03:17,  7.26s/it]

100%|##########| 478/478 [00:42<00:00, 11.93it/s][A

{'eval_loss': '2.09', 'eval_runtime': '42.92', 'eval_samples_per_second': '22.27', 'eval_steps_per_second': '11.14', 'epoch': '1.025'}
                                                 [A

Writing model shards:   0%|          | 0/1 [00:00<?, ?it/s][A

Writing model shards: 100%|##########| 1/1 [00:01<00:00,  1.74s/it][A
Writing model shards: 100%|##########| 1/1 [00:01<00:00,  1.74s/it]

 30%|###       | 1501/5000 [3:03:38<21:26:25, 22.06s/it]
 30%|###       | 1502/5000 [3:03:46<17:19:48, 17.84s/it]
 30%|###       | 1503/5000 [3:03:55<14:33:19, 14.98s/it]
 30%|###       | 1504/5000 [3:04:04<12:57:23, 13.34s/it]
 30%|###       | 1505/5000 [3:04:16<12:37:45, 13.01s/it]
 30%|###       | 1506/5000 [3:04:29<12:34:57, 12.96s/it]
 30%|###       | 1507/5000 [3:04:39<11:45:26, 12.12s/it]
 30%|###       | 1508/5000 [3:04:52<11:59:47, 12.37s/it]
 30%|###       | 1509/5000 [3:05:04<11:54:38, 12.28s/it]
 30%|###       | 1510/5000 [3:05:13<10:56:22, 11.28s/it]
 30%|###       | 1511/5000 [3:05:27<11:40:19, 12.04s/it]
 30%|###       | 1512/5000 [3:05:41<12:05:27, 12.48s/it]
 30%|###       | 1513/5000 [3:05:52<11:41:10, 12.06s/it]
 30%|###       | 1514/5000 [3:06:06<12:13:26, 12.62s/it]
 30%|###       | 1515/5000 [3:06:17<11:53:43, 12.29s/it]
 30%|###       | 1516/5000 [3:06:32<12:44:58, 13.17s/it]
 30%|###       | 1517/5000 [3:06:42<11:38:06, 12.03s/it]
 30%|###       | 1518/5000 [3:06:55<11:50:43, 12.25s/it]
 30%|###       | 1519/5000 [3:07:05<11:21:29, 11.75s/it]
 30%|###       | 1520/5000 [3:07:13<10:13:11, 10.57s/it]
 30%|###       | 1521/5000 [3:07:23<10:08:56, 10.50s/it]
 30%|###       | 1522/5000 [3:07:37<10:58:28, 11.36s/it]
 30%|###       | 1523/5000 [3:07:45<10:00:53, 10.37s/it]
 30%|###       | 1524/5000 [3:07:52<9:15:25,  9.59s/it] 
 30%|###       | 1525/5000 [3:08:01<8:55:29,  9.25s/it]
 31%|###       | 1526/5000 [3:08:09<8:32:47,  8.86s/it]
 31%|###       | 1527/5000 [3:08:18<8:34:52,  8.90s/it]
 31%|###       | 1528/5000 [3:08:26<8:12:40,  8.51s/it]
 31%|###       | 1529/5000 [3:08:33<7:53:26,  8.18s/it]
 31%|###       | 1530/5000 [3:08:41<7:44:51,  8.04s/it]
 31%|###       | 1531/5000 [3:08:48<7:37:25,  7.91s/it]
 31%|###       | 1532/5000 [3:08:56<7:37:01,  7.91s/it]
 31%|###       | 1533/5000 [3:09:03<7:17:54,  7.58s/it]
 31%|###       | 1534/5000 [3:09:11<7:25:16,  7.71s/it]
 31%|###       | 1535/5000 [3:09:22<8:30:34,  8.84s/it]
 31%|###       | 1536/5000 [3:09:32<8:45:44,  9.11s/it]
 31%|###       | 1537/5000 [3:09:44<9:26:37,  9.82s/it]
 31%|###       | 1538/5000 [3:09:51<8:43:10,  9.07s/it]
 31%|###       | 1539/5000 [3:09:58<8:10:58,  8.51s/it]
 31%|###       | 1540/5000 [3:10:05<7:44:49,  8.06s/it]
 31%|###       | 1541/5000 [3:10:15<8:12:32,  8.54s/it]
 31%|###       | 1542/5000 [3:10:28<9:27:22,  9.84s/it]
 31%|###       | 1543/5000 [3:10:42<10:36:52, 11.05s/it]
 31%|###       | 1544/5000 [3:10:50<9:49:03, 10.23s/it] 
 31%|###       | 1545/5000 [3:11:03<10:39:46, 11.11s/it]
 31%|###       | 1546/5000 [3:11:15<10:56:42, 11.41s/it]
 31%|###       | 1547/5000 [3:11:29<11:36:44, 12.11s/it]
 31%|###       | 1548/5000 [3:11:42<11:47:56, 12.30s/it]
 31%|###       | 1549/5000 [3:11:52<11:08:32, 11.62s/it]
 31%|###1      | 1550/5000 [3:12:00<10:10:15, 10.61s/it]
                                                        

 31%|###1      | 1550/5000 [3:12:00<10:10:15, 10.61s/it]
 31%|###1      | 1551/5000 [3:12:10<10:05:22, 10.53s/it]
 31%|###1      | 1552/5000 [3:12:18<9:09:37,  9.56s/it] 
 31%|###1      | 1553/5000 [3:12:27<9:10:28,  9.58s/it]
 31%|###1      | 1554/5000 [3:12:36<8:59:10,  9.39s/it]
 31%|###1      | 1555/5000 [3:12:43<8:20:15,  8.71s/it]
 31%|###1      | 1556/5000 [3:12:50<7:50:16,  8.19s/it]
 31%|###1      | 1557/5000 [3:12:57<7:28:21,  7.81s/it]
 31%|###1      | 1558/5000 [3:13:04<7:04:54,  7.41s/it]
 31%|###1      | 1559/5000 [3:13:11<6:55:40,  7.25s/it]
 31%|###1      | 1560/5000 [3:13:18<6:56:40,  7.27s/it]
 31%|###1      | 1561/5000 [3:13:25<6:56:54,  7.27s/it]
 31%|###1      | 1562/5000 [3:13:33<7:00:35,  7.34s/it]
 31%|###1      | 1563/5000 [3:13:41<7:14:42,  7.59s/it]
 31%|###1      | 1564/5000 [3:13:50<7:44:52,  8.12s/it]
 31%|###1      | 1565/5000 [3:14:00<8:20:40,  8.75s/it]
 31%|###1      | 1566/5000 [3:14:09<8:12:12,  8.60s/it]
 31%|###1      | 1567/5000 [3:14:16<7:49:59,  8.21s/it]
 31%|###1      | 1568/5000 [3:14:23<7:27:52,  7.83s/it]
 31%|###1      | 1569/5000 [3:14:33<8:01:05,  8.41s/it]
 31%|###1      | 1570/5000 [3:14:43<8:25:51,  8.85s/it]
 31%|###1      | 1571/5000 [3:14:51<8:17:34,  8.71s/it]
 31%|###1      | 1572/5000 [3:14:58<7:48:43,  8.20s/it]
 31%|###1      | 1573/5000 [3:15:06<7:42:23,  8.10s/it]
 31%|###1      | 1574/5000 [3:15:16<8:18:33,  8.73s/it]
 32%|###1      | 1575/5000 [3:15:26<8:44:16,  9.18s/it]
 32%|###1      | 1576/5000 [3:15:39<9:37:15, 10.12s/it]
 32%|###1      | 1577/5000 [3:15:52<10:35:44, 11.14s/it]
 32%|###1      | 1578/5000 [3:16:06<11:29:03, 12.08s/it]
 32%|###1      | 1579/5000 [3:16:17<11:10:33, 11.76s/it]
 32%|###1      | 1580/5000 [3:16:33<12:09:14, 12.79s/it]
 32%|###1      | 1581/5000 [3:16:43<11:26:43, 12.05s/it]
 32%|###1      | 1582/5000 [3:16:55<11:30:37, 12.12s/it]
 32%|###1      | 1583/5000 [3:17:06<11:14:51, 11.85s/it]
 32%|###1      | 1584/5000 [3:17:17<10:57:13, 11.54s/it]
 32%|###1      | 1585/5000 [3:17:30<11:12:39, 11.82s/it]
 32%|###1      | 1586/5000 [3:17:41<11:09:24, 11.76s/it]
 32%|###1      | 1587/5000 [3:17:53<11:04:02, 11.67s/it]
 32%|###1      | 1588/5000 [3:18:04<10:52:57, 11.48s/it]
 32%|###1      | 1589/5000 [3:18:16<11:12:42, 11.83s/it]
 32%|###1      | 1590/5000 [3:18:30<11:45:14, 12.41s/it]
 32%|###1      | 1591/5000 [3:18:44<12:13:04, 12.90s/it]
 32%|###1      | 1592/5000 [3:18:56<11:50:18, 12.51s/it]
 32%|###1      | 1593/5000 [3:19:07<11:32:00, 12.19s/it]
 32%|###1      | 1594/5000 [3:19:21<12:02:12, 12.72s/it]
 32%|###1      | 1595/5000 [3:19:35<12:11:01, 12.88s/it]
 32%|###1      | 1596/5000 [3:19:48<12:27:02, 13.17s/it]
 32%|###1      | 1597/5000 [3:20:05<13:18:23, 14.08s/it]
 32%|###1      | 1598/5000 [3:20:18<13:00:47, 13.77s/it]
 32%|###1      | 1599/5000 [3:20:32<13:09:38, 13.93s/it]
 32%|###2      | 1600/5000 [3:20:50<14:25:11, 15.27s/it]
                                                        

 32%|###2      | 1600/5000 [3:20:50<14:25:11, 15.27s/it]
 32%|###2      | 1601/5000 [3:21:11<15:49:57, 16.77s/it]
 32%|###2      | 1602/5000 [3:21:23<14:44:20, 15.62s/it]
 32%|###2      | 1603/5000 [3:21:39<14:36:21, 15.48s/it]
 32%|###2      | 1604/5000 [3:21:59<15:55:21, 16.88s/it]
 32%|###2      | 1605/5000 [3:22:10<14:13:13, 15.08s/it]
 32%|###2      | 1606/5000 [3:22:27<14:58:28, 15.88s/it]
 32%|###2      | 1607/5000 [3:22:38<13:30:24, 14.33s/it]
 32%|###2      | 1608/5000 [3:22:49<12:39:14, 13.43s/it]
 32%|###2      | 1609/5000 [3:23:05<13:18:27, 14.13s/it]
 32%|###2      | 1610/5000 [3:23:20<13:22:32, 14.20s/it]
 32%|###2      | 1611/5000 [3:23:37<14:20:11, 15.23s/it]
 32%|###2      | 1612/5000 [3:23:58<15:50:56, 16.84s/it]
 32%|###2      | 1613/5000 [3:24:21<17:37:05, 18.73s/it]
 32%|###2      | 1614/5000 [3:24:37<16:50:58, 17.91s/it]
 32%|###2      | 1615/5000 [3:24:50<15:21:15, 16.33s/it]
 32%|###2      | 1616/5000 [3:25:04<14:40:49, 15.62s/it]
 32%|###2      | 1617/5000 [3:25:18<14:17:33, 15.21s/it]
 32%|###2      | 1618/5000 [3:25:33<14:11:24, 15.10s/it]
 32%|###2      | 1619/5000 [3:25:51<14:59:01, 15.95s/it]
 32%|###2      | 1620/5000 [3:26:08<15:21:45, 16.36s/it]
 32%|###2      | 1621/5000 [3:26:20<14:07:37, 15.05s/it]
 32%|###2      | 1622/5000 [3:26:35<14:00:57, 14.94s/it]
 32%|###2      | 1623/5000 [3:26:49<13:48:38, 14.72s/it]
 32%|###2      | 1624/5000 [3:27:08<15:04:54, 16.08s/it]
 32%|###2      | 1625/5000 [3:27:28<16:04:29, 17.15s/it]
 33%|###2      | 1626/5000 [3:27:45<16:10:21, 17.26s/it]
 33%|###2      | 1627/5000 [3:28:00<15:33:26, 16.60s/it]
 33%|###2      | 1628/5000 [3:28:18<15:51:11, 16.92s/it]
 33%|###2      | 1629/5000 [3:28:35<15:56:40, 17.03s/it]
 33%|###2      | 1630/5000 [3:28:48<14:49:28, 15.84s/it]
 33%|###2      | 1631/5000 [3:29:11<16:46:33, 17.93s/it]
 33%|###2      | 1632/5000 [3:29:31<17:15:04, 18.44s/it]
 33%|###2      | 1633/5000 [3:29:44<15:54:33, 17.01s/it]
 33%|###2      | 1634/5000 [3:30:12<18:53:27, 20.20s/it]
 33%|###2      | 1635/5000 [3:30:28<17:48:49, 19.06s/it]
 33%|###2      | 1636/5000 [3:30:45<17:09:51, 18.37s/it]
 33%|###2      | 1637/5000 [3:31:03<16:59:01, 18.18s/it]
 33%|###2      | 1638/5000 [3:31:21<16:52:42, 18.07s/it]
 33%|###2      | 1639/5000 [3:31:38<16:46:36, 17.97s/it]
 33%|###2      | 1640/5000 [3:31:56<16:42:50, 17.91s/it]
 33%|###2      | 1641/5000 [3:32:14<16:37:00, 17.81s/it]
 33%|###2      | 1642/5000 [3:32:32<16:40:19, 17.87s/it]
 33%|###2      | 1643/5000 [3:32:45<15:15:44, 16.37s/it]
 33%|###2      | 1644/5000 [3:32:59<14:47:28, 15.87s/it]
 33%|###2      | 1645/5000 [3:33:13<14:12:05, 15.24s/it]
 33%|###2      | 1646/5000 [3:33:27<13:39:35, 14.66s/it]
 33%|###2      | 1647/5000 [3:33:44<14:24:50, 15.48s/it]
 33%|###2      | 1648/5000 [3:34:03<15:18:46, 16.45s/it]
 33%|###2      | 1649/5000 [3:34:22<16:06:45, 17.31s/it]
 33%|###3      | 1650/5000 [3:34:35<14:59:52, 16.12s/it]
                                                        

 33%|###3      | 1650/5000 [3:34:35<14:59:52, 16.12s/it]
 33%|###3      | 1651/5000 [3:34:49<14:22:21, 15.45s/it]
 33%|###3      | 1652/5000 [3:35:04<14:09:23, 15.22s/it]
 33%|###3      | 1653/5000 [3:35:19<14:13:57, 15.31s/it]
 33%|###3      | 1654/5000 [3:35:33<13:48:07, 14.85s/it]
 33%|###3      | 1655/5000 [3:35:44<12:47:11, 13.76s/it]
 33%|###3      | 1656/5000 [3:35:57<12:25:01, 13.37s/it]
 33%|###3      | 1657/5000 [3:36:13<13:12:51, 14.23s/it]
 33%|###3      | 1658/5000 [3:36:32<14:33:59, 15.69s/it]
 33%|###3      | 1659/5000 [3:36:54<16:18:13, 17.57s/it]
 33%|###3      | 1660/5000 [3:37:07<15:03:48, 16.24s/it]
 33%|###3      | 1661/5000 [3:37:27<15:56:12, 17.18s/it]
 33%|###3      | 1662/5000 [3:37:43<15:47:09, 17.02s/it]
 33%|###3      | 1663/5000 [3:37:59<15:32:52, 16.77s/it]
 33%|###3      | 1664/5000 [3:38:14<15:02:13, 16.23s/it]
 33%|###3      | 1665/5000 [3:38:33<15:49:43, 17.09s/it]
 33%|###3      | 1666/5000 [3:38:53<16:32:24, 17.86s/it]
 33%|###3      | 1667/5000 [3:39:09<15:59:28, 17.27s/it]
 33%|###3      | 1668/5000 [3:39:26<15:52:42, 17.16s/it]
 33%|###3      | 1669/5000 [3:39:39<14:46:24, 15.97s/it]
 33%|###3      | 1670/5000 [3:39:52<14:02:08, 15.17s/it]
 33%|###3      | 1671/5000 [3:40:08<14:08:19, 15.29s/it]
 33%|###3      | 1672/5000 [3:40:24<14:15:59, 15.43s/it]
 33%|###3      | 1673/5000 [3:40:41<14:40:52, 15.89s/it]
 33%|###3      | 1674/5000 [3:40:57<14:45:58, 15.98s/it]
 34%|###3      | 1675/5000 [3:41:14<14:58:00, 16.20s/it]
 34%|###3      | 1676/5000 [3:41:31<15:16:56, 16.55s/it]
 34%|###3      | 1677/5000 [3:41:42<13:47:08, 14.93s/it]
 34%|###3      | 1678/5000 [3:41:53<12:44:03, 13.80s/it]
 34%|###3      | 1679/5000 [3:42:05<12:06:55, 13.13s/it]
 34%|###3      | 1680/5000 [3:42:17<11:50:31, 12.84s/it]
 34%|###3      | 1681/5000 [3:42:31<12:10:33, 13.21s/it]
 34%|###3      | 1682/5000 [3:42:45<12:18:32, 13.36s/it]
 34%|###3      | 1683/5000 [3:42:58<12:07:56, 13.17s/it]
 34%|###3      | 1684/5000 [3:43:09<11:41:21, 12.69s/it]
 34%|###3      | 1685/5000 [3:43:19<10:59:10, 11.93s/it]
 34%|###3      | 1686/5000 [3:43:29<10:21:07, 11.25s/it]
 34%|###3      | 1687/5000 [3:43:39<9:55:02, 10.78s/it] 
 34%|###3      | 1688/5000 [3:43:48<9:32:07, 10.36s/it]
 34%|###3      | 1689/5000 [3:43:58<9:20:24, 10.16s/it]
 34%|###3      | 1690/5000 [3:44:08<9:18:28, 10.12s/it]
 34%|###3      | 1691/5000 [3:44:19<9:30:20, 10.34s/it]
 34%|###3      | 1692/5000 [3:44:30<9:50:42, 10.71s/it]
 34%|###3      | 1693/5000 [3:44:42<10:01:09, 10.91s/it]
 34%|###3      | 1694/5000 [3:44:54<10:28:25, 11.41s/it]
 34%|###3      | 1695/5000 [3:45:06<10:44:10, 11.69s/it]
 34%|###3      | 1696/5000 [3:45:19<10:51:19, 11.83s/it]
 34%|###3      | 1697/5000 [3:45:32<11:15:04, 12.26s/it]
 34%|###3      | 1698/5000 [3:45:45<11:24:54, 12.45s/it]
 34%|###3      | 1699/5000 [3:45:59<11:50:18, 12.91s/it]
 34%|###4      | 1700/5000 [3:46:12<11:53:22, 12.97s/it]
                                                        

 34%|###4      | 1700/5000 [3:46:12<11:53:22, 12.97s/it]
 34%|###4      | 1701/5000 [3:46:24<11:44:45, 12.82s/it]
 34%|###4      | 1702/5000 [3:46:37<11:49:03, 12.90s/it]
 34%|###4      | 1703/5000 [3:46:47<10:59:14, 12.00s/it]
 34%|###4      | 1704/5000 [3:46:58<10:38:30, 11.62s/it]
 34%|###4      | 1705/5000 [3:47:09<10:25:59, 11.40s/it]
 34%|###4      | 1706/5000 [3:47:19<10:00:46, 10.94s/it]
 34%|###4      | 1707/5000 [3:47:28<9:35:15, 10.48s/it] 
 34%|###4      | 1708/5000 [3:47:37<9:14:07, 10.10s/it]
 34%|###4      | 1709/5000 [3:47:46<8:56:04,  9.77s/it]
 34%|###4      | 1710/5000 [3:47:55<8:43:34,  9.55s/it]
 34%|###4      | 1711/5000 [3:48:05<8:51:26,  9.70s/it]
 34%|###4      | 1712/5000 [3:48:15<8:48:58,  9.65s/it]
 34%|###4      | 1713/5000 [3:48:24<8:44:37,  9.58s/it]
 34%|###4      | 1714/5000 [3:48:36<9:17:09, 10.17s/it]
 34%|###4      | 1715/5000 [3:48:48<9:50:19, 10.78s/it]
 34%|###4      | 1716/5000 [3:48:59<9:47:31, 10.73s/it]
 34%|###4      | 1717/5000 [3:49:11<10:18:22, 11.30s/it]
 34%|###4      | 1718/5000 [3:49:22<10:02:28, 11.01s/it]
 34%|###4      | 1719/5000 [3:49:34<10:24:12, 11.41s/it]
 34%|###4      | 1720/5000 [3:49:45<10:22:45, 11.39s/it]
 34%|###4      | 1721/5000 [3:49:57<10:19:33, 11.34s/it]
 34%|###4      | 1722/5000 [3:50:07<10:04:27, 11.06s/it]
 34%|###4      | 1723/5000 [3:50:16<9:34:02, 10.51s/it] 
 34%|###4      | 1724/5000 [3:50:27<9:34:03, 10.51s/it]
 34%|###4      | 1725/5000 [3:50:37<9:24:27, 10.34s/it]
 35%|###4      | 1726/5000 [3:50:48<9:35:58, 10.56s/it]
 35%|###4      | 1727/5000 [3:51:01<10:16:00, 11.29s/it]
 35%|###4      | 1728/5000 [3:51:13<10:33:35, 11.62s/it]
 35%|###4      | 1729/5000 [3:51:26<10:44:26, 11.82s/it]
 35%|###4      | 1730/5000 [3:51:38<10:58:15, 12.08s/it]
 35%|###4      | 1731/5000 [3:51:50<10:46:33, 11.87s/it]
 35%|###4      | 1732/5000 [3:52:01<10:39:05, 11.73s/it]
 35%|###4      | 1733/5000 [3:52:13<10:40:05, 11.76s/it]
 35%|###4      | 1734/5000 [3:52:24<10:24:12, 11.47s/it]
 35%|###4      | 1735/5000 [3:52:34<10:06:19, 11.14s/it]
 35%|###4      | 1736/5000 [3:52:47<10:35:24, 11.68s/it]
 35%|###4      | 1737/5000 [3:53:01<11:09:41, 12.31s/it]
 35%|###4      | 1738/5000 [3:53:12<10:56:16, 12.07s/it]
 35%|###4      | 1739/5000 [3:53:25<11:07:49, 12.29s/it]
 35%|###4      | 1740/5000 [3:53:39<11:30:38, 12.71s/it]
 35%|###4      | 1741/5000 [3:53:52<11:41:48, 12.92s/it]
 35%|###4      | 1742/5000 [3:54:04<11:25:07, 12.62s/it]
 35%|###4      | 1743/5000 [3:54:17<11:22:08, 12.57s/it]
 35%|###4      | 1744/5000 [3:54:26<10:36:18, 11.73s/it]
 35%|###4      | 1745/5000 [3:54:36<10:10:32, 11.25s/it]
 35%|###4      | 1746/5000 [3:54:49<10:27:20, 11.57s/it]
 35%|###4      | 1747/5000 [3:55:02<10:51:28, 12.02s/it]
 35%|###4      | 1748/5000 [3:55:15<11:13:34, 12.43s/it]
 35%|###4      | 1749/5000 [3:55:27<11:06:42, 12.30s/it]
 35%|###5      | 1750/5000 [3:55:38<10:36:56, 11.76s/it]
                                                        

 35%|###5      | 1750/5000 [3:55:38<10:36:56, 11.76s/it]
 35%|###5      | 1751/5000 [3:55:48<10:21:22, 11.47s/it]
 35%|###5      | 1752/5000 [3:55:58<9:55:37, 11.00s/it] 
 35%|###5      | 1753/5000 [3:56:09<9:41:57, 10.75s/it]
 35%|###5      | 1754/5000 [3:56:19<9:37:50, 10.68s/it]
 35%|###5      | 1755/5000 [3:56:32<10:14:12, 11.36s/it]
 35%|###5      | 1756/5000 [3:56:46<10:56:07, 12.14s/it]
 35%|###5      | 1757/5000 [3:56:59<11:09:10, 12.38s/it]
 35%|###5      | 1758/5000 [3:57:13<11:31:05, 12.79s/it]
 35%|###5      | 1759/5000 [3:57:26<11:38:15, 12.93s/it]
 35%|###5      | 1760/5000 [3:57:39<11:33:44, 12.85s/it]
 35%|###5      | 1761/5000 [3:57:52<11:40:30, 12.98s/it]
 35%|###5      | 1762/5000 [3:58:05<11:51:02, 13.18s/it]
 35%|###5      | 1763/5000 [3:58:18<11:38:35, 12.95s/it]
 35%|###5      | 1764/5000 [3:58:31<11:41:02, 13.00s/it]
 35%|###5      | 1765/5000 [3:58:44<11:32:56, 12.85s/it]
 35%|###5      | 1766/5000 [3:58:58<11:51:22, 13.20s/it]
 35%|###5      | 1767/5000 [3:59:11<11:58:18, 13.33s/it]
 35%|###5      | 1768/5000 [3:59:24<11:50:43, 13.19s/it]
 35%|###5      | 1769/5000 [3:59:37<11:40:11, 13.00s/it]
 35%|###5      | 1770/5000 [3:59:47<11:00:47, 12.27s/it]
 35%|###5      | 1771/5000 [3:59:58<10:30:02, 11.71s/it]
 35%|###5      | 1772/5000 [4:00:08<10:16:38, 11.46s/it]
 35%|###5      | 1773/5000 [4:00:19<9:55:43, 11.08s/it] 
 35%|###5      | 1774/5000 [4:00:29<9:46:48, 10.91s/it]
 36%|###5      | 1775/5000 [4:00:40<9:42:55, 10.85s/it]
 36%|###5      | 1776/5000 [4:00:52<9:59:36, 11.16s/it]
 36%|###5      | 1777/5000 [4:01:02<9:51:13, 11.01s/it]
 36%|###5      | 1778/5000 [4:01:13<9:49:52, 10.98s/it]
 36%|###5      | 1779/5000 [4:01:22<9:15:09, 10.34s/it]
 36%|###5      | 1780/5000 [4:01:30<8:42:18,  9.73s/it]
 36%|###5      | 1781/5000 [4:01:39<8:20:50,  9.34s/it]
 36%|###5      | 1782/5000 [4:01:47<8:03:57,  9.02s/it]
 36%|###5      | 1783/5000 [4:01:55<7:39:52,  8.58s/it]
 36%|###5      | 1784/5000 [4:02:03<7:31:28,  8.42s/it]
 36%|###5      | 1785/5000 [4:02:11<7:27:36,  8.35s/it]
 36%|###5      | 1786/5000 [4:02:19<7:21:10,  8.24s/it]
 36%|###5      | 1787/5000 [4:02:27<7:12:48,  8.08s/it]
 36%|###5      | 1788/5000 [4:02:34<7:05:56,  7.96s/it]
 36%|###5      | 1789/5000 [4:02:42<7:08:21,  8.00s/it]
 36%|###5      | 1790/5000 [4:02:50<7:04:09,  7.93s/it]
 36%|###5      | 1791/5000 [4:02:58<6:55:46,  7.77s/it]
 36%|###5      | 1792/5000 [4:03:05<6:51:23,  7.69s/it]
 36%|###5      | 1793/5000 [4:03:13<6:48:29,  7.64s/it]
 36%|###5      | 1794/5000 [4:03:21<7:03:41,  7.93s/it]
 36%|###5      | 1795/5000 [4:03:31<7:30:25,  8.43s/it]
 36%|###5      | 1796/5000 [4:03:38<7:16:10,  8.17s/it]
 36%|###5      | 1797/5000 [4:03:46<7:09:26,  8.04s/it]
 36%|###5      | 1798/5000 [4:03:54<7:04:30,  7.95s/it]
 36%|###5      | 1799/5000 [4:04:02<7:04:47,  7.96s/it]
 36%|###6      | 1800/5000 [4:04:10<7:11:02,  8.08s/it]
                                                       

 36%|###6      | 1800/5000 [4:04:10<7:11:02,  8.08s/it]
 36%|###6      | 1801/5000 [4:04:18<7:12:21,  8.11s/it]
 36%|###6      | 1802/5000 [4:04:26<7:07:27,  8.02s/it]
 36%|###6      | 1803/5000 [4:04:34<7:09:12,  8.06s/it]
 36%|###6      | 1804/5000 [4:04:43<7:16:20,  8.19s/it]
 36%|###6      | 1805/5000 [4:04:51<7:18:04,  8.23s/it]
 36%|###6      | 1806/5000 [4:04:59<7:16:01,  8.19s/it]
 36%|###6      | 1807/5000 [4:05:08<7:16:52,  8.21s/it]
 36%|###6      | 1808/5000 [4:05:16<7:16:03,  8.20s/it]
 36%|###6      | 1809/5000 [4:05:24<7:10:20,  8.09s/it]
 36%|###6      | 1810/5000 [4:05:32<7:09:34,  8.08s/it]
 36%|###6      | 1811/5000 [4:05:40<7:18:52,  8.26s/it]
 36%|###6      | 1812/5000 [4:05:48<7:13:36,  8.16s/it]
 36%|###6      | 1813/5000 [4:05:56<7:11:08,  8.12s/it]
 36%|###6      | 1814/5000 [4:06:04<7:08:43,  8.07s/it]
 36%|###6      | 1815/5000 [4:06:12<7:06:15,  8.03s/it]
 36%|###6      | 1816/5000 [4:06:20<7:06:51,  8.04s/it]
 36%|###6      | 1817/5000 [4:06:28<7:02:43,  7.97s/it]
 36%|###6      | 1818/5000 [4:06:36<7:09:24,  8.10s/it]
 36%|###6      | 1819/5000 [4:06:45<7:11:12,  8.13s/it]
 36%|###6      | 1820/5000 [4:06:54<7:24:49,  8.39s/it]
 36%|###6      | 1821/5000 [4:07:02<7:18:43,  8.28s/it]
 36%|###6      | 1822/5000 [4:07:09<7:11:05,  8.14s/it]
 36%|###6      | 1823/5000 [4:07:18<7:19:55,  8.31s/it]
 36%|###6      | 1824/5000 [4:07:27<7:24:55,  8.41s/it]
 36%|###6      | 1825/5000 [4:07:35<7:27:10,  8.45s/it]
 37%|###6      | 1826/5000 [4:07:44<7:32:38,  8.56s/it]
 37%|###6      | 1827/5000 [4:07:52<7:21:10,  8.34s/it]
 37%|###6      | 1828/5000 [4:08:01<7:28:39,  8.49s/it]
 37%|###6      | 1829/5000 [4:08:09<7:17:20,  8.28s/it]
 37%|###6      | 1830/5000 [4:08:17<7:19:28,  8.32s/it]
 37%|###6      | 1831/5000 [4:08:26<7:27:05,  8.47s/it]
 37%|###6      | 1832/5000 [4:08:34<7:20:53,  8.35s/it]
 37%|###6      | 1833/5000 [4:08:42<7:10:26,  8.15s/it]
 37%|###6      | 1834/5000 [4:08:50<7:16:17,  8.27s/it]
 37%|###6      | 1835/5000 [4:08:58<7:16:44,  8.28s/it]
 37%|###6      | 1836/5000 [4:09:07<7:14:00,  8.23s/it]
 37%|###6      | 1837/5000 [4:09:15<7:11:10,  8.18s/it]
 37%|###6      | 1838/5000 [4:09:23<7:10:28,  8.17s/it]
 37%|###6      | 1839/5000 [4:09:31<7:15:59,  8.28s/it]
 37%|###6      | 1840/5000 [4:09:40<7:24:41,  8.44s/it]
 37%|###6      | 1841/5000 [4:09:49<7:33:45,  8.62s/it]
 37%|###6      | 1842/5000 [4:09:59<7:46:42,  8.87s/it]
 37%|###6      | 1843/5000 [4:10:07<7:38:23,  8.71s/it]
 37%|###6      | 1844/5000 [4:10:15<7:34:30,  8.64s/it]
 37%|###6      | 1845/5000 [4:10:24<7:34:39,  8.65s/it]
 37%|###6      | 1846/5000 [4:10:33<7:43:07,  8.81s/it]
 37%|###6      | 1847/5000 [4:10:42<7:35:34,  8.67s/it]
 37%|###6      | 1848/5000 [4:10:50<7:37:53,  8.72s/it]
 37%|###6      | 1849/5000 [4:10:58<7:27:45,  8.53s/it]
 37%|###7      | 1850/5000 [4:11:08<7:39:48,  8.76s/it]
                                                       

 37%|###7      | 1850/5000 [4:11:08<7:39:48,  8.76s/it]
 37%|###7      | 1851/5000 [4:11:16<7:38:09,  8.73s/it]
 37%|###7      | 1852/5000 [4:11:25<7:35:28,  8.68s/it]
 37%|###7      | 1853/5000 [4:11:33<7:31:31,  8.61s/it]
 37%|###7      | 1854/5000 [4:11:43<7:48:32,  8.94s/it]
 37%|###7      | 1855/5000 [4:11:52<7:51:19,  8.99s/it]
 37%|###7      | 1856/5000 [4:12:00<7:38:29,  8.75s/it]
 37%|###7      | 1857/5000 [4:12:09<7:38:27,  8.75s/it]
 37%|###7      | 1858/5000 [4:12:19<7:51:19,  9.00s/it]
 37%|###7      | 1859/5000 [4:12:27<7:40:49,  8.80s/it]
 37%|###7      | 1860/5000 [4:12:35<7:20:42,  8.42s/it]
 37%|###7      | 1861/5000 [4:12:45<7:50:21,  8.99s/it]
 37%|###7      | 1862/5000 [4:12:58<8:54:02, 10.21s/it]
 37%|###7      | 1863/5000 [4:13:11<9:43:11, 11.15s/it]
 37%|###7      | 1864/5000 [4:13:24<10:04:39, 11.57s/it]
 37%|###7      | 1865/5000 [4:13:39<10:53:27, 12.51s/it]
 37%|###7      | 1866/5000 [4:13:54<11:34:18, 13.29s/it]
 37%|###7      | 1867/5000 [4:14:05<10:59:35, 12.63s/it]
 37%|###7      | 1868/5000 [4:14:14<10:01:19, 11.52s/it]
 37%|###7      | 1869/5000 [4:14:29<11:00:40, 12.66s/it]
 37%|###7      | 1870/5000 [4:14:43<11:19:59, 13.04s/it]
 37%|###7      | 1871/5000 [4:14:57<11:42:17, 13.47s/it]
 37%|###7      | 1872/5000 [4:15:11<11:46:49, 13.56s/it]
 37%|###7      | 1873/5000 [4:15:27<12:21:12, 14.22s/it]
 37%|###7      | 1874/5000 [4:15:41<12:23:01, 14.26s/it]
 38%|###7      | 1875/5000 [4:15:55<12:16:58, 14.15s/it]
 38%|###7      | 1876/5000 [4:16:09<12:12:16, 14.06s/it]
 38%|###7      | 1877/5000 [4:16:22<11:57:04, 13.78s/it]
 38%|###7      | 1878/5000 [4:16:36<12:03:18, 13.90s/it]
 38%|###7      | 1879/5000 [4:16:50<12:00:20, 13.85s/it]
 38%|###7      | 1880/5000 [4:17:05<12:15:03, 14.14s/it]
 38%|###7      | 1881/5000 [4:17:19<12:10:56, 14.06s/it]
 38%|###7      | 1882/5000 [4:17:32<11:56:18, 13.78s/it]
 38%|###7      | 1883/5000 [4:17:49<12:42:37, 14.68s/it]
 38%|###7      | 1884/5000 [4:18:03<12:29:02, 14.42s/it]
 38%|###7      | 1885/5000 [4:18:17<12:22:18, 14.30s/it]
 38%|###7      | 1886/5000 [4:18:32<12:41:32, 14.67s/it]
 38%|###7      | 1887/5000 [4:18:45<12:17:37, 14.22s/it]
 38%|###7      | 1888/5000 [4:18:53<10:35:44, 12.26s/it]
 38%|###7      | 1889/5000 [4:19:05<10:25:05, 12.06s/it]
 38%|###7      | 1890/5000 [4:19:12<9:14:46, 10.70s/it] 
 38%|###7      | 1891/5000 [4:19:19<8:09:49,  9.45s/it]
 38%|###7      | 1892/5000 [4:19:25<7:22:29,  8.54s/it]
 38%|###7      | 1893/5000 [4:19:33<7:07:04,  8.25s/it]
 38%|###7      | 1894/5000 [4:19:39<6:42:28,  7.77s/it]
 38%|###7      | 1895/5000 [4:19:47<6:37:30,  7.68s/it]
 38%|###7      | 1896/5000 [4:19:53<6:22:34,  7.40s/it]
 38%|###7      | 1897/5000 [4:20:04<7:13:33,  8.38s/it]
 38%|###7      | 1898/5000 [4:20:28<11:16:43, 13.09s/it]
 38%|###7      | 1899/5000 [4:20:42<11:33:20, 13.42s/it]
 38%|###8      | 1900/5000 [4:20:49<9:54:33, 11.51s/it] 
                                                       

 38%|###8      | 1900/5000 [4:20:50<9:54:33, 11.51s/it]
 38%|###8      | 1901/5000 [4:21:05<10:52:30, 12.63s/it]
 38%|###8      | 1902/5000 [4:21:20<11:33:57, 13.44s/it]
 38%|###8      | 1903/5000 [4:21:35<11:49:13, 13.74s/it]
 38%|###8      | 1904/5000 [4:21:49<12:04:15, 14.04s/it]
 38%|###8      | 1905/5000 [4:22:05<12:27:30, 14.49s/it]
 38%|###8      | 1906/5000 [4:22:17<11:57:25, 13.91s/it]
 38%|###8      | 1907/5000 [4:22:30<11:30:58, 13.40s/it]
 38%|###8      | 1908/5000 [4:22:43<11:24:14, 13.28s/it]
 38%|###8      | 1909/5000 [4:22:56<11:32:05, 13.43s/it]
 38%|###8      | 1910/5000 [4:23:07<10:53:27, 12.69s/it]
 38%|###8      | 1911/5000 [4:23:15<9:37:33, 11.22s/it] 
 38%|###8      | 1912/5000 [4:23:23<8:48:31, 10.27s/it]
 38%|###8      | 1913/5000 [4:23:31<8:18:53,  9.70s/it]
 38%|###8      | 1914/5000 [4:23:41<8:18:07,  9.68s/it]
 38%|###8      | 1915/5000 [4:23:50<8:04:47,  9.43s/it]
 38%|###8      | 1916/5000 [4:23:59<7:58:57,  9.32s/it]
 38%|###8      | 1917/5000 [4:24:07<7:41:00,  8.97s/it]
 38%|###8      | 1918/5000 [4:24:16<7:43:13,  9.02s/it]
 38%|###8      | 1919/5000 [4:24:33<9:46:16, 11.42s/it]
 38%|###8      | 1920/5000 [4:24:45<9:54:20, 11.58s/it]
 38%|###8      | 1921/5000 [4:24:55<9:21:35, 10.94s/it]
 38%|###8      | 1922/5000 [4:25:13<11:12:01, 13.10s/it]
 38%|###8      | 1923/5000 [4:25:27<11:23:06, 13.32s/it]
 38%|###8      | 1924/5000 [4:25:39<11:12:55, 13.13s/it]
 38%|###8      | 1925/5000 [4:26:05<14:27:00, 16.92s/it]
 39%|###8      | 1926/5000 [4:26:17<13:15:16, 15.52s/it]
 39%|###8      | 1927/5000 [4:26:34<13:28:23, 15.78s/it]
 39%|###8      | 1928/5000 [4:26:48<12:57:05, 15.18s/it]
 39%|###8      | 1929/5000 [4:27:00<12:21:05, 14.48s/it]
 39%|###8      | 1930/5000 [4:27:10<11:08:13, 13.06s/it]
 39%|###8      | 1931/5000 [4:27:19<9:59:35, 11.72s/it] 
 39%|###8      | 1932/5000 [4:27:30<9:50:52, 11.56s/it]
 39%|###8      | 1933/5000 [4:27:45<10:45:48, 12.63s/it]
 39%|###8      | 1934/5000 [4:28:00<11:27:02, 13.45s/it]
 39%|###8      | 1935/5000 [4:28:12<11:05:00, 13.02s/it]
 39%|###8      | 1936/5000 [4:28:32<12:39:22, 14.87s/it]
 39%|###8      | 1937/5000 [4:28:48<13:07:34, 15.43s/it]
 39%|###8      | 1938/5000 [4:29:01<12:25:10, 14.60s/it]
 39%|###8      | 1939/5000 [4:29:16<12:33:21, 14.77s/it]
 39%|###8      | 1940/5000 [4:29:30<12:13:33, 14.38s/it]
 39%|###8      | 1941/5000 [4:29:40<11:14:21, 13.23s/it]
 39%|###8      | 1942/5000 [4:29:53<11:04:03, 13.03s/it]
 39%|###8      | 1943/5000 [4:30:06<11:01:57, 12.99s/it]
 39%|###8      | 1944/5000 [4:30:23<12:14:26, 14.42s/it]
 39%|###8      | 1945/5000 [4:30:37<12:00:05, 14.14s/it]
 39%|###8      | 1946/5000 [4:30:51<11:53:02, 14.01s/it]
 39%|###8      | 1947/5000 [4:31:08<12:47:19, 15.08s/it]
 39%|###8      | 1948/5000 [4:31:22<12:23:04, 14.61s/it]
 39%|###8      | 1949/5000 [4:31:38<12:46:08, 15.07s/it]
 39%|###9      | 1950/5000 [4:31:53<12:43:48, 15.03s/it]
                                                        

 39%|###9      | 1950/5000 [4:31:53<12:43:48, 15.03s/it]
 39%|###9      | 1951/5000 [4:32:07<12:32:53, 14.82s/it]
 39%|###9      | 1952/5000 [4:32:16<11:06:55, 13.13s/it]
 39%|###9      | 1953/5000 [4:32:25<9:57:29, 11.77s/it] 
 39%|###9      | 1954/5000 [4:32:34<9:15:29, 10.94s/it]
 39%|###9      | 1955/5000 [4:32:43<8:43:44, 10.32s/it]
 39%|###9      | 1956/5000 [4:32:51<8:12:58,  9.72s/it]
 39%|###9      | 1957/5000 [4:33:03<8:47:19, 10.40s/it]
 39%|###9      | 1958/5000 [4:33:18<9:58:04, 11.80s/it]
 39%|###9      | 1959/5000 [4:33:28<9:26:26, 11.18s/it]
 39%|###9      | 1960/5000 [4:33:44<10:37:41, 12.59s/it]
 39%|###9      | 1961/5000 [4:33:57<10:46:40, 12.77s/it]
 39%|###9      | 1962/5000 [4:34:08<10:19:16, 12.23s/it]
 39%|###9      | 1963/5000 [4:34:24<11:23:05, 13.50s/it]
 39%|###9      | 1964/5000 [4:34:38<11:24:41, 13.53s/it]
 39%|###9      | 1965/5000 [4:34:51<11:16:06, 13.37s/it]
 39%|###9      | 1966/5000 [4:35:05<11:24:25, 13.54s/it]
 39%|###9      | 1967/5000 [4:35:19<11:37:13, 13.79s/it]
 39%|###9      | 1968/5000 [4:35:37<12:40:13, 15.04s/it]
 39%|###9      | 1969/5000 [4:35:54<12:58:15, 15.41s/it]
 39%|###9      | 1970/5000 [4:36:07<12:30:51, 14.87s/it]
 39%|###9      | 1971/5000 [4:36:19<11:52:21, 14.11s/it]
 39%|###9      | 1972/5000 [4:36:35<12:17:22, 14.61s/it]
 39%|###9      | 1973/5000 [4:36:50<12:18:58, 14.65s/it]
 39%|###9      | 1974/5000 [4:37:04<12:07:52, 14.43s/it]
 40%|###9      | 1975/5000 [4:37:19<12:20:21, 14.68s/it]
 40%|###9      | 1976/5000 [4:37:34<12:18:54, 14.66s/it]
 40%|###9      | 1977/5000 [4:37:44<11:06:41, 13.23s/it]
 40%|###9      | 1978/5000 [4:37:53<10:07:04, 12.05s/it]
 40%|###9      | 1979/5000 [4:38:06<10:16:43, 12.25s/it]
 40%|###9      | 1980/5000 [4:38:18<10:21:49, 12.35s/it]
 40%|###9      | 1981/5000 [4:38:29<9:54:09, 11.81s/it] 
 40%|###9      | 1982/5000 [4:38:42<10:20:49, 12.34s/it]
 40%|###9      | 1983/5000 [4:38:53<9:56:56, 11.87s/it] 
 40%|###9      | 1984/5000 [4:39:05<9:49:51, 11.73s/it]
 40%|###9      | 1985/5000 [4:39:18<10:12:21, 12.19s/it]
 40%|###9      | 1986/5000 [4:39:31<10:31:11, 12.57s/it]
 40%|###9      | 1987/5000 [4:39:45<10:52:58, 13.00s/it]
 40%|###9      | 1988/5000 [4:39:55<9:56:43, 11.89s/it] 
 40%|###9      | 1989/5000 [4:40:05<9:38:21, 11.52s/it]
 40%|###9      | 1990/5000 [4:40:16<9:26:11, 11.29s/it]
 40%|###9      | 1991/5000 [4:40:26<9:09:00, 10.95s/it]
 40%|###9      | 1992/5000 [4:40:37<9:03:21, 10.84s/it]
 40%|###9      | 1993/5000 [4:40:46<8:39:40, 10.37s/it]
 40%|###9      | 1994/5000 [4:40:56<8:41:03, 10.40s/it]
 40%|###9      | 1995/5000 [4:41:07<8:37:02, 10.32s/it]
 40%|###9      | 1996/5000 [4:41:17<8:31:44, 10.22s/it]
 40%|###9      | 1997/5000 [4:41:28<8:44:04, 10.47s/it]
 40%|###9      | 1998/5000 [4:41:39<8:56:35, 10.72s/it]
 40%|###9      | 1999/5000 [4:41:50<9:01:33, 10.83s/it]
 40%|####      | 2000/5000 [4:42:01<8:59:37, 10.79s/it]
                                                       

 40%|####      | 2000/5000 [4:42:01<8:59:37, 10.79s/it]
{'loss': '1.738', 'grad_norm': '0.4029', 'learning_rate': '0.0003233', 'epoch': '1.059'}
{'loss': '1.752', 'grad_norm': '0.4146', 'learning_rate': '0.0003182', 'epoch': '1.094'}
{'loss': '1.742', 'grad_norm': '0.3669', 'learning_rate': '0.0003129', 'epoch': '1.128'}
{'loss': '1.726', 'grad_norm': '0.3821', 'learning_rate': '0.0003075', 'epoch': '1.162'}
{'loss': '1.738', 'grad_norm': '0.3678', 'learning_rate': '0.000302', 'epoch': '1.196'}
{'loss': '1.692', 'grad_norm': '0.3827', 'learning_rate': '0.0002964', 'epoch': '1.23'}
{'loss': '1.684', 'grad_norm': '0.402', 'learning_rate': '0.0002906', 'epoch': '1.265'}
{'loss': '1.714', 'grad_norm': '0.3822', 'learning_rate': '0.0002848', 'epoch': '1.299'}
{'loss': '1.683', 'grad_norm': '0.3783', 'learning_rate': '0.0002789', 'epoch': '1.333'}
{'loss': '1.673', 'grad_norm': '0.3733', 'learning_rate': '0.0002729', 'epoch': '1.367'}

  0%|          | 0/478 [00:00<?, ?it/s][A

  1%|          | 3/478 [00:00<00:21, 21.92it/s][A

  1%|1         | 6/478 [00:00<00:28, 16.59it/s][A

  2%|1         | 8/478 [00:00<00:29, 15.80it/s][A

  2%|2         | 10/478 [00:00<00:31, 14.98it/s][A

  3%|2         | 12/478 [00:00<00:32, 14.37it/s][A

  3%|2         | 14/478 [00:00<00:32, 14.10it/s][A

  3%|3         | 16/478 [00:01<00:35, 13.18it/s][A

  4%|3         | 18/478 [00:01<00:40, 11.48it/s][A

  4%|4         | 20/478 [00:01<00:40, 11.17it/s][A

  5%|4         | 22/478 [00:01<00:40, 11.23it/s][A

  5%|5         | 24/478 [00:01<00:40, 11.10it/s][A

  5%|5         | 26/478 [00:02<00:40, 11.28it/s][A

  6%|5         | 28/478 [00:02<00:41, 10.83it/s][A

  6%|6         | 30/478 [00:02<00:40, 11.19it/s][A

  7%|6         | 32/478 [00:02<00:38, 11.58it/s][A

  7%|7         | 34/478 [00:02<00:37, 11.81it/s][A

  8%|7         | 36/478 [00:02<00:37, 11.91it/s][A

  8%|7         | 38/478 [00:03<00:36, 12.00it/s][A

  8%|8         | 40/478 [00:03<00:34, 12.56it/s][A

  9%|8         | 42/478 [00:03<00:35, 12.17it/s][A

  9%|9         | 44/478 [00:03<00:36, 11.93it/s][A

 10%|9         | 46/478 [00:03<00:34, 12.49it/s][A

 10%|#         | 48/478 [00:03<00:33, 12.71it/s][A

 10%|#         | 50/478 [00:04<00:33, 12.62it/s][A

 11%|#         | 52/478 [00:04<00:33, 12.71it/s][A

 11%|#1        | 54/478 [00:04<00:33, 12.85it/s][A

 12%|#1        | 56/478 [00:04<00:35, 11.91it/s][A

 12%|#2        | 58/478 [00:04<00:34, 12.12it/s][A

 13%|#2        | 60/478 [00:04<00:33, 12.39it/s][A

 13%|#2        | 62/478 [00:04<00:33, 12.54it/s][A

 13%|#3        | 64/478 [00:05<00:33, 12.26it/s][A

 14%|#3        | 66/478 [00:05<00:32, 12.62it/s][A

 14%|#4        | 68/478 [00:05<00:33, 12.10it/s][A

 15%|#4        | 70/478 [00:05<00:34, 11.77it/s][A

 15%|#5        | 72/478 [00:05<00:36, 11.07it/s][A

 15%|#5        | 74/478 [00:06<00:37, 10.72it/s][A

 16%|#5        | 76/478 [00:06<00:37, 10.65it/s][A

 16%|#6        | 78/478 [00:06<00:37, 10.70it/s][A

 17%|#6        | 80/478 [00:06<00:37, 10.73it/s][A

 17%|#7        | 82/478 [00:06<00:35, 11.26it/s][A

 18%|#7        | 84/478 [00:06<00:33, 11.60it/s][A

 18%|#7        | 86/478 [00:07<00:33, 11.67it/s][A

 18%|#8        | 88/478 [00:07<00:35, 10.95it/s][A

 19%|#8        | 90/478 [00:07<00:37, 10.47it/s][A

 19%|#9        | 92/478 [00:07<00:39,  9.74it/s][A

 19%|#9        | 93/478 [00:07<00:41,  9.37it/s][A

 20%|#9        | 94/478 [00:08<00:40,  9.37it/s][A

 20%|#9        | 95/478 [00:08<00:45,  8.45it/s][A

 20%|##        | 96/478 [00:08<00:51,  7.42it/s][A

 21%|##        | 98/478 [00:08<00:46,  8.12it/s][A

 21%|##        | 99/478 [00:08<00:46,  8.18it/s][A

 21%|##        | 100/478 [00:08<00:45,  8.23it/s][A

 21%|##1       | 101/478 [00:08<00:44,  8.56it/s][A

 21%|##1       | 102/478 [00:09<00:42,  8.80it/s][A

 22%|##1       | 103/478 [00:09<00:42,  8.78it/s][A

 22%|##1       | 104/478 [00:09<00:44,  8.42it/s][A

 22%|##1       | 105/478 [00:09<00:42,  8.78it/s][A

 22%|##2       | 107/478 [00:09<00:40,  9.12it/s][A

 23%|##2       | 108/478 [00:09<00:43,  8.53it/s][A

 23%|##2       | 109/478 [00:09<00:46,  7.91it/s][A

 23%|##3       | 110/478 [00:09<00:44,  8.34it/s][A

 23%|##3       | 112/478 [00:10<00:39,  9.22it/s][A

 24%|##3       | 114/478 [00:10<00:37,  9.71it/s][A

 24%|##4       | 116/478 [00:10<00:35, 10.13it/s][A

 25%|##4       | 118/478 [00:10<00:35, 10.22it/s][A

 25%|##5       | 120/478 [00:10<00:34, 10.43it/s][A

 26%|##5       | 122/478 [00:11<00:32, 10.93it/s][A

 26%|##5       | 124/478 [00:11<00:33, 10.71it/s][A

 26%|##6       | 126/478 [00:11<00:33, 10.60it/s][A

 27%|##6       | 128/478 [00:11<00:32, 10.83it/s][A

 27%|##7       | 130/478 [00:11<00:31, 11.17it/s][A

 28%|##7       | 132/478 [00:11<00:30, 11.26it/s][A

 28%|##8       | 134/478 [00:12<00:29, 11.64it/s][A

 28%|##8       | 136/478 [00:12<00:28, 12.01it/s][A

 29%|##8       | 138/478 [00:12<00:28, 11.79it/s][A

 29%|##9       | 140/478 [00:12<00:27, 12.21it/s][A

 30%|##9       | 142/478 [00:12<00:27, 12.32it/s][A

 30%|###       | 144/478 [00:12<00:26, 12.58it/s][A

 31%|###       | 146/478 [00:13<00:25, 13.00it/s][A

 31%|###       | 148/478 [00:13<00:24, 13.27it/s][A

 31%|###1      | 150/478 [00:13<00:24, 13.51it/s][A

 32%|###1      | 152/478 [00:13<00:23, 13.65it/s][A

 32%|###2      | 154/478 [00:13<00:24, 13.33it/s][A

 33%|###2      | 156/478 [00:13<00:23, 13.97it/s][A

 33%|###3      | 158/478 [00:13<00:23, 13.37it/s][A

 33%|###3      | 160/478 [00:14<00:24, 13.12it/s][A

 34%|###3      | 162/478 [00:14<00:24, 13.04it/s][A

 34%|###4      | 164/478 [00:14<00:23, 13.56it/s][A

 35%|###4      | 166/478 [00:14<00:22, 13.89it/s][A

 35%|###5      | 168/478 [00:14<00:23, 13.37it/s][A

 36%|###5      | 170/478 [00:14<00:23, 13.34it/s][A

 36%|###5      | 172/478 [00:14<00:22, 13.69it/s][A

 36%|###6      | 174/478 [00:15<00:21, 13.84it/s][A

 37%|###6      | 176/478 [00:15<00:23, 12.81it/s][A

 37%|###7      | 178/478 [00:15<00:22, 13.05it/s][A

 38%|###7      | 180/478 [00:15<00:22, 13.31it/s][A

 38%|###8      | 182/478 [00:15<00:22, 13.34it/s][A

 38%|###8      | 184/478 [00:15<00:21, 13.46it/s][A

 39%|###8      | 186/478 [00:16<00:22, 13.10it/s][A

 39%|###9      | 188/478 [00:16<00:22, 12.94it/s][A

 40%|###9      | 190/478 [00:16<00:22, 12.84it/s][A

 40%|####      | 192/478 [00:16<00:24, 11.81it/s][A

 41%|####      | 194/478 [00:16<00:24, 11.39it/s][A

 41%|####1     | 196/478 [00:16<00:25, 10.97it/s][A

 41%|####1     | 198/478 [00:17<00:25, 11.09it/s][A

 42%|####1     | 200/478 [00:17<00:24, 11.37it/s][A

 42%|####2     | 202/478 [00:17<00:23, 11.74it/s][A

 43%|####2     | 204/478 [00:17<00:22, 12.27it/s][A

 43%|####3     | 206/478 [00:17<00:22, 11.97it/s][A

 44%|####3     | 208/478 [00:17<00:21, 12.59it/s][A

 44%|####3     | 210/478 [00:18<00:21, 12.55it/s][A

 44%|####4     | 212/478 [00:18<00:21, 12.38it/s][A

 45%|####4     | 214/478 [00:18<00:20, 12.63it/s][A

 45%|####5     | 216/478 [00:18<00:21, 12.28it/s][A

 46%|####5     | 218/478 [00:18<00:22, 11.55it/s][A

 46%|####6     | 220/478 [00:18<00:22, 11.29it/s][A

 46%|####6     | 222/478 [00:19<00:21, 11.77it/s][A

 47%|####6     | 224/478 [00:19<00:20, 12.29it/s][A

 47%|####7     | 226/478 [00:19<00:20, 12.38it/s][A

 48%|####7     | 228/478 [00:19<00:20, 12.08it/s][A

 48%|####8     | 230/478 [00:19<00:20, 12.10it/s][A

 49%|####8     | 232/478 [00:19<00:21, 11.69it/s][A

 49%|####8     | 234/478 [00:20<00:21, 11.60it/s][A

 49%|####9     | 236/478 [00:20<00:21, 11.30it/s][A

 50%|####9     | 238/478 [00:20<00:22, 10.51it/s][A

 50%|#####     | 240/478 [00:20<00:22, 10.51it/s][A

 51%|#####     | 242/478 [00:20<00:22, 10.46it/s][A

 51%|#####1    | 244/478 [00:21<00:23,  9.99it/s][A

 51%|#####1    | 246/478 [00:21<00:23,  9.74it/s][A

 52%|#####1    | 248/478 [00:21<00:24,  9.57it/s][A

 52%|#####2    | 249/478 [00:21<00:24,  9.28it/s][A

 52%|#####2    | 250/478 [00:21<00:26,  8.51it/s][A

 53%|#####2    | 251/478 [00:21<00:28,  7.90it/s][A

 53%|#####2    | 252/478 [00:22<00:29,  7.68it/s][A

 53%|#####2    | 253/478 [00:22<00:29,  7.64it/s][A

 53%|#####3    | 254/478 [00:22<00:29,  7.47it/s][A

 53%|#####3    | 255/478 [00:22<00:30,  7.33it/s][A

 54%|#####3    | 257/478 [00:22<00:27,  7.94it/s][A

 54%|#####3    | 258/478 [00:22<00:26,  8.20it/s][A

 54%|#####4    | 260/478 [00:23<00:25,  8.57it/s][A

 55%|#####4    | 261/478 [00:23<00:25,  8.60it/s][A

 55%|#####4    | 262/478 [00:23<00:24,  8.65it/s][A

 55%|#####5    | 263/478 [00:23<00:25,  8.58it/s][A

 55%|#####5    | 264/478 [00:23<00:24,  8.62it/s][A

 56%|#####5    | 266/478 [00:23<00:23,  9.13it/s][A

 56%|#####6    | 268/478 [00:23<00:22,  9.21it/s][A

 56%|#####6    | 269/478 [00:24<00:23,  9.08it/s][A

 56%|#####6    | 270/478 [00:24<00:22,  9.07it/s][A

 57%|#####6    | 272/478 [00:24<00:21,  9.72it/s][A

 57%|#####7    | 273/478 [00:24<00:21,  9.67it/s][A

 57%|#####7    | 274/478 [00:24<00:20,  9.73it/s][A

 58%|#####7    | 276/478 [00:24<00:19, 10.15it/s][A

 58%|#####8    | 278/478 [00:24<00:19, 10.48it/s][A

 59%|#####8    | 280/478 [00:25<00:18, 10.54it/s][A

 59%|#####8    | 282/478 [00:25<00:17, 10.94it/s][A

 59%|#####9    | 284/478 [00:25<00:17, 10.79it/s][A

 60%|#####9    | 286/478 [00:25<00:16, 11.30it/s][A

 60%|######    | 288/478 [00:25<00:17, 10.98it/s][A

 61%|######    | 290/478 [00:26<00:16, 11.14it/s][A

 61%|######1   | 292/478 [00:26<00:15, 11.82it/s][A

 62%|######1   | 294/478 [00:26<00:15, 11.77it/s][A

 62%|######1   | 296/478 [00:26<00:15, 11.92it/s][A

 62%|######2   | 298/478 [00:26<00:15, 11.97it/s][A

 63%|######2   | 300/478 [00:26<00:15, 11.60it/s][A

 63%|######3   | 302/478 [00:27<00:15, 11.62it/s][A

 64%|######3   | 304/478 [00:27<00:15, 11.40it/s][A

 64%|######4   | 306/478 [00:27<00:15, 10.82it/s][A

 64%|######4   | 308/478 [00:27<00:16, 10.09it/s][A

 65%|######4   | 310/478 [00:27<00:17,  9.60it/s][A

 65%|######5   | 312/478 [00:28<00:17,  9.36it/s][A

 65%|######5   | 313/478 [00:28<00:17,  9.35it/s][A

 66%|######5   | 314/478 [00:28<00:17,  9.22it/s][A

 66%|######5   | 315/478 [00:28<00:17,  9.19it/s][A

 66%|######6   | 316/478 [00:28<00:18,  8.85it/s][A

 66%|######6   | 317/478 [00:28<00:18,  8.64it/s][A

 67%|######6   | 318/478 [00:28<00:21,  7.57it/s][A

 67%|######6   | 319/478 [00:29<00:22,  7.11it/s][A

 67%|######6   | 320/478 [00:29<00:21,  7.42it/s][A

 67%|######7   | 321/478 [00:29<00:20,  7.74it/s][A

 67%|######7   | 322/478 [00:29<00:19,  8.01it/s][A

 68%|######7   | 323/478 [00:29<00:19,  7.79it/s][A

 68%|######7   | 324/478 [00:29<00:19,  8.05it/s][A

 68%|######7   | 325/478 [00:29<00:18,  8.35it/s][A

 68%|######8   | 326/478 [00:29<00:17,  8.54it/s][A

 69%|######8   | 328/478 [00:30<00:15,  9.38it/s][A

 69%|######9   | 330/478 [00:30<00:15,  9.52it/s][A

 69%|######9   | 332/478 [00:30<00:13, 10.64it/s][A

 70%|######9   | 334/478 [00:30<00:12, 11.11it/s][A

 70%|#######   | 336/478 [00:30<00:12, 11.48it/s][A

 71%|#######   | 338/478 [00:30<00:12, 11.24it/s][A

 71%|#######1  | 340/478 [00:31<00:12, 11.24it/s][A

 72%|#######1  | 342/478 [00:31<00:11, 11.95it/s][A

 72%|#######1  | 344/478 [00:31<00:11, 12.14it/s][A

 72%|#######2  | 346/478 [00:31<00:10, 13.07it/s][A

 73%|#######2  | 348/478 [00:31<00:10, 12.29it/s][A

 73%|#######3  | 350/478 [00:31<00:10, 12.34it/s][A

 74%|#######3  | 352/478 [00:32<00:10, 11.97it/s][A

 74%|#######4  | 354/478 [00:32<00:11, 11.11it/s][A

 74%|#######4  | 356/478 [00:32<00:11, 10.88it/s][A

 75%|#######4  | 358/478 [00:32<00:10, 11.12it/s][A

 75%|#######5  | 360/478 [00:32<00:10, 10.82it/s][A

 76%|#######5  | 362/478 [00:32<00:10, 11.16it/s][A

 76%|#######6  | 364/478 [00:33<00:10, 11.39it/s][A

 77%|#######6  | 366/478 [00:33<00:10, 10.91it/s][A

 77%|#######6  | 368/478 [00:33<00:10, 10.49it/s][A

 77%|#######7  | 370/478 [00:33<00:10,  9.91it/s][A

 78%|#######7  | 372/478 [00:34<00:13,  7.89it/s][A

 78%|#######8  | 373/478 [00:34<00:13,  7.59it/s][A

 78%|#######8  | 374/478 [00:34<00:13,  7.53it/s][A

 78%|#######8  | 375/478 [00:34<00:13,  7.67it/s][A

 79%|#######8  | 376/478 [00:34<00:12,  7.87it/s][A

 79%|#######8  | 377/478 [00:34<00:12,  7.81it/s][A

 79%|#######9  | 378/478 [00:34<00:12,  8.17it/s][A

 79%|#######9  | 379/478 [00:35<00:11,  8.41it/s][A

 79%|#######9  | 380/478 [00:35<00:11,  8.76it/s][A

 80%|#######9  | 381/478 [00:35<00:11,  8.70it/s][A

 80%|#######9  | 382/478 [00:35<00:10,  9.02it/s][A

 80%|########  | 384/478 [00:35<00:09,  9.43it/s][A

 81%|########  | 386/478 [00:35<00:09, 10.05it/s][A

 81%|########1 | 388/478 [00:35<00:08, 10.32it/s][A

 82%|########1 | 390/478 [00:36<00:08, 10.40it/s][A

 82%|########2 | 392/478 [00:36<00:08, 10.57it/s][A

 82%|########2 | 394/478 [00:36<00:07, 10.56it/s][A

 83%|########2 | 396/478 [00:36<00:08, 10.03it/s][A

 83%|########3 | 398/478 [00:36<00:08,  9.33it/s][A

 83%|########3 | 399/478 [00:37<00:08,  9.15it/s][A

 84%|########3 | 400/478 [00:37<00:08,  8.78it/s][A

 84%|########3 | 401/478 [00:37<00:08,  8.70it/s][A

 84%|########4 | 402/478 [00:37<00:08,  8.66it/s][A

 84%|########4 | 403/478 [00:37<00:08,  8.80it/s][A

 85%|########4 | 405/478 [00:37<00:07,  9.57it/s][A

 85%|########5 | 407/478 [00:37<00:07, 10.03it/s][A

 86%|########5 | 409/478 [00:38<00:06, 10.59it/s][A

 86%|########5 | 411/478 [00:38<00:06, 11.10it/s][A

 86%|########6 | 413/478 [00:38<00:05, 11.00it/s][A

 87%|########6 | 415/478 [00:38<00:06,  9.67it/s][A

 87%|########7 | 416/478 [00:38<00:06,  9.40it/s][A

 87%|########7 | 417/478 [00:38<00:06,  8.76it/s][A

 87%|########7 | 418/478 [00:39<00:06,  8.67it/s][A

 88%|########7 | 419/478 [00:39<00:06,  8.78it/s][A

 88%|########7 | 420/478 [00:39<00:06,  8.83it/s][A

 88%|########8 | 421/478 [00:39<00:06,  8.96it/s][A

 88%|########8 | 422/478 [00:39<00:06,  9.18it/s][A

 89%|########8 | 424/478 [00:39<00:05, 10.17it/s][A

 89%|########9 | 426/478 [00:39<00:04, 10.80it/s][A

 90%|########9 | 428/478 [00:40<00:04, 10.51it/s][A

 90%|########9 | 430/478 [00:40<00:04, 11.06it/s][A

 90%|######### | 432/478 [00:40<00:04, 10.84it/s][A

 91%|######### | 434/478 [00:40<00:03, 11.15it/s][A

 91%|#########1| 436/478 [00:40<00:03, 11.40it/s][A

 92%|#########1| 438/478 [00:40<00:03, 11.14it/s][A

 92%|#########2| 440/478 [00:41<00:03, 11.24it/s][A

 92%|#########2| 442/478 [00:41<00:03, 11.36it/s][A

 93%|#########2| 444/478 [00:41<00:02, 11.71it/s][A

 93%|#########3| 446/478 [00:41<00:02, 11.22it/s][A

 94%|#########3| 448/478 [00:41<00:02, 11.09it/s][A

 94%|#########4| 450/478 [00:41<00:02, 11.40it/s][A

 95%|#########4| 452/478 [00:42<00:02, 10.68it/s][A

 95%|#########4| 454/478 [00:42<00:02,  9.86it/s][A

 95%|#########5| 456/478 [00:42<00:02,  9.53it/s][A

 96%|#########5| 457/478 [00:42<00:02,  9.24it/s][A

 96%|#########6| 459/478 [00:42<00:01,  9.57it/s][A

 96%|#########6| 461/478 [00:43<00:01, 10.04it/s][A

 97%|#########6| 463/478 [00:43<00:01, 10.75it/s][A

 97%|#########7| 465/478 [00:43<00:01, 10.58it/s][A

 98%|#########7| 467/478 [00:43<00:01, 10.04it/s][A

 98%|#########8| 469/478 [00:43<00:00,  9.75it/s][A

 98%|#########8| 470/478 [00:44<00:00,  9.50it/s][A

 99%|#########8| 472/478 [00:44<00:00,  9.73it/s][A

 99%|#########9| 474/478 [00:44<00:00, 10.18it/s][A

100%|#########9| 476/478 [00:44<00:00,  9.82it/s][A

100%|#########9| 477/478 [00:44<00:00,  9.55it/s][A

100%|##########| 478/478 [00:44<00:00,  9.11it/s][A
                                                       


                                                 
[A
 40%|####      | 2000/5000 [4:42:46<8:59:37, 10.79s/it]

100%|##########| 478/478 [00:44<00:00,  9.11it/s][A

{'eval_loss': '1.997', 'eval_runtime': '44.97', 'eval_samples_per_second': '21.26', 'eval_steps_per_second': '10.63', 'epoch': '1.367'}
                                                 [A

Writing model shards:   0%|          | 0/1 [00:00<?, ?it/s][A

Writing model shards: 100%|##########| 1/1 [00:01<00:00,  1.48s/it][A
Writing model shards: 100%|##########| 1/1 [00:01<00:00,  1.48s/it]

 40%|####      | 2001/5000 [4:43:05<22:22:52, 26.87s/it]
 40%|####      | 2002/5000 [4:43:18<18:46:49, 22.55s/it]
 40%|####      | 2003/5000 [4:43:31<16:23:53, 19.70s/it]
 40%|####      | 2004/5000 [4:43:41<14:09:01, 17.00s/it]
 40%|####      | 2005/5000 [4:43:51<12:10:42, 14.64s/it]
 40%|####      | 2006/5000 [4:44:01<11:05:38, 13.34s/it]
 40%|####      | 2007/5000 [4:44:13<10:42:19, 12.88s/it]
 40%|####      | 2008/5000 [4:44:24<10:17:43, 12.39s/it]
 40%|####      | 2009/5000 [4:44:36<10:06:52, 12.17s/it]
 40%|####      | 2010/5000 [4:44:45<9:25:31, 11.35s/it] 
 40%|####      | 2011/5000 [4:44:57<9:29:58, 11.44s/it]
 40%|####      | 2012/5000 [4:45:09<9:51:15, 11.87s/it]
 40%|####      | 2013/5000 [4:45:21<9:41:16, 11.68s/it]
 40%|####      | 2014/5000 [4:46:06<17:59:32, 21.69s/it]
 40%|####      | 2015/5000 [4:46:56<25:04:14, 30.24s/it]
 40%|####      | 2016/5000 [4:47:24<24:33:22, 29.63s/it]
 40%|####      | 2017/5000 [4:47:33<19:29:23, 23.52s/it]
 40%|####      | 2018/5000 [4:47:43<15:57:41, 19.27s/it]
 40%|####      | 2019/5000 [4:47:51<13:10:57, 15.92s/it]
 40%|####      | 2020/5000 [4:48:00<11:34:17, 13.98s/it]
 40%|####      | 2021/5000 [4:48:10<10:26:58, 12.63s/it]
 40%|####      | 2022/5000 [4:48:19<9:43:01, 11.75s/it] 
 40%|####      | 2023/5000 [4:48:33<10:16:26, 12.42s/it]
 40%|####      | 2024/5000 [4:48:45<10:08:40, 12.27s/it]
 40%|####      | 2025/5000 [4:48:58<10:13:09, 12.37s/it]
 41%|####      | 2026/5000 [4:49:11<10:25:37, 12.62s/it]
 41%|####      | 2027/5000 [4:49:24<10:24:01, 12.59s/it]
