W0909 12:14:25.595000 25620 .venv\Lib\site-packages\torch\utils\flop_counter.py:113] triton not found; flop counting will not work for triton kernels
[train] blocks: train=46811 val=956 seq_len=1024
[train] params=100.7M vocab=32768 fp16=True grad_ckpt=True

  0%|          | 0/2000 [00:00<?, ?it/s]
  0%|          | 1/2000 [00:01<34:25,  1.03s/it]
  0%|          | 2/2000 [00:01<24:12,  1.38it/s]
  0%|          | 3/2000 [00:02<21:03,  1.58it/s]
  0%|          | 4/2000 [00:02<19:36,  1.70it/s]
  0%|          | 5/2000 [00:03<18:47,  1.77it/s]
  0%|          | 6/2000 [00:03<18:17,  1.82it/s]
  0%|          | 7/2000 [00:04<17:59,  1.85it/s]
  0%|          | 8/2000 [00:04<17:37,  1.88it/s]
  0%|          | 9/2000 [00:05<17:31,  1.89it/s]
  0%|          | 10/2000 [00:05<17:34,  1.89it/s]
  1%|          | 11/2000 [00:06<17:22,  1.91it/s]
  1%|          | 12/2000 [00:06<17:22,  1.91it/s]
  1%|          | 13/2000 [00:07<17:20,  1.91it/s]
  1%|          | 14/2000 [00:07<17:20,  1.91it/s]
  1%|          | 15/2000 [00:08<17:16,  1.91it/s]
  1%|          | 16/2000 [00:08<17:26,  1.90it/s]
  1%|          | 17/2000 [00:09<17:22,  1.90it/s]
  1%|          | 18/2000 [00:09<17:21,  1.90it/s]
  1%|          | 19/2000 [00:10<17:28,  1.89it/s]
  1%|1         | 20/2000 [00:10<17:14,  1.91it/s]
  1%|1         | 21/2000 [00:11<17:14,  1.91it/s]
  1%|1         | 22/2000 [00:12<17:23,  1.90it/s]
  1%|1         | 23/2000 [00:12<17:16,  1.91it/s]
  1%|1         | 24/2000 [00:13<17:21,  1.90it/s]
  1%|1         | 25/2000 [00:13<17:22,  1.89it/s]
                                                 

  1%|1         | 25/2000 [00:13<17:22,  1.89it/s]
  1%|1         | 26/2000 [00:14<17:23,  1.89it/s]
  1%|1         | 27/2000 [00:14<17:10,  1.91it/s]
  1%|1         | 28/2000 [00:15<17:14,  1.91it/s]
  1%|1         | 29/2000 [00:15<17:19,  1.90it/s]
  2%|1         | 30/2000 [00:16<17:25,  1.88it/s]
  2%|1         | 31/2000 [00:16<17:19,  1.89it/s]
  2%|1         | 32/2000 [00:17<17:16,  1.90it/s]
  2%|1         | 33/2000 [00:17<17:22,  1.89it/s]
  2%|1         | 34/2000 [00:18<17:19,  1.89it/s]
  2%|1         | 35/2000 [00:18<17:14,  1.90it/s]
  2%|1         | 36/2000 [00:19<17:21,  1.89it/s]
  2%|1         | 37/2000 [00:19<17:16,  1.89it/s]
  2%|1         | 38/2000 [00:20<17:22,  1.88it/s]
  2%|1         | 39/2000 [00:21<17:28,  1.87it/s]
  2%|2         | 40/2000 [00:21<17:26,  1.87it/s]
  2%|2         | 41/2000 [00:22<17:22,  1.88it/s]
  2%|2         | 42/2000 [00:22<17:22,  1.88it/s]
  2%|2         | 43/2000 [00:23<17:25,  1.87it/s]
  2%|2         | 44/2000 [00:23<17:21,  1.88it/s]
  2%|2         | 45/2000 [00:24<17:22,  1.88it/s]
  2%|2         | 46/2000 [00:24<17:25,  1.87it/s]
  2%|2         | 47/2000 [00:25<17:27,  1.87it/s]
  2%|2         | 48/2000 [00:25<17:19,  1.88it/s]
  2%|2         | 49/2000 [00:26<17:16,  1.88it/s]
  2%|2         | 50/2000 [00:26<17:23,  1.87it/s]
                                                 

  2%|2         | 50/2000 [00:26<17:23,  1.87it/s]
  3%|2         | 51/2000 [00:27<17:19,  1.87it/s]
  3%|2         | 52/2000 [00:27<17:29,  1.86it/s]
  3%|2         | 53/2000 [00:28<17:37,  1.84it/s]
  3%|2         | 54/2000 [00:29<17:35,  1.84it/s]
  3%|2         | 55/2000 [00:29<17:49,  1.82it/s]
  3%|2         | 56/2000 [00:30<17:59,  1.80it/s]
  3%|2         | 57/2000 [00:30<18:01,  1.80it/s]
  3%|2         | 58/2000 [00:31<18:09,  1.78it/s]
  3%|2         | 59/2000 [00:31<18:04,  1.79it/s]
  3%|3         | 60/2000 [00:32<18:00,  1.80it/s]
  3%|3         | 61/2000 [00:32<17:58,  1.80it/s]
  3%|3         | 62/2000 [00:33<18:05,  1.78it/s]
  3%|3         | 63/2000 [00:34<18:03,  1.79it/s]
  3%|3         | 64/2000 [00:34<18:09,  1.78it/s]
  3%|3         | 65/2000 [00:35<18:01,  1.79it/s]
  3%|3         | 66/2000 [00:35<18:08,  1.78it/s]
  3%|3         | 67/2000 [00:36<18:26,  1.75it/s]
  3%|3         | 68/2000 [00:36<18:18,  1.76it/s]
  3%|3         | 69/2000 [00:37<18:28,  1.74it/s]
  4%|3         | 70/2000 [00:38<18:25,  1.75it/s]
  4%|3         | 71/2000 [00:38<18:24,  1.75it/s]
  4%|3         | 72/2000 [00:39<18:15,  1.76it/s]
  4%|3         | 73/2000 [00:39<18:12,  1.76it/s]
  4%|3         | 74/2000 [00:40<18:15,  1.76it/s]
  4%|3         | 75/2000 [00:40<18:12,  1.76it/s]
                                                 

  4%|3         | 75/2000 [00:40<18:12,  1.76it/s]
  4%|3         | 76/2000 [00:41<18:06,  1.77it/s]
  4%|3         | 77/2000 [00:42<18:05,  1.77it/s]
  4%|3         | 78/2000 [00:42<17:53,  1.79it/s]
  4%|3         | 79/2000 [00:43<18:02,  1.77it/s]
  4%|4         | 80/2000 [00:43<18:02,  1.77it/s]
  4%|4         | 81/2000 [00:44<18:10,  1.76it/s]
  4%|4         | 82/2000 [00:44<18:12,  1.76it/s]
  4%|4         | 83/2000 [00:45<18:07,  1.76it/s]
  4%|4         | 84/2000 [00:46<18:05,  1.77it/s]
  4%|4         | 85/2000 [00:46<18:07,  1.76it/s]
  4%|4         | 86/2000 [00:47<17:57,  1.78it/s]
  4%|4         | 87/2000 [00:47<18:02,  1.77it/s]
  4%|4         | 88/2000 [00:48<18:00,  1.77it/s]
  4%|4         | 89/2000 [00:48<17:58,  1.77it/s]
  4%|4         | 90/2000 [00:49<17:57,  1.77it/s]
  5%|4         | 91/2000 [00:49<18:05,  1.76it/s]
  5%|4         | 92/2000 [00:50<18:01,  1.76it/s]
  5%|4         | 93/2000 [00:51<18:03,  1.76it/s]
  5%|4         | 94/2000 [00:51<18:17,  1.74it/s]
  5%|4         | 95/2000 [00:52<18:36,  1.71it/s]
  5%|4         | 96/2000 [00:52<18:52,  1.68it/s]
  5%|4         | 97/2000 [00:53<19:06,  1.66it/s]
  5%|4         | 98/2000 [00:54<18:46,  1.69it/s]
  5%|4         | 99/2000 [00:54<18:45,  1.69it/s]
  5%|5         | 100/2000 [00:55<18:48,  1.68it/s]
                                                  

{'loss': '9.307', 'grad_norm': '2.325', 'learning_rate': '9.6e-05', 'epoch': '0.004272'}
{'loss': '7.203', 'grad_norm': '1.437', 'learning_rate': '0.000196', 'epoch': '0.008545'}
{'loss': '6.219', 'grad_norm': '1.782', 'learning_rate': '0.000296', 'epoch': '0.01282'}
{'loss': '5.829', 'grad_norm': '1.369', 'learning_rate': '0.000396', 'epoch': '0.01709'}
  5%|5         | 100/2000 [00:55<18:48,  1.68it/s]

  0%|          | 0/239 [00:00<?, ?it/s][A

  1%|1         | 3/239 [00:00<00:11, 21.14it/s][A

  3%|2         | 6/239 [00:00<00:14, 15.70it/s][A

  3%|3         | 8/239 [00:00<00:15, 15.25it/s][A

  4%|4         | 10/239 [00:00<00:15, 14.50it/s][A

  5%|5         | 12/239 [00:00<00:16, 14.13it/s][A

  6%|5         | 14/239 [00:00<00:16, 13.87it/s][A

  7%|6         | 16/239 [00:01<00:16, 13.83it/s][A

  8%|7         | 18/239 [00:01<00:16, 13.29it/s][A

  8%|8         | 20/239 [00:01<00:16, 13.54it/s][A

  9%|9         | 22/239 [00:01<00:16, 13.47it/s][A

 10%|#         | 24/239 [00:01<00:16, 13.37it/s][A

 11%|#         | 26/239 [00:01<00:16, 12.81it/s][A

 12%|#1        | 28/239 [00:02<00:15, 13.57it/s][A

 13%|#2        | 30/239 [00:02<00:15, 13.55it/s][A

 13%|#3        | 32/239 [00:02<00:15, 13.28it/s][A

 14%|#4        | 34/239 [00:02<00:15, 13.13it/s][A

 15%|#5        | 36/239 [00:02<00:15, 13.37it/s][A

 16%|#5        | 38/239 [00:02<00:14, 13.64it/s][A

 17%|#6        | 40/239 [00:02<00:15, 13.14it/s][A

 18%|#7        | 42/239 [00:03<00:14, 13.61it/s][A

 18%|#8        | 44/239 [00:03<00:14, 13.30it/s][A

 19%|#9        | 46/239 [00:03<00:14, 13.35it/s][A

 20%|##        | 48/239 [00:03<00:13, 13.71it/s][A

 21%|##        | 50/239 [00:03<00:14, 13.36it/s][A

 22%|##1       | 52/239 [00:03<00:14, 13.13it/s][A

 23%|##2       | 54/239 [00:03<00:13, 13.35it/s][A

 23%|##3       | 56/239 [00:04<00:13, 13.28it/s][A

 24%|##4       | 58/239 [00:04<00:13, 13.19it/s][A

 25%|##5       | 60/239 [00:04<00:13, 13.59it/s][A

 26%|##5       | 62/239 [00:04<00:13, 13.19it/s][A

 27%|##6       | 64/239 [00:04<00:13, 13.31it/s][A

 28%|##7       | 66/239 [00:04<00:12, 13.32it/s][A

 28%|##8       | 68/239 [00:05<00:12, 13.33it/s][A

 29%|##9       | 70/239 [00:05<00:12, 13.31it/s][A

 30%|###       | 72/239 [00:05<00:12, 13.09it/s][A

 31%|###       | 74/239 [00:05<00:12, 13.19it/s][A

 32%|###1      | 76/239 [00:05<00:11, 13.63it/s][A

 33%|###2      | 78/239 [00:05<00:12, 12.66it/s][A

 33%|###3      | 80/239 [00:05<00:11, 13.28it/s][A

 34%|###4      | 82/239 [00:06<00:12, 12.98it/s][A

 35%|###5      | 84/239 [00:06<00:12, 12.58it/s][A

 36%|###5      | 86/239 [00:06<00:11, 12.77it/s][A

 37%|###6      | 88/239 [00:06<00:11, 12.92it/s][A

 38%|###7      | 90/239 [00:06<00:11, 12.42it/s][A

 38%|###8      | 92/239 [00:06<00:11, 12.94it/s][A

 39%|###9      | 94/239 [00:07<00:11, 12.83it/s][A

 40%|####      | 96/239 [00:07<00:11, 12.25it/s][A

 41%|####1     | 98/239 [00:07<00:11, 12.70it/s][A

 42%|####1     | 100/239 [00:07<00:11, 12.30it/s][A

 43%|####2     | 102/239 [00:07<00:10, 12.66it/s][A

 44%|####3     | 104/239 [00:07<00:10, 12.56it/s][A

 44%|####4     | 106/239 [00:07<00:10, 12.55it/s][A

 45%|####5     | 108/239 [00:08<00:10, 13.01it/s][A

 46%|####6     | 110/239 [00:08<00:10, 12.05it/s][A

 47%|####6     | 112/239 [00:08<00:10, 12.53it/s][A

 48%|####7     | 114/239 [00:08<00:10, 11.75it/s][A

 49%|####8     | 116/239 [00:08<00:10, 11.98it/s][A

 49%|####9     | 118/239 [00:09<00:11, 10.84it/s][A

 50%|#####     | 120/239 [00:09<00:11, 10.27it/s][A

 51%|#####1    | 122/239 [00:09<00:11, 10.37it/s][A

 52%|#####1    | 124/239 [00:09<00:11, 10.28it/s][A

 53%|#####2    | 126/239 [00:09<00:10, 10.65it/s][A

 54%|#####3    | 128/239 [00:10<00:10, 10.39it/s][A

 54%|#####4    | 130/239 [00:10<00:10, 10.39it/s][A

 55%|#####5    | 132/239 [00:10<00:10, 10.50it/s][A

 56%|#####6    | 134/239 [00:10<00:09, 11.30it/s][A

 57%|#####6    | 136/239 [00:10<00:09, 11.36it/s][A

 58%|#####7    | 138/239 [00:10<00:08, 11.70it/s][A

 59%|#####8    | 140/239 [00:11<00:08, 12.30it/s][A

 59%|#####9    | 142/239 [00:11<00:08, 12.03it/s][A

 60%|######    | 144/239 [00:11<00:08, 11.22it/s][A

 61%|######1   | 146/239 [00:11<00:08, 11.44it/s][A

 62%|######1   | 148/239 [00:11<00:07, 11.95it/s][A

 63%|######2   | 150/239 [00:11<00:07, 11.17it/s][A

 64%|######3   | 152/239 [00:12<00:07, 11.24it/s][A

 64%|######4   | 154/239 [00:12<00:07, 11.61it/s][A

 65%|######5   | 156/239 [00:12<00:07, 11.39it/s][A

 66%|######6   | 158/239 [00:12<00:06, 11.94it/s][A

 67%|######6   | 160/239 [00:12<00:06, 11.71it/s][A

 68%|######7   | 162/239 [00:12<00:06, 11.41it/s][A

 69%|######8   | 164/239 [00:13<00:06, 12.09it/s][A

 69%|######9   | 166/239 [00:13<00:06, 11.69it/s][A

 70%|#######   | 168/239 [00:13<00:05, 12.04it/s][A

 71%|#######1  | 170/239 [00:13<00:05, 12.03it/s][A

 72%|#######1  | 172/239 [00:13<00:05, 11.87it/s][A

 73%|#######2  | 174/239 [00:13<00:05, 12.07it/s][A

 74%|#######3  | 176/239 [00:14<00:05, 12.22it/s][A

 74%|#######4  | 178/239 [00:14<00:04, 12.69it/s][A

 75%|#######5  | 180/239 [00:14<00:04, 11.94it/s][A

 76%|#######6  | 182/239 [00:14<00:04, 12.17it/s][A

 77%|#######6  | 184/239 [00:14<00:04, 12.62it/s][A

 78%|#######7  | 186/239 [00:14<00:04, 11.83it/s][A

 79%|#######8  | 188/239 [00:15<00:04, 12.12it/s][A

 79%|#######9  | 190/239 [00:15<00:03, 12.25it/s][A

 80%|########  | 192/239 [00:15<00:03, 12.35it/s][A

 81%|########1 | 194/239 [00:15<00:03, 11.74it/s][A

 82%|########2 | 196/239 [00:15<00:03, 11.48it/s][A

 83%|########2 | 198/239 [00:15<00:03, 12.00it/s][A

 84%|########3 | 200/239 [00:16<00:03, 12.18it/s][A

 85%|########4 | 202/239 [00:16<00:03, 11.95it/s][A

 85%|########5 | 204/239 [00:16<00:02, 11.97it/s][A

 86%|########6 | 206/239 [00:16<00:02, 11.99it/s][A

 87%|########7 | 208/239 [00:16<00:02, 12.02it/s][A

 88%|########7 | 210/239 [00:16<00:02, 12.03it/s][A

 89%|########8 | 212/239 [00:17<00:02, 11.22it/s][A

 90%|########9 | 214/239 [00:17<00:02, 10.53it/s][A

 90%|######### | 216/239 [00:17<00:02, 10.17it/s][A

 91%|#########1| 218/239 [00:17<00:01, 10.60it/s][A

 92%|#########2| 220/239 [00:17<00:01, 11.13it/s][A

 93%|#########2| 222/239 [00:18<00:01, 11.48it/s][A

 94%|#########3| 224/239 [00:18<00:01, 11.65it/s][A

 95%|#########4| 226/239 [00:18<00:01, 11.91it/s][A

 95%|#########5| 228/239 [00:18<00:00, 11.73it/s][A

 96%|#########6| 230/239 [00:18<00:00, 12.01it/s][A

 97%|#########7| 232/239 [00:18<00:00, 11.72it/s][A

 98%|#########7| 234/239 [00:19<00:00, 11.48it/s][A

 99%|#########8| 236/239 [00:19<00:00, 11.92it/s][A

100%|#########9| 238/239 [00:19<00:00, 12.51it/s][A
                                                  


                                                 
[A
  5%|5         | 100/2000 [01:14<18:48,  1.68it/s]

100%|##########| 239/239 [00:19<00:00, 12.51it/s][A

                                                 [A
{'eval_loss': '5.617', 'eval_runtime': '19.56', 'eval_samples_per_second': '48.88', 'eval_steps_per_second': '12.22', 'epoch': '0.01709'}

Writing model shards:   0%|          | 0/1 [00:00<?, ?it/s][A

Writing model shards: 100%|##########| 1/1 [00:00<00:00,  1.13it/s][A
Writing model shards: 100%|##########| 1/1 [00:00<00:00,  1.13it/s]

  5%|5         | 101/2000 [01:17<3:44:10,  7.08s/it]
  5%|5         | 102/2000 [01:18<2:42:41,  5.14s/it]
  5%|5         | 103/2000 [01:18<1:59:34,  3.78s/it]
  5%|5         | 104/2000 [01:19<1:29:42,  2.84s/it]
  5%|5         | 105/2000 [01:19<1:08:17,  2.16s/it]
  5%|5         | 106/2000 [01:20<53:29,  1.69s/it]  
  5%|5         | 107/2000 [01:21<43:05,  1.37s/it]
  5%|5         | 108/2000 [01:21<35:51,  1.14s/it]
  5%|5         | 109/2000 [01:22<30:39,  1.03it/s]
  6%|5         | 110/2000 [01:22<26:50,  1.17it/s]
  6%|5         | 111/2000 [01:23<24:28,  1.29it/s]
  6%|5         | 112/2000 [01:24<23:03,  1.36it/s]
  6%|5         | 113/2000 [01:24<21:45,  1.45it/s]
  6%|5         | 114/2000 [01:25<20:41,  1.52it/s]
  6%|5         | 115/2000 [01:25<19:51,  1.58it/s]
  6%|5         | 116/2000 [01:26<19:23,  1.62it/s]
  6%|5         | 117/2000 [01:27<19:05,  1.64it/s]
  6%|5         | 118/2000 [01:27<19:00,  1.65it/s]
  6%|5         | 119/2000 [01:28<19:07,  1.64it/s]
  6%|6         | 120/2000 [01:28<19:14,  1.63it/s]
  6%|6         | 121/2000 [01:29<19:27,  1.61it/s]
  6%|6         | 122/2000 [01:30<19:28,  1.61it/s]
  6%|6         | 123/2000 [01:30<19:24,  1.61it/s]
  6%|6         | 124/2000 [01:31<19:21,  1.62it/s]
  6%|6         | 125/2000 [01:32<19:28,  1.60it/s]
                                                  

  6%|6         | 125/2000 [01:32<19:28,  1.60it/s]
  6%|6         | 126/2000 [01:32<19:27,  1.61it/s]
  6%|6         | 127/2000 [01:33<19:49,  1.58it/s]
  6%|6         | 128/2000 [01:34<20:25,  1.53it/s]
  6%|6         | 129/2000 [01:34<20:44,  1.50it/s]
  6%|6         | 130/2000 [01:35<20:37,  1.51it/s]
  7%|6         | 131/2000 [01:36<21:10,  1.47it/s]
  7%|6         | 132/2000 [01:36<21:46,  1.43it/s]
  7%|6         | 133/2000 [01:37<21:58,  1.42it/s]
  7%|6         | 134/2000 [01:38<22:19,  1.39it/s]
  7%|6         | 135/2000 [01:39<22:15,  1.40it/s]
  7%|6         | 136/2000 [01:39<22:36,  1.37it/s]
  7%|6         | 137/2000 [01:40<21:37,  1.44it/s]
  7%|6         | 138/2000 [01:41<20:43,  1.50it/s]
  7%|6         | 139/2000 [01:41<20:28,  1.51it/s]
  7%|7         | 140/2000 [01:42<19:52,  1.56it/s]
  7%|7         | 141/2000 [01:42<19:36,  1.58it/s]
  7%|7         | 142/2000 [01:43<19:38,  1.58it/s]
  7%|7         | 143/2000 [01:44<20:10,  1.53it/s]
  7%|7         | 144/2000 [01:45<21:32,  1.44it/s]
  7%|7         | 145/2000 [01:45<22:05,  1.40it/s]
  7%|7         | 146/2000 [01:46<22:34,  1.37it/s]
  7%|7         | 147/2000 [01:47<22:42,  1.36it/s]
  7%|7         | 148/2000 [01:48<23:40,  1.30it/s]
  7%|7         | 149/2000 [01:48<23:29,  1.31it/s]
  8%|7         | 150/2000 [01:49<23:01,  1.34it/s]
                                                  

  8%|7         | 150/2000 [01:49<23:01,  1.34it/s]
  8%|7         | 151/2000 [01:50<22:12,  1.39it/s]
  8%|7         | 152/2000 [01:50<21:24,  1.44it/s]
  8%|7         | 153/2000 [01:51<20:58,  1.47it/s]
  8%|7         | 154/2000 [01:52<20:06,  1.53it/s]
  8%|7         | 155/2000 [01:52<19:47,  1.55it/s]
  8%|7         | 156/2000 [01:53<19:41,  1.56it/s]
  8%|7         | 157/2000 [01:54<19:40,  1.56it/s]
  8%|7         | 158/2000 [01:54<19:22,  1.58it/s]
  8%|7         | 159/2000 [01:55<19:17,  1.59it/s]
  8%|8         | 160/2000 [01:55<19:06,  1.60it/s]
  8%|8         | 161/2000 [01:56<19:27,  1.58it/s]
  8%|8         | 162/2000 [01:57<21:34,  1.42it/s]
  8%|8         | 163/2000 [01:58<20:52,  1.47it/s]
  8%|8         | 164/2000 [01:58<20:32,  1.49it/s]
  8%|8         | 165/2000 [01:59<20:02,  1.53it/s]
  8%|8         | 166/2000 [01:59<19:46,  1.55it/s]
  8%|8         | 167/2000 [02:00<19:29,  1.57it/s]
  8%|8         | 168/2000 [02:01<19:43,  1.55it/s]
  8%|8         | 169/2000 [02:01<19:58,  1.53it/s]
  8%|8         | 170/2000 [02:02<19:51,  1.54it/s]
  9%|8         | 171/2000 [02:03<20:56,  1.46it/s]
  9%|8         | 172/2000 [02:03<20:27,  1.49it/s]
  9%|8         | 173/2000 [02:04<20:38,  1.48it/s]
  9%|8         | 174/2000 [02:05<20:59,  1.45it/s]
  9%|8         | 175/2000 [02:06<21:55,  1.39it/s]
                                                  

  9%|8         | 175/2000 [02:06<21:55,  1.39it/s]
  9%|8         | 176/2000 [02:06<21:22,  1.42it/s]
  9%|8         | 177/2000 [02:07<21:04,  1.44it/s]
  9%|8         | 178/2000 [02:08<20:56,  1.45it/s]
  9%|8         | 179/2000 [02:08<21:39,  1.40it/s]
  9%|9         | 180/2000 [02:09<21:54,  1.38it/s]
  9%|9         | 181/2000 [02:10<21:48,  1.39it/s]
  9%|9         | 182/2000 [02:11<21:18,  1.42it/s]
  9%|9         | 183/2000 [02:11<20:41,  1.46it/s]
  9%|9         | 184/2000 [02:12<20:29,  1.48it/s]
  9%|9         | 185/2000 [02:12<20:23,  1.48it/s]
  9%|9         | 186/2000 [02:13<20:43,  1.46it/s]
  9%|9         | 187/2000 [02:14<21:09,  1.43it/s]
  9%|9         | 188/2000 [02:15<21:54,  1.38it/s]
  9%|9         | 189/2000 [02:16<22:46,  1.33it/s]
 10%|9         | 190/2000 [02:16<22:11,  1.36it/s]
 10%|9         | 191/2000 [02:17<21:48,  1.38it/s]
 10%|9         | 192/2000 [02:18<21:23,  1.41it/s]
 10%|9         | 193/2000 [02:18<20:51,  1.44it/s]
 10%|9         | 194/2000 [02:19<20:18,  1.48it/s]
 10%|9         | 195/2000 [02:20<19:57,  1.51it/s]
 10%|9         | 196/2000 [02:20<20:04,  1.50it/s]
 10%|9         | 197/2000 [02:21<20:31,  1.46it/s]
 10%|9         | 198/2000 [02:22<20:04,  1.50it/s]
 10%|9         | 199/2000 [02:22<19:44,  1.52it/s]
 10%|#         | 200/2000 [02:23<19:15,  1.56it/s]
                                                  

{'loss': '5.51', 'grad_norm': '1.181', 'learning_rate': '0.0003998', 'epoch': '0.02136'}
{'loss': '5.272', 'grad_norm': '1.237', 'learning_rate': '0.0003993', 'epoch': '0.02563'}
{'loss': '5.068', 'grad_norm': '1.056', 'learning_rate': '0.0003985', 'epoch': '0.02991'}
{'loss': '4.873', 'grad_norm': '1.308', 'learning_rate': '0.0003973', 'epoch': '0.03418'}
 10%|#         | 200/2000 [02:23<19:15,  1.56it/s]

  0%|          | 0/239 [00:00<?, ?it/s][A

  1%|1         | 3/239 [00:00<00:10, 22.57it/s][A

  3%|2         | 6/239 [00:00<00:15, 15.23it/s][A

  3%|3         | 8/239 [00:00<00:16, 13.77it/s][A

  4%|4         | 10/239 [00:00<00:17, 13.03it/s][A

  5%|5         | 12/239 [00:00<00:17, 13.20it/s][A

  6%|5         | 14/239 [00:01<00:17, 12.61it/s][A

  7%|6         | 16/239 [00:01<00:19, 11.53it/s][A

  8%|7         | 18/239 [00:01<00:18, 12.19it/s][A

  8%|8         | 20/239 [00:01<00:17, 12.73it/s][A

  9%|9         | 22/239 [00:01<00:17, 12.55it/s][A

 10%|#         | 24/239 [00:01<00:17, 12.35it/s][A

 11%|#         | 26/239 [00:02<00:17, 12.07it/s][A

 12%|#1        | 28/239 [00:02<00:17, 12.13it/s][A

 13%|#2        | 30/239 [00:02<00:16, 12.40it/s][A

 13%|#3        | 32/239 [00:02<00:16, 12.70it/s][A

 14%|#4        | 34/239 [00:02<00:16, 12.76it/s][A

 15%|#5        | 36/239 [00:02<00:16, 12.16it/s][A

 16%|#5        | 38/239 [00:02<00:15, 12.94it/s][A

 17%|#6        | 40/239 [00:03<00:15, 12.73it/s][A

 18%|#7        | 42/239 [00:03<00:15, 12.73it/s][A

 18%|#8        | 44/239 [00:03<00:15, 12.39it/s][A

 19%|#9        | 46/239 [00:03<00:15, 12.39it/s][A

 20%|##        | 48/239 [00:03<00:15, 12.52it/s][A

 21%|##        | 50/239 [00:03<00:14, 12.89it/s][A

 22%|##1       | 52/239 [00:04<00:15, 12.38it/s][A

 23%|##2       | 54/239 [00:04<00:15, 12.16it/s][A

 23%|##3       | 56/239 [00:04<00:15, 11.95it/s][A

 24%|##4       | 58/239 [00:04<00:14, 12.15it/s][A

 25%|##5       | 60/239 [00:04<00:14, 11.94it/s][A

 26%|##5       | 62/239 [00:04<00:14, 12.20it/s][A

 27%|##6       | 64/239 [00:05<00:14, 12.41it/s][A

 28%|##7       | 66/239 [00:05<00:13, 12.72it/s][A

 28%|##8       | 68/239 [00:05<00:13, 12.31it/s][A

 29%|##9       | 70/239 [00:05<00:13, 12.78it/s][A

 30%|###       | 72/239 [00:05<00:13, 12.71it/s][A

 31%|###       | 74/239 [00:05<00:13, 12.09it/s][A

 32%|###1      | 76/239 [00:06<00:12, 12.85it/s][A

 33%|###2      | 78/239 [00:06<00:12, 12.63it/s][A

 33%|###3      | 80/239 [00:06<00:12, 12.36it/s][A

 34%|###4      | 82/239 [00:06<00:12, 12.56it/s][A

 35%|###5      | 84/239 [00:06<00:12, 12.74it/s][A

 36%|###5      | 86/239 [00:06<00:11, 12.76it/s][A

 37%|###6      | 88/239 [00:06<00:11, 12.80it/s][A

 38%|###7      | 90/239 [00:07<00:11, 13.01it/s][A

 38%|###8      | 92/239 [00:07<00:11, 12.98it/s][A

 39%|###9      | 94/239 [00:07<00:10, 13.20it/s][A

 40%|####      | 96/239 [00:07<00:11, 12.27it/s][A

 41%|####1     | 98/239 [00:07<00:11, 12.78it/s][A

 42%|####1     | 100/239 [00:07<00:10, 12.75it/s][A

 43%|####2     | 102/239 [00:08<00:11, 12.04it/s][A

 44%|####3     | 104/239 [00:08<00:10, 12.90it/s][A

 44%|####4     | 106/239 [00:08<00:10, 12.83it/s][A

 45%|####5     | 108/239 [00:08<00:10, 12.75it/s][A

 46%|####6     | 110/239 [00:08<00:11, 11.51it/s][A

 47%|####6     | 112/239 [00:08<00:10, 11.67it/s][A

 48%|####7     | 114/239 [00:09<00:10, 11.95it/s][A

 49%|####8     | 116/239 [00:09<00:10, 12.15it/s][A

 49%|####9     | 118/239 [00:09<00:10, 11.73it/s][A

 50%|#####     | 120/239 [00:09<00:10, 11.88it/s][A

 51%|#####1    | 122/239 [00:09<00:09, 12.56it/s][A

 52%|#####1    | 124/239 [00:09<00:10, 11.44it/s][A

 53%|#####2    | 126/239 [00:10<00:09, 11.77it/s][A

 54%|#####3    | 128/239 [00:10<00:09, 12.07it/s][A

 54%|#####4    | 130/239 [00:10<00:08, 12.16it/s][A

 55%|#####5    | 132/239 [00:10<00:08, 11.93it/s][A

 56%|#####6    | 134/239 [00:10<00:08, 12.48it/s][A

 57%|#####6    | 136/239 [00:10<00:08, 12.29it/s][A

 58%|#####7    | 138/239 [00:11<00:07, 12.66it/s][A

 59%|#####8    | 140/239 [00:11<00:08, 11.93it/s][A

 59%|#####9    | 142/239 [00:11<00:07, 12.13it/s][A

 60%|######    | 144/239 [00:11<00:07, 12.01it/s][A

 61%|######1   | 146/239 [00:11<00:07, 12.43it/s][A

 62%|######1   | 148/239 [00:11<00:07, 12.11it/s][A

 63%|######2   | 150/239 [00:12<00:07, 11.99it/s][A

 64%|######3   | 152/239 [00:12<00:06, 12.47it/s][A

 64%|######4   | 154/239 [00:12<00:06, 12.61it/s][A

 65%|######5   | 156/239 [00:12<00:06, 12.20it/s][A

 66%|######6   | 158/239 [00:12<00:06, 12.67it/s][A

 67%|######6   | 160/239 [00:12<00:06, 12.84it/s][A

 68%|######7   | 162/239 [00:12<00:06, 12.57it/s][A

 69%|######8   | 164/239 [00:13<00:06, 11.55it/s][A

 69%|######9   | 166/239 [00:13<00:06, 11.83it/s][A

 70%|#######   | 168/239 [00:13<00:05, 12.21it/s][A

 71%|#######1  | 170/239 [00:13<00:05, 12.15it/s][A

 72%|#######1  | 172/239 [00:13<00:05, 12.28it/s][A

 73%|#######2  | 174/239 [00:14<00:05, 11.84it/s][A

 74%|#######3  | 176/239 [00:14<00:04, 12.60it/s][A

 74%|#######4  | 178/239 [00:14<00:04, 12.56it/s][A

 75%|#######5  | 180/239 [00:14<00:04, 12.20it/s][A

 76%|#######6  | 182/239 [00:14<00:04, 12.37it/s][A

 77%|#######6  | 184/239 [00:14<00:04, 12.40it/s][A

 78%|#######7  | 186/239 [00:14<00:04, 12.90it/s][A

 79%|#######8  | 188/239 [00:15<00:03, 12.94it/s][A

 79%|#######9  | 190/239 [00:15<00:04, 12.01it/s][A

 80%|########  | 192/239 [00:15<00:03, 12.72it/s][A

 81%|########1 | 194/239 [00:15<00:03, 12.50it/s][A

 82%|########2 | 196/239 [00:15<00:03, 12.91it/s][A

 83%|########2 | 198/239 [00:15<00:03, 12.78it/s][A

 84%|########3 | 200/239 [00:16<00:03, 12.79it/s][A

 85%|########4 | 202/239 [00:16<00:02, 13.13it/s][A

 85%|########5 | 204/239 [00:16<00:02, 12.96it/s][A

 86%|########6 | 206/239 [00:16<00:02, 13.28it/s][A

 87%|########7 | 208/239 [00:16<00:02, 12.68it/s][A

 88%|########7 | 210/239 [00:16<00:02, 13.04it/s][A

 89%|########8 | 212/239 [00:17<00:02, 12.29it/s][A

 90%|########9 | 214/239 [00:17<00:01, 13.00it/s][A

 90%|######### | 216/239 [00:17<00:01, 12.94it/s][A

 91%|#########1| 218/239 [00:17<00:01, 12.46it/s][A

 92%|#########2| 220/239 [00:17<00:01, 12.30it/s][A

 93%|#########2| 222/239 [00:17<00:01, 12.60it/s][A

 94%|#########3| 224/239 [00:17<00:01, 12.79it/s][A

 95%|#########4| 226/239 [00:18<00:01, 12.94it/s][A

 95%|#########5| 228/239 [00:18<00:00, 12.31it/s][A

 96%|#########6| 230/239 [00:18<00:00, 12.92it/s][A

 97%|#########7| 232/239 [00:18<00:00, 12.81it/s][A

 98%|#########7| 234/239 [00:18<00:00, 12.75it/s][A

 99%|#########8| 236/239 [00:18<00:00, 12.71it/s][A

100%|#########9| 238/239 [00:19<00:00, 12.78it/s][A
                                                  


                                                 
[A
 10%|#         | 200/2000 [02:42<19:15,  1.56it/s]

100%|##########| 239/239 [00:19<00:00, 12.78it/s][A

{'eval_loss': '4.741', 'eval_runtime': '19.2', 'eval_samples_per_second': '49.8', 'eval_steps_per_second': '12.45', 'epoch': '0.03418'}
                                                 [A

Writing model shards:   0%|          | 0/1 [00:00<?, ?it/s][A

Writing model shards: 100%|##########| 1/1 [00:00<00:00,  1.75it/s][A
Writing model shards: 100%|##########| 1/1 [00:00<00:00,  1.70it/s]

 10%|#         | 201/2000 [02:44<3:25:41,  6.86s/it]
 10%|#         | 202/2000 [02:45<2:29:26,  4.99s/it]
 10%|#         | 203/2000 [02:45<1:49:49,  3.67s/it]
 10%|#         | 204/2000 [02:46<1:22:06,  2.74s/it]
 10%|#         | 205/2000 [02:47<1:02:56,  2.10s/it]
 10%|#         | 206/2000 [02:47<49:37,  1.66s/it]  
 10%|#         | 207/2000 [02:48<40:19,  1.35s/it]
 10%|#         | 208/2000 [02:48<33:42,  1.13s/it]
 10%|#         | 209/2000 [02:49<29:24,  1.01it/s]
 10%|#         | 210/2000 [02:50<26:19,  1.13it/s]
 11%|#         | 211/2000 [02:50<24:14,  1.23it/s]
 11%|#         | 212/2000 [02:51<22:23,  1.33it/s]
 11%|#         | 213/2000 [02:52<21:30,  1.38it/s]
 11%|#         | 214/2000 [02:52<20:45,  1.43it/s]
 11%|#         | 215/2000 [02:53<20:49,  1.43it/s]
 11%|#         | 216/2000 [02:54<21:05,  1.41it/s]
 11%|#         | 217/2000 [02:54<20:41,  1.44it/s]
 11%|#         | 218/2000 [02:55<19:41,  1.51it/s]
 11%|#         | 219/2000 [02:56<19:09,  1.55it/s]
 11%|#1        | 220/2000 [02:56<18:54,  1.57it/s]
 11%|#1        | 221/2000 [02:57<18:36,  1.59it/s]
 11%|#1        | 222/2000 [02:57<18:36,  1.59it/s]
 11%|#1        | 223/2000 [02:58<18:32,  1.60it/s]
 11%|#1        | 224/2000 [02:59<18:11,  1.63it/s]
 11%|#1        | 225/2000 [02:59<18:14,  1.62it/s]
                                                  

 11%|#1        | 225/2000 [02:59<18:14,  1.62it/s]
 11%|#1        | 226/2000 [03:00<18:16,  1.62it/s]
 11%|#1        | 227/2000 [03:01<18:38,  1.59it/s]
 11%|#1        | 228/2000 [03:01<19:28,  1.52it/s]
 11%|#1        | 229/2000 [03:02<20:20,  1.45it/s]
 12%|#1        | 230/2000 [03:03<20:00,  1.47it/s]
 12%|#1        | 231/2000 [03:03<19:29,  1.51it/s]
 12%|#1        | 232/2000 [03:04<18:56,  1.56it/s]
 12%|#1        | 233/2000 [03:05<18:51,  1.56it/s]
 12%|#1        | 234/2000 [03:05<20:13,  1.46it/s]
 12%|#1        | 235/2000 [03:06<19:58,  1.47it/s]
 12%|#1        | 236/2000 [03:07<19:39,  1.50it/s]
 12%|#1        | 237/2000 [03:07<19:03,  1.54it/s]
 12%|#1        | 238/2000 [03:08<18:58,  1.55it/s]
 12%|#1        | 239/2000 [03:09<19:04,  1.54it/s]
 12%|#2        | 240/2000 [03:09<19:17,  1.52it/s]
 12%|#2        | 241/2000 [03:10<19:03,  1.54it/s]
 12%|#2        | 242/2000 [03:11<19:11,  1.53it/s]
 12%|#2        | 243/2000 [03:11<19:22,  1.51it/s]
 12%|#2        | 244/2000 [03:12<19:44,  1.48it/s]
 12%|#2        | 245/2000 [03:13<19:32,  1.50it/s]
 12%|#2        | 246/2000 [03:13<19:39,  1.49it/s]
 12%|#2        | 247/2000 [03:14<20:04,  1.46it/s]
 12%|#2        | 248/2000 [03:15<20:43,  1.41it/s]
 12%|#2        | 249/2000 [03:15<19:52,  1.47it/s]
 12%|#2        | 250/2000 [03:16<19:11,  1.52it/s]
                                                  

 12%|#2        | 250/2000 [03:16<19:11,  1.52it/s]
 13%|#2        | 251/2000 [03:17<19:23,  1.50it/s]
 13%|#2        | 252/2000 [03:17<19:17,  1.51it/s]
 13%|#2        | 253/2000 [03:18<18:50,  1.54it/s]
 13%|#2        | 254/2000 [03:18<18:36,  1.56it/s]
 13%|#2        | 255/2000 [03:19<18:47,  1.55it/s]
 13%|#2        | 256/2000 [03:20<18:57,  1.53it/s]
 13%|#2        | 257/2000 [03:20<19:04,  1.52it/s]
 13%|#2        | 258/2000 [03:21<19:04,  1.52it/s]
 13%|#2        | 259/2000 [03:22<19:03,  1.52it/s]
 13%|#3        | 260/2000 [03:22<19:03,  1.52it/s]
 13%|#3        | 261/2000 [03:23<19:13,  1.51it/s]
 13%|#3        | 262/2000 [03:24<18:56,  1.53it/s]
 13%|#3        | 263/2000 [03:24<19:26,  1.49it/s]
 13%|#3        | 264/2000 [03:25<19:15,  1.50it/s]
 13%|#3        | 265/2000 [03:26<19:23,  1.49it/s]
 13%|#3        | 266/2000 [03:26<18:55,  1.53it/s]
 13%|#3        | 267/2000 [03:27<18:47,  1.54it/s]
 13%|#3        | 268/2000 [03:28<18:58,  1.52it/s]
 13%|#3        | 269/2000 [03:28<19:02,  1.51it/s]
 14%|#3        | 270/2000 [03:29<18:56,  1.52it/s]
 14%|#3        | 271/2000 [03:30<18:52,  1.53it/s]
 14%|#3        | 272/2000 [03:30<19:27,  1.48it/s]
 14%|#3        | 273/2000 [03:31<20:16,  1.42it/s]
 14%|#3        | 274/2000 [03:32<20:38,  1.39it/s]
 14%|#3        | 275/2000 [03:33<20:40,  1.39it/s]
                                                  

 14%|#3        | 275/2000 [03:33<20:40,  1.39it/s]
 14%|#3        | 276/2000 [03:33<20:44,  1.38it/s]
 14%|#3        | 277/2000 [03:34<20:14,  1.42it/s]
 14%|#3        | 278/2000 [03:35<20:06,  1.43it/s]
 14%|#3        | 279/2000 [03:35<19:25,  1.48it/s]
 14%|#4        | 280/2000 [03:36<19:02,  1.51it/s]
 14%|#4        | 281/2000 [03:37<18:45,  1.53it/s]
 14%|#4        | 282/2000 [03:37<20:19,  1.41it/s]
 14%|#4        | 283/2000 [03:38<19:32,  1.46it/s]
 14%|#4        | 284/2000 [03:39<19:23,  1.47it/s]
 14%|#4        | 285/2000 [03:39<18:52,  1.51it/s]
 14%|#4        | 286/2000 [03:40<18:30,  1.54it/s]
 14%|#4        | 287/2000 [03:41<18:54,  1.51it/s]
 14%|#4        | 288/2000 [03:41<18:50,  1.51it/s]
 14%|#4        | 289/2000 [03:42<18:57,  1.50it/s]
 14%|#4        | 290/2000 [03:43<18:45,  1.52it/s]
 15%|#4        | 291/2000 [03:43<18:15,  1.56it/s]
 15%|#4        | 292/2000 [03:44<17:59,  1.58it/s]
 15%|#4        | 293/2000 [03:45<17:43,  1.61it/s]
 15%|#4        | 294/2000 [03:45<17:40,  1.61it/s]
 15%|#4        | 295/2000 [03:46<17:38,  1.61it/s]
 15%|#4        | 296/2000 [03:46<17:28,  1.63it/s]
 15%|#4        | 297/2000 [03:47<17:38,  1.61it/s]
 15%|#4        | 298/2000 [03:48<17:38,  1.61it/s]
 15%|#4        | 299/2000 [03:48<17:49,  1.59it/s]
 15%|#5        | 300/2000 [03:49<17:53,  1.58it/s]
                                                  

{'loss': '4.701', 'grad_norm': '1.126', 'learning_rate': '0.0003958', 'epoch': '0.03845'}
{'loss': '4.552', 'grad_norm': '0.8998', 'learning_rate': '0.000394', 'epoch': '0.04272'}
{'loss': '4.436', 'grad_norm': '0.9062', 'learning_rate': '0.0003918', 'epoch': '0.047'}
{'loss': '4.447', 'grad_norm': '0.876', 'learning_rate': '0.0003893', 'epoch': '0.05127'}
 15%|#5        | 300/2000 [03:49<17:53,  1.58it/s]

  0%|          | 0/239 [00:00<?, ?it/s][A

  1%|1         | 3/239 [00:00<00:12, 18.31it/s][A

  2%|2         | 5/239 [00:00<00:14, 15.91it/s][A

  3%|2         | 7/239 [00:00<00:15, 14.53it/s][A

  4%|3         | 9/239 [00:00<00:16, 13.56it/s][A

  5%|4         | 11/239 [00:00<00:16, 13.76it/s][A

  5%|5         | 13/239 [00:00<00:17, 12.87it/s][A

  6%|6         | 15/239 [00:01<00:16, 13.21it/s][A

  7%|7         | 17/239 [00:01<00:17, 13.02it/s][A

  8%|7         | 19/239 [00:01<00:16, 13.09it/s][A

  9%|8         | 21/239 [00:01<00:16, 13.14it/s][A

 10%|9         | 23/239 [00:01<00:17, 12.67it/s][A

 10%|#         | 25/239 [00:01<00:16, 13.36it/s][A

 11%|#1        | 27/239 [00:02<00:16, 13.13it/s][A

 12%|#2        | 29/239 [00:02<00:16, 12.62it/s][A

 13%|#2        | 31/239 [00:02<00:16, 12.70it/s][A

 14%|#3        | 33/239 [00:02<00:16, 12.52it/s][A

 15%|#4        | 35/239 [00:02<00:15, 12.93it/s][A

 15%|#5        | 37/239 [00:02<00:16, 11.97it/s][A

 16%|#6        | 39/239 [00:02<00:15, 12.66it/s][A

 17%|#7        | 41/239 [00:03<00:15, 12.74it/s][A

 18%|#7        | 43/239 [00:03<00:15, 12.62it/s][A

 19%|#8        | 45/239 [00:03<00:15, 12.47it/s][A

 20%|#9        | 47/239 [00:03<00:16, 11.94it/s][A

 21%|##        | 49/239 [00:03<00:16, 11.31it/s][A

 21%|##1       | 51/239 [00:04<00:17, 11.02it/s][A

 22%|##2       | 53/239 [00:04<00:16, 11.07it/s][A

 23%|##3       | 55/239 [00:04<00:17, 10.54it/s][A

 24%|##3       | 57/239 [00:04<00:16, 10.74it/s][A

 25%|##4       | 59/239 [00:04<00:17, 10.23it/s][A

 26%|##5       | 61/239 [00:05<00:17, 10.13it/s][A

 26%|##6       | 63/239 [00:05<00:16, 10.80it/s][A

 27%|##7       | 65/239 [00:05<00:15, 10.99it/s][A

 28%|##8       | 67/239 [00:05<00:15, 10.90it/s][A

 29%|##8       | 69/239 [00:05<00:15, 10.93it/s][A

 30%|##9       | 71/239 [00:05<00:15, 11.17it/s][A

 31%|###       | 73/239 [00:06<00:14, 11.81it/s][A

 31%|###1      | 75/239 [00:06<00:13, 11.88it/s][A

 32%|###2      | 77/239 [00:06<00:13, 12.33it/s][A

 33%|###3      | 79/239 [00:06<00:14, 11.33it/s][A

 34%|###3      | 81/239 [00:06<00:15, 10.35it/s][A

 35%|###4      | 83/239 [00:06<00:14, 10.40it/s][A

 36%|###5      | 85/239 [00:07<00:15, 10.15it/s][A

 36%|###6      | 87/239 [00:07<00:14, 10.53it/s][A

 37%|###7      | 89/239 [00:07<00:14, 10.67it/s][A

 38%|###8      | 91/239 [00:07<00:13, 11.06it/s][A

 39%|###8      | 93/239 [00:07<00:13, 11.17it/s][A

 40%|###9      | 95/239 [00:08<00:13, 10.97it/s][A

 41%|####      | 97/239 [00:08<00:12, 11.35it/s][A

 41%|####1     | 99/239 [00:08<00:11, 11.76it/s][A

 42%|####2     | 101/239 [00:08<00:11, 11.65it/s][A

 43%|####3     | 103/239 [00:08<00:12, 11.02it/s][A

 44%|####3     | 105/239 [00:08<00:11, 11.18it/s][A

 45%|####4     | 107/239 [00:09<00:11, 11.01it/s][A

 46%|####5     | 109/239 [00:09<00:11, 11.63it/s][A

 46%|####6     | 111/239 [00:09<00:10, 12.33it/s][A

 47%|####7     | 113/239 [00:09<00:10, 12.40it/s][A

 48%|####8     | 115/239 [00:09<00:10, 12.09it/s][A

 49%|####8     | 117/239 [00:09<00:10, 11.91it/s][A

 50%|####9     | 119/239 [00:10<00:09, 12.46it/s][A

 51%|#####     | 121/239 [00:10<00:09, 12.23it/s][A

 51%|#####1    | 123/239 [00:10<00:09, 12.61it/s][A

 52%|#####2    | 125/239 [00:10<00:08, 12.72it/s][A

 53%|#####3    | 127/239 [00:10<00:08, 12.49it/s][A

 54%|#####3    | 129/239 [00:10<00:09, 11.90it/s][A

 55%|#####4    | 131/239 [00:11<00:08, 12.47it/s][A

 56%|#####5    | 133/239 [00:11<00:08, 12.88it/s][A

 56%|#####6    | 135/239 [00:11<00:08, 12.80it/s][A

 57%|#####7    | 137/239 [00:11<00:08, 12.74it/s][A

 58%|#####8    | 139/239 [00:11<00:07, 12.85it/s][A

 59%|#####8    | 141/239 [00:11<00:07, 13.03it/s][A

 60%|#####9    | 143/239 [00:11<00:07, 12.92it/s][A

 61%|######    | 145/239 [00:12<00:07, 12.36it/s][A

 62%|######1   | 147/239 [00:12<00:07, 12.87it/s][A

 62%|######2   | 149/239 [00:12<00:06, 12.87it/s][A

 63%|######3   | 151/239 [00:12<00:07, 12.35it/s][A

 64%|######4   | 153/239 [00:12<00:06, 12.85it/s][A

 65%|######4   | 155/239 [00:12<00:06, 13.19it/s][A

 66%|######5   | 157/239 [00:13<00:06, 13.01it/s][A

 67%|######6   | 159/239 [00:13<00:06, 13.01it/s][A

 67%|######7   | 161/239 [00:13<00:05, 13.14it/s][A

 68%|######8   | 163/239 [00:13<00:05, 12.87it/s][A

 69%|######9   | 165/239 [00:13<00:05, 13.30it/s][A

 70%|######9   | 167/239 [00:13<00:05, 12.32it/s][A

 71%|#######   | 169/239 [00:14<00:05, 12.50it/s][A

 72%|#######1  | 171/239 [00:14<00:05, 12.66it/s][A

 72%|#######2  | 173/239 [00:14<00:04, 13.21it/s][A

 73%|#######3  | 175/239 [00:14<00:04, 13.01it/s][A

 74%|#######4  | 177/239 [00:14<00:04, 12.90it/s][A

 75%|#######4  | 179/239 [00:14<00:04, 12.81it/s][A

 76%|#######5  | 181/239 [00:14<00:04, 12.36it/s][A

 77%|#######6  | 183/239 [00:15<00:04, 12.51it/s][A

 77%|#######7  | 185/239 [00:15<00:04, 12.67it/s][A

 78%|#######8  | 187/239 [00:15<00:04, 12.02it/s][A

 79%|#######9  | 189/239 [00:15<00:04, 12.47it/s][A

 80%|#######9  | 191/239 [00:15<00:04, 11.69it/s][A

 81%|########  | 193/239 [00:15<00:04, 11.23it/s][A

 82%|########1 | 195/239 [00:16<00:03, 11.33it/s][A

 82%|########2 | 197/239 [00:16<00:03, 11.45it/s][A

 83%|########3 | 199/239 [00:16<00:03, 12.02it/s][A

 84%|########4 | 201/239 [00:16<00:03, 11.53it/s][A

 85%|########4 | 203/239 [00:16<00:03, 11.86it/s][A

 86%|########5 | 205/239 [00:16<00:02, 11.75it/s][A

 87%|########6 | 207/239 [00:17<00:02, 11.86it/s][A

 87%|########7 | 209/239 [00:17<00:02, 12.08it/s][A

 88%|########8 | 211/239 [00:17<00:02, 12.65it/s][A

 89%|########9 | 213/239 [00:17<00:02, 12.03it/s][A

 90%|########9 | 215/239 [00:17<00:01, 12.17it/s][A

 91%|######### | 217/239 [00:17<00:01, 12.21it/s][A

 92%|#########1| 219/239 [00:18<00:01, 12.45it/s][A

 92%|#########2| 221/239 [00:18<00:01, 11.80it/s][A

 93%|#########3| 223/239 [00:18<00:01, 12.38it/s][A

 94%|#########4| 225/239 [00:18<00:01, 11.67it/s][A

 95%|#########4| 227/239 [00:18<00:01, 11.41it/s][A

 96%|#########5| 229/239 [00:19<00:00, 11.11it/s][A

 97%|#########6| 231/239 [00:19<00:00, 10.88it/s][A

 97%|#########7| 233/239 [00:19<00:00, 11.26it/s][A

 98%|#########8| 235/239 [00:19<00:00, 11.77it/s][A

 99%|#########9| 237/239 [00:19<00:00, 11.67it/s][A

100%|##########| 239/239 [00:19<00:00, 10.71it/s][A
                                                  


                                                 
[A
 15%|#5        | 300/2000 [04:09<17:53,  1.58it/s]

100%|##########| 239/239 [00:19<00:00, 10.71it/s][A

                                                 [A
{'eval_loss': '4.397', 'eval_runtime': '20.01', 'eval_samples_per_second': '47.79', 'eval_steps_per_second': '11.95', 'epoch': '0.05127'}

Writing model shards:   0%|          | 0/1 [00:00<?, ?it/s][A

Writing model shards: 100%|##########| 1/1 [00:00<00:00,  1.58it/s][A
Writing model shards: 100%|##########| 1/1 [00:00<00:00,  1.58it/s]

 15%|#5        | 301/2000 [04:11<3:22:55,  7.17s/it]
 15%|#5        | 302/2000 [04:12<2:27:07,  5.20s/it]
 15%|#5        | 303/2000 [04:13<1:48:04,  3.82s/it]
 15%|#5        | 304/2000 [04:13<1:20:28,  2.85s/it]
 15%|#5        | 305/2000 [04:14<1:01:15,  2.17s/it]
 15%|#5        | 306/2000 [04:14<48:01,  1.70s/it]  
 15%|#5        | 307/2000 [04:15<39:08,  1.39s/it]
 15%|#5        | 308/2000 [04:16<32:54,  1.17s/it]
 15%|#5        | 309/2000 [04:16<29:02,  1.03s/it]
 16%|#5        | 310/2000 [04:17<26:19,  1.07it/s]
 16%|#5        | 311/2000 [04:18<24:02,  1.17it/s]
 16%|#5        | 312/2000 [04:18<22:01,  1.28it/s]
 16%|#5        | 313/2000 [04:19<20:50,  1.35it/s]
 16%|#5        | 314/2000 [04:20<19:37,  1.43it/s]
 16%|#5        | 315/2000 [04:20<19:09,  1.47it/s]
 16%|#5        | 316/2000 [04:21<18:43,  1.50it/s]
 16%|#5        | 317/2000 [04:21<18:33,  1.51it/s]
 16%|#5        | 318/2000 [04:22<18:35,  1.51it/s]
 16%|#5        | 319/2000 [04:23<18:27,  1.52it/s]
 16%|#6        | 320/2000 [04:23<18:06,  1.55it/s]
 16%|#6        | 321/2000 [04:24<18:00,  1.55it/s]
 16%|#6        | 322/2000 [04:25<18:34,  1.51it/s]
 16%|#6        | 323/2000 [04:25<19:08,  1.46it/s]
 16%|#6        | 324/2000 [04:26<19:22,  1.44it/s]
 16%|#6        | 325/2000 [04:27<19:22,  1.44it/s]
                                                  

 16%|#6        | 325/2000 [04:27<19:22,  1.44it/s]
 16%|#6        | 326/2000 [04:28<19:30,  1.43it/s]
 16%|#6        | 327/2000 [04:28<18:57,  1.47it/s]
 16%|#6        | 328/2000 [04:29<18:17,  1.52it/s]
 16%|#6        | 329/2000 [04:29<18:14,  1.53it/s]
 16%|#6        | 330/2000 [04:30<18:12,  1.53it/s]
 17%|#6        | 331/2000 [04:31<17:45,  1.57it/s]
 17%|#6        | 332/2000 [04:31<17:58,  1.55it/s]
 17%|#6        | 333/2000 [04:32<17:43,  1.57it/s]
 17%|#6        | 334/2000 [04:33<17:29,  1.59it/s]
 17%|#6        | 335/2000 [04:33<17:32,  1.58it/s]
 17%|#6        | 336/2000 [04:34<17:48,  1.56it/s]
 17%|#6        | 337/2000 [04:35<17:27,  1.59it/s]
 17%|#6        | 338/2000 [04:35<17:37,  1.57it/s]
 17%|#6        | 339/2000 [04:36<17:43,  1.56it/s]
 17%|#7        | 340/2000 [04:37<17:55,  1.54it/s]
 17%|#7        | 341/2000 [04:37<17:48,  1.55it/s]
 17%|#7        | 342/2000 [04:38<17:50,  1.55it/s]
 17%|#7        | 343/2000 [04:38<17:43,  1.56it/s]
 17%|#7        | 344/2000 [04:39<17:31,  1.57it/s]
 17%|#7        | 345/2000 [04:40<17:58,  1.53it/s]
 17%|#7        | 346/2000 [04:40<17:53,  1.54it/s]
 17%|#7        | 347/2000 [04:41<18:02,  1.53it/s]
 17%|#7        | 348/2000 [04:42<17:57,  1.53it/s]
 17%|#7        | 349/2000 [04:42<18:03,  1.52it/s]
 18%|#7        | 350/2000 [04:43<18:14,  1.51it/s]
                                                  

 18%|#7        | 350/2000 [04:43<18:14,  1.51it/s]
 18%|#7        | 351/2000 [04:44<18:55,  1.45it/s]
 18%|#7        | 352/2000 [04:44<18:29,  1.48it/s]
 18%|#7        | 353/2000 [04:45<18:15,  1.50it/s]
 18%|#7        | 354/2000 [04:46<18:30,  1.48it/s]
 18%|#7        | 355/2000 [04:46<18:09,  1.51it/s]
 18%|#7        | 356/2000 [04:47<17:53,  1.53it/s]
 18%|#7        | 357/2000 [04:48<17:44,  1.54it/s]
 18%|#7        | 358/2000 [04:48<17:55,  1.53it/s]
 18%|#7        | 359/2000 [04:49<17:41,  1.55it/s]
 18%|#8        | 360/2000 [04:50<17:55,  1.52it/s]
 18%|#8        | 361/2000 [04:50<18:04,  1.51it/s]
 18%|#8        | 362/2000 [04:51<18:47,  1.45it/s]
 18%|#8        | 363/2000 [04:52<18:43,  1.46it/s]
 18%|#8        | 364/2000 [04:52<19:10,  1.42it/s]
 18%|#8        | 365/2000 [04:53<19:56,  1.37it/s]
 18%|#8        | 366/2000 [04:54<19:16,  1.41it/s]
 18%|#8        | 367/2000 [04:55<19:15,  1.41it/s]
 18%|#8        | 368/2000 [04:55<19:36,  1.39it/s]
 18%|#8        | 369/2000 [04:56<19:08,  1.42it/s]
 18%|#8        | 370/2000 [04:57<18:41,  1.45it/s]
 19%|#8        | 371/2000 [04:57<18:13,  1.49it/s]
 19%|#8        | 372/2000 [04:58<18:26,  1.47it/s]
 19%|#8        | 373/2000 [04:59<18:11,  1.49it/s]
 19%|#8        | 374/2000 [04:59<17:53,  1.51it/s]
 19%|#8        | 375/2000 [05:00<17:40,  1.53it/s]
                                                  

 19%|#8        | 375/2000 [05:00<17:40,  1.53it/s]
 19%|#8        | 376/2000 [05:01<17:15,  1.57it/s]
 19%|#8        | 377/2000 [05:01<17:05,  1.58it/s]
 19%|#8        | 378/2000 [05:02<16:58,  1.59it/s]
 19%|#8        | 379/2000 [05:02<16:55,  1.60it/s]
 19%|#9        | 380/2000 [05:03<17:01,  1.59it/s]
 19%|#9        | 381/2000 [05:04<17:20,  1.56it/s]
 19%|#9        | 382/2000 [05:04<17:19,  1.56it/s]
 19%|#9        | 383/2000 [05:05<17:08,  1.57it/s]
 19%|#9        | 384/2000 [05:06<17:04,  1.58it/s]
 19%|#9        | 385/2000 [05:06<16:59,  1.58it/s]
 19%|#9        | 386/2000 [05:07<17:12,  1.56it/s]
 19%|#9        | 387/2000 [05:08<17:13,  1.56it/s]
 19%|#9        | 388/2000 [05:08<17:32,  1.53it/s]
 19%|#9        | 389/2000 [05:09<17:14,  1.56it/s]
 20%|#9        | 390/2000 [05:10<17:26,  1.54it/s]
 20%|#9        | 391/2000 [05:10<17:13,  1.56it/s]
 20%|#9        | 392/2000 [05:11<16:56,  1.58it/s]
 20%|#9        | 393/2000 [05:11<16:49,  1.59it/s]
 20%|#9        | 394/2000 [05:12<16:53,  1.58it/s]
 20%|#9        | 395/2000 [05:13<16:44,  1.60it/s]
 20%|#9        | 396/2000 [05:13<16:55,  1.58it/s]
 20%|#9        | 397/2000 [05:14<18:41,  1.43it/s]
 20%|#9        | 398/2000 [05:15<18:02,  1.48it/s]
 20%|#9        | 399/2000 [05:15<18:28,  1.44it/s]
 20%|##        | 400/2000 [05:16<17:59,  1.48it/s]
                                                  

{'loss': '4.326', 'grad_norm': '0.9122', 'learning_rate': '0.0003864', 'epoch': '0.05554'}
{'loss': '4.287', 'grad_norm': '0.8304', 'learning_rate': '0.0003833', 'epoch': '0.05981'}
{'loss': '4.194', 'grad_norm': '1.128', 'learning_rate': '0.0003798', 'epoch': '0.06409'}
{'loss': '4.151', 'grad_norm': '1.043', 'learning_rate': '0.0003761', 'epoch': '0.06836'}
 20%|##        | 400/2000 [05:16<17:59,  1.48it/s]

  0%|          | 0/239 [00:00<?, ?it/s][A

  1%|1         | 3/239 [00:00<00:12, 18.96it/s][A

  2%|2         | 5/239 [00:00<00:15, 15.34it/s][A

  3%|2         | 7/239 [00:00<00:16, 13.91it/s][A

  4%|3         | 9/239 [00:00<00:18, 12.25it/s][A

  5%|4         | 11/239 [00:00<00:18, 12.19it/s][A

  5%|5         | 13/239 [00:00<00:17, 12.75it/s][A

  6%|6         | 15/239 [00:01<00:17, 12.71it/s][A

  7%|7         | 17/239 [00:01<00:17, 12.69it/s][A

  8%|7         | 19/239 [00:01<00:18, 11.92it/s][A

  9%|8         | 21/239 [00:01<00:17, 12.13it/s][A

 10%|9         | 23/239 [00:01<00:18, 11.90it/s][A

 10%|#         | 25/239 [00:01<00:17, 12.47it/s][A

 11%|#1        | 27/239 [00:02<00:16, 12.49it/s][A

 12%|#2        | 29/239 [00:02<00:16, 12.96it/s][A

 13%|#2        | 31/239 [00:02<00:16, 12.47it/s][A

 14%|#3        | 33/239 [00:02<00:17, 11.82it/s][A

 15%|#4        | 35/239 [00:02<00:16, 12.43it/s][A

 15%|#5        | 37/239 [00:02<00:16, 12.42it/s][A

 16%|#6        | 39/239 [00:03<00:16, 12.28it/s][A

 17%|#7        | 41/239 [00:03<00:15, 12.60it/s][A

 18%|#7        | 43/239 [00:03<00:15, 12.63it/s][A

 19%|#8        | 45/239 [00:03<00:15, 12.26it/s][A

 20%|#9        | 47/239 [00:03<00:15, 12.23it/s][A

 21%|##        | 49/239 [00:03<00:16, 11.26it/s][A

 21%|##1       | 51/239 [00:04<00:16, 11.52it/s][A

 22%|##2       | 53/239 [00:04<00:15, 11.71it/s][A

 23%|##3       | 55/239 [00:04<00:15, 12.10it/s][A

 24%|##3       | 57/239 [00:04<00:15, 11.94it/s][A

 25%|##4       | 59/239 [00:04<00:14, 12.45it/s][A

 26%|##5       | 61/239 [00:04<00:14, 12.06it/s][A

 26%|##6       | 63/239 [00:05<00:13, 12.68it/s][A

 27%|##7       | 65/239 [00:05<00:13, 12.67it/s][A

 28%|##8       | 67/239 [00:05<00:14, 11.93it/s][A

 29%|##8       | 69/239 [00:05<00:14, 11.76it/s][A

 30%|##9       | 71/239 [00:05<00:14, 11.66it/s][A

 31%|###       | 73/239 [00:05<00:14, 11.78it/s][A

 31%|###1      | 75/239 [00:06<00:14, 11.48it/s][A

 32%|###2      | 77/239 [00:06<00:14, 11.51it/s][A

 33%|###3      | 79/239 [00:06<00:14, 11.21it/s][A

 34%|###3      | 81/239 [00:06<00:13, 11.57it/s][A

 35%|###4      | 83/239 [00:06<00:14, 10.88it/s][A

 36%|###5      | 85/239 [00:07<00:14, 10.97it/s][A

 36%|###6      | 87/239 [00:07<00:13, 11.22it/s][A

 37%|###7      | 89/239 [00:07<00:13, 11.33it/s][A

 38%|###8      | 91/239 [00:07<00:13, 11.06it/s][A

 39%|###8      | 93/239 [00:07<00:13, 11.13it/s][A

 40%|###9      | 95/239 [00:07<00:12, 11.59it/s][A

 41%|####      | 97/239 [00:08<00:12, 11.24it/s][A

 41%|####1     | 99/239 [00:08<00:12, 11.32it/s][A

 42%|####2     | 101/239 [00:08<00:13, 10.51it/s][A

 43%|####3     | 103/239 [00:08<00:12, 10.53it/s][A

 44%|####3     | 105/239 [00:08<00:12, 10.89it/s][A

 45%|####4     | 107/239 [00:09<00:12, 10.48it/s][A

 46%|####5     | 109/239 [00:09<00:12, 10.70it/s][A

 46%|####6     | 111/239 [00:09<00:11, 10.93it/s][A

 47%|####7     | 113/239 [00:09<00:11, 11.18it/s][A

 48%|####8     | 115/239 [00:09<00:11, 10.63it/s][A

 49%|####8     | 117/239 [00:09<00:11, 11.03it/s][A

 50%|####9     | 119/239 [00:10<00:10, 11.29it/s][A

 51%|#####     | 121/239 [00:10<00:09, 12.00it/s][A

 51%|#####1    | 123/239 [00:10<00:09, 12.54it/s][A

 52%|#####2    | 125/239 [00:10<00:09, 12.20it/s][A

 53%|#####3    | 127/239 [00:10<00:08, 12.70it/s][A

 54%|#####3    | 129/239 [00:10<00:09, 12.13it/s][A

 55%|#####4    | 131/239 [00:11<00:08, 12.43it/s][A

 56%|#####5    | 133/239 [00:11<00:08, 11.79it/s][A

 56%|#####6    | 135/239 [00:11<00:08, 12.37it/s][A

 57%|#####7    | 137/239 [00:11<00:08, 12.46it/s][A

 58%|#####8    | 139/239 [00:11<00:08, 11.79it/s][A

 59%|#####8    | 141/239 [00:11<00:08, 12.04it/s][A

 60%|#####9    | 143/239 [00:12<00:08, 11.85it/s][A

 61%|######    | 145/239 [00:12<00:07, 12.42it/s][A

 62%|######1   | 147/239 [00:12<00:07, 12.10it/s][A

 62%|######2   | 149/239 [00:12<00:07, 11.84it/s][A

 63%|######3   | 151/239 [00:12<00:07, 11.77it/s][A

 64%|######4   | 153/239 [00:12<00:07, 11.04it/s][A

 65%|######4   | 155/239 [00:13<00:07, 11.47it/s][A

 66%|######5   | 157/239 [00:13<00:06, 11.83it/s][A

 67%|######6   | 159/239 [00:13<00:06, 12.38it/s][A

 67%|######7   | 161/239 [00:13<00:06, 12.05it/s][A

 68%|######8   | 163/239 [00:13<00:06, 12.28it/s][A

 69%|######9   | 165/239 [00:13<00:05, 12.37it/s][A

 70%|######9   | 167/239 [00:14<00:06, 11.72it/s][A

 71%|#######   | 169/239 [00:14<00:06, 11.05it/s][A

 72%|#######1  | 171/239 [00:14<00:05, 11.35it/s][A

 72%|#######2  | 173/239 [00:14<00:05, 11.25it/s][A

 73%|#######3  | 175/239 [00:14<00:05, 11.32it/s][A

 74%|#######4  | 177/239 [00:14<00:05, 10.99it/s][A

 75%|#######4  | 179/239 [00:15<00:05, 11.38it/s][A

 76%|#######5  | 181/239 [00:15<00:05, 11.12it/s][A

 77%|#######6  | 183/239 [00:15<00:05, 11.08it/s][A

 77%|#######7  | 185/239 [00:15<00:04, 11.14it/s][A

 78%|#######8  | 187/239 [00:15<00:04, 11.27it/s][A

 79%|#######9  | 189/239 [00:16<00:04, 11.97it/s][A

 80%|#######9  | 191/239 [00:16<00:04, 11.81it/s][A

 81%|########  | 193/239 [00:16<00:03, 11.70it/s][A

 82%|########1 | 195/239 [00:16<00:03, 11.57it/s][A

 82%|########2 | 197/239 [00:16<00:03, 11.32it/s][A

 83%|########3 | 199/239 [00:16<00:03, 11.32it/s][A

 84%|########4 | 201/239 [00:17<00:03, 11.36it/s][A

 85%|########4 | 203/239 [00:17<00:03, 11.36it/s][A

 86%|########5 | 205/239 [00:17<00:02, 12.08it/s][A

 87%|########6 | 207/239 [00:17<00:02, 12.24it/s][A

 87%|########7 | 209/239 [00:17<00:02, 12.49it/s][A

 88%|########8 | 211/239 [00:17<00:02, 12.66it/s][A

 89%|########9 | 213/239 [00:18<00:02, 12.70it/s][A

 90%|########9 | 215/239 [00:18<00:01, 13.13it/s][A

 91%|######### | 217/239 [00:18<00:01, 12.22it/s][A

 92%|#########1| 219/239 [00:18<00:01, 12.58it/s][A

 92%|#########2| 221/239 [00:18<00:01, 12.44it/s][A

 93%|#########3| 223/239 [00:18<00:01, 11.77it/s][A

 94%|#########4| 225/239 [00:19<00:01, 11.64it/s][A

 95%|#########4| 227/239 [00:19<00:00, 12.26it/s][A

 96%|#########5| 229/239 [00:19<00:00, 12.15it/s][A

 97%|#########6| 231/239 [00:19<00:00, 12.16it/s][A

 97%|#########7| 233/239 [00:19<00:00, 11.95it/s][A

 98%|#########8| 235/239 [00:19<00:00, 11.80it/s][A

 99%|#########9| 237/239 [00:20<00:00, 11.23it/s][A

100%|##########| 239/239 [00:20<00:00, 11.11it/s][A
                                                  


                                                 
[A
 20%|##        | 400/2000 [05:36<17:59,  1.48it/s]

100%|##########| 239/239 [00:20<00:00, 11.11it/s][A

{'eval_loss': '4.201', 'eval_runtime': '20.3', 'eval_samples_per_second': '47.09', 'eval_steps_per_second': '11.77', 'epoch': '0.06836'}
                                                 [A

Writing model shards:   0%|          | 0/1 [00:00<?, ?it/s][A

Writing model shards: 100%|##########| 1/1 [00:00<00:00,  1.92it/s][A
Writing model shards: 100%|##########| 1/1 [00:00<00:00,  1.92it/s]

 20%|##        | 401/2000 [05:39<3:13:25,  7.26s/it]
 20%|##        | 402/2000 [05:39<2:20:07,  5.26s/it]
 20%|##        | 403/2000 [05:40<1:42:50,  3.86s/it]
 20%|##        | 404/2000 [05:41<1:17:08,  2.90s/it]
 20%|##        | 405/2000 [05:41<1:00:20,  2.27s/it]
 20%|##        | 406/2000 [05:42<47:37,  1.79s/it]  
 20%|##        | 407/2000 [05:43<38:27,  1.45s/it]
 20%|##        | 408/2000 [05:43<32:07,  1.21s/it]
 20%|##        | 409/2000 [05:44<28:43,  1.08s/it]
 20%|##        | 410/2000 [05:45<26:52,  1.01s/it]
 21%|##        | 411/2000 [05:46<24:26,  1.08it/s]
 21%|##        | 412/2000 [05:46<23:05,  1.15it/s]
 21%|##        | 413/2000 [05:47<22:57,  1.15it/s]
 21%|##        | 414/2000 [05:48<21:49,  1.21it/s]
 21%|##        | 415/2000 [05:49<21:33,  1.22it/s]
 21%|##        | 416/2000 [05:50<20:29,  1.29it/s]
 21%|##        | 417/2000 [05:50<19:31,  1.35it/s]
 21%|##        | 418/2000 [05:51<18:52,  1.40it/s]
 21%|##        | 419/2000 [05:52<19:10,  1.37it/s]
 21%|##1       | 420/2000 [05:52<19:31,  1.35it/s]
 21%|##1       | 421/2000 [05:53<19:50,  1.33it/s]
 21%|##1       | 422/2000 [05:54<19:29,  1.35it/s]
 21%|##1       | 423/2000 [05:55<18:36,  1.41it/s]
 21%|##1       | 424/2000 [05:55<18:01,  1.46it/s]
 21%|##1       | 425/2000 [05:56<17:20,  1.51it/s]
                                                  

 21%|##1       | 425/2000 [05:56<17:20,  1.51it/s]
 21%|##1       | 426/2000 [05:56<16:59,  1.54it/s]
 21%|##1       | 427/2000 [05:57<16:46,  1.56it/s]
 21%|##1       | 428/2000 [05:58<16:36,  1.58it/s]
 21%|##1       | 429/2000 [05:58<16:50,  1.55it/s]
 22%|##1       | 430/2000 [05:59<16:46,  1.56it/s]
 22%|##1       | 431/2000 [06:00<16:43,  1.56it/s]
 22%|##1       | 432/2000 [06:00<16:47,  1.56it/s]
 22%|##1       | 433/2000 [06:01<16:34,  1.58it/s]
 22%|##1       | 434/2000 [06:01<16:36,  1.57it/s]
 22%|##1       | 435/2000 [06:02<16:31,  1.58it/s]
 22%|##1       | 436/2000 [06:03<16:54,  1.54it/s]
 22%|##1       | 437/2000 [06:03<16:54,  1.54it/s]
 22%|##1       | 438/2000 [06:04<16:54,  1.54it/s]
 22%|##1       | 439/2000 [06:05<16:39,  1.56it/s]
 22%|##2       | 440/2000 [06:05<16:21,  1.59it/s]
 22%|##2       | 441/2000 [06:06<16:16,  1.60it/s]
 22%|##2       | 442/2000 [06:07<16:12,  1.60it/s]
 22%|##2       | 443/2000 [06:07<16:08,  1.61it/s]
 22%|##2       | 444/2000 [06:08<16:13,  1.60it/s]
 22%|##2       | 445/2000 [06:08<16:17,  1.59it/s]
 22%|##2       | 446/2000 [06:09<16:19,  1.59it/s]
 22%|##2       | 447/2000 [06:10<16:05,  1.61it/s]
 22%|##2       | 448/2000 [06:10<16:16,  1.59it/s]
 22%|##2       | 449/2000 [06:11<16:41,  1.55it/s]
 22%|##2       | 450/2000 [06:12<16:49,  1.54it/s]
                                                  

 22%|##2       | 450/2000 [06:12<16:49,  1.54it/s]
 23%|##2       | 451/2000 [06:12<16:34,  1.56it/s]
 23%|##2       | 452/2000 [06:13<17:20,  1.49it/s]
 23%|##2       | 453/2000 [06:14<17:38,  1.46it/s]
 23%|##2       | 454/2000 [06:14<17:58,  1.43it/s]
 23%|##2       | 455/2000 [06:15<18:19,  1.40it/s]
 23%|##2       | 456/2000 [06:16<18:08,  1.42it/s]
 23%|##2       | 457/2000 [06:17<18:16,  1.41it/s]
 23%|##2       | 458/2000 [06:17<18:21,  1.40it/s]
 23%|##2       | 459/2000 [06:18<18:14,  1.41it/s]
 23%|##3       | 460/2000 [06:19<18:10,  1.41it/s]
 23%|##3       | 461/2000 [06:20<18:52,  1.36it/s]
 23%|##3       | 462/2000 [06:20<18:35,  1.38it/s]
 23%|##3       | 463/2000 [06:21<18:07,  1.41it/s]
 23%|##3       | 464/2000 [06:22<18:07,  1.41it/s]
 23%|##3       | 465/2000 [06:22<19:23,  1.32it/s]
 23%|##3       | 466/2000 [06:23<20:37,  1.24it/s]
 23%|##3       | 467/2000 [06:24<22:12,  1.15it/s]
 23%|##3       | 468/2000 [06:25<20:50,  1.23it/s]
 23%|##3       | 469/2000 [06:26<19:18,  1.32it/s]
 24%|##3       | 470/2000 [06:26<18:13,  1.40it/s]
 24%|##3       | 471/2000 [06:27<17:42,  1.44it/s]
 24%|##3       | 472/2000 [06:28<17:28,  1.46it/s]
 24%|##3       | 473/2000 [06:28<17:20,  1.47it/s]
 24%|##3       | 474/2000 [06:29<17:41,  1.44it/s]
 24%|##3       | 475/2000 [06:30<18:32,  1.37it/s]
                                                  

 24%|##3       | 475/2000 [06:30<18:32,  1.37it/s]
 24%|##3       | 476/2000 [06:31<19:51,  1.28it/s]
 24%|##3       | 477/2000 [06:32<19:57,  1.27it/s]
 24%|##3       | 478/2000 [06:32<20:05,  1.26it/s]
 24%|##3       | 479/2000 [06:33<19:40,  1.29it/s]
 24%|##4       | 480/2000 [06:34<18:30,  1.37it/s]
 24%|##4       | 481/2000 [06:34<17:52,  1.42it/s]
 24%|##4       | 482/2000 [06:35<17:26,  1.45it/s]
 24%|##4       | 483/2000 [06:36<16:55,  1.49it/s]
 24%|##4       | 484/2000 [06:36<16:44,  1.51it/s]
 24%|##4       | 485/2000 [06:37<16:26,  1.54it/s]
 24%|##4       | 486/2000 [06:38<16:08,  1.56it/s]
 24%|##4       | 487/2000 [06:38<15:52,  1.59it/s]
 24%|##4       | 488/2000 [06:39<15:31,  1.62it/s]
 24%|##4       | 489/2000 [06:39<15:40,  1.61it/s]
 24%|##4       | 490/2000 [06:40<15:31,  1.62it/s]
 25%|##4       | 491/2000 [06:41<15:27,  1.63it/s]
 25%|##4       | 492/2000 [06:41<15:44,  1.60it/s]
 25%|##4       | 493/2000 [06:42<15:37,  1.61it/s]
 25%|##4       | 494/2000 [06:42<15:42,  1.60it/s]
 25%|##4       | 495/2000 [06:43<15:40,  1.60it/s]
 25%|##4       | 496/2000 [06:44<15:46,  1.59it/s]
 25%|##4       | 497/2000 [06:44<15:42,  1.59it/s]
 25%|##4       | 498/2000 [06:45<15:43,  1.59it/s]
 25%|##4       | 499/2000 [06:46<16:29,  1.52it/s]
 25%|##5       | 500/2000 [06:46<17:00,  1.47it/s]
                                                  

{'loss': '4.092', 'grad_norm': '0.8096', 'learning_rate': '0.000372', 'epoch': '0.07263'}
{'loss': '4.077', 'grad_norm': '0.9482', 'learning_rate': '0.0003676', 'epoch': '0.0769'}
{'loss': '3.989', 'grad_norm': '0.9323', 'learning_rate': '0.000363', 'epoch': '0.08118'}
{'loss': '3.959', 'grad_norm': '0.8291', 'learning_rate': '0.000358', 'epoch': '0.08545'}
 25%|##5       | 500/2000 [06:46<17:00,  1.47it/s]

  0%|          | 0/239 [00:00<?, ?it/s][A

  1%|1         | 3/239 [00:00<00:13, 17.28it/s][A

  2%|2         | 5/239 [00:00<00:16, 14.50it/s][A

  3%|2         | 7/239 [00:00<00:16, 13.73it/s][A

  4%|3         | 9/239 [00:00<00:16, 13.82it/s][A

  5%|4         | 11/239 [00:00<00:18, 12.48it/s][A

  5%|5         | 13/239 [00:01<00:19, 11.75it/s][A

  6%|6         | 15/239 [00:01<00:18, 12.29it/s][A

  7%|7         | 17/239 [00:01<00:17, 12.58it/s][A

  8%|7         | 19/239 [00:01<00:18, 11.95it/s][A

  9%|8         | 21/239 [00:01<00:19, 11.20it/s][A

 10%|9         | 23/239 [00:01<00:17, 12.05it/s][A

 10%|#         | 25/239 [00:01<00:17, 12.21it/s][A

 11%|#1        | 27/239 [00:02<00:17, 12.20it/s][A

 12%|#2        | 29/239 [00:02<00:17, 11.77it/s][A

 13%|#2        | 31/239 [00:02<00:19, 10.77it/s][A

 14%|#3        | 33/239 [00:02<00:19, 10.38it/s][A

 15%|#4        | 35/239 [00:02<00:19, 10.52it/s][A

 15%|#5        | 37/239 [00:03<00:19, 10.20it/s][A

 16%|#6        | 39/239 [00:03<00:19, 10.36it/s][A

 17%|#7        | 41/239 [00:03<00:19, 10.06it/s][A

 18%|#7        | 43/239 [00:03<00:18, 10.45it/s][A

 19%|#8        | 45/239 [00:03<00:17, 11.01it/s][A

 20%|#9        | 47/239 [00:04<00:17, 10.99it/s][A

 21%|##        | 49/239 [00:04<00:17, 11.15it/s][A

 21%|##1       | 51/239 [00:04<00:16, 11.62it/s][A

 22%|##2       | 53/239 [00:04<00:16, 11.24it/s][A

 23%|##3       | 55/239 [00:04<00:16, 11.30it/s][A

 24%|##3       | 57/239 [00:04<00:16, 10.90it/s][A

 25%|##4       | 59/239 [00:05<00:17, 10.38it/s][A

 26%|##5       | 61/239 [00:05<00:16, 10.72it/s][A

 26%|##6       | 63/239 [00:05<00:16, 10.77it/s][A

 27%|##7       | 65/239 [00:05<00:15, 11.43it/s][A

 28%|##8       | 67/239 [00:05<00:15, 11.15it/s][A

 29%|##8       | 69/239 [00:06<00:14, 11.47it/s][A

 30%|##9       | 71/239 [00:06<00:13, 12.05it/s][A

 31%|###       | 73/239 [00:06<00:13, 11.98it/s][A

 31%|###1      | 75/239 [00:06<00:12, 12.63it/s][A

 32%|###2      | 77/239 [00:06<00:12, 12.64it/s][A

 33%|###3      | 79/239 [00:06<00:12, 13.04it/s][A

 34%|###3      | 81/239 [00:06<00:12, 12.85it/s][A

 35%|###4      | 83/239 [00:07<00:12, 12.81it/s][A

 36%|###5      | 85/239 [00:07<00:12, 12.77it/s][A

 36%|###6      | 87/239 [00:07<00:12, 12.35it/s][A

 37%|###7      | 89/239 [00:07<00:11, 12.81it/s][A

 38%|###8      | 91/239 [00:07<00:11, 12.88it/s][A

 39%|###8      | 93/239 [00:07<00:11, 13.11it/s][A

 40%|###9      | 95/239 [00:08<00:10, 13.36it/s][A

 41%|####      | 97/239 [00:08<00:11, 12.74it/s][A

 41%|####1     | 99/239 [00:08<00:11, 12.68it/s][A

 42%|####2     | 101/239 [00:08<00:10, 12.65it/s][A

 43%|####3     | 103/239 [00:08<00:10, 12.75it/s][A

 44%|####3     | 105/239 [00:08<00:10, 13.05it/s][A

 45%|####4     | 107/239 [00:09<00:10, 12.15it/s][A

 46%|####5     | 109/239 [00:09<00:10, 12.86it/s][A

 46%|####6     | 111/239 [00:09<00:09, 12.94it/s][A

 47%|####7     | 113/239 [00:09<00:09, 12.75it/s][A

 48%|####8     | 115/239 [00:09<00:09, 12.97it/s][A

 49%|####8     | 117/239 [00:09<00:09, 12.71it/s][A

 50%|####9     | 119/239 [00:09<00:09, 12.68it/s][A

 51%|#####     | 121/239 [00:10<00:09, 13.04it/s][A

 51%|#####1    | 123/239 [00:10<00:08, 12.90it/s][A

 52%|#####2    | 125/239 [00:10<00:08, 13.07it/s][A

 53%|#####3    | 127/239 [00:10<00:08, 12.59it/s][A

 54%|#####3    | 129/239 [00:10<00:08, 12.60it/s][A

 55%|#####4    | 131/239 [00:10<00:08, 13.00it/s][A

 56%|#####5    | 133/239 [00:11<00:08, 12.17it/s][A

 56%|#####6    | 135/239 [00:11<00:08, 12.68it/s][A

 57%|#####7    | 137/239 [00:11<00:08, 12.40it/s][A

 58%|#####8    | 139/239 [00:11<00:07, 12.71it/s][A

 59%|#####8    | 141/239 [00:11<00:07, 12.67it/s][A

 60%|#####9    | 143/239 [00:11<00:07, 12.76it/s][A

 61%|######    | 145/239 [00:11<00:07, 12.93it/s][A

 62%|######1   | 147/239 [00:12<00:07, 12.54it/s][A

 62%|######2   | 149/239 [00:12<00:07, 12.42it/s][A

 63%|######3   | 151/239 [00:12<00:06, 12.75it/s][A

 64%|######4   | 153/239 [00:12<00:06, 12.96it/s][A

 65%|######4   | 155/239 [00:12<00:06, 13.25it/s][A

 66%|######5   | 157/239 [00:12<00:06, 12.65it/s][A

 67%|######6   | 159/239 [00:13<00:06, 12.24it/s][A

 67%|######7   | 161/239 [00:13<00:06, 12.33it/s][A

 68%|######8   | 163/239 [00:13<00:06, 12.43it/s][A

 69%|######9   | 165/239 [00:13<00:06, 11.67it/s][A

 70%|######9   | 167/239 [00:13<00:05, 12.04it/s][A

 71%|#######   | 169/239 [00:13<00:05, 12.21it/s][A

 72%|#######1  | 171/239 [00:14<00:05, 12.32it/s][A

 72%|#######2  | 173/239 [00:14<00:05, 12.41it/s][A

 73%|#######3  | 175/239 [00:14<00:05, 12.31it/s][A

 74%|#######4  | 177/239 [00:14<00:05, 11.58it/s][A

 75%|#######4  | 179/239 [00:14<00:05, 11.87it/s][A

 76%|#######5  | 181/239 [00:14<00:04, 12.32it/s][A

 77%|#######6  | 183/239 [00:15<00:04, 12.18it/s][A

 77%|#######7  | 185/239 [00:15<00:04, 12.43it/s][A

 78%|#######8  | 187/239 [00:15<00:04, 12.34it/s][A

 79%|#######9  | 189/239 [00:15<00:03, 12.81it/s][A

 80%|#######9  | 191/239 [00:15<00:03, 12.36it/s][A

 81%|########  | 193/239 [00:15<00:03, 12.46it/s][A

 82%|########1 | 195/239 [00:16<00:03, 12.09it/s][A

 82%|########2 | 197/239 [00:16<00:03, 12.67it/s][A

 83%|########3 | 199/239 [00:16<00:03, 12.17it/s][A

 84%|########4 | 201/239 [00:16<00:03, 12.07it/s][A

 85%|########4 | 203/239 [00:16<00:03, 11.88it/s][A

 86%|########5 | 205/239 [00:16<00:02, 12.45it/s][A

 87%|########6 | 207/239 [00:17<00:02, 11.80it/s][A

 87%|########7 | 209/239 [00:17<00:02, 12.38it/s][A

 88%|########8 | 211/239 [00:17<00:02, 11.92it/s][A

 89%|########9 | 213/239 [00:17<00:02, 12.27it/s][A

 90%|########9 | 215/239 [00:17<00:01, 12.01it/s][A

 91%|######### | 217/239 [00:17<00:01, 12.54it/s][A

 92%|#########1| 219/239 [00:18<00:01, 11.86it/s][A

 92%|#########2| 221/239 [00:18<00:01, 12.42it/s][A

 93%|#########3| 223/239 [00:18<00:01, 12.10it/s][A

 94%|#########4| 225/239 [00:18<00:01, 11.27it/s][A

 95%|#########4| 227/239 [00:18<00:01, 11.42it/s][A

 96%|#########5| 229/239 [00:18<00:00, 11.96it/s][A

 97%|#########6| 231/239 [00:19<00:00, 11.32it/s][A

 97%|#########7| 233/239 [00:19<00:00, 11.23it/s][A

 98%|#########8| 235/239 [00:19<00:00, 11.50it/s][A

 99%|#########9| 237/239 [00:19<00:00, 11.75it/s][A

100%|##########| 239/239 [00:19<00:00, 12.11it/s][A
                                                  


                                                 
[A
 25%|##5       | 500/2000 [07:06<17:00,  1.47it/s]

100%|##########| 239/239 [00:19<00:00, 12.11it/s][A

{'eval_loss': '4.024', 'eval_runtime': '19.83', 'eval_samples_per_second': '48.21', 'eval_steps_per_second': '12.05', 'epoch': '0.08545'}
                                                 [A

Writing model shards:   0%|          | 0/1 [00:00<?, ?it/s][A

Writing model shards: 100%|##########| 1/1 [00:00<00:00,  1.80it/s][A
Writing model shards: 100%|##########| 1/1 [00:00<00:00,  1.80it/s]

 25%|##5       | 501/2000 [07:09<2:58:19,  7.14s/it]
 25%|##5       | 502/2000 [07:09<2:09:27,  5.18s/it]
 25%|##5       | 503/2000 [07:10<1:35:22,  3.82s/it]
 25%|##5       | 504/2000 [07:11<1:11:18,  2.86s/it]
 25%|##5       | 505/2000 [07:11<54:23,  2.18s/it]  
 25%|##5       | 506/2000 [07:12<42:46,  1.72s/it]
 25%|##5       | 507/2000 [07:12<34:52,  1.40s/it]
 25%|##5       | 508/2000 [07:13<29:08,  1.17s/it]
 25%|##5       | 509/2000 [07:14<25:13,  1.02s/it]
 26%|##5       | 510/2000 [07:14<22:29,  1.10it/s]
 26%|##5       | 511/2000 [07:15<20:37,  1.20it/s]
 26%|##5       | 512/2000 [07:16<19:04,  1.30it/s]
 26%|##5       | 513/2000 [07:17<20:03,  1.24it/s]
 26%|##5       | 514/2000 [07:17<18:31,  1.34it/s]
 26%|##5       | 515/2000 [07:18<17:40,  1.40it/s]
 26%|##5       | 516/2000 [07:18<17:11,  1.44it/s]
 26%|##5       | 517/2000 [07:19<16:43,  1.48it/s]
 26%|##5       | 518/2000 [07:20<16:32,  1.49it/s]
 26%|##5       | 519/2000 [07:21<17:10,  1.44it/s]
 26%|##6       | 520/2000 [07:21<17:15,  1.43it/s]
 26%|##6       | 521/2000 [07:22<18:04,  1.36it/s]
 26%|##6       | 522/2000 [07:23<18:16,  1.35it/s]
 26%|##6       | 523/2000 [07:23<17:35,  1.40it/s]
 26%|##6       | 524/2000 [07:24<17:11,  1.43it/s]
 26%|##6       | 525/2000 [07:25<16:48,  1.46it/s]
                                                  

 26%|##6       | 525/2000 [07:25<16:48,  1.46it/s]
 26%|##6       | 526/2000 [07:25<16:25,  1.49it/s]
 26%|##6       | 527/2000 [07:26<16:13,  1.51it/s]
 26%|##6       | 528/2000 [07:27<16:01,  1.53it/s]
 26%|##6       | 529/2000 [07:27<16:02,  1.53it/s]
 26%|##6       | 530/2000 [07:28<15:52,  1.54it/s]
 27%|##6       | 531/2000 [07:29<15:45,  1.55it/s]
 27%|##6       | 532/2000 [07:29<15:27,  1.58it/s]
 27%|##6       | 533/2000 [07:30<15:32,  1.57it/s]
 27%|##6       | 534/2000 [07:30<15:37,  1.56it/s]
 27%|##6       | 535/2000 [07:31<15:45,  1.55it/s]
 27%|##6       | 536/2000 [07:32<15:31,  1.57it/s]
 27%|##6       | 537/2000 [07:32<15:22,  1.59it/s]
 27%|##6       | 538/2000 [07:33<15:23,  1.58it/s]
 27%|##6       | 539/2000 [07:34<15:30,  1.57it/s]
 27%|##7       | 540/2000 [07:34<15:28,  1.57it/s]
 27%|##7       | 541/2000 [07:35<15:40,  1.55it/s]
 27%|##7       | 542/2000 [07:36<16:03,  1.51it/s]
 27%|##7       | 543/2000 [07:36<15:52,  1.53it/s]
 27%|##7       | 544/2000 [07:37<16:03,  1.51it/s]
 27%|##7       | 545/2000 [07:38<16:46,  1.45it/s]
 27%|##7       | 546/2000 [07:39<18:04,  1.34it/s]
 27%|##7       | 547/2000 [07:39<18:17,  1.32it/s]
 27%|##7       | 548/2000 [07:40<19:02,  1.27it/s]
 27%|##7       | 549/2000 [07:41<19:33,  1.24it/s]
 28%|##7       | 550/2000 [07:42<18:46,  1.29it/s]
                                                  

 28%|##7       | 550/2000 [07:42<18:46,  1.29it/s]
 28%|##7       | 551/2000 [07:43<18:07,  1.33it/s]
 28%|##7       | 552/2000 [07:43<17:58,  1.34it/s]
 28%|##7       | 553/2000 [07:44<17:24,  1.39it/s]
 28%|##7       | 554/2000 [07:45<16:55,  1.42it/s]
 28%|##7       | 555/2000 [07:45<16:29,  1.46it/s]
 28%|##7       | 556/2000 [07:46<16:22,  1.47it/s]
 28%|##7       | 557/2000 [07:46<15:54,  1.51it/s]
 28%|##7       | 558/2000 [07:47<16:00,  1.50it/s]
 28%|##7       | 559/2000 [07:48<15:53,  1.51it/s]
 28%|##8       | 560/2000 [07:49<16:09,  1.49it/s]
 28%|##8       | 561/2000 [07:49<15:51,  1.51it/s]
 28%|##8       | 562/2000 [07:50<15:48,  1.52it/s]
 28%|##8       | 563/2000 [07:50<15:57,  1.50it/s]
 28%|##8       | 564/2000 [07:51<15:46,  1.52it/s]
 28%|##8       | 565/2000 [07:52<15:33,  1.54it/s]
 28%|##8       | 566/2000 [07:52<15:40,  1.52it/s]
 28%|##8       | 567/2000 [07:53<15:37,  1.53it/s]
 28%|##8       | 568/2000 [07:54<16:29,  1.45it/s]
 28%|##8       | 569/2000 [07:55<17:52,  1.33it/s]
 28%|##8       | 570/2000 [07:56<18:24,  1.29it/s]
 29%|##8       | 571/2000 [07:57<19:33,  1.22it/s]
 29%|##8       | 572/2000 [07:57<19:59,  1.19it/s]
 29%|##8       | 573/2000 [07:58<19:04,  1.25it/s]
 29%|##8       | 574/2000 [07:59<18:01,  1.32it/s]
 29%|##8       | 575/2000 [07:59<17:10,  1.38it/s]
                                                  

 29%|##8       | 575/2000 [07:59<17:10,  1.38it/s]
 29%|##8       | 576/2000 [08:00<16:45,  1.42it/s]
 29%|##8       | 577/2000 [08:01<16:39,  1.42it/s]
 29%|##8       | 578/2000 [08:01<16:43,  1.42it/s]
 29%|##8       | 579/2000 [08:02<16:46,  1.41it/s]
 29%|##9       | 580/2000 [08:03<16:23,  1.44it/s]
 29%|##9       | 581/2000 [08:04<16:20,  1.45it/s]
 29%|##9       | 582/2000 [08:04<16:04,  1.47it/s]
 29%|##9       | 583/2000 [08:05<16:25,  1.44it/s]
 29%|##9       | 584/2000 [08:06<16:20,  1.44it/s]
 29%|##9       | 585/2000 [08:06<16:07,  1.46it/s]
 29%|##9       | 586/2000 [08:07<15:40,  1.50it/s]
 29%|##9       | 587/2000 [08:08<16:02,  1.47it/s]
 29%|##9       | 588/2000 [08:08<16:11,  1.45it/s]
 29%|##9       | 589/2000 [08:09<15:56,  1.47it/s]
 30%|##9       | 590/2000 [08:10<15:45,  1.49it/s]
 30%|##9       | 591/2000 [08:10<15:54,  1.48it/s]
 30%|##9       | 592/2000 [08:11<16:01,  1.46it/s]
 30%|##9       | 593/2000 [08:12<16:20,  1.44it/s]
 30%|##9       | 594/2000 [08:12<16:33,  1.42it/s]
 30%|##9       | 595/2000 [08:13<17:02,  1.37it/s]
 30%|##9       | 596/2000 [08:14<17:24,  1.34it/s]
 30%|##9       | 597/2000 [08:15<17:05,  1.37it/s]
 30%|##9       | 598/2000 [08:15<17:07,  1.36it/s]
 30%|##9       | 599/2000 [08:16<16:57,  1.38it/s]
 30%|###       | 600/2000 [08:17<16:34,  1.41it/s]
                                                  

{'loss': '3.887', 'grad_norm': '0.933', 'learning_rate': '0.0003528', 'epoch': '0.08972'}
{'loss': '3.867', 'grad_norm': '0.9517', 'learning_rate': '0.0003474', 'epoch': '0.09399'}
{'loss': '3.793', 'grad_norm': '0.9162', 'learning_rate': '0.0003417', 'epoch': '0.09827'}
 30%|###       | 600/2000 [08:17<16:34,  1.41it/s]
{'loss': '3.852', 'grad_norm': '0.8387', 'learning_rate': '0.0003357', 'epoch': '0.1025'}

  0%|          | 0/239 [00:00<?, ?it/s][A

  1%|1         | 3/239 [00:00<00:14, 16.04it/s][A

  2%|2         | 5/239 [00:00<00:17, 13.10it/s][A

  3%|2         | 7/239 [00:00<00:17, 13.04it/s][A

  4%|3         | 9/239 [00:00<00:17, 12.82it/s][A

  5%|4         | 11/239 [00:00<00:19, 11.55it/s][A

  5%|5         | 13/239 [00:01<00:20, 11.23it/s][A

  6%|6         | 15/239 [00:01<00:20, 11.00it/s][A

  7%|7         | 17/239 [00:01<00:22, 10.05it/s][A

  8%|7         | 19/239 [00:01<00:21, 10.14it/s][A

  9%|8         | 21/239 [00:01<00:21, 10.07it/s][A

 10%|9         | 23/239 [00:02<00:20, 10.53it/s][A

 10%|#         | 25/239 [00:02<00:20, 10.24it/s][A

 11%|#1        | 27/239 [00:02<00:19, 10.77it/s][A

 12%|#2        | 29/239 [00:02<00:18, 11.34it/s][A

 13%|#2        | 31/239 [00:02<00:18, 11.26it/s][A

 14%|#3        | 33/239 [00:02<00:18, 11.19it/s][A

 15%|#4        | 35/239 [00:03<00:18, 10.94it/s][A

 15%|#5        | 37/239 [00:03<00:17, 11.43it/s][A

 16%|#6        | 39/239 [00:03<00:17, 11.42it/s][A

 17%|#7        | 41/239 [00:03<00:17, 11.13it/s][A

 18%|#7        | 43/239 [00:03<00:16, 11.55it/s][A

 19%|#8        | 45/239 [00:04<00:17, 10.97it/s][A

 20%|#9        | 47/239 [00:04<00:16, 11.37it/s][A

 21%|##        | 49/239 [00:04<00:15, 11.96it/s][A

 21%|##1       | 51/239 [00:04<00:14, 12.61it/s][A

 22%|##2       | 53/239 [00:04<00:14, 12.44it/s][A

 23%|##3       | 55/239 [00:04<00:14, 12.28it/s][A

 24%|##3       | 57/239 [00:04<00:14, 12.74it/s][A

 25%|##4       | 59/239 [00:05<00:14, 12.38it/s][A

 26%|##5       | 61/239 [00:05<00:14, 12.52it/s][A

 26%|##6       | 63/239 [00:05<00:14, 12.04it/s][A

 27%|##7       | 65/239 [00:05<00:14, 12.26it/s][A

 28%|##8       | 67/239 [00:05<00:13, 12.36it/s][A

 29%|##8       | 69/239 [00:05<00:13, 12.57it/s][A

 30%|##9       | 71/239 [00:06<00:13, 12.08it/s][A

 31%|###       | 73/239 [00:06<00:13, 12.31it/s][A

 31%|###1      | 75/239 [00:06<00:12, 12.68it/s][A

 32%|###2      | 77/239 [00:06<00:12, 12.80it/s][A

 33%|###3      | 79/239 [00:06<00:13, 12.20it/s][A

 34%|###3      | 81/239 [00:06<00:12, 12.70it/s][A

 35%|###4      | 83/239 [00:07<00:11, 13.12it/s][A

 36%|###5      | 85/239 [00:07<00:11, 12.93it/s][A

 36%|###6      | 87/239 [00:07<00:11, 12.90it/s][A

 37%|###7      | 89/239 [00:07<00:11, 13.23it/s][A

 38%|###8      | 91/239 [00:07<00:11, 12.88it/s][A

 39%|###8      | 93/239 [00:07<00:11, 12.95it/s][A

 40%|###9      | 95/239 [00:07<00:11, 12.99it/s][A

 41%|####      | 97/239 [00:08<00:10, 13.16it/s][A

 41%|####1     | 99/239 [00:08<00:11, 12.36it/s][A

 42%|####2     | 101/239 [00:08<00:11, 12.25it/s][A

 43%|####3     | 103/239 [00:08<00:10, 12.74it/s][A

 44%|####3     | 105/239 [00:08<00:10, 12.68it/s][A

 45%|####4     | 107/239 [00:08<00:10, 12.67it/s][A

 46%|####5     | 109/239 [00:09<00:10, 12.23it/s][A

 46%|####6     | 111/239 [00:09<00:10, 11.86it/s][A

 47%|####7     | 113/239 [00:09<00:09, 12.61it/s][A

 48%|####8     | 115/239 [00:09<00:09, 12.61it/s][A

 49%|####8     | 117/239 [00:09<00:09, 12.62it/s][A

 50%|####9     | 119/239 [00:09<00:09, 12.67it/s][A

 51%|#####     | 121/239 [00:10<00:09, 12.04it/s][A

 51%|#####1    | 123/239 [00:10<00:09, 12.76it/s][A

 52%|#####2    | 125/239 [00:10<00:08, 12.72it/s][A

 53%|#####3    | 127/239 [00:10<00:09, 11.85it/s][A

 54%|#####3    | 129/239 [00:10<00:08, 12.46it/s][A

 55%|#####4    | 131/239 [00:10<00:08, 12.98it/s][A

 56%|#####5    | 133/239 [00:11<00:08, 12.72it/s][A

 56%|#####6    | 135/239 [00:11<00:08, 12.83it/s][A

 57%|#####7    | 137/239 [00:11<00:07, 12.86it/s][A

 58%|#####8    | 139/239 [00:11<00:07, 12.98it/s][A

 59%|#####8    | 141/239 [00:11<00:07, 13.10it/s][A

 60%|#####9    | 143/239 [00:11<00:07, 12.81it/s][A

 61%|######    | 145/239 [00:11<00:07, 13.14it/s][A

 62%|######1   | 147/239 [00:12<00:06, 13.38it/s][A

 62%|######2   | 149/239 [00:12<00:07, 12.30it/s][A

 63%|######3   | 151/239 [00:12<00:07, 12.48it/s][A

 64%|######4   | 153/239 [00:12<00:07, 12.11it/s][A

 65%|######4   | 155/239 [00:12<00:06, 12.30it/s][A

 66%|######5   | 157/239 [00:12<00:06, 12.63it/s][A

 67%|######6   | 159/239 [00:13<00:06, 12.83it/s][A

 67%|######7   | 161/239 [00:13<00:06, 12.66it/s][A

 68%|######8   | 163/239 [00:13<00:05, 13.02it/s][A

 69%|######9   | 165/239 [00:13<00:05, 13.28it/s][A

 70%|######9   | 167/239 [00:13<00:05, 12.96it/s][A

 71%|#######   | 169/239 [00:13<00:05, 13.36it/s][A

 72%|#######1  | 171/239 [00:13<00:05, 12.40it/s][A

 72%|#######2  | 173/239 [00:14<00:05, 12.39it/s][A

 73%|#######3  | 175/239 [00:14<00:05, 12.46it/s][A

 74%|#######4  | 177/239 [00:14<00:04, 12.51it/s][A

 75%|#######4  | 179/239 [00:14<00:04, 12.55it/s][A

 76%|#######5  | 181/239 [00:14<00:04, 12.98it/s][A

 77%|#######6  | 183/239 [00:14<00:04, 12.25it/s][A

 77%|#######7  | 185/239 [00:15<00:04, 12.70it/s][A

 78%|#######8  | 187/239 [00:15<00:04, 12.73it/s][A

 79%|#######9  | 189/239 [00:15<00:03, 12.57it/s][A

 80%|#######9  | 191/239 [00:15<00:03, 12.81it/s][A

 81%|########  | 193/239 [00:15<00:03, 12.89it/s][A

 82%|########1 | 195/239 [00:15<00:03, 13.20it/s][A

 82%|########2 | 197/239 [00:16<00:03, 11.91it/s][A

 83%|########3 | 199/239 [00:16<00:03, 11.64it/s][A

 84%|########4 | 201/239 [00:16<00:03, 12.40it/s][A

 85%|########4 | 203/239 [00:16<00:02, 12.46it/s][A

 86%|########5 | 205/239 [00:16<00:02, 12.65it/s][A

 87%|########6 | 207/239 [00:16<00:02, 12.81it/s][A

 87%|########7 | 209/239 [00:16<00:02, 13.21it/s][A

 88%|########8 | 211/239 [00:17<00:02, 12.82it/s][A

 89%|########9 | 213/239 [00:17<00:02, 12.86it/s][A

 90%|########9 | 215/239 [00:17<00:01, 12.07it/s][A

 91%|######### | 217/239 [00:17<00:01, 12.41it/s][A

 92%|#########1| 219/239 [00:17<00:01, 12.01it/s][A

 92%|#########2| 221/239 [00:17<00:01, 12.54it/s][A

 93%|#########3| 223/239 [00:18<00:01, 12.46it/s][A

 94%|#########4| 225/239 [00:18<00:01, 12.62it/s][A

 95%|#########4| 227/239 [00:18<00:00, 12.23it/s][A

 96%|#########5| 229/239 [00:18<00:00, 11.98it/s][A

 97%|#########6| 231/239 [00:18<00:00, 12.46it/s][A

 97%|#########7| 233/239 [00:18<00:00, 12.39it/s][A

 98%|#########8| 235/239 [00:19<00:00, 13.03it/s][A

 99%|#########9| 237/239 [00:19<00:00, 12.48it/s][A

100%|##########| 239/239 [00:19<00:00, 12.93it/s][A
                                                  


                                                 
[A
 30%|###       | 600/2000 [08:36<16:34,  1.41it/s]

100%|##########| 239/239 [00:19<00:00, 12.93it/s][A

{'eval_loss': '3.914', 'eval_runtime': '19.49', 'eval_samples_per_second': '49.06', 'eval_steps_per_second': '12.27', 'epoch': '0.1025'}
                                                 [A

Writing model shards:   0%|          | 0/1 [00:00<?, ?it/s][A

Writing model shards: 100%|##########| 1/1 [00:00<00:00,  2.05it/s][A
Writing model shards: 100%|##########| 1/1 [00:00<00:00,  2.05it/s]

 30%|###       | 601/2000 [08:39<2:43:37,  7.02s/it]
 30%|###       | 602/2000 [08:39<1:58:49,  5.10s/it]
 30%|###       | 603/2000 [08:40<1:27:19,  3.75s/it]
 30%|###       | 604/2000 [08:40<1:05:28,  2.81s/it]
 30%|###       | 605/2000 [08:41<50:31,  2.17s/it]  
 30%|###       | 606/2000 [08:42<40:39,  1.75s/it]
 30%|###       | 607/2000 [08:43<33:17,  1.43s/it]
 30%|###       | 608/2000 [08:43<27:40,  1.19s/it]
 30%|###       | 609/2000 [08:44<24:26,  1.05s/it]
 30%|###       | 610/2000 [08:45<22:51,  1.01it/s]
 31%|###       | 611/2000 [08:46<21:06,  1.10it/s]
 31%|###       | 612/2000 [08:46<19:13,  1.20it/s]
 31%|###       | 613/2000 [08:47<17:40,  1.31it/s]
 31%|###       | 614/2000 [08:47<16:39,  1.39it/s]
 31%|###       | 615/2000 [08:48<16:03,  1.44it/s]
 31%|###       | 616/2000 [08:49<15:37,  1.48it/s]
 31%|###       | 617/2000 [08:49<15:10,  1.52it/s]
 31%|###       | 618/2000 [08:50<14:48,  1.56it/s]
 31%|###       | 619/2000 [08:51<14:47,  1.56it/s]
 31%|###1      | 620/2000 [08:51<14:37,  1.57it/s]
 31%|###1      | 621/2000 [08:52<14:25,  1.59it/s]
 31%|###1      | 622/2000 [08:52<14:40,  1.56it/s]
 31%|###1      | 623/2000 [08:53<14:36,  1.57it/s]
 31%|###1      | 624/2000 [08:54<14:49,  1.55it/s]
 31%|###1      | 625/2000 [08:55<16:48,  1.36it/s]
                                                  

 31%|###1      | 625/2000 [08:55<16:48,  1.36it/s]
 31%|###1      | 626/2000 [08:56<19:07,  1.20it/s]
 31%|###1      | 627/2000 [08:57<19:28,  1.17it/s]
 31%|###1      | 628/2000 [08:57<17:52,  1.28it/s]
 31%|###1      | 629/2000 [08:58<16:32,  1.38it/s]
 32%|###1      | 630/2000 [08:58<15:44,  1.45it/s]
 32%|###1      | 631/2000 [08:59<15:01,  1.52it/s]
 32%|###1      | 632/2000 [09:00<14:40,  1.55it/s]
 32%|###1      | 633/2000 [09:00<14:29,  1.57it/s]
 32%|###1      | 634/2000 [09:01<14:21,  1.59it/s]
 32%|###1      | 635/2000 [09:02<14:44,  1.54it/s]
 32%|###1      | 636/2000 [09:02<16:07,  1.41it/s]
 32%|###1      | 637/2000 [09:03<16:46,  1.35it/s]
 32%|###1      | 638/2000 [09:04<16:10,  1.40it/s]
 32%|###1      | 639/2000 [09:04<15:30,  1.46it/s]
 32%|###2      | 640/2000 [09:05<15:29,  1.46it/s]
 32%|###2      | 641/2000 [09:06<14:54,  1.52it/s]
 32%|###2      | 642/2000 [09:06<14:48,  1.53it/s]
 32%|###2      | 643/2000 [09:07<14:33,  1.55it/s]
 32%|###2      | 644/2000 [09:08<14:31,  1.56it/s]
 32%|###2      | 645/2000 [09:08<14:31,  1.56it/s]
 32%|###2      | 646/2000 [09:09<14:20,  1.57it/s]
 32%|###2      | 647/2000 [09:10<14:16,  1.58it/s]
 32%|###2      | 648/2000 [09:10<14:07,  1.60it/s]
 32%|###2      | 649/2000 [09:11<14:10,  1.59it/s]
 32%|###2      | 650/2000 [09:11<14:07,  1.59it/s]
                                                  

 32%|###2      | 650/2000 [09:11<14:07,  1.59it/s]
 33%|###2      | 651/2000 [09:12<14:00,  1.60it/s]
 33%|###2      | 652/2000 [09:13<14:05,  1.59it/s]
 33%|###2      | 653/2000 [09:13<14:07,  1.59it/s]
 33%|###2      | 654/2000 [09:14<14:03,  1.60it/s]
 33%|###2      | 655/2000 [09:15<14:05,  1.59it/s]
 33%|###2      | 656/2000 [09:15<14:01,  1.60it/s]
 33%|###2      | 657/2000 [09:16<13:57,  1.60it/s]
 33%|###2      | 658/2000 [09:16<14:02,  1.59it/s]
 33%|###2      | 659/2000 [09:17<14:03,  1.59it/s]
 33%|###3      | 660/2000 [09:18<14:08,  1.58it/s]
 33%|###3      | 661/2000 [09:18<14:15,  1.56it/s]
 33%|###3      | 662/2000 [09:19<14:06,  1.58it/s]
 33%|###3      | 663/2000 [09:20<14:00,  1.59it/s]
 33%|###3      | 664/2000 [09:20<14:15,  1.56it/s]
 33%|###3      | 665/2000 [09:21<14:13,  1.56it/s]
 33%|###3      | 666/2000 [09:22<14:12,  1.56it/s]
 33%|###3      | 667/2000 [09:22<14:22,  1.55it/s]
 33%|###3      | 668/2000 [09:23<14:11,  1.56it/s]
 33%|###3      | 669/2000 [09:23<14:10,  1.56it/s]
 34%|###3      | 670/2000 [09:24<14:13,  1.56it/s]
 34%|###3      | 671/2000 [09:25<14:16,  1.55it/s]
 34%|###3      | 672/2000 [09:25<14:11,  1.56it/s]
 34%|###3      | 673/2000 [09:26<14:06,  1.57it/s]
 34%|###3      | 674/2000 [09:27<13:54,  1.59it/s]
 34%|###3      | 675/2000 [09:27<13:55,  1.59it/s]
                                                  

 34%|###3      | 675/2000 [09:27<13:55,  1.59it/s]
 34%|###3      | 676/2000 [09:28<13:50,  1.59it/s]
 34%|###3      | 677/2000 [09:29<13:47,  1.60it/s]
 34%|###3      | 678/2000 [09:29<13:47,  1.60it/s]
 34%|###3      | 679/2000 [09:30<14:10,  1.55it/s]
 34%|###4      | 680/2000 [09:30<14:20,  1.53it/s]
 34%|###4      | 681/2000 [09:31<14:22,  1.53it/s]
 34%|###4      | 682/2000 [09:32<14:02,  1.56it/s]
 34%|###4      | 683/2000 [09:32<13:54,  1.58it/s]
 34%|###4      | 684/2000 [09:33<13:47,  1.59it/s]
 34%|###4      | 685/2000 [09:34<13:54,  1.57it/s]
 34%|###4      | 686/2000 [09:34<13:48,  1.59it/s]
 34%|###4      | 687/2000 [09:35<14:58,  1.46it/s]
 34%|###4      | 688/2000 [09:36<14:31,  1.51it/s]
 34%|###4      | 689/2000 [09:36<14:25,  1.51it/s]
 34%|###4      | 690/2000 [09:37<14:03,  1.55it/s]
 35%|###4      | 691/2000 [09:38<13:53,  1.57it/s]
 35%|###4      | 692/2000 [09:38<13:50,  1.58it/s]
 35%|###4      | 693/2000 [09:39<14:01,  1.55it/s]
 35%|###4      | 694/2000 [09:40<14:23,  1.51it/s]
 35%|###4      | 695/2000 [09:40<14:16,  1.52it/s]
 35%|###4      | 696/2000 [09:41<14:08,  1.54it/s]
 35%|###4      | 697/2000 [09:42<15:03,  1.44it/s]
 35%|###4      | 698/2000 [09:42<15:10,  1.43it/s]
 35%|###4      | 699/2000 [09:43<14:48,  1.46it/s]
 35%|###5      | 700/2000 [09:44<14:47,  1.46it/s]
                                                  

{'loss': '3.868', 'grad_norm': '0.8645', 'learning_rate': '0.0003295', 'epoch': '0.1068'}
{'loss': '3.729', 'grad_norm': '0.8001', 'learning_rate': '0.0003231', 'epoch': '0.1111'}
{'loss': '3.702', 'grad_norm': '0.7958', 'learning_rate': '0.0003165', 'epoch': '0.1154'}
{'loss': '3.721', 'grad_norm': '0.7407', 'learning_rate': '0.0003097', 'epoch': '0.1196'}
 35%|###5      | 700/2000 [09:44<14:47,  1.46it/s]

  0%|          | 0/239 [00:00<?, ?it/s][A

  1%|1         | 3/239 [00:00<00:15, 14.96it/s][A

  2%|2         | 5/239 [00:00<00:15, 14.68it/s][A

  3%|2         | 7/239 [00:00<00:16, 13.72it/s][A

  4%|3         | 9/239 [00:00<00:17, 13.28it/s][A

  5%|4         | 11/239 [00:00<00:18, 12.59it/s][A

  5%|5         | 13/239 [00:00<00:17, 12.94it/s][A

  6%|6         | 15/239 [00:01<00:17, 12.95it/s][A

  7%|7         | 17/239 [00:01<00:17, 12.85it/s][A

  8%|7         | 19/239 [00:01<00:17, 12.90it/s][A

  9%|8         | 21/239 [00:01<00:17, 12.12it/s][A

 10%|9         | 23/239 [00:01<00:17, 12.11it/s][A

 10%|#         | 25/239 [00:01<00:16, 12.63it/s][A

 11%|#1        | 27/239 [00:02<00:16, 12.61it/s][A

 12%|#2        | 29/239 [00:02<00:17, 12.22it/s][A

 13%|#2        | 31/239 [00:02<00:16, 12.34it/s][A

 14%|#3        | 33/239 [00:02<00:16, 12.77it/s][A

 15%|#4        | 35/239 [00:02<00:16, 12.05it/s][A

 15%|#5        | 37/239 [00:02<00:16, 12.17it/s][A

 16%|#6        | 39/239 [00:03<00:16, 12.49it/s][A

 17%|#7        | 41/239 [00:03<00:15, 12.49it/s][A

 18%|#7        | 43/239 [00:03<00:15, 12.66it/s][A

 19%|#8        | 45/239 [00:03<00:15, 12.21it/s][A

 20%|#9        | 47/239 [00:03<00:16, 11.74it/s][A

 21%|##        | 49/239 [00:03<00:15, 12.06it/s][A

 21%|##1       | 51/239 [00:04<00:15, 12.14it/s][A

 22%|##2       | 53/239 [00:04<00:14, 12.51it/s][A

 23%|##3       | 55/239 [00:04<00:16, 11.41it/s][A

 24%|##3       | 57/239 [00:04<00:17, 10.38it/s][A

 25%|##4       | 59/239 [00:04<00:16, 10.65it/s][A

 26%|##5       | 61/239 [00:05<00:16, 10.88it/s][A

 26%|##6       | 63/239 [00:05<00:15, 11.05it/s][A

 27%|##7       | 65/239 [00:05<00:14, 11.82it/s][A

 28%|##8       | 67/239 [00:05<00:15, 11.42it/s][A

 29%|##8       | 69/239 [00:05<00:14, 11.41it/s][A

 30%|##9       | 71/239 [00:05<00:14, 11.75it/s][A

 31%|###       | 73/239 [00:06<00:13, 12.00it/s][A

 31%|###1      | 75/239 [00:06<00:13, 12.19it/s][A

 32%|###2      | 77/239 [00:06<00:12, 12.70it/s][A

 33%|###3      | 79/239 [00:06<00:12, 12.68it/s][A

 34%|###3      | 81/239 [00:06<00:12, 13.03it/s][A

 35%|###4      | 83/239 [00:06<00:12, 12.82it/s][A

 36%|###5      | 85/239 [00:06<00:11, 12.93it/s][A

 36%|###6      | 87/239 [00:07<00:11, 13.13it/s][A

 37%|###7      | 89/239 [00:07<00:12, 12.41it/s][A

 38%|###8      | 91/239 [00:07<00:11, 13.08it/s][A

 39%|###8      | 93/239 [00:07<00:11, 12.91it/s][A

 40%|###9      | 95/239 [00:07<00:11, 12.90it/s][A

 41%|####      | 97/239 [00:07<00:10, 13.11it/s][A

 41%|####1     | 99/239 [00:08<00:11, 11.85it/s][A

 42%|####2     | 101/239 [00:08<00:12, 11.13it/s][A

 43%|####3     | 103/239 [00:08<00:12, 10.94it/s][A

 44%|####3     | 105/239 [00:08<00:11, 11.40it/s][A

 45%|####4     | 107/239 [00:08<00:11, 11.75it/s][A

 46%|####5     | 109/239 [00:08<00:10, 12.00it/s][A

 46%|####6     | 111/239 [00:09<00:10, 12.17it/s][A

 47%|####7     | 113/239 [00:09<00:10, 12.44it/s][A

 48%|####8     | 115/239 [00:09<00:09, 12.74it/s][A

 49%|####8     | 117/239 [00:09<00:09, 12.58it/s][A

 50%|####9     | 119/239 [00:09<00:09, 12.73it/s][A

 51%|#####     | 121/239 [00:09<00:09, 12.69it/s][A

 51%|#####1    | 123/239 [00:10<00:09, 12.21it/s][A

 52%|#####2    | 125/239 [00:10<00:09, 12.44it/s][A

 53%|#####3    | 127/239 [00:10<00:08, 12.50it/s][A

 54%|#####3    | 129/239 [00:10<00:08, 12.32it/s][A

 55%|#####4    | 131/239 [00:10<00:08, 12.64it/s][A

 56%|#####5    | 133/239 [00:10<00:08, 12.60it/s][A

 56%|#####6    | 135/239 [00:10<00:07, 13.04it/s][A

 57%|#####7    | 137/239 [00:11<00:08, 12.12it/s][A

 58%|#####8    | 139/239 [00:11<00:07, 13.08it/s][A

 59%|#####8    | 141/239 [00:11<00:07, 12.55it/s][A

 60%|#####9    | 143/239 [00:11<00:07, 12.94it/s][A

 61%|######    | 145/239 [00:11<00:07, 12.83it/s][A

 62%|######1   | 147/239 [00:11<00:07, 12.77it/s][A

 62%|######2   | 149/239 [00:12<00:07, 12.01it/s][A

 63%|######3   | 151/239 [00:12<00:07, 12.19it/s][A

 64%|######4   | 153/239 [00:12<00:06, 12.33it/s][A

 65%|######4   | 155/239 [00:12<00:06, 12.47it/s][A

 66%|######5   | 157/239 [00:12<00:06, 12.85it/s][A

 67%|######6   | 159/239 [00:12<00:06, 12.78it/s][A

 67%|######7   | 161/239 [00:13<00:06, 12.72it/s][A

 68%|######8   | 163/239 [00:13<00:06, 12.33it/s][A

 69%|######9   | 165/239 [00:13<00:06, 12.08it/s][A

 70%|######9   | 167/239 [00:13<00:05, 12.29it/s][A

 71%|#######   | 169/239 [00:13<00:05, 12.35it/s][A

 72%|#######1  | 171/239 [00:13<00:05, 11.74it/s][A

 72%|#######2  | 173/239 [00:14<00:05, 11.99it/s][A

 73%|#######3  | 175/239 [00:14<00:05, 11.82it/s][A

 74%|#######4  | 177/239 [00:14<00:04, 12.40it/s][A

 75%|#######4  | 179/239 [00:14<00:04, 12.24it/s][A

 76%|#######5  | 181/239 [00:14<00:04, 12.61it/s][A

 77%|#######6  | 183/239 [00:14<00:04, 12.61it/s][A

 77%|#######7  | 185/239 [00:15<00:04, 12.30it/s][A

 78%|#######8  | 187/239 [00:15<00:04, 12.56it/s][A

 79%|#######9  | 189/239 [00:15<00:04, 12.39it/s][A

 80%|#######9  | 191/239 [00:15<00:03, 12.00it/s][A

 81%|########  | 193/239 [00:15<00:03, 12.46it/s][A

 82%|########1 | 195/239 [00:15<00:03, 12.67it/s][A

 82%|########2 | 197/239 [00:16<00:03, 11.74it/s][A

 83%|########3 | 199/239 [00:16<00:03, 10.58it/s][A

 84%|########4 | 201/239 [00:16<00:03, 10.70it/s][A

 85%|########4 | 203/239 [00:16<00:03, 10.75it/s][A

 86%|########5 | 205/239 [00:16<00:03, 10.86it/s][A

 87%|########6 | 207/239 [00:16<00:02, 11.36it/s][A

 87%|########7 | 209/239 [00:17<00:02, 11.67it/s][A

 88%|########8 | 211/239 [00:17<00:02, 11.43it/s][A

 89%|########9 | 213/239 [00:17<00:02, 11.00it/s][A

 90%|########9 | 215/239 [00:17<00:02, 11.21it/s][A

 91%|######### | 217/239 [00:17<00:01, 11.02it/s][A

 92%|#########1| 219/239 [00:18<00:01, 11.04it/s][A

 92%|#########2| 221/239 [00:18<00:01, 11.13it/s][A

 93%|#########3| 223/239 [00:18<00:01, 10.84it/s][A

 94%|#########4| 225/239 [00:18<00:01, 10.63it/s][A

 95%|#########4| 227/239 [00:18<00:01, 10.84it/s][A

 96%|#########5| 229/239 [00:18<00:00, 11.31it/s][A

 97%|#########6| 231/239 [00:19<00:00, 11.63it/s][A

 97%|#########7| 233/239 [00:19<00:00, 10.48it/s][A

 98%|#########8| 235/239 [00:19<00:00, 10.18it/s][A

 99%|#########9| 237/239 [00:19<00:00, 10.15it/s][A

100%|##########| 239/239 [00:19<00:00, 10.19it/s][A
                                                  


                                                 
[A
 35%|###5      | 700/2000 [10:04<14:47,  1.46it/s]

100%|##########| 239/239 [00:19<00:00, 10.19it/s][A

{'eval_loss': '3.795', 'eval_runtime': '20.01', 'eval_samples_per_second': '47.77', 'eval_steps_per_second': '11.94', 'epoch': '0.1196'}
                                                 [A

Writing model shards:   0%|          | 0/1 [00:00<?, ?it/s][A

Writing model shards: 100%|##########| 1/1 [00:00<00:00,  1.65it/s][A
Writing model shards: 100%|##########| 1/1 [00:00<00:00,  1.65it/s]

 35%|###5      | 701/2000 [10:06<2:35:01,  7.16s/it]
 35%|###5      | 702/2000 [10:07<1:52:43,  5.21s/it]
 35%|###5      | 703/2000 [10:07<1:22:51,  3.83s/it]
 35%|###5      | 704/2000 [10:08<1:02:05,  2.87s/it]
 35%|###5      | 705/2000 [10:09<47:58,  2.22s/it]  
 35%|###5      | 706/2000 [10:09<37:50,  1.76s/it]
 35%|###5      | 707/2000 [10:10<30:39,  1.42s/it]
 35%|###5      | 708/2000 [10:11<25:32,  1.19s/it]
 35%|###5      | 709/2000 [10:11<21:52,  1.02s/it]
 36%|###5      | 710/2000 [10:12<19:32,  1.10it/s]
 36%|###5      | 711/2000 [10:12<17:47,  1.21it/s]
 36%|###5      | 712/2000 [10:13<16:41,  1.29it/s]
 36%|###5      | 713/2000 [10:14<15:52,  1.35it/s]
 36%|###5      | 714/2000 [10:14<15:23,  1.39it/s]
 36%|###5      | 715/2000 [10:15<14:51,  1.44it/s]
 36%|###5      | 716/2000 [10:16<14:35,  1.47it/s]
 36%|###5      | 717/2000 [10:16<14:14,  1.50it/s]
 36%|###5      | 718/2000 [10:17<14:06,  1.51it/s]
 36%|###5      | 719/2000 [10:18<14:04,  1.52it/s]
 36%|###6      | 720/2000 [10:18<13:51,  1.54it/s]
 36%|###6      | 721/2000 [10:19<13:50,  1.54it/s]
 36%|###6      | 722/2000 [10:20<13:51,  1.54it/s]
 36%|###6      | 723/2000 [10:20<13:39,  1.56it/s]
 36%|###6      | 724/2000 [10:21<13:38,  1.56it/s]
 36%|###6      | 725/2000 [10:21<13:39,  1.56it/s]
                                                  

 36%|###6      | 725/2000 [10:21<13:39,  1.56it/s]
 36%|###6      | 726/2000 [10:22<13:52,  1.53it/s]
 36%|###6      | 727/2000 [10:23<13:56,  1.52it/s]
 36%|###6      | 728/2000 [10:24<14:25,  1.47it/s]
 36%|###6      | 729/2000 [10:24<14:27,  1.46it/s]
 36%|###6      | 730/2000 [10:25<15:02,  1.41it/s]
 37%|###6      | 731/2000 [10:26<15:48,  1.34it/s]
 37%|###6      | 732/2000 [10:27<15:45,  1.34it/s]
 37%|###6      | 733/2000 [10:27<15:26,  1.37it/s]
 37%|###6      | 734/2000 [10:28<15:11,  1.39it/s]
 37%|###6      | 735/2000 [10:29<14:40,  1.44it/s]
 37%|###6      | 736/2000 [10:29<14:14,  1.48it/s]
 37%|###6      | 737/2000 [10:30<14:09,  1.49it/s]
 37%|###6      | 738/2000 [10:31<15:55,  1.32it/s]
 37%|###6      | 739/2000 [10:32<16:25,  1.28it/s]
 37%|###7      | 740/2000 [10:33<16:41,  1.26it/s]
 37%|###7      | 741/2000 [10:33<17:41,  1.19it/s]
 37%|###7      | 742/2000 [10:34<16:49,  1.25it/s]
 37%|###7      | 743/2000 [10:35<15:39,  1.34it/s]
 37%|###7      | 744/2000 [10:35<14:50,  1.41it/s]
 37%|###7      | 745/2000 [10:36<14:10,  1.48it/s]
 37%|###7      | 746/2000 [10:37<13:41,  1.53it/s]
 37%|###7      | 747/2000 [10:37<13:21,  1.56it/s]
 37%|###7      | 748/2000 [10:38<13:19,  1.57it/s]
 37%|###7      | 749/2000 [10:38<13:11,  1.58it/s]
 38%|###7      | 750/2000 [10:39<13:00,  1.60it/s]
                                                  

 38%|###7      | 750/2000 [10:39<13:00,  1.60it/s]
 38%|###7      | 751/2000 [10:40<13:00,  1.60it/s]
 38%|###7      | 752/2000 [10:40<12:59,  1.60it/s]
 38%|###7      | 753/2000 [10:41<13:02,  1.59it/s]
 38%|###7      | 754/2000 [10:42<13:04,  1.59it/s]
 38%|###7      | 755/2000 [10:42<12:55,  1.61it/s]
 38%|###7      | 756/2000 [10:43<12:57,  1.60it/s]
 38%|###7      | 757/2000 [10:44<13:05,  1.58it/s]
 38%|###7      | 758/2000 [10:44<13:02,  1.59it/s]
 38%|###7      | 759/2000 [10:45<13:18,  1.55it/s]
 38%|###8      | 760/2000 [10:46<13:42,  1.51it/s]
 38%|###8      | 761/2000 [10:46<14:01,  1.47it/s]
 38%|###8      | 762/2000 [10:47<13:39,  1.51it/s]
 38%|###8      | 763/2000 [10:47<13:31,  1.52it/s]
 38%|###8      | 764/2000 [10:48<13:17,  1.55it/s]
 38%|###8      | 765/2000 [10:49<13:13,  1.56it/s]
 38%|###8      | 766/2000 [10:49<13:15,  1.55it/s]
 38%|###8      | 767/2000 [10:50<13:05,  1.57it/s]
 38%|###8      | 768/2000 [10:51<13:02,  1.57it/s]
 38%|###8      | 769/2000 [10:51<13:25,  1.53it/s]
 38%|###8      | 770/2000 [10:52<13:29,  1.52it/s]
 39%|###8      | 771/2000 [10:53<13:15,  1.54it/s]
 39%|###8      | 772/2000 [10:53<13:08,  1.56it/s]
 39%|###8      | 773/2000 [10:54<12:53,  1.59it/s]
 39%|###8      | 774/2000 [10:55<12:54,  1.58it/s]
 39%|###8      | 775/2000 [10:55<12:57,  1.58it/s]
                                                  

 39%|###8      | 775/2000 [10:55<12:57,  1.58it/s]
 39%|###8      | 776/2000 [10:56<13:24,  1.52it/s]
 39%|###8      | 777/2000 [10:56<13:15,  1.54it/s]
 39%|###8      | 778/2000 [10:57<13:30,  1.51it/s]
 39%|###8      | 779/2000 [10:58<13:13,  1.54it/s]
 39%|###9      | 780/2000 [10:58<13:06,  1.55it/s]
 39%|###9      | 781/2000 [10:59<13:01,  1.56it/s]
 39%|###9      | 782/2000 [11:00<13:33,  1.50it/s]
 39%|###9      | 783/2000 [11:00<13:31,  1.50it/s]
 39%|###9      | 784/2000 [11:01<13:07,  1.54it/s]
 39%|###9      | 785/2000 [11:02<12:58,  1.56it/s]
 39%|###9      | 786/2000 [11:02<12:53,  1.57it/s]
 39%|###9      | 787/2000 [11:03<12:57,  1.56it/s]
 39%|###9      | 788/2000 [11:04<12:46,  1.58it/s]
 39%|###9      | 789/2000 [11:04<12:48,  1.58it/s]
 40%|###9      | 790/2000 [11:05<12:43,  1.58it/s]
 40%|###9      | 791/2000 [11:05<12:42,  1.59it/s]
 40%|###9      | 792/2000 [11:06<12:41,  1.59it/s]
 40%|###9      | 793/2000 [11:07<12:37,  1.59it/s]
 40%|###9      | 794/2000 [11:07<12:33,  1.60it/s]
 40%|###9      | 795/2000 [11:08<12:44,  1.58it/s]
 40%|###9      | 796/2000 [11:09<12:42,  1.58it/s]
 40%|###9      | 797/2000 [11:09<12:51,  1.56it/s]
 40%|###9      | 798/2000 [11:10<12:42,  1.58it/s]
 40%|###9      | 799/2000 [11:11<12:32,  1.60it/s]
 40%|####      | 800/2000 [11:11<12:37,  1.58it/s]
                                                  

{'loss': '3.699', 'grad_norm': '1.048', 'learning_rate': '0.0003027', 'epoch': '0.1239'}
{'loss': '3.628', 'grad_norm': '0.8415', 'learning_rate': '0.0002955', 'epoch': '0.1282'}
{'loss': '3.557', 'grad_norm': '0.8101', 'learning_rate': '0.0002881', 'epoch': '0.1324'}
{'loss': '3.548', 'grad_norm': '0.7842', 'learning_rate': '0.0002806', 'epoch': '0.1367'}
 40%|####      | 800/2000 [11:11<12:37,  1.58it/s]

  0%|          | 0/239 [00:00<?, ?it/s][A

  1%|1         | 3/239 [00:00<00:10, 22.78it/s][A

  3%|2         | 6/239 [00:00<00:14, 16.20it/s][A

  3%|3         | 8/239 [00:00<00:15, 14.66it/s][A

  4%|4         | 10/239 [00:00<00:16, 13.68it/s][A

  5%|5         | 12/239 [00:00<00:17, 13.04it/s][A

  6%|5         | 14/239 [00:01<00:17, 12.91it/s][A

  7%|6         | 16/239 [00:01<00:17, 12.65it/s][A

  8%|7         | 18/239 [00:01<00:17, 12.77it/s][A

  8%|8         | 20/239 [00:01<00:18, 11.98it/s][A

  9%|9         | 22/239 [00:01<00:17, 12.54it/s][A

 10%|#         | 24/239 [00:01<00:17, 12.46it/s][A

 11%|#         | 26/239 [00:01<00:16, 12.60it/s][A

 12%|#1        | 28/239 [00:02<00:16, 12.61it/s][A

 13%|#2        | 30/239 [00:02<00:16, 12.60it/s][A

 13%|#3        | 32/239 [00:02<00:15, 13.00it/s][A

 14%|#4        | 34/239 [00:02<00:16, 12.50it/s][A

 15%|#5        | 36/239 [00:02<00:16, 12.54it/s][A

 16%|#5        | 38/239 [00:02<00:15, 12.94it/s][A

 17%|#6        | 40/239 [00:03<00:15, 12.83it/s][A

 18%|#7        | 42/239 [00:03<00:16, 12.03it/s][A

 18%|#8        | 44/239 [00:03<00:17, 10.94it/s][A

 19%|#9        | 46/239 [00:03<00:18, 10.53it/s][A

 20%|##        | 48/239 [00:03<00:17, 10.77it/s][A

 21%|##        | 50/239 [00:04<00:16, 11.27it/s][A

 22%|##1       | 52/239 [00:04<00:16, 11.04it/s][A

 23%|##2       | 54/239 [00:04<00:15, 11.78it/s][A

 23%|##3       | 56/239 [00:04<00:15, 11.92it/s][A

 24%|##4       | 58/239 [00:04<00:14, 12.27it/s][A

 25%|##5       | 60/239 [00:04<00:14, 11.99it/s][A

 26%|##5       | 62/239 [00:04<00:14, 12.54it/s][A

 27%|##6       | 64/239 [00:05<00:13, 12.56it/s][A

 28%|##7       | 66/239 [00:05<00:14, 11.88it/s][A

 28%|##8       | 68/239 [00:05<00:14, 12.03it/s][A

 29%|##9       | 70/239 [00:05<00:13, 12.24it/s][A

 30%|###       | 72/239 [00:05<00:13, 11.99it/s][A

 31%|###       | 74/239 [00:05<00:13, 12.53it/s][A

 32%|###1      | 76/239 [00:06<00:13, 12.53it/s][A

 33%|###2      | 78/239 [00:06<00:13, 11.89it/s][A

 33%|###3      | 80/239 [00:06<00:12, 12.39it/s][A

 34%|###4      | 82/239 [00:06<00:12, 12.20it/s][A

 35%|###5      | 84/239 [00:06<00:12, 12.23it/s][A

 36%|###5      | 86/239 [00:06<00:12, 12.08it/s][A

 37%|###6      | 88/239 [00:07<00:12, 11.75it/s][A

 38%|###7      | 90/239 [00:07<00:13, 11.46it/s][A

 38%|###8      | 92/239 [00:07<00:12, 11.79it/s][A

 39%|###9      | 94/239 [00:07<00:12, 11.37it/s][A

 40%|####      | 96/239 [00:07<00:12, 11.12it/s][A

 41%|####1     | 98/239 [00:08<00:12, 11.07it/s][A

 42%|####1     | 100/239 [00:08<00:11, 11.99it/s][A

 43%|####2     | 102/239 [00:08<00:12, 11.18it/s][A

 44%|####3     | 104/239 [00:08<00:11, 11.57it/s][A

 44%|####4     | 106/239 [00:08<00:10, 12.19it/s][A

 45%|####5     | 108/239 [00:08<00:10, 12.30it/s][A

 46%|####6     | 110/239 [00:09<00:11, 11.39it/s][A

 47%|####6     | 112/239 [00:09<00:11, 10.82it/s][A

 48%|####7     | 114/239 [00:09<00:11, 10.98it/s][A

 49%|####8     | 116/239 [00:09<00:11, 10.59it/s][A

 49%|####9     | 118/239 [00:09<00:11, 10.67it/s][A

 50%|#####     | 120/239 [00:10<00:10, 10.89it/s][A

 51%|#####1    | 122/239 [00:10<00:10, 11.46it/s][A

 52%|#####1    | 124/239 [00:10<00:09, 11.89it/s][A

 53%|#####2    | 126/239 [00:10<00:09, 12.10it/s][A

 54%|#####3    | 128/239 [00:10<00:09, 11.27it/s][A

 54%|#####4    | 130/239 [00:10<00:10, 10.18it/s][A

 55%|#####5    | 132/239 [00:11<00:10, 10.60it/s][A

 56%|#####6    | 134/239 [00:11<00:09, 11.11it/s][A

 57%|#####6    | 136/239 [00:11<00:09, 11.21it/s][A

 58%|#####7    | 138/239 [00:11<00:09, 10.46it/s][A

 59%|#####8    | 140/239 [00:11<00:09, 10.70it/s][A

 59%|#####9    | 142/239 [00:12<00:09, 10.28it/s][A

 60%|######    | 144/239 [00:12<00:08, 10.75it/s][A

 61%|######1   | 146/239 [00:12<00:08, 11.25it/s][A

 62%|######1   | 148/239 [00:12<00:08, 11.11it/s][A

 63%|######2   | 150/239 [00:12<00:08, 10.22it/s][A

 64%|######3   | 152/239 [00:12<00:08,  9.93it/s][A

 64%|######4   | 154/239 [00:13<00:08, 10.32it/s][A

 65%|######5   | 156/239 [00:13<00:07, 10.38it/s][A

 66%|######6   | 158/239 [00:13<00:07, 11.21it/s][A

 67%|######6   | 160/239 [00:13<00:06, 11.60it/s][A

 68%|######7   | 162/239 [00:13<00:06, 12.28it/s][A

 69%|######8   | 164/239 [00:13<00:06, 11.70it/s][A

 69%|######9   | 166/239 [00:14<00:06, 11.95it/s][A

 70%|#######   | 168/239 [00:14<00:05, 12.49it/s][A

 71%|#######1  | 170/239 [00:14<00:05, 12.52it/s][A

 72%|#######1  | 172/239 [00:14<00:05, 12.18it/s][A

 73%|#######2  | 174/239 [00:14<00:05, 10.88it/s][A

 74%|#######3  | 176/239 [00:15<00:05, 10.91it/s][A

 74%|#######4  | 178/239 [00:15<00:05, 11.07it/s][A

 75%|#######5  | 180/239 [00:15<00:05, 10.91it/s][A

 76%|#######6  | 182/239 [00:15<00:05, 11.00it/s][A

 77%|#######6  | 184/239 [00:15<00:05, 10.96it/s][A

 78%|#######7  | 186/239 [00:15<00:04, 10.75it/s][A

 79%|#######8  | 188/239 [00:16<00:04, 11.39it/s][A

 79%|#######9  | 190/239 [00:16<00:04, 11.66it/s][A

 80%|########  | 192/239 [00:16<00:03, 12.28it/s][A

 81%|########1 | 194/239 [00:16<00:03, 11.58it/s][A

 82%|########2 | 196/239 [00:16<00:03, 12.09it/s][A

 83%|########2 | 198/239 [00:16<00:03, 12.50it/s][A

 84%|########3 | 200/239 [00:17<00:03, 12.52it/s][A

 85%|########4 | 202/239 [00:17<00:02, 12.52it/s][A

 85%|########5 | 204/239 [00:17<00:02, 12.40it/s][A

 86%|########6 | 206/239 [00:17<00:02, 12.61it/s][A

 87%|########7 | 208/239 [00:17<00:02, 12.61it/s][A

 88%|########7 | 210/239 [00:17<00:02, 12.61it/s][A

 89%|########8 | 212/239 [00:18<00:02, 12.28it/s][A

 90%|########9 | 214/239 [00:18<00:02, 12.10it/s][A

 90%|######### | 216/239 [00:18<00:02, 11.48it/s][A

 91%|#########1| 218/239 [00:18<00:01, 11.77it/s][A

 92%|#########2| 220/239 [00:18<00:01, 11.38it/s][A

 93%|#########2| 222/239 [00:18<00:01, 12.07it/s][A

 94%|#########3| 224/239 [00:19<00:01, 12.24it/s][A

 95%|#########4| 226/239 [00:19<00:01, 12.21it/s][A

 95%|#########5| 228/239 [00:19<00:00, 12.17it/s][A

 96%|#########6| 230/239 [00:19<00:00, 12.25it/s][A

 97%|#########7| 232/239 [00:19<00:00, 12.73it/s][A

 98%|#########7| 234/239 [00:19<00:00, 11.66it/s][A

 99%|#########8| 236/239 [00:20<00:00, 11.31it/s][A

100%|#########9| 238/239 [00:20<00:00, 11.66it/s][A
                                                  


                                                 
[A
 40%|####      | 800/2000 [11:32<12:37,  1.58it/s]

100%|##########| 239/239 [00:20<00:00, 11.66it/s][A

{'eval_loss': '3.664', 'eval_runtime': '20.43', 'eval_samples_per_second': '46.8', 'eval_steps_per_second': '11.7', 'epoch': '0.1367'}
                                                 [A

Writing model shards:   0%|          | 0/1 [00:00<?, ?it/s][A

Writing model shards: 100%|##########| 1/1 [00:00<00:00,  1.93it/s][A
Writing model shards: 100%|##########| 1/1 [00:00<00:00,  1.93it/s]

 40%|####      | 801/2000 [11:34<2:25:03,  7.26s/it]
 40%|####      | 802/2000 [11:35<1:45:58,  5.31s/it]
 40%|####      | 803/2000 [11:35<1:19:08,  3.97s/it]
 40%|####      | 804/2000 [11:36<59:02,  2.96s/it]  
 40%|####      | 805/2000 [11:37<44:59,  2.26s/it]
 40%|####      | 806/2000 [11:37<35:03,  1.76s/it]
 40%|####      | 807/2000 [11:38<28:16,  1.42s/it]
 40%|####      | 808/2000 [11:39<23:23,  1.18s/it]
 40%|####      | 809/2000 [11:39<20:02,  1.01s/it]
 40%|####      | 810/2000 [11:40<17:36,  1.13it/s]
 41%|####      | 811/2000 [11:40<15:59,  1.24it/s]
 41%|####      | 812/2000 [11:41<14:51,  1.33it/s]
 41%|####      | 813/2000 [11:42<14:12,  1.39it/s]
 41%|####      | 814/2000 [11:42<13:44,  1.44it/s]
 41%|####      | 815/2000 [11:43<13:30,  1.46it/s]
 41%|####      | 816/2000 [11:44<13:12,  1.49it/s]
 41%|####      | 817/2000 [11:44<12:55,  1.52it/s]
 41%|####      | 818/2000 [11:45<12:44,  1.55it/s]
 41%|####      | 819/2000 [11:46<12:55,  1.52it/s]
 41%|####1     | 820/2000 [11:46<12:56,  1.52it/s]
 41%|####1     | 821/2000 [11:47<13:56,  1.41it/s]
 41%|####1     | 822/2000 [11:48<16:22,  1.20it/s]
 41%|####1     | 823/2000 [11:49<17:13,  1.14it/s]
 41%|####1     | 824/2000 [11:50<16:50,  1.16it/s]
 41%|####1     | 825/2000 [11:51<16:47,  1.17it/s]
                                                  

 41%|####1     | 825/2000 [11:51<16:47,  1.17it/s]
 41%|####1     | 826/2000 [11:52<16:54,  1.16it/s]
 41%|####1     | 827/2000 [11:52<16:22,  1.19it/s]
 41%|####1     | 828/2000 [11:53<15:27,  1.26it/s]
 41%|####1     | 829/2000 [11:54<14:25,  1.35it/s]
 42%|####1     | 830/2000 [11:54<13:37,  1.43it/s]
 42%|####1     | 831/2000 [11:55<13:03,  1.49it/s]
 42%|####1     | 832/2000 [11:56<12:49,  1.52it/s]
 42%|####1     | 833/2000 [11:56<12:51,  1.51it/s]
 42%|####1     | 834/2000 [11:57<12:46,  1.52it/s]
 42%|####1     | 835/2000 [11:58<12:43,  1.53it/s]
 42%|####1     | 836/2000 [11:58<12:24,  1.56it/s]
 42%|####1     | 837/2000 [11:59<12:23,  1.56it/s]
 42%|####1     | 838/2000 [11:59<12:31,  1.55it/s]
 42%|####1     | 839/2000 [12:00<12:25,  1.56it/s]
 42%|####2     | 840/2000 [12:01<12:12,  1.58it/s]
 42%|####2     | 841/2000 [12:01<12:10,  1.59it/s]
 42%|####2     | 842/2000 [12:02<12:13,  1.58it/s]
 42%|####2     | 843/2000 [12:03<12:20,  1.56it/s]
 42%|####2     | 844/2000 [12:03<12:04,  1.60it/s]
 42%|####2     | 845/2000 [12:04<12:11,  1.58it/s]
 42%|####2     | 846/2000 [12:04<12:11,  1.58it/s]
 42%|####2     | 847/2000 [12:05<12:03,  1.59it/s]
 42%|####2     | 848/2000 [12:06<12:02,  1.60it/s]
 42%|####2     | 849/2000 [12:06<11:59,  1.60it/s]
 42%|####2     | 850/2000 [12:07<11:51,  1.62it/s]
                                                  

 42%|####2     | 850/2000 [12:07<11:51,  1.62it/s]
 43%|####2     | 851/2000 [12:08<12:01,  1.59it/s]
 43%|####2     | 852/2000 [12:08<12:49,  1.49it/s]
 43%|####2     | 853/2000 [12:09<12:50,  1.49it/s]
 43%|####2     | 854/2000 [12:10<12:36,  1.52it/s]
 43%|####2     | 855/2000 [12:10<12:25,  1.54it/s]
 43%|####2     | 856/2000 [12:11<12:23,  1.54it/s]
 43%|####2     | 857/2000 [12:12<12:25,  1.53it/s]
 43%|####2     | 858/2000 [12:12<12:34,  1.51it/s]
 43%|####2     | 859/2000 [12:13<12:51,  1.48it/s]
 43%|####3     | 860/2000 [12:14<12:55,  1.47it/s]
 43%|####3     | 861/2000 [12:14<12:42,  1.49it/s]
 43%|####3     | 862/2000 [12:15<12:39,  1.50it/s]
 43%|####3     | 863/2000 [12:16<12:37,  1.50it/s]
 43%|####3     | 864/2000 [12:16<12:20,  1.53it/s]
 43%|####3     | 865/2000 [12:17<13:12,  1.43it/s]
 43%|####3     | 866/2000 [12:18<13:23,  1.41it/s]
 43%|####3     | 867/2000 [12:19<13:22,  1.41it/s]
 43%|####3     | 868/2000 [12:19<12:51,  1.47it/s]
 43%|####3     | 869/2000 [12:20<12:24,  1.52it/s]
 44%|####3     | 870/2000 [12:20<12:20,  1.53it/s]
 44%|####3     | 871/2000 [12:21<12:31,  1.50it/s]
 44%|####3     | 872/2000 [12:22<12:40,  1.48it/s]
 44%|####3     | 873/2000 [12:23<12:55,  1.45it/s]
 44%|####3     | 874/2000 [12:23<13:14,  1.42it/s]
 44%|####3     | 875/2000 [12:24<13:27,  1.39it/s]
                                                  

 44%|####3     | 875/2000 [12:24<13:27,  1.39it/s]
 44%|####3     | 876/2000 [12:25<13:51,  1.35it/s]
 44%|####3     | 877/2000 [12:26<13:41,  1.37it/s]
 44%|####3     | 878/2000 [12:26<13:47,  1.36it/s]
 44%|####3     | 879/2000 [12:27<13:47,  1.35it/s]
 44%|####4     | 880/2000 [12:28<13:44,  1.36it/s]
 44%|####4     | 881/2000 [12:29<14:11,  1.31it/s]
 44%|####4     | 882/2000 [12:29<13:43,  1.36it/s]
 44%|####4     | 883/2000 [12:30<13:07,  1.42it/s]
 44%|####4     | 884/2000 [12:30<12:35,  1.48it/s]
 44%|####4     | 885/2000 [12:31<12:24,  1.50it/s]
 44%|####4     | 886/2000 [12:32<12:18,  1.51it/s]
 44%|####4     | 887/2000 [12:32<12:03,  1.54it/s]
 44%|####4     | 888/2000 [12:33<12:12,  1.52it/s]
 44%|####4     | 889/2000 [12:34<11:54,  1.55it/s]
 44%|####4     | 890/2000 [12:34<11:50,  1.56it/s]
 45%|####4     | 891/2000 [12:35<11:42,  1.58it/s]
 45%|####4     | 892/2000 [12:36<11:36,  1.59it/s]
 45%|####4     | 893/2000 [12:36<11:37,  1.59it/s]
 45%|####4     | 894/2000 [12:37<11:49,  1.56it/s]
 45%|####4     | 895/2000 [12:38<12:01,  1.53it/s]
 45%|####4     | 896/2000 [12:38<12:10,  1.51it/s]
 45%|####4     | 897/2000 [12:39<12:26,  1.48it/s]
 45%|####4     | 898/2000 [12:40<12:58,  1.42it/s]
 45%|####4     | 899/2000 [12:40<13:26,  1.36it/s]
 45%|####5     | 900/2000 [12:41<13:51,  1.32it/s]
                                                  

{'loss': '3.521', 'grad_norm': '0.7621', 'learning_rate': '0.000273', 'epoch': '0.141'}
{'loss': '3.431', 'grad_norm': '0.9209', 'learning_rate': '0.0002653', 'epoch': '0.1453'}
{'loss': '3.431', 'grad_norm': '0.8185', 'learning_rate': '0.0002574', 'epoch': '0.1495'}
{'loss': '3.404', 'grad_norm': '0.7874', 'learning_rate': '0.0002494', 'epoch': '0.1538'}
 45%|####5     | 900/2000 [12:41<13:51,  1.32it/s]

  0%|          | 0/239 [00:00<?, ?it/s][A

  1%|          | 2/239 [00:00<00:13, 17.76it/s][A

  2%|1         | 4/239 [00:00<00:21, 10.72it/s][A

  3%|2         | 6/239 [00:00<00:23, 10.10it/s][A

  3%|3         | 8/239 [00:00<00:21, 10.55it/s][A

  4%|4         | 10/239 [00:00<00:21, 10.75it/s][A

  5%|5         | 12/239 [00:01<00:21, 10.51it/s][A

  6%|5         | 14/239 [00:01<00:20, 10.95it/s][A

  7%|6         | 16/239 [00:01<00:20, 11.11it/s][A

  8%|7         | 18/239 [00:01<00:20, 10.92it/s][A

  8%|8         | 20/239 [00:01<00:19, 10.98it/s][A

  9%|9         | 22/239 [00:02<00:19, 10.88it/s][A

 10%|#         | 24/239 [00:02<00:18, 11.44it/s][A

 11%|#         | 26/239 [00:02<00:19, 11.14it/s][A

 12%|#1        | 28/239 [00:02<00:18, 11.67it/s][A

 13%|#2        | 30/239 [00:02<00:18, 11.40it/s][A

 13%|#3        | 32/239 [00:02<00:17, 11.85it/s][A

 14%|#4        | 34/239 [00:03<00:17, 11.97it/s][A

 15%|#5        | 36/239 [00:03<00:16, 12.52it/s][A

 16%|#5        | 38/239 [00:03<00:16, 12.54it/s][A

 17%|#6        | 40/239 [00:03<00:15, 12.95it/s][A

 18%|#7        | 42/239 [00:03<00:15, 12.32it/s][A

 18%|#8        | 44/239 [00:03<00:15, 12.56it/s][A

 19%|#9        | 46/239 [00:03<00:15, 12.21it/s][A

 20%|##        | 48/239 [00:04<00:15, 12.69it/s][A

 21%|##        | 50/239 [00:04<00:15, 12.47it/s][A

 22%|##1       | 52/239 [00:04<00:14, 12.72it/s][A

 23%|##2       | 54/239 [00:04<00:14, 12.68it/s][A

 23%|##3       | 56/239 [00:04<00:14, 13.05it/s][A

 24%|##4       | 58/239 [00:04<00:14, 12.85it/s][A

 25%|##5       | 60/239 [00:05<00:13, 12.94it/s][A

 26%|##5       | 62/239 [00:05<00:13, 13.08it/s][A

 27%|##6       | 64/239 [00:05<00:14, 11.90it/s][A

 28%|##7       | 66/239 [00:05<00:14, 12.29it/s][A

 28%|##8       | 68/239 [00:05<00:13, 12.57it/s][A

 29%|##9       | 70/239 [00:05<00:13, 12.51it/s][A

 30%|###       | 72/239 [00:06<00:13, 12.22it/s][A

 31%|###       | 74/239 [00:06<00:12, 13.08it/s][A

 32%|###1      | 76/239 [00:06<00:12, 12.86it/s][A

 33%|###2      | 78/239 [00:06<00:12, 12.90it/s][A

 33%|###3      | 80/239 [00:06<00:12, 12.72it/s][A

 34%|###4      | 82/239 [00:06<00:12, 12.77it/s][A

 35%|###5      | 84/239 [00:06<00:12, 12.86it/s][A

 36%|###5      | 86/239 [00:07<00:12, 12.59it/s][A

 37%|###6      | 88/239 [00:07<00:11, 12.93it/s][A

 38%|###7      | 90/239 [00:07<00:11, 12.98it/s][A

 38%|###8      | 92/239 [00:07<00:11, 12.85it/s][A

 39%|###9      | 94/239 [00:07<00:11, 12.77it/s][A

 40%|####      | 96/239 [00:07<00:10, 13.10it/s][A

 41%|####1     | 98/239 [00:08<00:11, 12.62it/s][A

 42%|####1     | 100/239 [00:08<00:11, 11.85it/s][A

 43%|####2     | 102/239 [00:08<00:12, 11.10it/s][A

 44%|####3     | 104/239 [00:08<00:12, 10.92it/s][A

 44%|####4     | 106/239 [00:08<00:12, 10.80it/s][A

 45%|####5     | 108/239 [00:08<00:11, 10.97it/s][A

 46%|####6     | 110/239 [00:09<00:11, 11.46it/s][A

 47%|####6     | 112/239 [00:09<00:11, 11.32it/s][A

 48%|####7     | 114/239 [00:09<00:10, 11.52it/s][A

 49%|####8     | 116/239 [00:09<00:11, 11.08it/s][A

 49%|####9     | 118/239 [00:09<00:10, 11.60it/s][A

 50%|#####     | 120/239 [00:10<00:09, 11.91it/s][A

 51%|#####1    | 122/239 [00:10<00:09, 11.76it/s][A

 52%|#####1    | 124/239 [00:10<00:09, 11.64it/s][A

 53%|#####2    | 126/239 [00:10<00:09, 11.63it/s][A

 54%|#####3    | 128/239 [00:10<00:09, 11.53it/s][A

 54%|#####4    | 130/239 [00:10<00:09, 11.56it/s][A

 55%|#####5    | 132/239 [00:11<00:09, 11.85it/s][A

 56%|#####6    | 134/239 [00:11<00:08, 11.71it/s][A

 57%|#####6    | 136/239 [00:11<00:08, 11.96it/s][A

 58%|#####7    | 138/239 [00:11<00:08, 11.80it/s][A

 59%|#####8    | 140/239 [00:11<00:08, 11.69it/s][A

 59%|#####9    | 142/239 [00:11<00:08, 11.63it/s][A

 60%|######    | 144/239 [00:12<00:08, 11.75it/s][A

 61%|######1   | 146/239 [00:12<00:07, 11.82it/s][A

 62%|######1   | 148/239 [00:12<00:07, 11.79it/s][A

 63%|######2   | 150/239 [00:12<00:07, 11.91it/s][A

 64%|######3   | 152/239 [00:12<00:07, 11.48it/s][A

 64%|######4   | 154/239 [00:12<00:07, 11.49it/s][A

 65%|######5   | 156/239 [00:13<00:06, 11.90it/s][A

 66%|######6   | 158/239 [00:13<00:06, 11.75it/s][A

 67%|######6   | 160/239 [00:13<00:06, 11.92it/s][A

 68%|######7   | 162/239 [00:13<00:06, 12.13it/s][A

 69%|######8   | 164/239 [00:13<00:06, 11.91it/s][A

 69%|######9   | 166/239 [00:13<00:06, 11.46it/s][A

 70%|#######   | 168/239 [00:14<00:06, 11.77it/s][A

 71%|#######1  | 170/239 [00:14<00:05, 12.01it/s][A

 72%|#######1  | 172/239 [00:14<00:05, 11.82it/s][A

 73%|#######2  | 174/239 [00:14<00:05, 11.54it/s][A

 74%|#######3  | 176/239 [00:14<00:05, 11.67it/s][A

 74%|#######4  | 178/239 [00:14<00:05, 11.61it/s][A

 75%|#######5  | 180/239 [00:15<00:05, 11.57it/s][A

 76%|#######6  | 182/239 [00:15<00:04, 11.87it/s][A

 77%|#######6  | 184/239 [00:15<00:04, 11.42it/s][A

 78%|#######7  | 186/239 [00:15<00:04, 11.83it/s][A

 79%|#######8  | 188/239 [00:15<00:04, 11.88it/s][A

 79%|#######9  | 190/239 [00:15<00:04, 11.86it/s][A

 80%|########  | 192/239 [00:16<00:03, 11.75it/s][A

 81%|########1 | 194/239 [00:16<00:03, 11.83it/s][A

 82%|########2 | 196/239 [00:16<00:03, 11.85it/s][A

 83%|########2 | 198/239 [00:16<00:03, 12.10it/s][A

 84%|########3 | 200/239 [00:16<00:03, 11.90it/s][A

 85%|########4 | 202/239 [00:17<00:03, 11.41it/s][A

 85%|########5 | 204/239 [00:17<00:02, 11.81it/s][A

 86%|########6 | 206/239 [00:17<00:02, 12.01it/s][A

 87%|########7 | 208/239 [00:17<00:02, 11.72it/s][A

 88%|########7 | 210/239 [00:17<00:02, 11.77it/s][A

 89%|########8 | 212/239 [00:17<00:02, 11.71it/s][A

 90%|########9 | 214/239 [00:18<00:02, 11.84it/s][A

 90%|######### | 216/239 [00:18<00:01, 11.83it/s][A

 91%|#########1| 218/239 [00:18<00:01, 10.98it/s][A

 92%|#########2| 220/239 [00:18<00:01, 11.79it/s][A

 93%|#########2| 222/239 [00:18<00:01, 11.78it/s][A

 94%|#########3| 224/239 [00:18<00:01, 11.69it/s][A

 95%|#########4| 226/239 [00:19<00:01, 11.83it/s][A

 95%|#########5| 228/239 [00:19<00:00, 12.21it/s][A

 96%|#########6| 230/239 [00:19<00:00, 12.24it/s][A

 97%|#########7| 232/239 [00:19<00:00, 12.80it/s][A

 98%|#########7| 234/239 [00:19<00:00, 12.74it/s][A

 99%|#########8| 236/239 [00:19<00:00, 12.25it/s][A

100%|#########9| 238/239 [00:20<00:00, 11.90it/s][A
                                                  


                                                 
[A
 45%|####5     | 900/2000 [13:02<13:51,  1.32it/s]

100%|##########| 239/239 [00:20<00:00, 11.90it/s][A

{'eval_loss': '3.539', 'eval_runtime': '20.2', 'eval_samples_per_second': '47.32', 'eval_steps_per_second': '11.83', 'epoch': '0.1538'}
                                                 [A

Writing model shards:   0%|          | 0/1 [00:00<?, ?it/s][A

Writing model shards: 100%|##########| 1/1 [00:00<00:00,  1.58it/s][A
Writing model shards: 100%|##########| 1/1 [00:00<00:00,  1.58it/s]

 45%|####5     | 901/2000 [13:04<2:15:37,  7.40s/it]
 45%|####5     | 902/2000 [13:05<1:38:10,  5.37s/it]
 45%|####5     | 903/2000 [13:05<1:12:07,  3.95s/it]
 45%|####5     | 904/2000 [13:06<53:54,  2.95s/it]  
 45%|####5     | 905/2000 [13:07<41:10,  2.26s/it]
 45%|####5     | 906/2000 [13:07<32:16,  1.77s/it]
 45%|####5     | 907/2000 [13:08<26:22,  1.45s/it]
 45%|####5     | 908/2000 [13:09<23:20,  1.28s/it]
 45%|####5     | 909/2000 [13:10<21:53,  1.20s/it]
 46%|####5     | 910/2000 [13:11<20:07,  1.11s/it]
 46%|####5     | 911/2000 [13:12<17:48,  1.02it/s]
 46%|####5     | 912/2000 [13:12<15:48,  1.15it/s]
 46%|####5     | 913/2000 [13:13<14:37,  1.24it/s]
 46%|####5     | 914/2000 [13:13<13:38,  1.33it/s]
 46%|####5     | 915/2000 [13:14<12:48,  1.41it/s]
 46%|####5     | 916/2000 [13:15<12:23,  1.46it/s]
 46%|####5     | 917/2000 [13:15<11:56,  1.51it/s]
 46%|####5     | 918/2000 [13:16<11:36,  1.55it/s]
 46%|####5     | 919/2000 [13:16<11:22,  1.58it/s]
 46%|####6     | 920/2000 [13:17<11:12,  1.61it/s]
 46%|####6     | 921/2000 [13:18<11:17,  1.59it/s]
 46%|####6     | 922/2000 [13:18<11:06,  1.62it/s]
 46%|####6     | 923/2000 [13:19<11:06,  1.62it/s]
 46%|####6     | 924/2000 [13:20<11:03,  1.62it/s]
 46%|####6     | 925/2000 [13:20<11:16,  1.59it/s]
                                                  

 46%|####6     | 925/2000 [13:20<11:16,  1.59it/s]
 46%|####6     | 926/2000 [13:21<11:22,  1.57it/s]
 46%|####6     | 927/2000 [13:21<11:16,  1.59it/s]
 46%|####6     | 928/2000 [13:22<11:24,  1.57it/s]
 46%|####6     | 929/2000 [13:23<11:30,  1.55it/s]
 46%|####6     | 930/2000 [13:23<11:26,  1.56it/s]
 47%|####6     | 931/2000 [13:24<11:13,  1.59it/s]
 47%|####6     | 932/2000 [13:25<11:14,  1.58it/s]
 47%|####6     | 933/2000 [13:25<11:04,  1.61it/s]
 47%|####6     | 934/2000 [13:26<11:14,  1.58it/s]
 47%|####6     | 935/2000 [13:27<11:07,  1.60it/s]
 47%|####6     | 936/2000 [13:27<11:04,  1.60it/s]
 47%|####6     | 937/2000 [13:28<11:01,  1.61it/s]
 47%|####6     | 938/2000 [13:28<11:05,  1.59it/s]
 47%|####6     | 939/2000 [13:29<11:01,  1.60it/s]
 47%|####6     | 940/2000 [13:30<11:04,  1.60it/s]
 47%|####7     | 941/2000 [13:30<10:55,  1.62it/s]
 47%|####7     | 942/2000 [13:31<10:59,  1.60it/s]
 47%|####7     | 943/2000 [13:32<10:57,  1.61it/s]
 47%|####7     | 944/2000 [13:32<10:50,  1.62it/s]
 47%|####7     | 945/2000 [13:33<11:35,  1.52it/s]
 47%|####7     | 946/2000 [13:34<11:32,  1.52it/s]
 47%|####7     | 947/2000 [13:34<11:29,  1.53it/s]
 47%|####7     | 948/2000 [13:35<11:26,  1.53it/s]
 47%|####7     | 949/2000 [13:35<11:15,  1.56it/s]
 48%|####7     | 950/2000 [13:36<11:31,  1.52it/s]
                                                  

 48%|####7     | 950/2000 [13:36<11:31,  1.52it/s]
 48%|####7     | 951/2000 [13:37<11:34,  1.51it/s]
 48%|####7     | 952/2000 [13:37<11:29,  1.52it/s]
 48%|####7     | 953/2000 [13:38<11:21,  1.54it/s]
 48%|####7     | 954/2000 [13:39<11:24,  1.53it/s]
 48%|####7     | 955/2000 [13:39<11:38,  1.50it/s]
 48%|####7     | 956/2000 [13:40<11:22,  1.53it/s]
 48%|####7     | 957/2000 [13:41<11:15,  1.54it/s]
 48%|####7     | 958/2000 [13:41<11:00,  1.58it/s]
 48%|####7     | 959/2000 [13:42<11:09,  1.56it/s]
 48%|####8     | 960/2000 [13:43<11:10,  1.55it/s]
 48%|####8     | 961/2000 [13:43<11:09,  1.55it/s]
 48%|####8     | 962/2000 [13:44<11:02,  1.57it/s]
 48%|####8     | 963/2000 [13:45<11:07,  1.55it/s]
 48%|####8     | 964/2000 [13:45<11:00,  1.57it/s]
 48%|####8     | 965/2000 [13:46<10:52,  1.59it/s]
 48%|####8     | 966/2000 [13:46<10:42,  1.61it/s]
 48%|####8     | 967/2000 [13:47<10:45,  1.60it/s]
 48%|####8     | 968/2000 [13:48<10:57,  1.57it/s]
 48%|####8     | 969/2000 [13:48<10:53,  1.58it/s]
 48%|####8     | 970/2000 [13:49<10:57,  1.57it/s]
 49%|####8     | 971/2000 [13:50<10:53,  1.57it/s]
 49%|####8     | 972/2000 [13:50<11:15,  1.52it/s]
 49%|####8     | 973/2000 [13:51<11:40,  1.47it/s]
 49%|####8     | 974/2000 [13:52<12:02,  1.42it/s]
 49%|####8     | 975/2000 [13:53<12:14,  1.40it/s]
                                                  

 49%|####8     | 975/2000 [13:53<12:14,  1.40it/s]
 49%|####8     | 976/2000 [13:53<13:01,  1.31it/s]
 49%|####8     | 977/2000 [13:54<13:13,  1.29it/s]
 49%|####8     | 978/2000 [13:55<12:43,  1.34it/s]
 49%|####8     | 979/2000 [13:56<13:21,  1.27it/s]
 49%|####9     | 980/2000 [13:57<13:25,  1.27it/s]
 49%|####9     | 981/2000 [13:57<13:26,  1.26it/s]
 49%|####9     | 982/2000 [13:58<13:00,  1.30it/s]
 49%|####9     | 983/2000 [13:59<13:04,  1.30it/s]
 49%|####9     | 984/2000 [14:00<14:18,  1.18it/s]
 49%|####9     | 985/2000 [14:01<13:49,  1.22it/s]
 49%|####9     | 986/2000 [14:01<13:31,  1.25it/s]
 49%|####9     | 987/2000 [14:02<13:19,  1.27it/s]
 49%|####9     | 988/2000 [14:03<13:23,  1.26it/s]
 49%|####9     | 989/2000 [14:04<13:23,  1.26it/s]
 50%|####9     | 990/2000 [14:05<13:27,  1.25it/s]
 50%|####9     | 991/2000 [14:05<13:27,  1.25it/s]
 50%|####9     | 992/2000 [14:06<13:44,  1.22it/s]
 50%|####9     | 993/2000 [14:07<13:02,  1.29it/s]
 50%|####9     | 994/2000 [14:08<13:19,  1.26it/s]
 50%|####9     | 995/2000 [14:08<12:58,  1.29it/s]
 50%|####9     | 996/2000 [14:09<13:07,  1.27it/s]
 50%|####9     | 997/2000 [14:10<13:18,  1.26it/s]
 50%|####9     | 998/2000 [14:11<12:54,  1.29it/s]
 50%|####9     | 999/2000 [14:12<12:43,  1.31it/s]
 50%|#####     | 1000/2000 [14:12<12:55,  1.29it/s]
                                                   

{'loss': '3.297', 'grad_norm': '0.7822', 'learning_rate': '0.0002414', 'epoch': '0.1581'}
 50%|#####     | 1000/2000 [14:12<12:55,  1.29it/s]
{'loss': '3.337', 'grad_norm': '0.7921', 'learning_rate': '0.0002332', 'epoch': '0.1624'}
{'loss': '3.274', 'grad_norm': '0.7679', 'learning_rate': '0.0002251', 'epoch': '0.1666'}
{'loss': '3.29', 'grad_norm': '0.8254', 'learning_rate': '0.0002168', 'epoch': '0.1709'}

  0%|          | 0/239 [00:00<?, ?it/s][A

  1%|1         | 3/239 [00:00<00:16, 14.70it/s][A

  2%|2         | 5/239 [00:00<00:19, 12.12it/s][A

  3%|2         | 7/239 [00:00<00:21, 10.98it/s][A

  4%|3         | 9/239 [00:00<00:20, 11.19it/s][A

  5%|4         | 11/239 [00:00<00:20, 10.95it/s][A

  5%|5         | 13/239 [00:01<00:20, 11.02it/s][A

  6%|6         | 15/239 [00:01<00:19, 11.26it/s][A

  7%|7         | 17/239 [00:01<00:19, 11.33it/s][A

  8%|7         | 19/239 [00:01<00:19, 11.36it/s][A

  9%|8         | 21/239 [00:01<00:18, 11.71it/s][A

 10%|9         | 23/239 [00:02<00:18, 11.62it/s][A

 10%|#         | 25/239 [00:02<00:18, 11.71it/s][A

 11%|#1        | 27/239 [00:02<00:17, 12.18it/s][A

 12%|#2        | 29/239 [00:02<00:17, 12.30it/s][A

 13%|#2        | 31/239 [00:02<00:16, 12.76it/s][A

 14%|#3        | 33/239 [00:02<00:16, 12.35it/s][A

 15%|#4        | 35/239 [00:02<00:16, 12.64it/s][A

 15%|#5        | 37/239 [00:03<00:15, 12.78it/s][A

 16%|#6        | 39/239 [00:03<00:15, 12.99it/s][A

 17%|#7        | 41/239 [00:03<00:15, 12.87it/s][A

 18%|#7        | 43/239 [00:03<00:15, 12.77it/s][A

 19%|#8        | 45/239 [00:03<00:14, 12.98it/s][A

 20%|#9        | 47/239 [00:03<00:15, 12.39it/s][A

 21%|##        | 49/239 [00:04<00:15, 12.63it/s][A

 21%|##1       | 51/239 [00:04<00:14, 13.21it/s][A

 22%|##2       | 53/239 [00:04<00:14, 12.97it/s][A

 23%|##3       | 55/239 [00:04<00:14, 12.91it/s][A

 24%|##3       | 57/239 [00:04<00:15, 12.09it/s][A

 25%|##4       | 59/239 [00:04<00:14, 12.22it/s][A

 26%|##5       | 61/239 [00:05<00:15, 11.83it/s][A

 26%|##6       | 63/239 [00:05<00:14, 12.24it/s][A

 27%|##7       | 65/239 [00:05<00:13, 12.70it/s][A

 28%|##8       | 67/239 [00:05<00:13, 12.67it/s][A

 29%|##8       | 69/239 [00:05<00:14, 12.08it/s][A

 30%|##9       | 71/239 [00:05<00:13, 12.43it/s][A

 31%|###       | 73/239 [00:05<00:13, 12.50it/s][A

 31%|###1      | 75/239 [00:06<00:13, 12.50it/s][A

 32%|###2      | 77/239 [00:06<00:12, 12.80it/s][A

 33%|###3      | 79/239 [00:06<00:12, 12.66it/s][A

 34%|###3      | 81/239 [00:06<00:12, 12.48it/s][A

 35%|###4      | 83/239 [00:06<00:12, 12.76it/s][A

 36%|###5      | 85/239 [00:06<00:11, 12.91it/s][A

 36%|###6      | 87/239 [00:07<00:11, 12.94it/s][A

 37%|###7      | 89/239 [00:07<00:11, 12.77it/s][A

 38%|###8      | 91/239 [00:07<00:11, 13.04it/s][A

 39%|###8      | 93/239 [00:07<00:10, 13.31it/s][A

 40%|###9      | 95/239 [00:07<00:11, 13.07it/s][A

 41%|####      | 97/239 [00:07<00:10, 13.34it/s][A

 41%|####1     | 99/239 [00:07<00:10, 13.14it/s][A

 42%|####2     | 101/239 [00:08<00:10, 12.97it/s][A

 43%|####3     | 103/239 [00:08<00:10, 12.85it/s][A

 44%|####3     | 105/239 [00:08<00:10, 12.78it/s][A

 45%|####4     | 107/239 [00:08<00:10, 13.11it/s][A

 46%|####5     | 109/239 [00:08<00:10, 12.91it/s][A

 46%|####6     | 111/239 [00:08<00:10, 12.65it/s][A

 47%|####7     | 113/239 [00:09<00:09, 12.79it/s][A

 48%|####8     | 115/239 [00:09<00:09, 12.78it/s][A

 49%|####8     | 117/239 [00:09<00:09, 12.50it/s][A

 50%|####9     | 119/239 [00:09<00:09, 12.91it/s][A

 51%|#####     | 121/239 [00:09<00:09, 13.05it/s][A

 51%|#####1    | 123/239 [00:09<00:08, 13.34it/s][A

 52%|#####2    | 125/239 [00:09<00:08, 12.72it/s][A

 53%|#####3    | 127/239 [00:10<00:08, 13.08it/s][A

 54%|#####3    | 129/239 [00:10<00:08, 12.54it/s][A

 55%|#####4    | 131/239 [00:10<00:08, 12.19it/s][A

 56%|#####5    | 133/239 [00:10<00:08, 13.07it/s][A

 56%|#####6    | 135/239 [00:10<00:08, 12.83it/s][A

 57%|#####7    | 137/239 [00:10<00:07, 13.22it/s][A

 58%|#####8    | 139/239 [00:11<00:08, 12.34it/s][A

 59%|#####8    | 141/239 [00:11<00:07, 12.44it/s][A

 60%|#####9    | 143/239 [00:11<00:07, 12.84it/s][A

 61%|######    | 145/239 [00:11<00:07, 12.83it/s][A

 62%|######1   | 147/239 [00:11<00:07, 12.76it/s][A

 62%|######2   | 149/239 [00:11<00:07, 12.12it/s][A

 63%|######3   | 151/239 [00:12<00:07, 11.79it/s][A

 64%|######4   | 153/239 [00:12<00:07, 12.02it/s][A

 65%|######4   | 155/239 [00:12<00:07, 11.82it/s][A

 66%|######5   | 157/239 [00:12<00:06, 12.08it/s][A

 67%|######6   | 159/239 [00:12<00:06, 12.60it/s][A

 67%|######7   | 161/239 [00:12<00:06, 12.27it/s][A

 68%|######8   | 163/239 [00:13<00:06, 11.34it/s][A

 69%|######9   | 165/239 [00:13<00:06, 11.68it/s][A

 70%|######9   | 167/239 [00:13<00:05, 12.00it/s][A

 71%|#######   | 169/239 [00:13<00:05, 12.49it/s][A

 72%|#######1  | 171/239 [00:13<00:05, 12.70it/s][A

 72%|#######2  | 173/239 [00:13<00:05, 12.51it/s][A

 73%|#######3  | 175/239 [00:14<00:05, 12.06it/s][A

 74%|#######4  | 177/239 [00:14<00:05, 12.38it/s][A

 75%|#######4  | 179/239 [00:14<00:04, 12.58it/s][A

 76%|#######5  | 181/239 [00:14<00:04, 12.08it/s][A

 77%|#######6  | 183/239 [00:14<00:04, 12.61it/s][A

 77%|#######7  | 185/239 [00:14<00:04, 12.61it/s][A

 78%|#######8  | 187/239 [00:15<00:04, 12.11it/s][A

 79%|#######9  | 189/239 [00:15<00:04, 12.47it/s][A

 80%|#######9  | 191/239 [00:15<00:03, 12.54it/s][A

 81%|########  | 193/239 [00:15<00:03, 12.11it/s][A

 82%|########1 | 195/239 [00:15<00:03, 11.40it/s][A

 82%|########2 | 197/239 [00:15<00:03, 10.73it/s][A

 83%|########3 | 199/239 [00:16<00:04,  9.90it/s][A

 84%|########4 | 201/239 [00:16<00:03, 10.12it/s][A

 85%|########4 | 203/239 [00:16<00:03, 10.69it/s][A

 86%|########5 | 205/239 [00:16<00:03, 10.71it/s][A

 87%|########6 | 207/239 [00:16<00:02, 11.03it/s][A

 87%|########7 | 209/239 [00:17<00:02, 11.08it/s][A

 88%|########8 | 211/239 [00:17<00:02, 10.37it/s][A

 89%|########9 | 213/239 [00:17<00:02, 11.24it/s][A

 90%|########9 | 215/239 [00:17<00:02, 11.94it/s][A

 91%|######### | 217/239 [00:17<00:01, 12.13it/s][A

 92%|#########1| 219/239 [00:17<00:01, 12.07it/s][A

 92%|#########2| 221/239 [00:18<00:01, 12.09it/s][A

 93%|#########3| 223/239 [00:18<00:01, 12.23it/s][A

 94%|#########4| 225/239 [00:18<00:01, 12.35it/s][A

 95%|#########4| 227/239 [00:18<00:00, 12.37it/s][A

 96%|#########5| 229/239 [00:18<00:00, 11.78it/s][A

 97%|#########6| 231/239 [00:18<00:00, 12.00it/s][A

 97%|#########7| 233/239 [00:19<00:00, 12.21it/s][A

 98%|#########8| 235/239 [00:19<00:00, 12.28it/s][A

 99%|#########9| 237/239 [00:19<00:00, 12.44it/s][A

100%|##########| 239/239 [00:19<00:00, 12.49it/s][A
                                                   


                                                 
[A
 50%|#####     | 1000/2000 [14:32<12:55,  1.29it/s]

100%|##########| 239/239 [00:19<00:00, 12.49it/s][A

{'eval_loss': '3.418', 'eval_runtime': '19.61', 'eval_samples_per_second': '48.75', 'eval_steps_per_second': '12.19', 'epoch': '0.1709'}
                                                 [A

Writing model shards:   0%|          | 0/1 [00:00<?, ?it/s][A

Writing model shards: 100%|##########| 1/1 [00:00<00:00,  1.97it/s][A
Writing model shards: 100%|##########| 1/1 [00:00<00:00,  1.97it/s]

 50%|#####     | 1001/2000 [14:34<1:58:23,  7.11s/it]
 50%|#####     | 1002/2000 [14:35<1:25:56,  5.17s/it]
 50%|#####     | 1003/2000 [14:35<1:03:06,  3.80s/it]
 50%|#####     | 1004/2000 [14:36<47:42,  2.87s/it]  
 50%|#####     | 1005/2000 [14:37<38:26,  2.32s/it]
 50%|#####     | 1006/2000 [14:38<31:37,  1.91s/it]
 50%|#####     | 1007/2000 [14:39<25:58,  1.57s/it]
 50%|#####     | 1008/2000 [14:40<21:33,  1.30s/it]
 50%|#####     | 1009/2000 [14:40<18:24,  1.11s/it]
 50%|#####     | 1010/2000 [14:41<16:03,  1.03it/s]
 51%|#####     | 1011/2000 [14:42<15:33,  1.06it/s]
 51%|#####     | 1012/2000 [14:43<14:55,  1.10it/s]
 51%|#####     | 1013/2000 [14:44<15:42,  1.05it/s]
 51%|#####     | 1014/2000 [14:45<15:45,  1.04it/s]
 51%|#####     | 1015/2000 [14:45<14:22,  1.14it/s]
 51%|#####     | 1016/2000 [14:46<13:46,  1.19it/s]
 51%|#####     | 1017/2000 [14:47<13:26,  1.22it/s]
 51%|#####     | 1018/2000 [14:48<12:32,  1.30it/s]
 51%|#####     | 1019/2000 [14:48<11:54,  1.37it/s]
 51%|#####1    | 1020/2000 [14:49<11:44,  1.39it/s]
 51%|#####1    | 1021/2000 [14:50<11:52,  1.37it/s]
 51%|#####1    | 1022/2000 [14:50<12:08,  1.34it/s]
 51%|#####1    | 1023/2000 [14:51<12:01,  1.35it/s]
 51%|#####1    | 1024/2000 [14:52<12:11,  1.33it/s]
 51%|#####1    | 1025/2000 [14:53<12:27,  1.30it/s]
                                                   

 51%|#####1    | 1025/2000 [14:53<12:27,  1.30it/s]
 51%|#####1    | 1026/2000 [14:53<12:19,  1.32it/s]
 51%|#####1    | 1027/2000 [14:54<12:23,  1.31it/s]
 51%|#####1    | 1028/2000 [14:55<12:33,  1.29it/s]
 51%|#####1    | 1029/2000 [14:56<13:09,  1.23it/s]
 52%|#####1    | 1030/2000 [14:57<13:10,  1.23it/s]
 52%|#####1    | 1031/2000 [14:58<13:11,  1.22it/s]
 52%|#####1    | 1032/2000 [14:58<12:29,  1.29it/s]
 52%|#####1    | 1033/2000 [14:59<11:58,  1.35it/s]
 52%|#####1    | 1034/2000 [15:00<11:54,  1.35it/s]
 52%|#####1    | 1035/2000 [15:01<12:33,  1.28it/s]
 52%|#####1    | 1036/2000 [15:02<14:12,  1.13it/s]
 52%|#####1    | 1037/2000 [15:03<15:10,  1.06it/s]
 52%|#####1    | 1038/2000 [15:04<15:51,  1.01it/s]
 52%|#####1    | 1039/2000 [15:05<14:34,  1.10it/s]
 52%|#####2    | 1040/2000 [15:05<13:33,  1.18it/s]
 52%|#####2    | 1041/2000 [15:06<12:55,  1.24it/s]
 52%|#####2    | 1042/2000 [15:07<12:08,  1.32it/s]
 52%|#####2    | 1043/2000 [15:07<11:32,  1.38it/s]
 52%|#####2    | 1044/2000 [15:08<11:01,  1.44it/s]
 52%|#####2    | 1045/2000 [15:08<10:33,  1.51it/s]
 52%|#####2    | 1046/2000 [15:09<10:30,  1.51it/s]
 52%|#####2    | 1047/2000 [15:10<10:22,  1.53it/s]
 52%|#####2    | 1048/2000 [15:10<10:21,  1.53it/s]
 52%|#####2    | 1049/2000 [15:11<10:57,  1.45it/s]
 52%|#####2    | 1050/2000 [15:12<11:52,  1.33it/s]
                                                   

 52%|#####2    | 1050/2000 [15:12<11:52,  1.33it/s]
 53%|#####2    | 1051/2000 [15:13<12:45,  1.24it/s]
 53%|#####2    | 1052/2000 [15:14<13:12,  1.20it/s]
 53%|#####2    | 1053/2000 [15:15<12:58,  1.22it/s]
 53%|#####2    | 1054/2000 [15:16<12:59,  1.21it/s]
 53%|#####2    | 1055/2000 [15:16<12:48,  1.23it/s]
 53%|#####2    | 1056/2000 [15:17<12:57,  1.21it/s]
 53%|#####2    | 1057/2000 [15:18<12:47,  1.23it/s]
 53%|#####2    | 1058/2000 [15:19<12:56,  1.21it/s]
 53%|#####2    | 1059/2000 [15:20<12:26,  1.26it/s]
 53%|#####3    | 1060/2000 [15:20<12:18,  1.27it/s]
 53%|#####3    | 1061/2000 [15:21<12:49,  1.22it/s]
 53%|#####3    | 1062/2000 [15:22<12:17,  1.27it/s]
 53%|#####3    | 1063/2000 [15:23<11:45,  1.33it/s]
 53%|#####3    | 1064/2000 [15:23<11:24,  1.37it/s]
 53%|#####3    | 1065/2000 [15:24<11:20,  1.37it/s]
 53%|#####3    | 1066/2000 [15:25<11:57,  1.30it/s]
 53%|#####3    | 1067/2000 [15:26<11:45,  1.32it/s]
 53%|#####3    | 1068/2000 [15:26<11:26,  1.36it/s]
 53%|#####3    | 1069/2000 [15:27<11:53,  1.30it/s]
 54%|#####3    | 1070/2000 [15:28<12:58,  1.20it/s]
 54%|#####3    | 1071/2000 [15:29<13:17,  1.16it/s]
 54%|#####3    | 1072/2000 [15:30<12:26,  1.24it/s]
 54%|#####3    | 1073/2000 [15:30<11:50,  1.31it/s]
 54%|#####3    | 1074/2000 [15:31<11:38,  1.33it/s]
 54%|#####3    | 1075/2000 [15:33<15:34,  1.01s/it]
                                                   

 54%|#####3    | 1075/2000 [15:33<15:34,  1.01s/it]
 54%|#####3    | 1076/2000 [15:34<17:41,  1.15s/it]
 54%|#####3    | 1077/2000 [15:35<17:38,  1.15s/it]
 54%|#####3    | 1078/2000 [15:37<19:18,  1.26s/it]
 54%|#####3    | 1079/2000 [15:38<17:18,  1.13s/it]
 54%|#####4    | 1080/2000 [15:39<16:42,  1.09s/it]
 54%|#####4    | 1081/2000 [15:39<14:46,  1.04it/s]
 54%|#####4    | 1082/2000 [15:40<13:07,  1.17it/s]
 54%|#####4    | 1083/2000 [15:41<11:56,  1.28it/s]
 54%|#####4    | 1084/2000 [15:41<11:05,  1.38it/s]
 54%|#####4    | 1085/2000 [15:42<11:59,  1.27it/s]
 54%|#####4    | 1086/2000 [15:43<11:44,  1.30it/s]
 54%|#####4    | 1087/2000 [15:43<11:05,  1.37it/s]
 54%|#####4    | 1088/2000 [15:44<10:45,  1.41it/s]
 54%|#####4    | 1089/2000 [15:45<11:06,  1.37it/s]
 55%|#####4    | 1090/2000 [15:46<11:16,  1.34it/s]
 55%|#####4    | 1091/2000 [15:46<10:58,  1.38it/s]
 55%|#####4    | 1092/2000 [15:47<10:39,  1.42it/s]
 55%|#####4    | 1093/2000 [15:48<10:25,  1.45it/s]
 55%|#####4    | 1094/2000 [15:48<10:17,  1.47it/s]
 55%|#####4    | 1095/2000 [15:49<10:15,  1.47it/s]
 55%|#####4    | 1096/2000 [15:50<10:45,  1.40it/s]
 55%|#####4    | 1097/2000 [15:51<11:51,  1.27it/s]
 55%|#####4    | 1098/2000 [15:52<13:28,  1.12it/s]
 55%|#####4    | 1099/2000 [15:53<12:32,  1.20it/s]
 55%|#####5    | 1100/2000 [15:53<12:00,  1.25it/s]
                                                   

{'loss': '3.214', 'grad_norm': '0.8975', 'learning_rate': '0.0002086', 'epoch': '0.1752'}
{'loss': '3.215', 'grad_norm': '0.8317', 'learning_rate': '0.0002003', 'epoch': '0.1794'}
{'loss': '3.219', 'grad_norm': '0.8695', 'learning_rate': '0.0001921', 'epoch': '0.1837'}
{'loss': '3.113', 'grad_norm': '0.7977', 'learning_rate': '0.0001838', 'epoch': '0.188'}
 55%|#####5    | 1100/2000 [15:53<12:00,  1.25it/s]

  0%|          | 0/239 [00:00<?, ?it/s][A

  1%|1         | 3/239 [00:00<00:12, 19.44it/s][A

  2%|2         | 5/239 [00:00<00:14, 15.84it/s][A

  3%|2         | 7/239 [00:00<00:16, 13.78it/s][A

  4%|3         | 9/239 [00:00<00:17, 12.79it/s][A

  5%|4         | 11/239 [00:00<00:18, 12.16it/s][A

  5%|5         | 13/239 [00:01<00:19, 11.77it/s][A

  6%|6         | 15/239 [00:01<00:19, 11.67it/s][A

  7%|7         | 17/239 [00:01<00:21, 10.42it/s][A

  8%|7         | 19/239 [00:01<00:22,  9.59it/s][A

  8%|8         | 20/239 [00:01<00:23,  9.40it/s][A

  9%|8         | 21/239 [00:01<00:24,  8.74it/s][A

 10%|9         | 23/239 [00:02<00:23,  9.23it/s][A

 10%|#         | 24/239 [00:02<00:23,  9.32it/s][A

 10%|#         | 25/239 [00:02<00:22,  9.35it/s][A

 11%|#1        | 27/239 [00:02<00:22,  9.34it/s][A

 12%|#1        | 28/239 [00:02<00:23,  9.06it/s][A

 12%|#2        | 29/239 [00:02<00:23,  8.91it/s][A

 13%|#2        | 30/239 [00:02<00:23,  8.80it/s][A

 13%|#2        | 31/239 [00:03<00:23,  8.82it/s][A

 13%|#3        | 32/239 [00:03<00:23,  8.92it/s][A

 14%|#4        | 34/239 [00:03<00:22,  8.99it/s][A

 15%|#4        | 35/239 [00:03<00:23,  8.65it/s][A

 15%|#5        | 36/239 [00:03<00:23,  8.46it/s][A

 15%|#5        | 37/239 [00:03<00:23,  8.50it/s][A

 16%|#5        | 38/239 [00:03<00:23,  8.47it/s][A

 16%|#6        | 39/239 [00:03<00:23,  8.61it/s][A

 17%|#6        | 40/239 [00:04<00:22,  8.79it/s][A

 17%|#7        | 41/239 [00:04<00:22,  8.62it/s][A

 18%|#7        | 42/239 [00:04<00:22,  8.62it/s][A

 18%|#7        | 43/239 [00:04<00:22,  8.67it/s][A

 19%|#8        | 45/239 [00:04<00:21,  9.14it/s][A

 19%|#9        | 46/239 [00:04<00:21,  9.19it/s][A

 20%|##        | 48/239 [00:04<00:20,  9.43it/s][A

 21%|##        | 49/239 [00:05<00:20,  9.39it/s][A

 21%|##        | 50/239 [00:05<00:19,  9.53it/s][A

 21%|##1       | 51/239 [00:05<00:19,  9.60it/s][A

 22%|##2       | 53/239 [00:05<00:19,  9.65it/s][A

 23%|##2       | 54/239 [00:05<00:19,  9.52it/s][A

 23%|##3       | 55/239 [00:05<00:19,  9.48it/s][A

 23%|##3       | 56/239 [00:05<00:20,  9.03it/s][A

 24%|##3       | 57/239 [00:05<00:20,  9.06it/s][A

 24%|##4       | 58/239 [00:06<00:19,  9.06it/s][A

 25%|##5       | 60/239 [00:06<00:18,  9.58it/s][A

 26%|##5       | 61/239 [00:06<00:19,  9.28it/s][A

 26%|##5       | 62/239 [00:06<00:19,  9.17it/s][A

 26%|##6       | 63/239 [00:06<00:19,  9.20it/s][A

 27%|##7       | 65/239 [00:06<00:17, 10.01it/s][A

 28%|##8       | 67/239 [00:06<00:16, 10.35it/s][A

 29%|##8       | 69/239 [00:07<00:16, 10.54it/s][A

 30%|##9       | 71/239 [00:07<00:17,  9.72it/s][A

 31%|###       | 73/239 [00:07<00:16,  9.93it/s][A

 31%|###1      | 75/239 [00:07<00:16,  9.91it/s][A

 32%|###1      | 76/239 [00:07<00:16,  9.72it/s][A

 32%|###2      | 77/239 [00:07<00:17,  9.05it/s][A

 33%|###2      | 78/239 [00:08<00:19,  8.44it/s][A

 33%|###3      | 79/239 [00:08<00:19,  8.33it/s][A

 33%|###3      | 80/239 [00:08<00:19,  8.21it/s][A

 34%|###3      | 81/239 [00:08<00:19,  8.11it/s][A

 34%|###4      | 82/239 [00:08<00:20,  7.82it/s][A

 35%|###4      | 83/239 [00:08<00:20,  7.69it/s][A

 35%|###5      | 84/239 [00:08<00:19,  7.96it/s][A

 36%|###5      | 86/239 [00:09<00:17,  8.89it/s][A

 36%|###6      | 87/239 [00:09<00:16,  9.07it/s][A

 37%|###7      | 89/239 [00:09<00:15,  9.87it/s][A

 38%|###8      | 91/239 [00:09<00:14, 10.32it/s][A

 39%|###8      | 93/239 [00:09<00:13, 11.11it/s][A

 40%|###9      | 95/239 [00:09<00:12, 11.36it/s][A

 41%|####      | 97/239 [00:10<00:12, 11.39it/s][A

 41%|####1     | 99/239 [00:10<00:13, 10.47it/s][A

 42%|####2     | 101/239 [00:10<00:14,  9.64it/s][A

 43%|####2     | 102/239 [00:10<00:14,  9.68it/s][A

 43%|####3     | 103/239 [00:10<00:13,  9.72it/s][A

 44%|####3     | 104/239 [00:10<00:14,  9.16it/s][A

 44%|####3     | 105/239 [00:10<00:14,  9.29it/s][A

 45%|####4     | 107/239 [00:11<00:13,  9.82it/s][A

 45%|####5     | 108/239 [00:11<00:13,  9.69it/s][A

 46%|####6     | 110/239 [00:11<00:12,  9.99it/s][A

 47%|####6     | 112/239 [00:11<00:12, 10.17it/s][A

 48%|####7     | 114/239 [00:11<00:12,  9.82it/s][A

 49%|####8     | 116/239 [00:12<00:12, 10.21it/s][A

 49%|####9     | 118/239 [00:12<00:11, 10.22it/s][A

 50%|#####     | 120/239 [00:12<00:12,  9.41it/s][A

 51%|#####     | 121/239 [00:12<00:12,  9.22it/s][A

 51%|#####1    | 122/239 [00:12<00:13,  8.91it/s][A

 51%|#####1    | 123/239 [00:12<00:13,  8.76it/s][A

 52%|#####1    | 124/239 [00:12<00:13,  8.80it/s][A

 52%|#####2    | 125/239 [00:13<00:12,  9.03it/s][A

 53%|#####2    | 126/239 [00:13<00:12,  9.24it/s][A

 53%|#####3    | 127/239 [00:13<00:12,  9.12it/s][A

 54%|#####3    | 128/239 [00:13<00:12,  9.11it/s][A

 54%|#####3    | 129/239 [00:13<00:12,  9.04it/s][A

 55%|#####4    | 131/239 [00:13<00:11,  9.64it/s][A

 56%|#####5    | 133/239 [00:13<00:10,  9.95it/s][A

 56%|#####6    | 134/239 [00:13<00:10,  9.74it/s][A

 56%|#####6    | 135/239 [00:14<00:10,  9.64it/s][A

 57%|#####6    | 136/239 [00:14<00:10,  9.57it/s][A

 57%|#####7    | 137/239 [00:14<00:11,  9.12it/s][A

 58%|#####7    | 138/239 [00:14<00:11,  8.84it/s][A

 58%|#####8    | 139/239 [00:14<00:12,  8.29it/s][A

 59%|#####8    | 140/239 [00:14<00:12,  8.13it/s][A

 59%|#####8    | 141/239 [00:14<00:11,  8.47it/s][A

 59%|#####9    | 142/239 [00:14<00:12,  7.89it/s][A

 60%|######    | 144/239 [00:15<00:10,  9.13it/s][A

 61%|######1   | 146/239 [00:15<00:09,  9.63it/s][A

 62%|######1   | 148/239 [00:15<00:08, 10.24it/s][A

 63%|######2   | 150/239 [00:15<00:08, 10.19it/s][A

 64%|######3   | 152/239 [00:15<00:08, 10.11it/s][A

 64%|######4   | 154/239 [00:16<00:08, 10.21it/s][A

 65%|######5   | 156/239 [00:16<00:08, 10.01it/s][A

 66%|######6   | 158/239 [00:16<00:07, 10.25it/s][A

 67%|######6   | 160/239 [00:16<00:07, 10.24it/s][A

 68%|######7   | 162/239 [00:16<00:08,  9.31it/s][A

 69%|######8   | 164/239 [00:17<00:07,  9.68it/s][A

 69%|######9   | 166/239 [00:17<00:07,  9.63it/s][A

 70%|######9   | 167/239 [00:17<00:07,  9.16it/s][A

 71%|#######   | 169/239 [00:17<00:07,  9.55it/s][A

 72%|#######1  | 171/239 [00:17<00:06, 10.22it/s][A

 72%|#######2  | 173/239 [00:18<00:06, 10.18it/s][A

 73%|#######3  | 175/239 [00:18<00:06,  9.73it/s][A

 74%|#######4  | 177/239 [00:18<00:06,  9.96it/s][A

 75%|#######4  | 179/239 [00:18<00:05, 10.05it/s][A

 76%|#######5  | 181/239 [00:18<00:05,  9.83it/s][A

 76%|#######6  | 182/239 [00:18<00:05,  9.70it/s][A

 77%|#######6  | 183/239 [00:19<00:06,  9.10it/s][A

 77%|#######7  | 185/239 [00:19<00:05,  9.88it/s][A

 78%|#######8  | 187/239 [00:19<00:05, 10.22it/s][A

 79%|#######9  | 189/239 [00:19<00:04, 10.61it/s][A

 80%|#######9  | 191/239 [00:19<00:04, 10.78it/s][A

 81%|########  | 193/239 [00:20<00:04,  9.93it/s][A

 82%|########1 | 195/239 [00:20<00:04, 10.01it/s][A

 82%|########2 | 197/239 [00:20<00:04,  9.39it/s][A

 83%|########2 | 198/239 [00:20<00:04,  9.08it/s][A

 83%|########3 | 199/239 [00:20<00:04,  9.10it/s][A

 84%|########4 | 201/239 [00:20<00:03,  9.92it/s][A

 85%|########4 | 203/239 [00:21<00:03, 10.29it/s][A

 86%|########5 | 205/239 [00:21<00:03,  9.97it/s][A

 86%|########6 | 206/239 [00:21<00:03,  9.89it/s][A

 87%|########6 | 207/239 [00:21<00:03,  9.78it/s][A

 87%|########7 | 209/239 [00:21<00:02, 10.35it/s][A

 88%|########8 | 211/239 [00:21<00:02, 10.56it/s][A

 89%|########9 | 213/239 [00:22<00:02, 10.71it/s][A

 90%|########9 | 215/239 [00:22<00:02, 10.58it/s][A

 91%|######### | 217/239 [00:22<00:01, 11.26it/s][A

 92%|#########1| 219/239 [00:22<00:01, 10.46it/s][A

 92%|#########2| 221/239 [00:22<00:01, 10.48it/s][A

 93%|#########3| 223/239 [00:22<00:01, 10.24it/s][A

 94%|#########4| 225/239 [00:23<00:01, 10.29it/s][A

 95%|#########4| 227/239 [00:23<00:01, 10.63it/s][A

 96%|#########5| 229/239 [00:23<00:00, 10.86it/s][A

 97%|#########6| 231/239 [00:23<00:00, 10.92it/s][A

 97%|#########7| 233/239 [00:23<00:00, 10.66it/s][A

 98%|#########8| 235/239 [00:24<00:00, 10.15it/s][A

 99%|#########9| 237/239 [00:24<00:00,  9.99it/s][A

100%|##########| 239/239 [00:24<00:00,  9.32it/s][A
                                                   


                                                 
[A
 55%|#####5    | 1100/2000 [16:18<12:00,  1.25it/s]

100%|##########| 239/239 [00:24<00:00,  9.32it/s][A

{'eval_loss': '3.307', 'eval_runtime': '24.66', 'eval_samples_per_second': '38.76', 'eval_steps_per_second': '9.691', 'epoch': '0.188'}
                                                 [A

Writing model shards:   0%|          | 0/1 [00:00<?, ?it/s][A

Writing model shards: 100%|##########| 1/1 [00:00<00:00,  1.47it/s][A
Writing model shards: 100%|##########| 1/1 [00:00<00:00,  1.47it/s]

 55%|#####5    | 1101/2000 [16:21<2:11:51,  8.80s/it]
 55%|#####5    | 1102/2000 [16:21<1:35:17,  6.37s/it]
 55%|#####5    | 1103/2000 [16:22<1:09:37,  4.66s/it]
 55%|#####5    | 1104/2000 [16:23<51:45,  3.47s/it]  
 55%|#####5    | 1105/2000 [16:23<39:04,  2.62s/it]
 55%|#####5    | 1106/2000 [16:24<30:08,  2.02s/it]
 55%|#####5    | 1107/2000 [16:25<24:27,  1.64s/it]
 55%|#####5    | 1108/2000 [16:26<19:58,  1.34s/it]
 55%|#####5    | 1109/2000 [16:26<16:42,  1.13s/it]
 56%|#####5    | 1110/2000 [16:27<14:32,  1.02it/s]
 56%|#####5    | 1111/2000 [16:27<13:00,  1.14it/s]
 56%|#####5    | 1112/2000 [16:28<11:46,  1.26it/s]
 56%|#####5    | 1113/2000 [16:29<10:57,  1.35it/s]
 56%|#####5    | 1114/2000 [16:29<10:37,  1.39it/s]
 56%|#####5    | 1115/2000 [16:30<10:08,  1.45it/s]
 56%|#####5    | 1116/2000 [16:31<10:04,  1.46it/s]
 56%|#####5    | 1117/2000 [16:31<09:40,  1.52it/s]
 56%|#####5    | 1118/2000 [16:32<09:37,  1.53it/s]
 56%|#####5    | 1119/2000 [16:33<10:00,  1.47it/s]
 56%|#####6    | 1120/2000 [16:33<10:11,  1.44it/s]
 56%|#####6    | 1121/2000 [16:34<09:51,  1.49it/s]
 56%|#####6    | 1122/2000 [16:35<09:41,  1.51it/s]
 56%|#####6    | 1123/2000 [16:35<09:41,  1.51it/s]
 56%|#####6    | 1124/2000 [16:36<09:59,  1.46it/s]
 56%|#####6    | 1125/2000 [16:37<10:41,  1.36it/s]
                                                   

 56%|#####6    | 1125/2000 [16:37<10:41,  1.36it/s]
 56%|#####6    | 1126/2000 [16:38<11:01,  1.32it/s]
 56%|#####6    | 1127/2000 [16:38<11:17,  1.29it/s]
 56%|#####6    | 1128/2000 [16:39<11:33,  1.26it/s]
 56%|#####6    | 1129/2000 [16:40<10:59,  1.32it/s]
 56%|#####6    | 1130/2000 [16:41<11:08,  1.30it/s]
 57%|#####6    | 1131/2000 [16:41<11:04,  1.31it/s]
 57%|#####6    | 1132/2000 [16:42<11:09,  1.30it/s]
 57%|#####6    | 1133/2000 [16:43<11:07,  1.30it/s]
 57%|#####6    | 1134/2000 [16:44<10:48,  1.34it/s]
 57%|#####6    | 1135/2000 [16:45<11:08,  1.29it/s]
 57%|#####6    | 1136/2000 [16:45<11:26,  1.26it/s]
 57%|#####6    | 1137/2000 [16:46<11:57,  1.20it/s]
 57%|#####6    | 1138/2000 [16:47<12:06,  1.19it/s]
 57%|#####6    | 1139/2000 [16:48<11:31,  1.24it/s]
 57%|#####6    | 1140/2000 [16:49<11:03,  1.30it/s]
 57%|#####7    | 1141/2000 [16:49<10:35,  1.35it/s]
 57%|#####7    | 1142/2000 [16:50<11:09,  1.28it/s]
 57%|#####7    | 1143/2000 [16:51<11:19,  1.26it/s]
 57%|#####7    | 1144/2000 [16:52<10:51,  1.31it/s]
 57%|#####7    | 1145/2000 [16:52<11:00,  1.30it/s]
 57%|#####7    | 1146/2000 [16:53<10:49,  1.32it/s]
 57%|#####7    | 1147/2000 [16:54<10:33,  1.35it/s]
 57%|#####7    | 1148/2000 [16:55<10:47,  1.32it/s]
 57%|#####7    | 1149/2000 [16:56<11:14,  1.26it/s]
 57%|#####7    | 1150/2000 [16:56<11:34,  1.22it/s]
                                                   

 57%|#####7    | 1150/2000 [16:56<11:34,  1.22it/s]
 58%|#####7    | 1151/2000 [16:57<11:12,  1.26it/s]
 58%|#####7    | 1152/2000 [16:58<10:40,  1.32it/s]
 58%|#####7    | 1153/2000 [16:59<10:37,  1.33it/s]
 58%|#####7    | 1154/2000 [16:59<10:21,  1.36it/s]
 58%|#####7    | 1155/2000 [17:00<10:01,  1.40it/s]
 58%|#####7    | 1156/2000 [17:01<10:10,  1.38it/s]
 58%|#####7    | 1157/2000 [17:01<10:24,  1.35it/s]
 58%|#####7    | 1158/2000 [17:02<10:57,  1.28it/s]
 58%|#####7    | 1159/2000 [17:03<11:29,  1.22it/s]
 58%|#####8    | 1160/2000 [17:04<11:29,  1.22it/s]
 58%|#####8    | 1161/2000 [17:05<11:05,  1.26it/s]
 58%|#####8    | 1162/2000 [17:05<10:32,  1.32it/s]
 58%|#####8    | 1163/2000 [17:06<10:11,  1.37it/s]
 58%|#####8    | 1164/2000 [17:07<10:11,  1.37it/s]
 58%|#####8    | 1165/2000 [17:08<10:23,  1.34it/s]
 58%|#####8    | 1166/2000 [17:08<10:20,  1.34it/s]
 58%|#####8    | 1167/2000 [17:09<10:06,  1.37it/s]
 58%|#####8    | 1168/2000 [17:10<10:08,  1.37it/s]
 58%|#####8    | 1169/2000 [17:11<10:07,  1.37it/s]
 58%|#####8    | 1170/2000 [17:11<10:00,  1.38it/s]
 59%|#####8    | 1171/2000 [17:12<09:45,  1.42it/s]
 59%|#####8    | 1172/2000 [17:13<09:42,  1.42it/s]
 59%|#####8    | 1173/2000 [17:13<09:59,  1.38it/s]
 59%|#####8    | 1174/2000 [17:14<10:35,  1.30it/s]
 59%|#####8    | 1175/2000 [17:15<10:47,  1.27it/s]
                                                   

 59%|#####8    | 1175/2000 [17:15<10:47,  1.27it/s]
 59%|#####8    | 1176/2000 [17:16<11:35,  1.18it/s]
 59%|#####8    | 1177/2000 [17:17<11:15,  1.22it/s]
 59%|#####8    | 1178/2000 [17:18<10:51,  1.26it/s]
 59%|#####8    | 1179/2000 [17:18<10:34,  1.29it/s]
 59%|#####8    | 1180/2000 [17:19<10:18,  1.32it/s]
 59%|#####9    | 1181/2000 [17:20<10:35,  1.29it/s]
 59%|#####9    | 1182/2000 [17:21<10:52,  1.25it/s]
 59%|#####9    | 1183/2000 [17:21<10:29,  1.30it/s]
 59%|#####9    | 1184/2000 [17:22<10:09,  1.34it/s]
 59%|#####9    | 1185/2000 [17:23<10:03,  1.35it/s]
 59%|#####9    | 1186/2000 [17:23<09:31,  1.42it/s]
 59%|#####9    | 1187/2000 [17:24<09:34,  1.41it/s]
 59%|#####9    | 1188/2000 [17:25<10:36,  1.28it/s]
 59%|#####9    | 1189/2000 [17:26<11:41,  1.16it/s]
 60%|#####9    | 1190/2000 [17:27<12:01,  1.12it/s]
 60%|#####9    | 1191/2000 [17:28<11:31,  1.17it/s]
 60%|#####9    | 1192/2000 [17:29<11:04,  1.22it/s]
 60%|#####9    | 1193/2000 [17:29<10:25,  1.29it/s]
 60%|#####9    | 1194/2000 [17:30<10:19,  1.30it/s]
 60%|#####9    | 1195/2000 [17:31<09:51,  1.36it/s]
 60%|#####9    | 1196/2000 [17:32<10:14,  1.31it/s]
 60%|#####9    | 1197/2000 [17:32<10:19,  1.30it/s]
 60%|#####9    | 1198/2000 [17:33<10:37,  1.26it/s]
 60%|#####9    | 1199/2000 [17:34<10:33,  1.26it/s]
 60%|######    | 1200/2000 [17:35<10:03,  1.32it/s]
                                                   

{'loss': '3.113', 'grad_norm': '0.805', 'learning_rate': '0.0001756', 'epoch': '0.1923'}
 60%|######    | 1200/2000 [17:35<10:03,  1.32it/s]
{'loss': '3.151', 'grad_norm': '0.7826', 'learning_rate': '0.0001674', 'epoch': '0.1965'}
{'loss': '3.186', 'grad_norm': '1.067', 'learning_rate': '0.0001593', 'epoch': '0.2008'}
{'loss': '3.072', 'grad_norm': '0.7343', 'learning_rate': '0.0001512', 'epoch': '0.2051'}

  0%|          | 0/239 [00:00<?, ?it/s][A

  1%|1         | 3/239 [00:00<00:12, 19.01it/s][A

  2%|2         | 5/239 [00:00<00:17, 13.37it/s][A

  3%|2         | 7/239 [00:00<00:18, 12.52it/s][A

  4%|3         | 9/239 [00:00<00:18, 12.48it/s][A

  5%|4         | 11/239 [00:00<00:17, 12.77it/s][A

  5%|5         | 13/239 [00:01<00:18, 12.07it/s][A

  6%|6         | 15/239 [00:01<00:18, 11.92it/s][A

  7%|7         | 17/239 [00:01<00:17, 12.66it/s][A

  8%|7         | 19/239 [00:01<00:18, 11.95it/s][A

  9%|8         | 21/239 [00:01<00:17, 12.14it/s][A

 10%|9         | 23/239 [00:01<00:17, 12.13it/s][A

 10%|#         | 25/239 [00:02<00:17, 12.00it/s][A

 11%|#1        | 27/239 [00:02<00:19, 11.05it/s][A

 12%|#2        | 29/239 [00:02<00:20, 10.44it/s][A

 13%|#2        | 31/239 [00:02<00:20, 10.37it/s][A

 14%|#3        | 33/239 [00:02<00:19, 10.62it/s][A

 15%|#4        | 35/239 [00:03<00:20, 10.18it/s][A

 15%|#5        | 37/239 [00:03<00:19, 10.24it/s][A

 16%|#6        | 39/239 [00:03<00:19, 10.09it/s][A

 17%|#7        | 41/239 [00:03<00:19, 10.22it/s][A

 18%|#7        | 43/239 [00:03<00:19, 10.30it/s][A

 19%|#8        | 45/239 [00:04<00:19,  9.90it/s][A

 19%|#9        | 46/239 [00:04<00:19,  9.67it/s][A

 20%|#9        | 47/239 [00:04<00:20,  9.53it/s][A

 20%|##        | 48/239 [00:04<00:19,  9.57it/s][A

 21%|##        | 49/239 [00:04<00:20,  9.37it/s][A

 21%|##        | 50/239 [00:04<00:20,  9.31it/s][A

 21%|##1       | 51/239 [00:04<00:21,  8.88it/s][A

 22%|##1       | 52/239 [00:04<00:21,  8.55it/s][A

 22%|##2       | 53/239 [00:04<00:23,  8.09it/s][A

 23%|##2       | 54/239 [00:05<00:22,  8.06it/s][A

 23%|##3       | 55/239 [00:05<00:22,  8.02it/s][A

 23%|##3       | 56/239 [00:05<00:22,  8.30it/s][A

 24%|##4       | 58/239 [00:05<00:20,  8.92it/s][A

 25%|##4       | 59/239 [00:05<00:19,  9.14it/s][A

 25%|##5       | 60/239 [00:05<00:20,  8.74it/s][A

 26%|##5       | 62/239 [00:05<00:19,  9.05it/s][A

 26%|##6       | 63/239 [00:06<00:19,  9.12it/s][A

 27%|##6       | 64/239 [00:06<00:19,  8.88it/s][A

 28%|##7       | 66/239 [00:06<00:18,  9.32it/s][A

 28%|##8       | 68/239 [00:06<00:17,  9.62it/s][A

 29%|##8       | 69/239 [00:06<00:17,  9.55it/s][A

 30%|##9       | 71/239 [00:06<00:15, 10.51it/s][A

 31%|###       | 73/239 [00:07<00:15, 10.86it/s][A

 31%|###1      | 75/239 [00:07<00:16, 10.13it/s][A

 32%|###2      | 77/239 [00:07<00:16, 10.12it/s][A

 33%|###3      | 79/239 [00:07<00:15, 10.42it/s][A

 34%|###3      | 81/239 [00:07<00:14, 10.69it/s][A

 35%|###4      | 83/239 [00:07<00:14, 10.97it/s][A

 36%|###5      | 85/239 [00:08<00:14, 10.84it/s][A

 36%|###6      | 87/239 [00:08<00:13, 11.04it/s][A

 37%|###7      | 89/239 [00:08<00:13, 10.94it/s][A

 38%|###8      | 91/239 [00:08<00:13, 11.00it/s][A

 39%|###8      | 93/239 [00:08<00:13, 10.63it/s][A

 40%|###9      | 95/239 [00:09<00:14,  9.78it/s][A

 41%|####      | 97/239 [00:09<00:14,  9.76it/s][A

 41%|####1     | 98/239 [00:09<00:14,  9.45it/s][A

 41%|####1     | 99/239 [00:09<00:15,  9.21it/s][A

 42%|####1     | 100/239 [00:09<00:15,  9.02it/s][A

 42%|####2     | 101/239 [00:09<00:16,  8.46it/s][A

 43%|####2     | 102/239 [00:09<00:15,  8.81it/s][A

 43%|####3     | 103/239 [00:10<00:15,  8.99it/s][A

 44%|####3     | 105/239 [00:10<00:13,  9.91it/s][A

 44%|####4     | 106/239 [00:10<00:13,  9.62it/s][A

 45%|####4     | 107/239 [00:10<00:13,  9.71it/s][A

 45%|####5     | 108/239 [00:10<00:13,  9.69it/s][A

 46%|####5     | 109/239 [00:10<00:13,  9.68it/s][A

 46%|####6     | 110/239 [00:10<00:13,  9.30it/s][A

 47%|####6     | 112/239 [00:10<00:12,  9.98it/s][A

 47%|####7     | 113/239 [00:11<00:12,  9.98it/s][A

 48%|####7     | 114/239 [00:11<00:12,  9.98it/s][A

 49%|####8     | 116/239 [00:11<00:11, 10.62it/s][A

 49%|####9     | 118/239 [00:11<00:11, 10.59it/s][A

 50%|#####     | 120/239 [00:11<00:11, 10.08it/s][A

 51%|#####1    | 122/239 [00:11<00:11, 10.05it/s][A

 52%|#####1    | 124/239 [00:12<00:11, 10.13it/s][A

 53%|#####2    | 126/239 [00:12<00:11,  9.44it/s][A

 53%|#####3    | 127/239 [00:12<00:12,  9.08it/s][A

 54%|#####3    | 128/239 [00:12<00:12,  8.82it/s][A

 54%|#####3    | 129/239 [00:12<00:12,  8.59it/s][A

 54%|#####4    | 130/239 [00:12<00:12,  8.42it/s][A

 55%|#####4    | 131/239 [00:13<00:12,  8.56it/s][A

 56%|#####5    | 133/239 [00:13<00:12,  8.33it/s][A

 56%|#####6    | 134/239 [00:13<00:13,  7.86it/s][A

 56%|#####6    | 135/239 [00:13<00:13,  7.69it/s][A

 57%|#####6    | 136/239 [00:13<00:13,  7.49it/s][A

 57%|#####7    | 137/239 [00:13<00:13,  7.51it/s][A

 58%|#####7    | 138/239 [00:13<00:13,  7.48it/s][A

 58%|#####8    | 139/239 [00:14<00:13,  7.50it/s][A

 59%|#####8    | 140/239 [00:14<00:13,  7.61it/s][A

 59%|#####8    | 141/239 [00:14<00:12,  8.02it/s][A

 59%|#####9    | 142/239 [00:14<00:12,  7.75it/s][A

 60%|#####9    | 143/239 [00:14<00:12,  7.44it/s][A

 60%|######    | 144/239 [00:14<00:12,  7.59it/s][A

 61%|######    | 145/239 [00:14<00:12,  7.29it/s][A

 61%|######1   | 146/239 [00:15<00:11,  7.76it/s][A

 62%|######1   | 147/239 [00:15<00:11,  7.81it/s][A

 62%|######1   | 148/239 [00:15<00:11,  8.01it/s][A

 62%|######2   | 149/239 [00:15<00:11,  8.15it/s][A

 63%|######2   | 150/239 [00:15<00:11,  7.92it/s][A

 63%|######3   | 151/239 [00:15<00:11,  7.62it/s][A

 64%|######3   | 152/239 [00:15<00:12,  7.11it/s][A

 64%|######4   | 153/239 [00:15<00:11,  7.25it/s][A

 64%|######4   | 154/239 [00:16<00:11,  7.61it/s][A

 65%|######4   | 155/239 [00:16<00:10,  7.78it/s][A

 65%|######5   | 156/239 [00:16<00:11,  7.31it/s][A

 66%|######5   | 157/239 [00:16<00:11,  7.37it/s][A

 66%|######6   | 158/239 [00:16<00:10,  7.65it/s][A

 67%|######6   | 159/239 [00:16<00:10,  7.93it/s][A

 67%|######6   | 160/239 [00:16<00:09,  8.24it/s][A

 68%|######7   | 162/239 [00:16<00:08,  9.47it/s][A

 69%|######8   | 164/239 [00:17<00:07, 10.42it/s][A

 69%|######9   | 166/239 [00:17<00:06, 10.84it/s][A

 70%|#######   | 168/239 [00:17<00:06, 11.59it/s][A

 71%|#######1  | 170/239 [00:17<00:05, 11.61it/s][A

 72%|#######1  | 172/239 [00:17<00:05, 12.37it/s][A

 73%|#######2  | 174/239 [00:17<00:05, 12.05it/s][A

 74%|#######3  | 176/239 [00:18<00:05, 12.05it/s][A

 74%|#######4  | 178/239 [00:18<00:04, 12.44it/s][A

 75%|#######5  | 180/239 [00:18<00:04, 12.00it/s][A

 76%|#######6  | 182/239 [00:18<00:04, 12.07it/s][A

 77%|#######6  | 184/239 [00:18<00:04, 11.89it/s][A

 78%|#######7  | 186/239 [00:18<00:04, 11.45it/s][A

 79%|#######8  | 188/239 [00:19<00:04, 11.35it/s][A

 79%|#######9  | 190/239 [00:19<00:04, 11.26it/s][A

 80%|########  | 192/239 [00:19<00:04, 11.17it/s][A

 81%|########1 | 194/239 [00:19<00:03, 11.43it/s][A

 82%|########2 | 196/239 [00:19<00:03, 11.61it/s][A

 83%|########2 | 198/239 [00:19<00:03, 12.10it/s][A

 84%|########3 | 200/239 [00:20<00:03, 11.48it/s][A

 85%|########4 | 202/239 [00:20<00:03, 11.50it/s][A

 85%|########5 | 204/239 [00:20<00:03, 11.34it/s][A

 86%|########6 | 206/239 [00:20<00:02, 11.52it/s][A

 87%|########7 | 208/239 [00:20<00:02, 12.03it/s][A

 88%|########7 | 210/239 [00:21<00:02, 11.94it/s][A

 89%|########8 | 212/239 [00:21<00:02, 11.79it/s][A

 90%|########9 | 214/239 [00:21<00:02, 10.74it/s][A

 90%|######### | 216/239 [00:21<00:02, 10.27it/s][A

 91%|#########1| 218/239 [00:21<00:02, 10.22it/s][A

 92%|#########2| 220/239 [00:22<00:01, 10.12it/s][A

 93%|#########2| 222/239 [00:22<00:01,  9.47it/s][A

 93%|#########3| 223/239 [00:22<00:01,  9.22it/s][A

 94%|#########3| 224/239 [00:22<00:01,  8.83it/s][A

 94%|#########4| 225/239 [00:22<00:01,  8.48it/s][A

 95%|#########4| 226/239 [00:22<00:01,  8.34it/s][A

 95%|#########4| 227/239 [00:22<00:01,  8.53it/s][A

 95%|#########5| 228/239 [00:23<00:01,  8.36it/s][A

 96%|#########5| 229/239 [00:23<00:01,  8.14it/s][A

 96%|#########6| 230/239 [00:23<00:01,  8.42it/s][A

 97%|#########6| 231/239 [00:23<00:00,  8.42it/s][A

 97%|#########7| 232/239 [00:23<00:00,  8.75it/s][A

 97%|#########7| 233/239 [00:23<00:00,  8.76it/s][A

 98%|#########7| 234/239 [00:23<00:00,  8.87it/s][A

 98%|#########8| 235/239 [00:23<00:00,  8.71it/s][A

 99%|#########9| 237/239 [00:24<00:00,  9.30it/s][A

100%|#########9| 238/239 [00:24<00:00,  8.99it/s][A

100%|##########| 239/239 [00:24<00:00,  8.50it/s][A
                                                   


                                                 
[A
 60%|######    | 1200/2000 [17:59<10:03,  1.32it/s]

100%|##########| 239/239 [00:24<00:00,  8.50it/s][A

{'eval_loss': '3.216', 'eval_runtime': '24.37', 'eval_samples_per_second': '39.23', 'eval_steps_per_second': '9.808', 'epoch': '0.2051'}
                                                 [A

Writing model shards:   0%|          | 0/1 [00:00<?, ?it/s][A

Writing model shards: 100%|##########| 1/1 [00:00<00:00,  1.54it/s][A
Writing model shards: 100%|##########| 1/1 [00:00<00:00,  1.54it/s]

 60%|######    | 1201/2000 [18:02<1:56:25,  8.74s/it]
 60%|######    | 1202/2000 [18:03<1:24:01,  6.32s/it]
 60%|######    | 1203/2000 [18:03<1:01:08,  4.60s/it]
 60%|######    | 1204/2000 [18:04<45:07,  3.40s/it]  
 60%|######    | 1205/2000 [18:04<34:00,  2.57s/it]
 60%|######    | 1206/2000 [18:05<26:13,  1.98s/it]
 60%|######    | 1207/2000 [18:06<20:56,  1.58s/it]
 60%|######    | 1208/2000 [18:06<17:22,  1.32s/it]
 60%|######    | 1209/2000 [18:07<15:06,  1.15s/it]
 60%|######    | 1210/2000 [18:08<13:14,  1.01s/it]
 61%|######    | 1211/2000 [18:08<11:38,  1.13it/s]
 61%|######    | 1212/2000 [18:09<10:31,  1.25it/s]
 61%|######    | 1213/2000 [18:10<09:41,  1.35it/s]
 61%|######    | 1214/2000 [18:10<09:47,  1.34it/s]
 61%|######    | 1215/2000 [18:11<09:10,  1.43it/s]
 61%|######    | 1216/2000 [18:12<08:47,  1.49it/s]
 61%|######    | 1217/2000 [18:12<08:36,  1.52it/s]
 61%|######    | 1218/2000 [18:13<08:25,  1.55it/s]
 61%|######    | 1219/2000 [18:14<08:24,  1.55it/s]
 61%|######1   | 1220/2000 [18:14<08:20,  1.56it/s]
 61%|######1   | 1221/2000 [18:15<08:35,  1.51it/s]
 61%|######1   | 1222/2000 [18:16<08:49,  1.47it/s]
 61%|######1   | 1223/2000 [18:16<08:44,  1.48it/s]
 61%|######1   | 1224/2000 [18:17<08:50,  1.46it/s]
 61%|######1   | 1225/2000 [18:18<10:04,  1.28it/s]
                                                   

 61%|######1   | 1225/2000 [18:18<10:04,  1.28it/s]
 61%|######1   | 1226/2000 [18:19<10:15,  1.26it/s]
 61%|######1   | 1227/2000 [18:19<09:37,  1.34it/s]
 61%|######1   | 1228/2000 [18:20<09:02,  1.42it/s]
 61%|######1   | 1229/2000 [18:21<08:49,  1.46it/s]
 62%|######1   | 1230/2000 [18:21<08:57,  1.43it/s]
 62%|######1   | 1231/2000 [18:22<09:14,  1.39it/s]
 62%|######1   | 1232/2000 [18:23<09:11,  1.39it/s]
 62%|######1   | 1233/2000 [18:24<09:10,  1.39it/s]
 62%|######1   | 1234/2000 [18:24<09:22,  1.36it/s]
 62%|######1   | 1235/2000 [18:25<09:38,  1.32it/s]
 62%|######1   | 1236/2000 [18:26<09:21,  1.36it/s]
 62%|######1   | 1237/2000 [18:27<09:03,  1.40it/s]
 62%|######1   | 1238/2000 [18:27<08:52,  1.43it/s]
 62%|######1   | 1239/2000 [18:28<08:41,  1.46it/s]
 62%|######2   | 1240/2000 [18:29<08:32,  1.48it/s]
 62%|######2   | 1241/2000 [18:29<08:23,  1.51it/s]
 62%|######2   | 1242/2000 [18:30<08:19,  1.52it/s]
 62%|######2   | 1243/2000 [18:30<08:13,  1.53it/s]
 62%|######2   | 1244/2000 [18:31<08:11,  1.54it/s]
 62%|######2   | 1245/2000 [18:32<08:07,  1.55it/s]
 62%|######2   | 1246/2000 [18:32<08:32,  1.47it/s]
 62%|######2   | 1247/2000 [18:33<09:20,  1.34it/s]
 62%|######2   | 1248/2000 [18:34<10:03,  1.25it/s]
 62%|######2   | 1249/2000 [18:35<09:56,  1.26it/s]
 62%|######2   | 1250/2000 [18:36<09:53,  1.26it/s]
                                                   

 62%|######2   | 1250/2000 [18:36<09:53,  1.26it/s]
 63%|######2   | 1251/2000 [18:36<09:16,  1.35it/s]
 63%|######2   | 1252/2000 [18:37<08:54,  1.40it/s]
 63%|######2   | 1253/2000 [18:38<08:29,  1.47it/s]
 63%|######2   | 1254/2000 [18:38<08:39,  1.44it/s]
 63%|######2   | 1255/2000 [18:39<08:27,  1.47it/s]
 63%|######2   | 1256/2000 [18:40<08:10,  1.52it/s]
 63%|######2   | 1257/2000 [18:40<07:59,  1.55it/s]
 63%|######2   | 1258/2000 [18:41<07:53,  1.57it/s]
 63%|######2   | 1259/2000 [18:42<07:49,  1.58it/s]
 63%|######3   | 1260/2000 [18:42<07:41,  1.60it/s]
 63%|######3   | 1261/2000 [18:43<07:43,  1.60it/s]
 63%|######3   | 1262/2000 [18:43<07:44,  1.59it/s]
 63%|######3   | 1263/2000 [18:44<07:48,  1.57it/s]
 63%|######3   | 1264/2000 [18:45<07:46,  1.58it/s]
 63%|######3   | 1265/2000 [18:45<07:42,  1.59it/s]
 63%|######3   | 1266/2000 [18:46<08:00,  1.53it/s]
 63%|######3   | 1267/2000 [18:47<08:01,  1.52it/s]
 63%|######3   | 1268/2000 [18:47<08:05,  1.51it/s]
 63%|######3   | 1269/2000 [18:48<08:27,  1.44it/s]
 64%|######3   | 1270/2000 [18:49<08:38,  1.41it/s]
 64%|######3   | 1271/2000 [18:50<08:52,  1.37it/s]
 64%|######3   | 1272/2000 [18:50<08:30,  1.43it/s]
 64%|######3   | 1273/2000 [18:51<08:10,  1.48it/s]
 64%|######3   | 1274/2000 [18:52<07:58,  1.52it/s]
 64%|######3   | 1275/2000 [18:52<07:49,  1.55it/s]
                                                   

 64%|######3   | 1275/2000 [18:52<07:49,  1.55it/s]
 64%|######3   | 1276/2000 [18:53<07:52,  1.53it/s]
 64%|######3   | 1277/2000 [18:54<08:01,  1.50it/s]
 64%|######3   | 1278/2000 [18:54<08:38,  1.39it/s]
 64%|######3   | 1279/2000 [18:55<08:29,  1.41it/s]
 64%|######4   | 1280/2000 [18:56<08:10,  1.47it/s]
 64%|######4   | 1281/2000 [18:56<07:58,  1.50it/s]
 64%|######4   | 1282/2000 [18:57<07:51,  1.52it/s]
 64%|######4   | 1283/2000 [18:58<07:49,  1.53it/s]
 64%|######4   | 1284/2000 [18:58<08:07,  1.47it/s]
 64%|######4   | 1285/2000 [18:59<08:23,  1.42it/s]
 64%|######4   | 1286/2000 [19:00<08:18,  1.43it/s]
 64%|######4   | 1287/2000 [19:00<08:17,  1.43it/s]
 64%|######4   | 1288/2000 [19:01<08:07,  1.46it/s]
 64%|######4   | 1289/2000 [19:02<08:00,  1.48it/s]
 64%|######4   | 1290/2000 [19:02<07:59,  1.48it/s]
 65%|######4   | 1291/2000 [19:03<07:58,  1.48it/s]
 65%|######4   | 1292/2000 [19:04<07:46,  1.52it/s]
 65%|######4   | 1293/2000 [19:04<07:46,  1.52it/s]
 65%|######4   | 1294/2000 [19:05<07:48,  1.51it/s]
 65%|######4   | 1295/2000 [19:06<07:45,  1.52it/s]
 65%|######4   | 1296/2000 [19:06<07:38,  1.53it/s]
 65%|######4   | 1297/2000 [19:07<07:55,  1.48it/s]
 65%|######4   | 1298/2000 [19:08<08:01,  1.46it/s]
 65%|######4   | 1299/2000 [19:08<07:49,  1.49it/s]
 65%|######5   | 1300/2000 [19:09<07:39,  1.52it/s]
                                                   

{'loss': '3.033', 'grad_norm': '0.8548', 'learning_rate': '0.0001432', 'epoch': '0.2093'}
{'loss': '3.015', 'grad_norm': '0.8901', 'learning_rate': '0.0001354', 'epoch': '0.2136'}
{'loss': '3.042', 'grad_norm': '0.8284', 'learning_rate': '0.0001276', 'epoch': '0.2179'}
{'loss': '2.947', 'grad_norm': '0.9136', 'learning_rate': '0.00012', 'epoch': '0.2222'}
 65%|######5   | 1300/2000 [19:09<07:39,  1.52it/s]

  0%|          | 0/239 [00:00<?, ?it/s][A

  1%|1         | 3/239 [00:00<00:11, 20.78it/s][A

  3%|2         | 6/239 [00:00<00:14, 15.82it/s][A

  3%|3         | 8/239 [00:00<00:17, 13.40it/s][A

  4%|4         | 10/239 [00:00<00:18, 12.70it/s][A

  5%|5         | 12/239 [00:00<00:17, 12.89it/s][A

  6%|5         | 14/239 [00:01<00:17, 12.62it/s][A

  7%|6         | 16/239 [00:01<00:17, 13.02it/s][A

  8%|7         | 18/239 [00:01<00:18, 12.13it/s][A

  8%|8         | 20/239 [00:01<00:18, 11.91it/s][A

  9%|9         | 22/239 [00:01<00:17, 12.50it/s][A

 10%|#         | 24/239 [00:01<00:17, 12.53it/s][A

 11%|#         | 26/239 [00:01<00:16, 12.95it/s][A

 12%|#1        | 28/239 [00:02<00:16, 12.84it/s][A

 13%|#2        | 30/239 [00:02<00:16, 12.89it/s][A

 13%|#3        | 32/239 [00:02<00:16, 12.78it/s][A

 14%|#4        | 34/239 [00:02<00:16, 12.24it/s][A

 15%|#5        | 36/239 [00:02<00:16, 12.04it/s][A

 16%|#5        | 38/239 [00:02<00:16, 11.84it/s][A

 17%|#6        | 40/239 [00:03<00:16, 11.76it/s][A

 18%|#7        | 42/239 [00:03<00:16, 11.68it/s][A

 18%|#8        | 44/239 [00:03<00:16, 11.73it/s][A

 19%|#9        | 46/239 [00:03<00:16, 11.53it/s][A

 20%|##        | 48/239 [00:03<00:15, 12.17it/s][A

 21%|##        | 50/239 [00:04<00:17, 11.01it/s][A

 22%|##1       | 52/239 [00:04<00:15, 11.75it/s][A

 23%|##2       | 54/239 [00:04<00:14, 12.36it/s][A

 23%|##3       | 56/239 [00:04<00:14, 12.45it/s][A

 24%|##4       | 58/239 [00:04<00:15, 11.74it/s][A

 25%|##5       | 60/239 [00:04<00:14, 12.04it/s][A

 26%|##5       | 62/239 [00:04<00:14, 12.57it/s][A

 27%|##6       | 64/239 [00:05<00:13, 12.58it/s][A

 28%|##7       | 66/239 [00:05<00:14, 11.89it/s][A

 28%|##8       | 68/239 [00:05<00:13, 12.34it/s][A

 29%|##9       | 70/239 [00:05<00:13, 12.54it/s][A

 30%|###       | 72/239 [00:05<00:13, 12.31it/s][A

 31%|###       | 74/239 [00:05<00:13, 12.68it/s][A

 32%|###1      | 76/239 [00:06<00:12, 13.05it/s][A

 33%|###2      | 78/239 [00:06<00:12, 12.94it/s][A

 33%|###3      | 80/239 [00:06<00:11, 13.27it/s][A

 34%|###4      | 82/239 [00:06<00:12, 13.07it/s][A

 35%|###5      | 84/239 [00:06<00:12, 12.55it/s][A

 36%|###5      | 86/239 [00:06<00:13, 11.49it/s][A

 37%|###6      | 88/239 [00:07<00:13, 11.22it/s][A

 38%|###7      | 90/239 [00:07<00:13, 11.30it/s][A

 38%|###8      | 92/239 [00:07<00:12, 11.86it/s][A

 39%|###9      | 94/239 [00:07<00:11, 12.21it/s][A

 40%|####      | 96/239 [00:07<00:11, 12.29it/s][A

 41%|####1     | 98/239 [00:07<00:11, 12.06it/s][A

 42%|####1     | 100/239 [00:08<00:11, 12.17it/s][A

 43%|####2     | 102/239 [00:08<00:11, 12.35it/s][A

 44%|####3     | 104/239 [00:08<00:10, 12.48it/s][A

 44%|####4     | 106/239 [00:08<00:10, 12.85it/s][A

 45%|####5     | 108/239 [00:08<00:10, 12.03it/s][A

 46%|####6     | 110/239 [00:08<00:10, 12.57it/s][A

 47%|####6     | 112/239 [00:09<00:10, 12.23it/s][A

 48%|####7     | 114/239 [00:09<00:10, 12.34it/s][A

 49%|####8     | 116/239 [00:09<00:10, 11.73it/s][A

 49%|####9     | 118/239 [00:09<00:10, 11.98it/s][A

 50%|#####     | 120/239 [00:09<00:09, 12.17it/s][A

 51%|#####1    | 122/239 [00:09<00:09, 12.54it/s][A

 52%|#####1    | 124/239 [00:10<00:09, 12.16it/s][A

 53%|#####2    | 126/239 [00:10<00:09, 12.44it/s][A

 54%|#####3    | 128/239 [00:10<00:08, 12.48it/s][A

 54%|#####4    | 130/239 [00:10<00:08, 12.51it/s][A

 55%|#####5    | 132/239 [00:10<00:08, 11.95it/s][A

 56%|#####6    | 134/239 [00:10<00:08, 12.39it/s][A

 57%|#####6    | 136/239 [00:11<00:08, 12.22it/s][A

 58%|#####7    | 138/239 [00:11<00:08, 12.24it/s][A

 59%|#####8    | 140/239 [00:11<00:08, 12.25it/s][A

 59%|#####9    | 142/239 [00:11<00:08, 11.59it/s][A

 60%|######    | 144/239 [00:11<00:08, 11.57it/s][A

 61%|######1   | 146/239 [00:11<00:07, 12.02it/s][A

 62%|######1   | 148/239 [00:12<00:07, 11.79it/s][A

 63%|######2   | 150/239 [00:12<00:07, 11.76it/s][A

 64%|######3   | 152/239 [00:12<00:07, 11.58it/s][A

 64%|######4   | 154/239 [00:12<00:07, 11.35it/s][A

 65%|######5   | 156/239 [00:12<00:08, 10.34it/s][A

 66%|######6   | 158/239 [00:13<00:08, 10.09it/s][A

 67%|######6   | 160/239 [00:13<00:07, 10.05it/s][A

 68%|######7   | 162/239 [00:13<00:07, 10.04it/s][A

 69%|######8   | 164/239 [00:13<00:06, 10.97it/s][A

 69%|######9   | 166/239 [00:13<00:06, 10.82it/s][A

 70%|#######   | 168/239 [00:13<00:06, 10.38it/s][A

 71%|#######1  | 170/239 [00:14<00:06,  9.91it/s][A

 72%|#######1  | 172/239 [00:14<00:06,  9.88it/s][A

 73%|#######2  | 174/239 [00:14<00:06,  9.80it/s][A

 73%|#######3  | 175/239 [00:14<00:06,  9.57it/s][A

 74%|#######3  | 176/239 [00:14<00:06,  9.03it/s][A

 74%|#######4  | 177/239 [00:14<00:07,  8.47it/s][A

 74%|#######4  | 178/239 [00:15<00:07,  8.34it/s][A

 75%|#######4  | 179/239 [00:15<00:07,  8.12it/s][A

 75%|#######5  | 180/239 [00:15<00:07,  7.92it/s][A

 76%|#######5  | 181/239 [00:15<00:07,  7.83it/s][A

 76%|#######6  | 182/239 [00:15<00:07,  7.42it/s][A

 77%|#######6  | 183/239 [00:15<00:07,  7.76it/s][A

 77%|#######6  | 184/239 [00:15<00:06,  8.09it/s][A

 77%|#######7  | 185/239 [00:16<00:06,  8.14it/s][A

 78%|#######7  | 186/239 [00:16<00:06,  8.29it/s][A

 79%|#######8  | 188/239 [00:16<00:05,  9.06it/s][A

 79%|#######9  | 189/239 [00:16<00:05,  9.20it/s][A

 80%|#######9  | 191/239 [00:16<00:05,  9.34it/s][A

 80%|########  | 192/239 [00:16<00:05,  9.32it/s][A

 81%|########  | 193/239 [00:16<00:04,  9.35it/s][A

 81%|########1 | 194/239 [00:16<00:04,  9.30it/s][A

 82%|########1 | 195/239 [00:17<00:04,  9.22it/s][A

 82%|########2 | 196/239 [00:17<00:04,  9.20it/s][A

 82%|########2 | 197/239 [00:17<00:04,  9.25it/s][A

 83%|########2 | 198/239 [00:17<00:04,  9.45it/s][A

 83%|########3 | 199/239 [00:17<00:04,  9.01it/s][A

 84%|########3 | 200/239 [00:17<00:04,  9.01it/s][A

 84%|########4 | 201/239 [00:17<00:04,  8.84it/s][A

 85%|########4 | 202/239 [00:17<00:04,  8.82it/s][A

 85%|########5 | 204/239 [00:18<00:03,  9.30it/s][A

 86%|########5 | 205/239 [00:18<00:03,  9.18it/s][A

 86%|########6 | 206/239 [00:18<00:03,  9.01it/s][A

 87%|########6 | 207/239 [00:18<00:03,  8.83it/s][A

 87%|########7 | 208/239 [00:18<00:03,  8.88it/s][A

 87%|########7 | 209/239 [00:18<00:03,  8.89it/s][A

 88%|########7 | 210/239 [00:18<00:03,  8.73it/s][A

 88%|########8 | 211/239 [00:18<00:03,  8.52it/s][A

 89%|########8 | 212/239 [00:19<00:03,  8.36it/s][A

 89%|########9 | 213/239 [00:19<00:03,  8.13it/s][A

 90%|########9 | 214/239 [00:19<00:03,  8.17it/s][A

 90%|########9 | 215/239 [00:19<00:03,  7.97it/s][A

 90%|######### | 216/239 [00:19<00:02,  8.29it/s][A

 91%|######### | 217/239 [00:19<00:02,  8.43it/s][A

 91%|#########1| 218/239 [00:19<00:02,  8.27it/s][A

 92%|#########1| 219/239 [00:19<00:02,  8.33it/s][A

 92%|#########2| 220/239 [00:19<00:02,  8.36it/s][A

 92%|#########2| 221/239 [00:20<00:02,  8.41it/s][A

 93%|#########2| 222/239 [00:20<00:01,  8.60it/s][A

 93%|#########3| 223/239 [00:20<00:01,  8.91it/s][A

 94%|#########4| 225/239 [00:20<00:01,  9.50it/s][A

 95%|#########4| 227/239 [00:20<00:01,  9.75it/s][A

 95%|#########5| 228/239 [00:20<00:01,  9.63it/s][A

 96%|#########5| 229/239 [00:20<00:01,  9.71it/s][A

 96%|#########6| 230/239 [00:21<00:00,  9.71it/s][A

 97%|#########7| 232/239 [00:21<00:00,  9.73it/s][A

 97%|#########7| 233/239 [00:21<00:00,  9.41it/s][A

 98%|#########8| 235/239 [00:21<00:00, 10.23it/s][A

 99%|#########9| 237/239 [00:21<00:00, 10.10it/s][A

100%|##########| 239/239 [00:21<00:00, 10.08it/s][A
                                                   


                                                 
[A
 65%|######5   | 1300/2000 [19:31<07:39,  1.52it/s]

100%|##########| 239/239 [00:21<00:00, 10.08it/s][A

{'eval_loss': '3.138', 'eval_runtime': '22.02', 'eval_samples_per_second': '43.41', 'eval_steps_per_second': '10.85', 'epoch': '0.2222'}
                                                 [A

Writing model shards:   0%|          | 0/1 [00:00<?, ?it/s][A

Writing model shards: 100%|##########| 1/1 [00:00<00:00,  1.68it/s][A
Writing model shards: 100%|##########| 1/1 [00:00<00:00,  1.68it/s]

 65%|######5   | 1301/2000 [19:34<1:31:28,  7.85s/it]
 65%|######5   | 1302/2000 [19:34<1:06:05,  5.68s/it]
 65%|######5   | 1303/2000 [19:35<48:26,  4.17s/it]  
 65%|######5   | 1304/2000 [19:36<36:05,  3.11s/it]
 65%|######5   | 1305/2000 [19:36<27:47,  2.40s/it]
 65%|######5   | 1306/2000 [19:37<21:40,  1.87s/it]
 65%|######5   | 1307/2000 [19:38<17:19,  1.50s/it]
 65%|######5   | 1308/2000 [19:38<14:23,  1.25s/it]
 65%|######5   | 1309/2000 [19:39<12:17,  1.07s/it]
 66%|######5   | 1310/2000 [19:40<10:43,  1.07it/s]
 66%|######5   | 1311/2000 [19:40<09:40,  1.19it/s]
 66%|######5   | 1312/2000 [19:41<08:56,  1.28it/s]
 66%|######5   | 1313/2000 [19:42<08:32,  1.34it/s]
 66%|######5   | 1314/2000 [19:42<08:08,  1.41it/s]
 66%|######5   | 1315/2000 [19:43<07:55,  1.44it/s]
 66%|######5   | 1316/2000 [19:43<07:44,  1.47it/s]
 66%|######5   | 1317/2000 [19:44<07:42,  1.48it/s]
 66%|######5   | 1318/2000 [19:45<07:33,  1.51it/s]
 66%|######5   | 1319/2000 [19:45<07:33,  1.50it/s]
 66%|######6   | 1320/2000 [19:46<07:43,  1.47it/s]
 66%|######6   | 1321/2000 [19:47<08:06,  1.40it/s]
 66%|######6   | 1322/2000 [19:48<08:07,  1.39it/s]
 66%|######6   | 1323/2000 [19:48<08:18,  1.36it/s]
 66%|######6   | 1324/2000 [19:49<08:51,  1.27it/s]
 66%|######6   | 1325/2000 [19:50<08:39,  1.30it/s]
                                                   

 66%|######6   | 1325/2000 [19:50<08:39,  1.30it/s]
 66%|######6   | 1326/2000 [19:51<08:59,  1.25it/s]
 66%|######6   | 1327/2000 [19:52<08:41,  1.29it/s]
 66%|######6   | 1328/2000 [19:52<08:25,  1.33it/s]
 66%|######6   | 1329/2000 [19:53<08:12,  1.36it/s]
 66%|######6   | 1330/2000 [19:54<08:05,  1.38it/s]
 67%|######6   | 1331/2000 [19:54<07:58,  1.40it/s]
 67%|######6   | 1332/2000 [19:55<07:40,  1.45it/s]
 67%|######6   | 1333/2000 [19:56<07:49,  1.42it/s]
 67%|######6   | 1334/2000 [19:57<07:55,  1.40it/s]
 67%|######6   | 1335/2000 [19:57<07:55,  1.40it/s]
 67%|######6   | 1336/2000 [19:58<07:45,  1.43it/s]
 67%|######6   | 1337/2000 [19:59<07:27,  1.48it/s]
 67%|######6   | 1338/2000 [19:59<07:34,  1.46it/s]
 67%|######6   | 1339/2000 [20:00<07:35,  1.45it/s]
 67%|######7   | 1340/2000 [20:01<07:26,  1.48it/s]
 67%|######7   | 1341/2000 [20:01<07:45,  1.42it/s]
 67%|######7   | 1342/2000 [20:02<07:51,  1.40it/s]
 67%|######7   | 1343/2000 [20:03<07:48,  1.40it/s]
 67%|######7   | 1344/2000 [20:04<08:08,  1.34it/s]
 67%|######7   | 1345/2000 [20:04<07:54,  1.38it/s]
 67%|######7   | 1346/2000 [20:05<08:05,  1.35it/s]
 67%|######7   | 1347/2000 [20:06<07:52,  1.38it/s]
 67%|######7   | 1348/2000 [20:07<07:59,  1.36it/s]
 67%|######7   | 1349/2000 [20:07<08:05,  1.34it/s]
 68%|######7   | 1350/2000 [20:08<08:04,  1.34it/s]
                                                   

 68%|######7   | 1350/2000 [20:08<08:04,  1.34it/s]
 68%|######7   | 1351/2000 [20:09<07:58,  1.36it/s]
 68%|######7   | 1352/2000 [20:10<07:57,  1.36it/s]
 68%|######7   | 1353/2000 [20:10<07:54,  1.36it/s]
 68%|######7   | 1354/2000 [20:11<07:52,  1.37it/s]
 68%|######7   | 1355/2000 [20:12<07:54,  1.36it/s]
 68%|######7   | 1356/2000 [20:12<07:52,  1.36it/s]
 68%|######7   | 1357/2000 [20:13<07:49,  1.37it/s]
 68%|######7   | 1358/2000 [20:14<07:36,  1.41it/s]
 68%|######7   | 1359/2000 [20:15<07:35,  1.41it/s]
 68%|######8   | 1360/2000 [20:15<07:48,  1.37it/s]
 68%|######8   | 1361/2000 [20:16<07:40,  1.39it/s]
 68%|######8   | 1362/2000 [20:17<07:32,  1.41it/s]
 68%|######8   | 1363/2000 [20:17<07:28,  1.42it/s]
 68%|######8   | 1364/2000 [20:18<07:26,  1.43it/s]
 68%|######8   | 1365/2000 [20:19<07:36,  1.39it/s]
 68%|######8   | 1366/2000 [20:20<07:34,  1.40it/s]
 68%|######8   | 1367/2000 [20:20<07:47,  1.35it/s]
 68%|######8   | 1368/2000 [20:21<07:41,  1.37it/s]
 68%|######8   | 1369/2000 [20:22<07:49,  1.34it/s]
 68%|######8   | 1370/2000 [20:23<07:37,  1.38it/s]
 69%|######8   | 1371/2000 [20:23<07:25,  1.41it/s]
 69%|######8   | 1372/2000 [20:24<07:27,  1.40it/s]
 69%|######8   | 1373/2000 [20:25<07:42,  1.36it/s]
 69%|######8   | 1374/2000 [20:25<07:42,  1.35it/s]
 69%|######8   | 1375/2000 [20:26<07:42,  1.35it/s]
                                                   

 69%|######8   | 1375/2000 [20:26<07:42,  1.35it/s]
 69%|######8   | 1376/2000 [20:27<08:29,  1.22it/s]
 69%|######8   | 1377/2000 [20:28<08:47,  1.18it/s]
 69%|######8   | 1378/2000 [20:29<08:47,  1.18it/s]
 69%|######8   | 1379/2000 [20:30<08:18,  1.25it/s]
 69%|######9   | 1380/2000 [20:30<07:57,  1.30it/s]
 69%|######9   | 1381/2000 [20:31<07:40,  1.35it/s]
 69%|######9   | 1382/2000 [20:32<07:32,  1.37it/s]
 69%|######9   | 1383/2000 [20:33<08:38,  1.19it/s]
 69%|######9   | 1384/2000 [20:34<08:44,  1.18it/s]
 69%|######9   | 1385/2000 [20:34<08:07,  1.26it/s]
 69%|######9   | 1386/2000 [20:35<07:47,  1.31it/s]
 69%|######9   | 1387/2000 [20:36<08:08,  1.26it/s]
 69%|######9   | 1388/2000 [20:37<07:41,  1.33it/s]
 69%|######9   | 1389/2000 [20:37<07:15,  1.40it/s]
 70%|######9   | 1390/2000 [20:38<06:55,  1.47it/s]
 70%|######9   | 1391/2000 [20:38<06:43,  1.51it/s]
 70%|######9   | 1392/2000 [20:39<06:32,  1.55it/s]
 70%|######9   | 1393/2000 [20:40<06:28,  1.56it/s]
 70%|######9   | 1394/2000 [20:40<06:27,  1.56it/s]
 70%|######9   | 1395/2000 [20:41<06:23,  1.58it/s]
 70%|######9   | 1396/2000 [20:42<06:25,  1.57it/s]
 70%|######9   | 1397/2000 [20:42<06:21,  1.58it/s]
 70%|######9   | 1398/2000 [20:43<06:25,  1.56it/s]
 70%|######9   | 1399/2000 [20:43<06:28,  1.55it/s]
 70%|#######   | 1400/2000 [20:44<06:42,  1.49it/s]
                                                   

{'loss': '2.994', 'grad_norm': '0.8209', 'learning_rate': '0.0001125', 'epoch': '0.2264'}
{'loss': '2.952', 'grad_norm': '0.8378', 'learning_rate': '0.0001051', 'epoch': '0.2307'}
{'loss': '2.941', 'grad_norm': '0.745', 'learning_rate': '9.791e-05', 'epoch': '0.235'}
{'loss': '2.94', 'grad_norm': '0.8602', 'learning_rate': '9.089e-05', 'epoch': '0.2393'}
 70%|#######   | 1400/2000 [20:44<06:42,  1.49it/s]

  0%|          | 0/239 [00:00<?, ?it/s][A

  1%|          | 2/239 [00:00<00:15, 15.26it/s][A

  2%|1         | 4/239 [00:00<00:20, 11.48it/s][A

  3%|2         | 6/239 [00:00<00:21, 10.61it/s][A

  3%|3         | 8/239 [00:00<00:23,  9.80it/s][A

  4%|4         | 10/239 [00:00<00:23,  9.79it/s][A

  5%|4         | 11/239 [00:01<00:23,  9.77it/s][A

  5%|5         | 12/239 [00:01<00:23,  9.56it/s][A

  5%|5         | 13/239 [00:01<00:24,  9.29it/s][A

  6%|6         | 15/239 [00:01<00:24,  9.30it/s][A

  7%|7         | 17/239 [00:01<00:23,  9.40it/s][A

  8%|7         | 19/239 [00:01<00:22,  9.72it/s][A

  9%|8         | 21/239 [00:02<00:22,  9.52it/s][A

 10%|9         | 23/239 [00:02<00:21,  9.85it/s][A

 10%|#         | 24/239 [00:02<00:22,  9.64it/s][A

 11%|#         | 26/239 [00:02<00:20, 10.23it/s][A

 12%|#1        | 28/239 [00:02<00:20, 10.42it/s][A

 13%|#2        | 30/239 [00:02<00:19, 10.76it/s][A

 13%|#3        | 32/239 [00:03<00:21,  9.73it/s][A

 14%|#3        | 33/239 [00:03<00:21,  9.75it/s][A

 15%|#4        | 35/239 [00:03<00:19, 10.41it/s][A

 15%|#5        | 37/239 [00:03<00:20,  9.92it/s][A

 16%|#6        | 39/239 [00:03<00:21,  9.45it/s][A

 17%|#7        | 41/239 [00:04<00:21,  9.35it/s][A

 18%|#7        | 42/239 [00:04<00:21,  9.33it/s][A

 18%|#7        | 43/239 [00:04<00:21,  9.21it/s][A

 18%|#8        | 44/239 [00:04<00:21,  8.90it/s][A

 19%|#8        | 45/239 [00:04<00:22,  8.66it/s][A

 19%|#9        | 46/239 [00:04<00:21,  8.77it/s][A

 20%|#9        | 47/239 [00:04<00:22,  8.63it/s][A

 20%|##        | 48/239 [00:04<00:23,  8.30it/s][A

 21%|##        | 49/239 [00:05<00:23,  7.96it/s][A

 21%|##        | 50/239 [00:05<00:22,  8.41it/s][A

 22%|##1       | 52/239 [00:05<00:20,  9.34it/s][A

 22%|##2       | 53/239 [00:05<00:20,  8.95it/s][A

 23%|##3       | 55/239 [00:05<00:19,  9.32it/s][A

 23%|##3       | 56/239 [00:05<00:19,  9.25it/s][A

 24%|##4       | 58/239 [00:06<00:18,  9.90it/s][A

 25%|##4       | 59/239 [00:06<00:18,  9.90it/s][A

 26%|##5       | 61/239 [00:06<00:16, 10.49it/s][A

 26%|##6       | 63/239 [00:06<00:16, 10.99it/s][A

 27%|##7       | 65/239 [00:06<00:16, 10.70it/s][A

 28%|##8       | 67/239 [00:06<00:16, 10.69it/s][A

 29%|##8       | 69/239 [00:07<00:15, 10.94it/s][A

 30%|##9       | 71/239 [00:07<00:15, 11.18it/s][A

 31%|###       | 73/239 [00:07<00:15, 10.69it/s][A

 31%|###1      | 75/239 [00:07<00:15, 10.66it/s][A

 32%|###2      | 77/239 [00:07<00:15, 10.25it/s][A

 33%|###3      | 79/239 [00:08<00:15, 10.19it/s][A

 34%|###3      | 81/239 [00:08<00:15, 10.17it/s][A

 35%|###4      | 83/239 [00:08<00:14, 10.60it/s][A

 36%|###5      | 85/239 [00:08<00:14, 10.36it/s][A

 36%|###6      | 87/239 [00:08<00:16,  9.15it/s][A

 37%|###6      | 88/239 [00:08<00:16,  9.04it/s][A

 38%|###7      | 90/239 [00:09<00:15,  9.50it/s][A

 38%|###8      | 92/239 [00:09<00:14, 10.06it/s][A

 39%|###9      | 94/239 [00:09<00:13, 10.76it/s][A

 40%|####      | 96/239 [00:09<00:13, 10.97it/s][A

 41%|####1     | 98/239 [00:09<00:13, 10.84it/s][A

 42%|####1     | 100/239 [00:10<00:13, 10.49it/s][A

 43%|####2     | 102/239 [00:10<00:12, 11.06it/s][A

 44%|####3     | 104/239 [00:10<00:12, 10.90it/s][A

 44%|####4     | 106/239 [00:10<00:12, 10.52it/s][A

 45%|####5     | 108/239 [00:10<00:12, 10.27it/s][A

 46%|####6     | 110/239 [00:11<00:13,  9.82it/s][A

 46%|####6     | 111/239 [00:11<00:13,  9.68it/s][A

 47%|####6     | 112/239 [00:11<00:13,  9.61it/s][A

 48%|####7     | 114/239 [00:11<00:12,  9.94it/s][A

 49%|####8     | 116/239 [00:11<00:11, 10.72it/s][A

 49%|####9     | 118/239 [00:11<00:11, 10.23it/s][A

 50%|#####     | 120/239 [00:12<00:11, 10.29it/s][A

 51%|#####1    | 122/239 [00:12<00:11, 10.55it/s][A

 52%|#####1    | 124/239 [00:12<00:10, 10.48it/s][A

 53%|#####2    | 126/239 [00:12<00:10, 10.85it/s][A

 54%|#####3    | 128/239 [00:12<00:09, 11.33it/s][A

 54%|#####4    | 130/239 [00:12<00:09, 11.51it/s][A

 55%|#####5    | 132/239 [00:13<00:09, 10.77it/s][A

 56%|#####6    | 134/239 [00:13<00:10, 10.47it/s][A

 57%|#####6    | 136/239 [00:13<00:09, 10.77it/s][A

 58%|#####7    | 138/239 [00:13<00:08, 11.50it/s][A

 59%|#####8    | 140/239 [00:13<00:08, 11.19it/s][A

 59%|#####9    | 142/239 [00:14<00:08, 11.08it/s][A

 60%|######    | 144/239 [00:14<00:08, 11.12it/s][A

 61%|######1   | 146/239 [00:14<00:08, 11.22it/s][A

 62%|######1   | 148/239 [00:14<00:07, 11.60it/s][A

 63%|######2   | 150/239 [00:14<00:07, 11.58it/s][A

 64%|######3   | 152/239 [00:14<00:07, 11.24it/s][A

 64%|######4   | 154/239 [00:15<00:07, 11.09it/s][A

 65%|######5   | 156/239 [00:15<00:07, 11.27it/s][A

 66%|######6   | 158/239 [00:15<00:06, 11.93it/s][A

 67%|######6   | 160/239 [00:15<00:07, 11.03it/s][A

 68%|######7   | 162/239 [00:15<00:07, 10.29it/s][A

 69%|######8   | 164/239 [00:15<00:07, 10.63it/s][A

 69%|######9   | 166/239 [00:16<00:06, 11.16it/s][A

 70%|#######   | 168/239 [00:16<00:06, 11.83it/s][A

 71%|#######1  | 170/239 [00:16<00:06, 10.60it/s][A

 72%|#######1  | 172/239 [00:16<00:06, 11.12it/s][A

 73%|#######2  | 174/239 [00:16<00:06, 10.73it/s][A

 74%|#######3  | 176/239 [00:17<00:05, 10.61it/s][A

 74%|#######4  | 178/239 [00:17<00:05, 11.46it/s][A

 75%|#######5  | 180/239 [00:17<00:05, 11.19it/s][A

 76%|#######6  | 182/239 [00:17<00:04, 11.58it/s][A

 77%|#######6  | 184/239 [00:17<00:05, 10.65it/s][A

 78%|#######7  | 186/239 [00:18<00:05, 10.41it/s][A

 79%|#######8  | 188/239 [00:18<00:05, 10.11it/s][A

 79%|#######9  | 190/239 [00:18<00:05,  9.56it/s][A

 80%|########  | 192/239 [00:18<00:04,  9.56it/s][A

 81%|########  | 193/239 [00:18<00:04,  9.26it/s][A

 81%|########1 | 194/239 [00:18<00:05,  8.82it/s][A

 82%|########1 | 195/239 [00:19<00:05,  8.58it/s][A

 82%|########2 | 196/239 [00:19<00:05,  8.47it/s][A

 82%|########2 | 197/239 [00:19<00:04,  8.50it/s][A

 83%|########2 | 198/239 [00:19<00:04,  8.67it/s][A

 83%|########3 | 199/239 [00:19<00:04,  8.87it/s][A

 84%|########3 | 200/239 [00:19<00:04,  8.57it/s][A

 84%|########4 | 201/239 [00:19<00:04,  8.32it/s][A

 85%|########4 | 202/239 [00:19<00:04,  8.56it/s][A

 85%|########4 | 203/239 [00:19<00:04,  8.71it/s][A

 85%|########5 | 204/239 [00:20<00:03,  8.80it/s][A

 86%|########6 | 206/239 [00:20<00:03, 10.15it/s][A

 87%|########7 | 208/239 [00:20<00:02, 10.52it/s][A

 88%|########7 | 210/239 [00:20<00:02, 10.48it/s][A

 89%|########8 | 212/239 [00:20<00:02, 11.02it/s][A

 90%|########9 | 214/239 [00:21<00:02, 10.30it/s][A

 90%|######### | 216/239 [00:21<00:02, 10.66it/s][A

 91%|#########1| 218/239 [00:21<00:01, 10.89it/s][A

 92%|#########2| 220/239 [00:21<00:01, 10.70it/s][A

 93%|#########2| 222/239 [00:21<00:01, 10.78it/s][A

 94%|#########3| 224/239 [00:21<00:01, 10.49it/s][A

 95%|#########4| 226/239 [00:22<00:01, 10.58it/s][A

 95%|#########5| 228/239 [00:22<00:01, 10.98it/s][A

 96%|#########6| 230/239 [00:22<00:00, 11.25it/s][A

 97%|#########7| 232/239 [00:22<00:00, 10.92it/s][A

 98%|#########7| 234/239 [00:22<00:00, 11.01it/s][A

 99%|#########8| 236/239 [00:23<00:00, 10.68it/s][A

100%|#########9| 238/239 [00:23<00:00, 10.49it/s][A
                                                   


                                                 
[A
 70%|#######   | 1400/2000 [21:08<06:42,  1.49it/s]

100%|##########| 239/239 [00:23<00:00, 10.49it/s][A

{'eval_loss': '3.075', 'eval_runtime': '23.43', 'eval_samples_per_second': '40.8', 'eval_steps_per_second': '10.2', 'epoch': '0.2393'}
                                                 [A

Writing model shards:   0%|          | 0/1 [00:00<?, ?it/s][A

Writing model shards: 100%|##########| 1/1 [00:00<00:00,  1.51it/s][A
Writing model shards: 100%|##########| 1/1 [00:00<00:00,  1.51it/s]

 70%|#######   | 1401/2000 [21:11<1:23:40,  8.38s/it]
 70%|#######   | 1402/2000 [21:11<1:00:28,  6.07s/it]
 70%|#######   | 1403/2000 [21:12<44:12,  4.44s/it]  
 70%|#######   | 1404/2000 [21:13<32:38,  3.29s/it]
 70%|#######   | 1405/2000 [21:13<24:41,  2.49s/it]
 70%|#######   | 1406/2000 [21:14<19:02,  1.92s/it]
 70%|#######   | 1407/2000 [21:14<15:07,  1.53s/it]
 70%|#######   | 1408/2000 [21:15<12:21,  1.25s/it]
 70%|#######   | 1409/2000 [21:16<10:29,  1.07s/it]
 70%|#######   | 1410/2000 [21:16<09:09,  1.07it/s]
 71%|#######   | 1411/2000 [21:17<08:26,  1.16it/s]
 71%|#######   | 1412/2000 [21:18<08:09,  1.20it/s]
 71%|#######   | 1413/2000 [21:18<07:48,  1.25it/s]
 71%|#######   | 1414/2000 [21:19<07:29,  1.30it/s]
 71%|#######   | 1415/2000 [21:20<07:19,  1.33it/s]
 71%|#######   | 1416/2000 [21:21<07:30,  1.30it/s]
 71%|#######   | 1417/2000 [21:21<07:36,  1.28it/s]
 71%|#######   | 1418/2000 [21:22<07:45,  1.25it/s]
 71%|#######   | 1419/2000 [21:23<07:57,  1.22it/s]
 71%|#######1  | 1420/2000 [21:24<08:28,  1.14it/s]
 71%|#######1  | 1421/2000 [21:25<08:29,  1.14it/s]
 71%|#######1  | 1422/2000 [21:26<07:53,  1.22it/s]
 71%|#######1  | 1423/2000 [21:26<07:19,  1.31it/s]
 71%|#######1  | 1424/2000 [21:27<07:00,  1.37it/s]
 71%|#######1  | 1425/2000 [21:28<06:48,  1.41it/s]
                                                   

 71%|#######1  | 1425/2000 [21:28<06:48,  1.41it/s]
 71%|#######1  | 1426/2000 [21:28<06:45,  1.42it/s]
 71%|#######1  | 1427/2000 [21:29<07:05,  1.35it/s]
 71%|#######1  | 1428/2000 [21:30<07:06,  1.34it/s]
 71%|#######1  | 1429/2000 [21:31<06:52,  1.38it/s]
 72%|#######1  | 1430/2000 [21:31<06:55,  1.37it/s]
 72%|#######1  | 1431/2000 [21:32<06:47,  1.40it/s]
 72%|#######1  | 1432/2000 [21:33<06:45,  1.40it/s]
 72%|#######1  | 1433/2000 [21:33<06:33,  1.44it/s]
 72%|#######1  | 1434/2000 [21:34<06:51,  1.37it/s]
 72%|#######1  | 1435/2000 [21:35<07:17,  1.29it/s]
 72%|#######1  | 1436/2000 [21:36<07:20,  1.28it/s]
 72%|#######1  | 1437/2000 [21:37<07:29,  1.25it/s]
 72%|#######1  | 1438/2000 [21:38<07:32,  1.24it/s]
 72%|#######1  | 1439/2000 [21:38<07:14,  1.29it/s]
 72%|#######2  | 1440/2000 [21:39<06:55,  1.35it/s]
 72%|#######2  | 1441/2000 [21:40<06:39,  1.40it/s]
 72%|#######2  | 1442/2000 [21:40<06:36,  1.41it/s]
 72%|#######2  | 1443/2000 [21:41<06:31,  1.42it/s]
 72%|#######2  | 1444/2000 [21:42<06:30,  1.42it/s]
 72%|#######2  | 1445/2000 [21:42<06:22,  1.45it/s]
 72%|#######2  | 1446/2000 [21:43<06:25,  1.44it/s]
 72%|#######2  | 1447/2000 [21:44<06:22,  1.44it/s]
 72%|#######2  | 1448/2000 [21:44<06:28,  1.42it/s]
 72%|#######2  | 1449/2000 [21:45<06:24,  1.43it/s]
 72%|#######2  | 1450/2000 [21:46<06:17,  1.46it/s]
                                                   

 72%|#######2  | 1450/2000 [21:46<06:17,  1.46it/s]
 73%|#######2  | 1451/2000 [21:46<06:18,  1.45it/s]
 73%|#######2  | 1452/2000 [21:47<06:41,  1.37it/s]
 73%|#######2  | 1453/2000 [21:48<06:45,  1.35it/s]
 73%|#######2  | 1454/2000 [21:49<06:47,  1.34it/s]
 73%|#######2  | 1455/2000 [21:50<06:40,  1.36it/s]
 73%|#######2  | 1456/2000 [21:50<06:28,  1.40it/s]
 73%|#######2  | 1457/2000 [21:51<06:37,  1.37it/s]
 73%|#######2  | 1458/2000 [21:52<06:35,  1.37it/s]
 73%|#######2  | 1459/2000 [21:52<06:36,  1.37it/s]
 73%|#######3  | 1460/2000 [21:53<06:37,  1.36it/s]
 73%|#######3  | 1461/2000 [21:54<06:36,  1.36it/s]
 73%|#######3  | 1462/2000 [21:55<06:31,  1.37it/s]
 73%|#######3  | 1463/2000 [21:55<06:31,  1.37it/s]
 73%|#######3  | 1464/2000 [21:56<06:38,  1.35it/s]
 73%|#######3  | 1465/2000 [21:57<06:50,  1.30it/s]
 73%|#######3  | 1466/2000 [21:58<06:47,  1.31it/s]
 73%|#######3  | 1467/2000 [21:59<06:56,  1.28it/s]
 73%|#######3  | 1468/2000 [21:59<06:46,  1.31it/s]
 73%|#######3  | 1469/2000 [22:00<06:42,  1.32it/s]
 74%|#######3  | 1470/2000 [22:01<06:42,  1.32it/s]
 74%|#######3  | 1471/2000 [22:01<06:34,  1.34it/s]
 74%|#######3  | 1472/2000 [22:02<06:29,  1.36it/s]
 74%|#######3  | 1473/2000 [22:03<06:30,  1.35it/s]
 74%|#######3  | 1474/2000 [22:04<06:40,  1.31it/s]
 74%|#######3  | 1475/2000 [22:04<06:25,  1.36it/s]
                                                   

 74%|#######3  | 1475/2000 [22:04<06:25,  1.36it/s]
 74%|#######3  | 1476/2000 [22:05<06:16,  1.39it/s]
 74%|#######3  | 1477/2000 [22:06<06:13,  1.40it/s]
 74%|#######3  | 1478/2000 [22:07<06:28,  1.34it/s]
 74%|#######3  | 1479/2000 [22:07<06:16,  1.38it/s]
 74%|#######4  | 1480/2000 [22:08<06:08,  1.41it/s]
 74%|#######4  | 1481/2000 [22:09<06:17,  1.38it/s]
 74%|#######4  | 1482/2000 [22:10<06:27,  1.34it/s]
 74%|#######4  | 1483/2000 [22:10<06:32,  1.32it/s]
 74%|#######4  | 1484/2000 [22:11<06:12,  1.39it/s]
 74%|#######4  | 1485/2000 [22:12<06:07,  1.40it/s]
 74%|#######4  | 1486/2000 [22:12<06:11,  1.38it/s]
 74%|#######4  | 1487/2000 [22:13<06:14,  1.37it/s]
 74%|#######4  | 1488/2000 [22:14<06:30,  1.31it/s]
 74%|#######4  | 1489/2000 [22:15<07:01,  1.21it/s]
 74%|#######4  | 1490/2000 [22:16<07:10,  1.19it/s]
 75%|#######4  | 1491/2000 [22:17<07:04,  1.20it/s]
 75%|#######4  | 1492/2000 [22:17<06:46,  1.25it/s]
 75%|#######4  | 1493/2000 [22:18<06:47,  1.24it/s]
 75%|#######4  | 1494/2000 [22:19<06:25,  1.31it/s]
 75%|#######4  | 1495/2000 [22:20<06:14,  1.35it/s]
 75%|#######4  | 1496/2000 [22:20<05:56,  1.41it/s]
 75%|#######4  | 1497/2000 [22:21<05:46,  1.45it/s]
 75%|#######4  | 1498/2000 [22:21<05:42,  1.47it/s]
 75%|#######4  | 1499/2000 [22:22<05:39,  1.48it/s]
 75%|#######5  | 1500/2000 [22:23<05:39,  1.47it/s]
                                                   

{'loss': '2.868', 'grad_norm': '1.03', 'learning_rate': '8.405e-05', 'epoch': '0.2435'}
{'loss': '2.879', 'grad_norm': '0.8821', 'learning_rate': '7.742e-05', 'epoch': '0.2478'}
{'loss': '2.893', 'grad_norm': '0.8358', 'learning_rate': '7.099e-05', 'epoch': '0.2521'}
{'loss': '2.891', 'grad_norm': '0.8518', 'learning_rate': '6.479e-05', 'epoch': '0.2563'}
 75%|#######5  | 1500/2000 [22:23<05:39,  1.47it/s]

  0%|          | 0/239 [00:00<?, ?it/s][A

  1%|1         | 3/239 [00:00<00:13, 17.14it/s][A

  2%|2         | 5/239 [00:00<00:16, 13.79it/s][A

  3%|2         | 7/239 [00:00<00:18, 12.78it/s][A

  4%|3         | 9/239 [00:00<00:17, 13.19it/s][A

  5%|4         | 11/239 [00:00<00:17, 12.80it/s][A

  5%|5         | 13/239 [00:00<00:18, 12.50it/s][A

  6%|6         | 15/239 [00:01<00:18, 12.07it/s][A

  7%|7         | 17/239 [00:01<00:18, 12.01it/s][A

  8%|7         | 19/239 [00:01<00:19, 11.55it/s][A

  9%|8         | 21/239 [00:01<00:19, 11.41it/s][A

 10%|9         | 23/239 [00:01<00:18, 11.46it/s][A

 10%|#         | 25/239 [00:02<00:18, 11.36it/s][A

 11%|#1        | 27/239 [00:02<00:18, 11.29it/s][A

 12%|#2        | 29/239 [00:02<00:18, 11.08it/s][A

 13%|#2        | 31/239 [00:02<00:19, 10.88it/s][A

 14%|#3        | 33/239 [00:02<00:19, 10.73it/s][A

 15%|#4        | 35/239 [00:02<00:18, 10.92it/s][A

 15%|#5        | 37/239 [00:03<00:18, 10.76it/s][A

 16%|#6        | 39/239 [00:03<00:18, 10.59it/s][A

 17%|#7        | 41/239 [00:03<00:18, 10.52it/s][A

 18%|#7        | 43/239 [00:03<00:18, 10.62it/s][A

 19%|#8        | 45/239 [00:03<00:17, 10.81it/s][A

 20%|#9        | 47/239 [00:04<00:17, 10.73it/s][A

 21%|##        | 49/239 [00:04<00:18, 10.19it/s][A

 21%|##1       | 51/239 [00:04<00:18, 10.00it/s][A

 22%|##2       | 53/239 [00:04<00:18,  9.91it/s][A

 23%|##2       | 54/239 [00:04<00:19,  9.59it/s][A

 23%|##3       | 55/239 [00:04<00:19,  9.62it/s][A

 23%|##3       | 56/239 [00:05<00:19,  9.53it/s][A

 24%|##4       | 58/239 [00:05<00:19,  9.51it/s][A

 25%|##4       | 59/239 [00:05<00:19,  9.30it/s][A

 25%|##5       | 60/239 [00:05<00:19,  9.25it/s][A

 26%|##5       | 61/239 [00:05<00:19,  8.93it/s][A

 26%|##5       | 62/239 [00:05<00:19,  8.97it/s][A

 26%|##6       | 63/239 [00:05<00:19,  9.09it/s][A

 27%|##6       | 64/239 [00:05<00:19,  8.99it/s][A

 27%|##7       | 65/239 [00:06<00:19,  9.13it/s][A

 28%|##7       | 66/239 [00:06<00:18,  9.31it/s][A

 28%|##8       | 67/239 [00:06<00:19,  8.98it/s][A

 28%|##8       | 68/239 [00:06<00:19,  8.82it/s][A

 29%|##8       | 69/239 [00:06<00:19,  8.87it/s][A

 29%|##9       | 70/239 [00:06<00:19,  8.70it/s][A

 30%|##9       | 71/239 [00:06<00:20,  8.37it/s][A

 30%|###       | 72/239 [00:06<00:20,  8.12it/s][A

 31%|###       | 73/239 [00:07<00:20,  8.15it/s][A

 31%|###       | 74/239 [00:07<00:20,  8.00it/s][A

 31%|###1      | 75/239 [00:07<00:21,  7.75it/s][A

 32%|###1      | 76/239 [00:07<00:21,  7.75it/s][A

 32%|###2      | 77/239 [00:07<00:20,  7.72it/s][A

 33%|###2      | 78/239 [00:07<00:20,  7.96it/s][A

 33%|###3      | 79/239 [00:07<00:20,  7.86it/s][A

 33%|###3      | 80/239 [00:07<00:20,  7.90it/s][A

 34%|###3      | 81/239 [00:08<00:20,  7.80it/s][A

 34%|###4      | 82/239 [00:08<00:20,  7.50it/s][A

 35%|###4      | 83/239 [00:08<00:22,  6.83it/s][A

 35%|###5      | 84/239 [00:08<00:22,  6.86it/s][A

 36%|###5      | 85/239 [00:08<00:22,  6.93it/s][A

 36%|###5      | 86/239 [00:08<00:21,  7.16it/s][A

 36%|###6      | 87/239 [00:08<00:21,  7.11it/s][A

 37%|###6      | 88/239 [00:09<00:20,  7.35it/s][A

 37%|###7      | 89/239 [00:09<00:20,  7.32it/s][A

 38%|###7      | 90/239 [00:09<00:20,  7.32it/s][A

 38%|###8      | 91/239 [00:09<00:19,  7.46it/s][A

 38%|###8      | 92/239 [00:09<00:20,  7.28it/s][A

 39%|###8      | 93/239 [00:09<00:19,  7.53it/s][A

 39%|###9      | 94/239 [00:09<00:19,  7.45it/s][A

 40%|###9      | 95/239 [00:10<00:19,  7.34it/s][A

 40%|####      | 96/239 [00:10<00:19,  7.31it/s][A

 41%|####      | 97/239 [00:10<00:18,  7.68it/s][A

 41%|####1     | 98/239 [00:10<00:18,  7.67it/s][A

 41%|####1     | 99/239 [00:10<00:18,  7.57it/s][A

 42%|####1     | 100/239 [00:10<00:17,  7.99it/s][A

 42%|####2     | 101/239 [00:10<00:17,  7.68it/s][A

 43%|####2     | 102/239 [00:10<00:17,  7.91it/s][A

 43%|####3     | 103/239 [00:11<00:16,  8.03it/s][A

 44%|####3     | 104/239 [00:11<00:17,  7.51it/s][A

 44%|####3     | 105/239 [00:11<00:19,  7.01it/s][A

 44%|####4     | 106/239 [00:11<00:20,  6.40it/s][A

 45%|####4     | 107/239 [00:11<00:19,  6.95it/s][A

 45%|####5     | 108/239 [00:11<00:19,  6.63it/s][A

 46%|####5     | 109/239 [00:12<00:21,  6.09it/s][A

 46%|####6     | 110/239 [00:12<00:21,  5.87it/s][A

 46%|####6     | 111/239 [00:12<00:22,  5.63it/s][A

 47%|####6     | 112/239 [00:12<00:22,  5.73it/s][A

 47%|####7     | 113/239 [00:12<00:19,  6.47it/s][A

 48%|####7     | 114/239 [00:12<00:17,  7.01it/s][A

 49%|####8     | 116/239 [00:12<00:15,  8.17it/s][A

 49%|####8     | 117/239 [00:13<00:14,  8.44it/s][A

 50%|####9     | 119/239 [00:13<00:13,  9.18it/s][A

 50%|#####     | 120/239 [00:13<00:12,  9.19it/s][A

 51%|#####     | 121/239 [00:13<00:12,  9.30it/s][A

 51%|#####1    | 123/239 [00:13<00:11,  9.98it/s][A

 52%|#####2    | 125/239 [00:13<00:10, 10.56it/s][A

 53%|#####3    | 127/239 [00:14<00:10, 10.55it/s][A

 54%|#####3    | 129/239 [00:14<00:10, 10.60it/s][A

 55%|#####4    | 131/239 [00:14<00:10, 10.62it/s][A

 56%|#####5    | 133/239 [00:14<00:10, 10.46it/s][A

 56%|#####6    | 135/239 [00:14<00:10, 10.33it/s][A

 57%|#####7    | 137/239 [00:15<00:10,  9.90it/s][A

 58%|#####7    | 138/239 [00:15<00:10,  9.92it/s][A

 58%|#####8    | 139/239 [00:15<00:10,  9.72it/s][A

 59%|#####8    | 140/239 [00:15<00:10,  9.63it/s][A

 59%|#####9    | 142/239 [00:15<00:09,  9.71it/s][A

 60%|#####9    | 143/239 [00:15<00:10,  9.51it/s][A

 60%|######    | 144/239 [00:15<00:10,  9.47it/s][A

 61%|######    | 145/239 [00:15<00:10,  9.40it/s][A

 61%|######1   | 146/239 [00:15<00:09,  9.55it/s][A

 62%|######1   | 147/239 [00:16<00:09,  9.62it/s][A

 62%|######1   | 148/239 [00:16<00:09,  9.55it/s][A

 62%|######2   | 149/239 [00:16<00:09,  9.47it/s][A

 63%|######2   | 150/239 [00:16<00:09,  9.20it/s][A

 63%|######3   | 151/239 [00:16<00:09,  9.04it/s][A

 64%|######3   | 152/239 [00:16<00:10,  8.69it/s][A

 64%|######4   | 153/239 [00:16<00:10,  8.42it/s][A

 64%|######4   | 154/239 [00:16<00:10,  8.43it/s][A

 65%|######4   | 155/239 [00:17<00:09,  8.40it/s][A

 65%|######5   | 156/239 [00:17<00:09,  8.56it/s][A

 66%|######5   | 157/239 [00:17<00:09,  8.59it/s][A

 66%|######6   | 158/239 [00:17<00:09,  8.92it/s][A

 67%|######6   | 160/239 [00:17<00:08,  9.43it/s][A

 67%|######7   | 161/239 [00:17<00:08,  9.53it/s][A

 68%|######8   | 163/239 [00:17<00:07,  9.69it/s][A

 69%|######9   | 165/239 [00:18<00:07, 10.01it/s][A

 69%|######9   | 166/239 [00:18<00:07,  9.63it/s][A

 70%|######9   | 167/239 [00:18<00:07,  9.70it/s][A

 70%|#######   | 168/239 [00:18<00:07,  9.63it/s][A

 71%|#######1  | 170/239 [00:18<00:07,  9.84it/s][A

 72%|#######1  | 171/239 [00:18<00:07,  9.61it/s][A

 72%|#######1  | 172/239 [00:18<00:06,  9.68it/s][A

 73%|#######2  | 174/239 [00:18<00:06,  9.91it/s][A

 73%|#######3  | 175/239 [00:19<00:06,  9.93it/s][A

 74%|#######3  | 176/239 [00:19<00:06,  9.81it/s][A

 74%|#######4  | 177/239 [00:19<00:06,  9.32it/s][A

 74%|#######4  | 178/239 [00:19<00:07,  8.64it/s][A

 75%|#######4  | 179/239 [00:19<00:07,  8.18it/s][A

 75%|#######5  | 180/239 [00:19<00:07,  8.10it/s][A

 76%|#######5  | 181/239 [00:19<00:07,  8.15it/s][A

 76%|#######6  | 182/239 [00:19<00:07,  7.91it/s][A

 77%|#######6  | 183/239 [00:20<00:06,  8.01it/s][A

 77%|#######6  | 184/239 [00:20<00:06,  8.04it/s][A

 77%|#######7  | 185/239 [00:20<00:06,  8.23it/s][A

 78%|#######7  | 186/239 [00:20<00:06,  8.46it/s][A

 78%|#######8  | 187/239 [00:20<00:06,  8.23it/s][A

 79%|#######8  | 188/239 [00:20<00:06,  8.39it/s][A

 79%|#######9  | 189/239 [00:20<00:05,  8.46it/s][A

 79%|#######9  | 190/239 [00:20<00:05,  8.74it/s][A

 80%|#######9  | 191/239 [00:21<00:05,  8.71it/s][A

 81%|########  | 193/239 [00:21<00:05,  8.94it/s][A

 81%|########1 | 194/239 [00:21<00:05,  8.69it/s][A

 82%|########1 | 195/239 [00:21<00:05,  8.36it/s][A

 82%|########2 | 196/239 [00:21<00:05,  7.94it/s][A

 82%|########2 | 197/239 [00:21<00:05,  7.72it/s][A

 83%|########2 | 198/239 [00:21<00:05,  7.52it/s][A

 83%|########3 | 199/239 [00:22<00:05,  7.39it/s][A

 84%|########3 | 200/239 [00:22<00:05,  7.25it/s][A

 84%|########4 | 201/239 [00:22<00:04,  7.68it/s][A

 85%|########4 | 202/239 [00:22<00:04,  7.75it/s][A

 85%|########4 | 203/239 [00:22<00:04,  7.94it/s][A

 85%|########5 | 204/239 [00:22<00:04,  8.10it/s][A

 86%|########5 | 205/239 [00:22<00:04,  8.19it/s][A

 87%|########6 | 207/239 [00:22<00:03,  8.71it/s][A

 87%|########7 | 208/239 [00:23<00:03,  8.96it/s][A

 87%|########7 | 209/239 [00:23<00:03,  8.66it/s][A

 88%|########8 | 211/239 [00:23<00:03,  9.21it/s][A

 89%|########8 | 212/239 [00:23<00:02,  9.33it/s][A

 90%|########9 | 214/239 [00:23<00:02,  9.55it/s][A

 90%|######### | 216/239 [00:23<00:02,  9.79it/s][A

 91%|#########1| 218/239 [00:24<00:02,  9.88it/s][A

 92%|#########1| 219/239 [00:24<00:02,  9.78it/s][A

 92%|#########2| 221/239 [00:24<00:01,  9.98it/s][A

 93%|#########2| 222/239 [00:24<00:01,  9.71it/s][A

 93%|#########3| 223/239 [00:24<00:01,  9.60it/s][A

 94%|#########3| 224/239 [00:24<00:01,  9.65it/s][A

 95%|#########4| 226/239 [00:24<00:01,  9.81it/s][A

 95%|#########4| 227/239 [00:25<00:01,  9.61it/s][A

 96%|#########5| 229/239 [00:25<00:01,  9.92it/s][A

 96%|#########6| 230/239 [00:25<00:00,  9.87it/s][A

 97%|#########6| 231/239 [00:25<00:00,  9.59it/s][A

 97%|#########7| 232/239 [00:25<00:00,  8.95it/s][A

 97%|#########7| 233/239 [00:25<00:00,  8.68it/s][A

 98%|#########7| 234/239 [00:25<00:00,  8.30it/s][A

 98%|#########8| 235/239 [00:25<00:00,  7.99it/s][A

 99%|#########8| 236/239 [00:26<00:00,  7.49it/s][A

 99%|#########9| 237/239 [00:26<00:00,  7.29it/s][A

100%|#########9| 238/239 [00:26<00:00,  6.72it/s][A

100%|##########| 239/239 [00:26<00:00,  6.70it/s][A
                                                   


                                                 
[A
 75%|#######5  | 1500/2000 [22:50<05:39,  1.47it/s]

100%|##########| 239/239 [00:26<00:00,  6.70it/s][A

{'eval_loss': '3.033', 'eval_runtime': '26.7', 'eval_samples_per_second': '35.8', 'eval_steps_per_second': '8.95', 'epoch': '0.2563'}
                                                 [A

Writing model shards:   0%|          | 0/1 [00:00<?, ?it/s][A

Writing model shards: 100%|##########| 1/1 [00:00<00:00,  1.11it/s][A
Writing model shards: 100%|##########| 1/1 [00:00<00:00,  1.11it/s]

 75%|#######5  | 1501/2000 [22:53<1:18:55,  9.49s/it]
 75%|#######5  | 1502/2000 [22:54<57:36,  6.94s/it]  
 75%|#######5  | 1503/2000 [22:55<42:46,  5.16s/it]
 75%|#######5  | 1504/2000 [22:56<31:40,  3.83s/it]
 75%|#######5  | 1505/2000 [22:56<23:49,  2.89s/it]
 75%|#######5  | 1506/2000 [22:57<18:25,  2.24s/it]
 75%|#######5  | 1507/2000 [22:58<14:22,  1.75s/it]
 75%|#######5  | 1508/2000 [22:58<11:35,  1.41s/it]
 75%|#######5  | 1509/2000 [22:59<09:34,  1.17s/it]
 76%|#######5  | 1510/2000 [22:59<08:10,  1.00s/it]
 76%|#######5  | 1511/2000 [23:00<07:16,  1.12it/s]
 76%|#######5  | 1512/2000 [23:01<06:42,  1.21it/s]
 76%|#######5  | 1513/2000 [23:01<06:10,  1.31it/s]
 76%|#######5  | 1514/2000 [23:02<05:55,  1.37it/s]
 76%|#######5  | 1515/2000 [23:03<06:05,  1.33it/s]
 76%|#######5  | 1516/2000 [23:04<06:01,  1.34it/s]
 76%|#######5  | 1517/2000 [23:04<06:21,  1.27it/s]
 76%|#######5  | 1518/2000 [23:05<06:34,  1.22it/s]
 76%|#######5  | 1519/2000 [23:06<06:19,  1.27it/s]
 76%|#######6  | 1520/2000 [23:07<05:58,  1.34it/s]
 76%|#######6  | 1521/2000 [23:07<05:45,  1.39it/s]
 76%|#######6  | 1522/2000 [23:08<05:30,  1.44it/s]
 76%|#######6  | 1523/2000 [23:09<05:24,  1.47it/s]
 76%|#######6  | 1524/2000 [23:09<05:34,  1.42it/s]
 76%|#######6  | 1525/2000 [23:10<05:48,  1.36it/s]
                                                   

 76%|#######6  | 1525/2000 [23:10<05:48,  1.36it/s]
 76%|#######6  | 1526/2000 [23:11<05:46,  1.37it/s]
 76%|#######6  | 1527/2000 [23:12<05:43,  1.38it/s]
 76%|#######6  | 1528/2000 [23:13<06:21,  1.24it/s]
 76%|#######6  | 1529/2000 [23:14<07:03,  1.11it/s]
 76%|#######6  | 1530/2000 [23:15<07:27,  1.05it/s]
 77%|#######6  | 1531/2000 [23:16<07:15,  1.08it/s]
 77%|#######6  | 1532/2000 [23:17<07:10,  1.09it/s]
 77%|#######6  | 1533/2000 [23:18<07:27,  1.04it/s]
 77%|#######6  | 1534/2000 [23:19<07:14,  1.07it/s]
 77%|#######6  | 1535/2000 [23:19<06:59,  1.11it/s]
 77%|#######6  | 1536/2000 [23:20<06:58,  1.11it/s]
 77%|#######6  | 1537/2000 [23:21<06:40,  1.15it/s]
 77%|#######6  | 1538/2000 [23:22<06:21,  1.21it/s]
 77%|#######6  | 1539/2000 [23:22<06:03,  1.27it/s]
 77%|#######7  | 1540/2000 [23:23<05:50,  1.31it/s]
 77%|#######7  | 1541/2000 [23:24<05:43,  1.34it/s]
 77%|#######7  | 1542/2000 [23:25<05:36,  1.36it/s]
 77%|#######7  | 1543/2000 [23:25<05:32,  1.38it/s]
 77%|#######7  | 1544/2000 [23:26<05:36,  1.36it/s]
 77%|#######7  | 1545/2000 [23:27<05:51,  1.30it/s]
 77%|#######7  | 1546/2000 [23:28<05:56,  1.27it/s]
 77%|#######7  | 1547/2000 [23:29<06:00,  1.26it/s]
 77%|#######7  | 1548/2000 [23:30<06:20,  1.19it/s]
 77%|#######7  | 1549/2000 [23:30<06:22,  1.18it/s]
 78%|#######7  | 1550/2000 [23:31<06:41,  1.12it/s]
                                                   

 78%|#######7  | 1550/2000 [23:31<06:41,  1.12it/s]
 78%|#######7  | 1551/2000 [23:32<06:34,  1.14it/s]
 78%|#######7  | 1552/2000 [23:33<06:48,  1.10it/s]
 78%|#######7  | 1553/2000 [23:34<06:42,  1.11it/s]
 78%|#######7  | 1554/2000 [23:35<06:28,  1.15it/s]
 78%|#######7  | 1555/2000 [23:36<06:07,  1.21it/s]
 78%|#######7  | 1556/2000 [23:36<06:03,  1.22it/s]
 78%|#######7  | 1557/2000 [23:37<05:49,  1.27it/s]
 78%|#######7  | 1558/2000 [23:38<05:37,  1.31it/s]
 78%|#######7  | 1559/2000 [23:39<05:38,  1.30it/s]
 78%|#######8  | 1560/2000 [23:39<05:53,  1.25it/s]
 78%|#######8  | 1561/2000 [23:40<06:03,  1.21it/s]
 78%|#######8  | 1562/2000 [23:41<06:14,  1.17it/s]
 78%|#######8  | 1563/2000 [23:42<06:21,  1.15it/s]
 78%|#######8  | 1564/2000 [23:43<05:59,  1.21it/s]
 78%|#######8  | 1565/2000 [23:44<05:38,  1.29it/s]
 78%|#######8  | 1566/2000 [23:44<05:38,  1.28it/s]
 78%|#######8  | 1567/2000 [23:45<05:44,  1.26it/s]
 78%|#######8  | 1568/2000 [23:46<05:49,  1.24it/s]
 78%|#######8  | 1569/2000 [23:47<05:36,  1.28it/s]
 78%|#######8  | 1570/2000 [23:48<05:39,  1.27it/s]
 79%|#######8  | 1571/2000 [23:48<05:28,  1.30it/s]
 79%|#######8  | 1572/2000 [23:49<05:16,  1.35it/s]
 79%|#######8  | 1573/2000 [23:50<05:28,  1.30it/s]
 79%|#######8  | 1574/2000 [23:51<05:29,  1.29it/s]
 79%|#######8  | 1575/2000 [23:51<05:42,  1.24it/s]
                                                   

 79%|#######8  | 1575/2000 [23:51<05:42,  1.24it/s]
 79%|#######8  | 1576/2000 [23:52<05:53,  1.20it/s]
 79%|#######8  | 1577/2000 [23:53<06:06,  1.15it/s]
 79%|#######8  | 1578/2000 [23:54<06:03,  1.16it/s]
 79%|#######8  | 1579/2000 [23:55<05:56,  1.18it/s]
 79%|#######9  | 1580/2000 [23:56<06:08,  1.14it/s]
 79%|#######9  | 1581/2000 [23:57<05:46,  1.21it/s]
 79%|#######9  | 1582/2000 [23:57<05:24,  1.29it/s]
 79%|#######9  | 1583/2000 [23:58<05:10,  1.34it/s]
 79%|#######9  | 1584/2000 [23:59<04:58,  1.39it/s]
 79%|#######9  | 1585/2000 [23:59<04:58,  1.39it/s]
 79%|#######9  | 1586/2000 [24:00<05:20,  1.29it/s]
 79%|#######9  | 1587/2000 [24:01<05:37,  1.22it/s]
 79%|#######9  | 1588/2000 [24:02<05:34,  1.23it/s]
 79%|#######9  | 1589/2000 [24:03<05:19,  1.28it/s]
 80%|#######9  | 1590/2000 [24:03<05:24,  1.26it/s]
 80%|#######9  | 1591/2000 [24:04<05:08,  1.33it/s]
 80%|#######9  | 1592/2000 [24:05<05:15,  1.29it/s]
 80%|#######9  | 1593/2000 [24:06<05:43,  1.19it/s]
 80%|#######9  | 1594/2000 [24:07<06:13,  1.09it/s]
 80%|#######9  | 1595/2000 [24:08<06:16,  1.08it/s]
 80%|#######9  | 1596/2000 [24:09<05:51,  1.15it/s]
 80%|#######9  | 1597/2000 [24:10<05:59,  1.12it/s]
 80%|#######9  | 1598/2000 [24:11<06:08,  1.09it/s]
 80%|#######9  | 1599/2000 [24:12<05:56,  1.12it/s]
 80%|########  | 1600/2000 [24:12<05:30,  1.21it/s]
                                                   

{'loss': '2.8', 'grad_norm': '0.9548', 'learning_rate': '5.881e-05', 'epoch': '0.2606'}
{'loss': '2.843', 'grad_norm': '0.9225', 'learning_rate': '5.308e-05', 'epoch': '0.2649'}
{'loss': '2.845', 'grad_norm': '0.848', 'learning_rate': '4.76e-05', 'epoch': '0.2692'}
{'loss': '2.827', 'grad_norm': '0.7513', 'learning_rate': '4.238e-05', 'epoch': '0.2734'}
 80%|########  | 1600/2000 [24:12<05:30,  1.21it/s]

  0%|          | 0/239 [00:00<?, ?it/s][A

  1%|1         | 3/239 [00:00<00:11, 21.43it/s][A

  3%|2         | 6/239 [00:00<00:16, 14.55it/s][A

  3%|3         | 8/239 [00:00<00:17, 13.44it/s][A

  4%|4         | 10/239 [00:00<00:17, 13.46it/s][A

  5%|5         | 12/239 [00:00<00:18, 12.28it/s][A

  6%|5         | 14/239 [00:01<00:18, 12.11it/s][A

  7%|6         | 16/239 [00:01<00:18, 11.82it/s][A

  8%|7         | 18/239 [00:01<00:18, 11.69it/s][A

  8%|8         | 20/239 [00:01<00:18, 11.67it/s][A

  9%|9         | 22/239 [00:01<00:18, 11.43it/s][A

 10%|#         | 24/239 [00:01<00:19, 11.11it/s][A

 11%|#         | 26/239 [00:02<00:19, 11.00it/s][A

 12%|#1        | 28/239 [00:02<00:19, 10.75it/s][A

 13%|#2        | 30/239 [00:02<00:19, 10.68it/s][A

 13%|#3        | 32/239 [00:02<00:19, 10.64it/s][A

 14%|#4        | 34/239 [00:02<00:19, 10.65it/s][A

 15%|#5        | 36/239 [00:03<00:20, 10.09it/s][A

 16%|#5        | 38/239 [00:03<00:20,  9.74it/s][A

 16%|#6        | 39/239 [00:03<00:20,  9.56it/s][A

 17%|#6        | 40/239 [00:03<00:21,  9.31it/s][A

 17%|#7        | 41/239 [00:03<00:22,  8.96it/s][A

 18%|#7        | 42/239 [00:03<00:23,  8.56it/s][A

 18%|#7        | 43/239 [00:03<00:23,  8.45it/s][A

 18%|#8        | 44/239 [00:04<00:23,  8.26it/s][A

 19%|#8        | 45/239 [00:04<00:23,  8.22it/s][A

 19%|#9        | 46/239 [00:04<00:23,  8.22it/s][A

 20%|#9        | 47/239 [00:04<00:23,  8.17it/s][A

 20%|##        | 48/239 [00:04<00:25,  7.63it/s][A

 21%|##        | 49/239 [00:04<00:25,  7.50it/s][A

 21%|##        | 50/239 [00:04<00:26,  7.27it/s][A

 21%|##1       | 51/239 [00:05<00:26,  7.14it/s][A

 22%|##1       | 52/239 [00:05<00:25,  7.38it/s][A

 22%|##2       | 53/239 [00:05<00:24,  7.69it/s][A

 23%|##2       | 54/239 [00:05<00:24,  7.48it/s][A

 23%|##3       | 55/239 [00:05<00:23,  7.67it/s][A

 23%|##3       | 56/239 [00:05<00:22,  8.17it/s][A

 24%|##3       | 57/239 [00:05<00:22,  8.19it/s][A

 24%|##4       | 58/239 [00:05<00:22,  8.10it/s][A

 25%|##4       | 59/239 [00:06<00:22,  7.97it/s][A

 25%|##5       | 60/239 [00:06<00:21,  8.16it/s][A

 26%|##5       | 61/239 [00:06<00:21,  8.47it/s][A

 26%|##5       | 62/239 [00:06<00:20,  8.65it/s][A

 26%|##6       | 63/239 [00:06<00:19,  8.89it/s][A

 27%|##6       | 64/239 [00:06<00:19,  8.92it/s][A

 28%|##7       | 66/239 [00:06<00:18,  9.23it/s][A

 28%|##8       | 68/239 [00:07<00:17,  9.59it/s][A

 29%|##8       | 69/239 [00:07<00:17,  9.56it/s][A

 30%|##9       | 71/239 [00:07<00:17,  9.86it/s][A

 30%|###       | 72/239 [00:07<00:17,  9.74it/s][A

 31%|###       | 74/239 [00:07<00:16,  9.96it/s][A

 31%|###1      | 75/239 [00:07<00:16,  9.66it/s][A

 32%|###1      | 76/239 [00:07<00:17,  9.55it/s][A

 32%|###2      | 77/239 [00:07<00:17,  9.52it/s][A

 33%|###2      | 78/239 [00:08<00:16,  9.48it/s][A

 33%|###3      | 79/239 [00:08<00:17,  9.34it/s][A

 33%|###3      | 80/239 [00:08<00:17,  9.24it/s][A

 34%|###3      | 81/239 [00:08<00:17,  9.19it/s][A

 34%|###4      | 82/239 [00:08<00:17,  8.79it/s][A

 35%|###4      | 83/239 [00:08<00:18,  8.50it/s][A

 35%|###5      | 84/239 [00:08<00:17,  8.69it/s][A

 36%|###5      | 85/239 [00:08<00:17,  8.64it/s][A

 36%|###5      | 86/239 [00:08<00:17,  8.60it/s][A

 36%|###6      | 87/239 [00:09<00:17,  8.86it/s][A

 37%|###6      | 88/239 [00:09<00:16,  9.08it/s][A

 37%|###7      | 89/239 [00:09<00:17,  8.68it/s][A

 38%|###7      | 90/239 [00:09<00:16,  8.82it/s][A

 38%|###8      | 91/239 [00:09<00:16,  8.92it/s][A

 38%|###8      | 92/239 [00:09<00:17,  8.62it/s][A

 39%|###8      | 93/239 [00:09<00:17,  8.14it/s][A

 39%|###9      | 94/239 [00:09<00:18,  8.05it/s][A

 40%|###9      | 95/239 [00:10<00:18,  7.88it/s][A

 40%|####      | 96/239 [00:10<00:17,  8.00it/s][A

 41%|####      | 97/239 [00:10<00:18,  7.54it/s][A

 41%|####1     | 98/239 [00:10<00:18,  7.47it/s][A

 41%|####1     | 99/239 [00:10<00:18,  7.39it/s][A

 42%|####1     | 100/239 [00:10<00:18,  7.45it/s][A

 42%|####2     | 101/239 [00:10<00:19,  7.24it/s][A

 43%|####2     | 102/239 [00:11<00:18,  7.29it/s][A

 43%|####3     | 103/239 [00:11<00:18,  7.55it/s][A

 44%|####3     | 104/239 [00:11<00:17,  7.50it/s][A

 44%|####3     | 105/239 [00:11<00:17,  7.70it/s][A

 44%|####4     | 106/239 [00:11<00:17,  7.80it/s][A

 45%|####4     | 107/239 [00:11<00:16,  8.00it/s][A

 45%|####5     | 108/239 [00:11<00:16,  8.04it/s][A

 46%|####5     | 109/239 [00:11<00:16,  8.07it/s][A

 46%|####6     | 110/239 [00:11<00:15,  8.25it/s][A

 46%|####6     | 111/239 [00:12<00:15,  8.43it/s][A

 47%|####6     | 112/239 [00:12<00:14,  8.47it/s][A

 47%|####7     | 113/239 [00:12<00:14,  8.72it/s][A

 48%|####7     | 114/239 [00:12<00:13,  8.93it/s][A

 48%|####8     | 115/239 [00:12<00:13,  9.05it/s][A

 49%|####8     | 116/239 [00:12<00:13,  9.02it/s][A

 49%|####8     | 117/239 [00:12<00:13,  9.01it/s][A

 49%|####9     | 118/239 [00:12<00:13,  9.09it/s][A

 50%|####9     | 119/239 [00:12<00:13,  9.07it/s][A

 50%|#####     | 120/239 [00:13<00:12,  9.23it/s][A

 51%|#####1    | 122/239 [00:13<00:12,  9.52it/s][A

 51%|#####1    | 123/239 [00:13<00:12,  9.44it/s][A

 52%|#####1    | 124/239 [00:13<00:12,  9.48it/s][A

 53%|#####2    | 126/239 [00:13<00:11,  9.62it/s][A

 54%|#####3    | 128/239 [00:13<00:11,  9.73it/s][A

 54%|#####3    | 129/239 [00:14<00:11,  9.71it/s][A

 54%|#####4    | 130/239 [00:14<00:11,  9.63it/s][A

 55%|#####5    | 132/239 [00:14<00:11,  9.68it/s][A

 56%|#####5    | 133/239 [00:14<00:11,  9.36it/s][A

 56%|#####6    | 134/239 [00:14<00:11,  9.30it/s][A

 56%|#####6    | 135/239 [00:14<00:11,  9.23it/s][A

 57%|#####6    | 136/239 [00:14<00:11,  9.34it/s][A

 57%|#####7    | 137/239 [00:14<00:11,  9.26it/s][A

 58%|#####7    | 138/239 [00:14<00:10,  9.22it/s][A

 58%|#####8    | 139/239 [00:15<00:11,  8.99it/s][A

 59%|#####8    | 140/239 [00:15<00:10,  9.07it/s][A

 59%|#####9    | 142/239 [00:15<00:10,  9.50it/s][A

 60%|#####9    | 143/239 [00:15<00:10,  9.37it/s][A

 60%|######    | 144/239 [00:15<00:10,  9.36it/s][A

 61%|######    | 145/239 [00:15<00:10,  9.18it/s][A

 61%|######1   | 146/239 [00:15<00:10,  9.27it/s][A

 62%|######1   | 147/239 [00:15<00:09,  9.33it/s][A

 62%|######1   | 148/239 [00:16<00:10,  8.94it/s][A

 62%|######2   | 149/239 [00:16<00:10,  8.80it/s][A

 63%|######2   | 150/239 [00:16<00:10,  8.89it/s][A

 63%|######3   | 151/239 [00:16<00:10,  8.33it/s][A

 64%|######3   | 152/239 [00:16<00:11,  7.30it/s][A

 64%|######4   | 153/239 [00:16<00:12,  6.88it/s][A

 64%|######4   | 154/239 [00:16<00:11,  7.25it/s][A

 65%|######4   | 155/239 [00:17<00:13,  6.33it/s][A

 65%|######5   | 156/239 [00:17<00:14,  5.60it/s][A

 66%|######5   | 157/239 [00:17<00:14,  5.71it/s][A

 66%|######6   | 158/239 [00:17<00:13,  5.94it/s][A

 67%|######6   | 159/239 [00:17<00:12,  6.18it/s][A

 67%|######6   | 160/239 [00:17<00:11,  6.89it/s][A

 67%|######7   | 161/239 [00:18<00:10,  7.48it/s][A

 68%|######8   | 163/239 [00:18<00:09,  8.30it/s][A

 69%|######9   | 165/239 [00:18<00:08,  9.01it/s][A

 69%|######9   | 166/239 [00:18<00:07,  9.19it/s][A

 70%|#######   | 168/239 [00:18<00:07,  9.51it/s][A

 71%|#######1  | 170/239 [00:18<00:07,  9.72it/s][A

 72%|#######1  | 171/239 [00:19<00:07,  9.70it/s][A

 72%|#######1  | 172/239 [00:19<00:06,  9.69it/s][A

 72%|#######2  | 173/239 [00:19<00:06,  9.76it/s][A

 73%|#######2  | 174/239 [00:19<00:06,  9.82it/s][A

 73%|#######3  | 175/239 [00:19<00:06,  9.79it/s][A

 74%|#######3  | 176/239 [00:19<00:06,  9.62it/s][A

 74%|#######4  | 178/239 [00:19<00:06,  9.70it/s][A

 75%|#######4  | 179/239 [00:19<00:06,  9.76it/s][A

 76%|#######5  | 181/239 [00:20<00:05,  9.68it/s][A

 76%|#######6  | 182/239 [00:20<00:05,  9.62it/s][A

 77%|#######6  | 183/239 [00:20<00:05,  9.54it/s][A

 77%|#######6  | 184/239 [00:20<00:05,  9.49it/s][A

 77%|#######7  | 185/239 [00:20<00:05,  9.49it/s][A

 78%|#######7  | 186/239 [00:20<00:05,  9.50it/s][A

 78%|#######8  | 187/239 [00:20<00:05,  9.49it/s][A

 79%|#######9  | 189/239 [00:20<00:05,  9.96it/s][A

 79%|#######9  | 190/239 [00:20<00:05,  9.65it/s][A

 80%|#######9  | 191/239 [00:21<00:05,  9.57it/s][A

 80%|########  | 192/239 [00:21<00:05,  9.14it/s][A

 81%|########  | 193/239 [00:21<00:05,  9.17it/s][A

 81%|########1 | 194/239 [00:21<00:05,  8.93it/s][A

 82%|########1 | 195/239 [00:21<00:04,  8.94it/s][A

 82%|########2 | 196/239 [00:21<00:04,  8.77it/s][A

 82%|########2 | 197/239 [00:21<00:04,  8.77it/s][A

 83%|########2 | 198/239 [00:21<00:04,  9.02it/s][A

 83%|########3 | 199/239 [00:22<00:04,  8.75it/s][A

 84%|########3 | 200/239 [00:22<00:04,  8.58it/s][A

 84%|########4 | 201/239 [00:22<00:04,  8.56it/s][A

 85%|########4 | 202/239 [00:22<00:04,  8.37it/s][A

 85%|########4 | 203/239 [00:22<00:04,  8.24it/s][A

 85%|########5 | 204/239 [00:22<00:04,  7.78it/s][A

 86%|########5 | 205/239 [00:22<00:04,  7.62it/s][A

 86%|########6 | 206/239 [00:22<00:04,  7.51it/s][A

 87%|########6 | 207/239 [00:23<00:04,  7.55it/s][A

 87%|########7 | 208/239 [00:23<00:04,  7.64it/s][A

 87%|########7 | 209/239 [00:23<00:03,  7.72it/s][A

 88%|########7 | 210/239 [00:23<00:03,  7.85it/s][A

 88%|########8 | 211/239 [00:23<00:03,  7.78it/s][A

 89%|########8 | 212/239 [00:23<00:03,  7.89it/s][A

 89%|########9 | 213/239 [00:23<00:03,  8.02it/s][A

 90%|########9 | 214/239 [00:23<00:03,  8.16it/s][A

 90%|########9 | 215/239 [00:24<00:02,  8.05it/s][A

 90%|######### | 216/239 [00:24<00:02,  8.16it/s][A

 91%|######### | 217/239 [00:24<00:02,  8.39it/s][A

 91%|#########1| 218/239 [00:24<00:02,  8.11it/s][A

 92%|#########2| 220/239 [00:24<00:02,  9.07it/s][A

 92%|#########2| 221/239 [00:24<00:02,  8.97it/s][A

 93%|#########3| 223/239 [00:24<00:01,  9.49it/s][A

 94%|#########3| 224/239 [00:25<00:01,  9.60it/s][A

 94%|#########4| 225/239 [00:25<00:01,  9.69it/s][A

 95%|#########4| 226/239 [00:25<00:01,  9.67it/s][A

 95%|#########4| 227/239 [00:25<00:01,  9.72it/s][A

 95%|#########5| 228/239 [00:25<00:01,  9.64it/s][A

 96%|#########5| 229/239 [00:25<00:01,  9.45it/s][A

 97%|#########6| 231/239 [00:25<00:00,  9.79it/s][A

 97%|#########7| 232/239 [00:25<00:00,  9.66it/s][A

 97%|#########7| 233/239 [00:25<00:00,  9.61it/s][A

 98%|#########7| 234/239 [00:26<00:00,  9.50it/s][A

 99%|#########8| 236/239 [00:26<00:00,  9.71it/s][A

100%|#########9| 238/239 [00:26<00:00,  9.88it/s][A

100%|##########| 239/239 [00:26<00:00,  9.73it/s][A
                                                   


                                                 
[A
 80%|########  | 1600/2000 [24:39<05:30,  1.21it/s]

100%|##########| 239/239 [00:26<00:00,  9.73it/s][A

{'eval_loss': '2.994', 'eval_runtime': '26.64', 'eval_samples_per_second': '35.88', 'eval_steps_per_second': '8.97', 'epoch': '0.2734'}
                                                 [A

Writing model shards:   0%|          | 0/1 [00:00<?, ?it/s][A

Writing model shards: 100%|##########| 1/1 [00:00<00:00,  1.52it/s][A
Writing model shards: 100%|##########| 1/1 [00:00<00:00,  1.52it/s]

 80%|########  | 1601/2000 [24:42<1:02:59,  9.47s/it]
 80%|########  | 1602/2000 [24:43<45:24,  6.84s/it]  
 80%|########  | 1603/2000 [24:43<33:07,  5.01s/it]
 80%|########  | 1604/2000 [24:44<24:29,  3.71s/it]
 80%|########  | 1605/2000 [24:45<18:26,  2.80s/it]
 80%|########  | 1606/2000 [24:45<14:19,  2.18s/it]
 80%|########  | 1607/2000 [24:46<11:33,  1.76s/it]
 80%|########  | 1608/2000 [24:47<09:31,  1.46s/it]
 80%|########  | 1609/2000 [24:48<08:30,  1.31s/it]
 80%|########  | 1610/2000 [24:49<07:46,  1.20s/it]
 81%|########  | 1611/2000 [24:50<07:15,  1.12s/it]
 81%|########  | 1612/2000 [24:51<06:42,  1.04s/it]
 81%|########  | 1613/2000 [24:51<06:11,  1.04it/s]
 81%|########  | 1614/2000 [24:52<05:39,  1.14it/s]
 81%|########  | 1615/2000 [24:53<05:30,  1.16it/s]
 81%|########  | 1616/2000 [24:54<05:15,  1.22it/s]
 81%|########  | 1617/2000 [24:54<05:01,  1.27it/s]
 81%|########  | 1618/2000 [24:55<05:13,  1.22it/s]
 81%|########  | 1619/2000 [24:56<04:58,  1.28it/s]
 81%|########1 | 1620/2000 [24:57<04:43,  1.34it/s]
 81%|########1 | 1621/2000 [24:57<04:30,  1.40it/s]
 81%|########1 | 1622/2000 [24:58<04:24,  1.43it/s]
 81%|########1 | 1623/2000 [24:59<04:19,  1.45it/s]
 81%|########1 | 1624/2000 [24:59<04:15,  1.47it/s]
 81%|########1 | 1625/2000 [25:00<04:25,  1.41it/s]
                                                   

 81%|########1 | 1625/2000 [25:00<04:25,  1.41it/s]
 81%|########1 | 1626/2000 [25:01<04:32,  1.37it/s]
 81%|########1 | 1627/2000 [25:02<04:49,  1.29it/s]
 81%|########1 | 1628/2000 [25:03<05:01,  1.23it/s]
 81%|########1 | 1629/2000 [25:03<05:13,  1.18it/s]
 82%|########1 | 1630/2000 [25:05<05:39,  1.09it/s]
 82%|########1 | 1631/2000 [25:05<05:39,  1.09it/s]
 82%|########1 | 1632/2000 [25:07<06:04,  1.01it/s]
 82%|########1 | 1633/2000 [25:08<06:26,  1.05s/it]
 82%|########1 | 1634/2000 [25:09<06:33,  1.08s/it]
 82%|########1 | 1635/2000 [25:10<06:30,  1.07s/it]
 82%|########1 | 1636/2000 [25:11<06:03,  1.00it/s]
 82%|########1 | 1637/2000 [25:12<05:43,  1.06it/s]
 82%|########1 | 1638/2000 [25:12<05:17,  1.14it/s]
 82%|########1 | 1639/2000 [25:13<05:00,  1.20it/s]
 82%|########2 | 1640/2000 [25:14<04:52,  1.23it/s]
 82%|########2 | 1641/2000 [25:15<04:50,  1.23it/s]
 82%|########2 | 1642/2000 [25:15<04:44,  1.26it/s]
 82%|########2 | 1643/2000 [25:16<04:27,  1.33it/s]
 82%|########2 | 1644/2000 [25:17<04:14,  1.40it/s]
 82%|########2 | 1645/2000 [25:17<04:15,  1.39it/s]
 82%|########2 | 1646/2000 [25:18<04:17,  1.37it/s]
 82%|########2 | 1647/2000 [25:19<04:28,  1.32it/s]
 82%|########2 | 1648/2000 [25:20<04:30,  1.30it/s]
 82%|########2 | 1649/2000 [25:21<04:53,  1.20it/s]
 82%|########2 | 1650/2000 [25:22<05:34,  1.05it/s]
                                                   

 82%|########2 | 1650/2000 [25:22<05:34,  1.05it/s]
 83%|########2 | 1651/2000 [25:23<05:52,  1.01s/it]
 83%|########2 | 1652/2000 [25:24<05:43,  1.01it/s]
 83%|########2 | 1653/2000 [25:25<05:31,  1.05it/s]
 83%|########2 | 1654/2000 [25:26<05:29,  1.05it/s]
 83%|########2 | 1655/2000 [25:27<05:26,  1.06it/s]
 83%|########2 | 1656/2000 [25:28<05:13,  1.10it/s]
 83%|########2 | 1657/2000 [25:28<05:00,  1.14it/s]
 83%|########2 | 1658/2000 [25:29<04:50,  1.18it/s]
 83%|########2 | 1659/2000 [25:30<05:14,  1.09it/s]
 83%|########2 | 1660/2000 [25:31<05:08,  1.10it/s]
 83%|########3 | 1661/2000 [25:32<04:46,  1.18it/s]
 83%|########3 | 1662/2000 [25:33<04:33,  1.23it/s]
 83%|########3 | 1663/2000 [25:33<04:28,  1.25it/s]
 83%|########3 | 1664/2000 [25:34<04:22,  1.28it/s]
 83%|########3 | 1665/2000 [25:35<04:23,  1.27it/s]
 83%|########3 | 1666/2000 [25:36<04:23,  1.27it/s]
 83%|########3 | 1667/2000 [25:37<04:34,  1.21it/s]
 83%|########3 | 1668/2000 [25:38<04:43,  1.17it/s]
 83%|########3 | 1669/2000 [25:39<04:55,  1.12it/s]
 84%|########3 | 1670/2000 [25:39<04:48,  1.14it/s]
 84%|########3 | 1671/2000 [25:40<04:49,  1.14it/s]
 84%|########3 | 1672/2000 [25:41<04:34,  1.19it/s]
 84%|########3 | 1673/2000 [25:42<04:32,  1.20it/s]
 84%|########3 | 1674/2000 [25:43<04:21,  1.25it/s]
 84%|########3 | 1675/2000 [25:43<04:31,  1.20it/s]
                                                   

 84%|########3 | 1675/2000 [25:43<04:31,  1.20it/s]
 84%|########3 | 1676/2000 [25:45<05:10,  1.04it/s]
 84%|########3 | 1677/2000 [25:46<05:18,  1.01it/s]
 84%|########3 | 1678/2000 [25:47<05:31,  1.03s/it]
 84%|########3 | 1679/2000 [25:48<05:16,  1.01it/s]
 84%|########4 | 1680/2000 [25:49<05:10,  1.03it/s]
 84%|########4 | 1681/2000 [25:50<04:54,  1.08it/s]
 84%|########4 | 1682/2000 [25:50<04:39,  1.14it/s]
 84%|########4 | 1683/2000 [25:51<04:20,  1.22it/s]
 84%|########4 | 1684/2000 [25:52<04:28,  1.18it/s]
 84%|########4 | 1685/2000 [25:53<04:13,  1.24it/s]
 84%|########4 | 1686/2000 [25:53<03:56,  1.33it/s]
 84%|########4 | 1687/2000 [25:54<04:00,  1.30it/s]
 84%|########4 | 1688/2000 [25:55<04:12,  1.23it/s]
 84%|########4 | 1689/2000 [25:56<04:27,  1.16it/s]
 84%|########4 | 1690/2000 [25:57<04:26,  1.16it/s]
 85%|########4 | 1691/2000 [25:58<04:19,  1.19it/s]
 85%|########4 | 1692/2000 [25:58<04:20,  1.18it/s]
 85%|########4 | 1693/2000 [25:59<04:21,  1.17it/s]
 85%|########4 | 1694/2000 [26:00<04:23,  1.16it/s]
 85%|########4 | 1695/2000 [26:01<04:10,  1.22it/s]
 85%|########4 | 1696/2000 [26:02<03:57,  1.28it/s]
 85%|########4 | 1697/2000 [26:02<03:59,  1.26it/s]
 85%|########4 | 1698/2000 [26:03<03:55,  1.28it/s]
 85%|########4 | 1699/2000 [26:04<03:57,  1.27it/s]
 85%|########5 | 1700/2000 [26:05<03:56,  1.27it/s]
                                                   

{'loss': '2.839', 'grad_norm': '0.8467', 'learning_rate': '3.742e-05', 'epoch': '0.2777'}
{'loss': '2.818', 'grad_norm': '0.851', 'learning_rate': '3.275e-05', 'epoch': '0.282'}
{'loss': '2.822', 'grad_norm': '0.8104', 'learning_rate': '2.836e-05', 'epoch': '0.2863'}
{'loss': '2.846', 'grad_norm': '0.822', 'learning_rate': '2.426e-05', 'epoch': '0.2905'}
 85%|########5 | 1700/2000 [26:05<03:56,  1.27it/s]

  0%|          | 0/239 [00:00<?, ?it/s][A

  1%|          | 2/239 [00:00<00:12, 19.74it/s][A

  2%|1         | 4/239 [00:00<00:18, 12.71it/s][A

  3%|2         | 6/239 [00:00<00:21, 11.00it/s][A

  3%|3         | 8/239 [00:00<00:21, 10.64it/s][A

  4%|4         | 10/239 [00:00<00:22, 10.23it/s][A

  5%|5         | 12/239 [00:01<00:22, 10.28it/s][A

  6%|5         | 14/239 [00:01<00:21, 10.49it/s][A

  7%|6         | 16/239 [00:01<00:21, 10.52it/s][A

  8%|7         | 18/239 [00:01<00:22,  9.94it/s][A

  8%|8         | 20/239 [00:01<00:22,  9.90it/s][A

  9%|9         | 22/239 [00:02<00:22,  9.66it/s][A

 10%|#         | 24/239 [00:02<00:22,  9.65it/s][A

 10%|#         | 25/239 [00:02<00:22,  9.39it/s][A

 11%|#         | 26/239 [00:02<00:23,  9.25it/s][A

 11%|#1        | 27/239 [00:02<00:23,  9.21it/s][A

 12%|#1        | 28/239 [00:02<00:23,  9.10it/s][A

 12%|#2        | 29/239 [00:02<00:24,  8.61it/s][A

 13%|#2        | 30/239 [00:03<00:25,  8.30it/s][A

 13%|#2        | 31/239 [00:03<00:24,  8.37it/s][A

 13%|#3        | 32/239 [00:03<00:23,  8.66it/s][A

 14%|#3        | 33/239 [00:03<00:23,  8.83it/s][A

 14%|#4        | 34/239 [00:03<00:22,  8.94it/s][A

 15%|#4        | 35/239 [00:03<00:23,  8.83it/s][A

 15%|#5        | 36/239 [00:03<00:24,  8.21it/s][A

 15%|#5        | 37/239 [00:03<00:25,  7.94it/s][A

 16%|#5        | 38/239 [00:04<00:26,  7.64it/s][A

 16%|#6        | 39/239 [00:04<00:25,  7.76it/s][A

 17%|#6        | 40/239 [00:04<00:25,  7.96it/s][A

 17%|#7        | 41/239 [00:04<00:24,  8.02it/s][A

 18%|#7        | 42/239 [00:04<00:26,  7.49it/s][A

 18%|#7        | 43/239 [00:04<00:25,  7.83it/s][A

 18%|#8        | 44/239 [00:04<00:24,  7.97it/s][A

 19%|#8        | 45/239 [00:04<00:24,  7.87it/s][A

 19%|#9        | 46/239 [00:05<00:24,  7.78it/s][A

 20%|#9        | 47/239 [00:05<00:25,  7.57it/s][A

 20%|##        | 48/239 [00:05<00:25,  7.37it/s][A

 21%|##        | 49/239 [00:05<00:26,  7.27it/s][A

 21%|##        | 50/239 [00:05<00:26,  7.04it/s][A

 21%|##1       | 51/239 [00:05<00:26,  7.07it/s][A

 22%|##1       | 52/239 [00:05<00:29,  6.44it/s][A

 22%|##2       | 53/239 [00:06<00:30,  6.08it/s][A

 23%|##2       | 54/239 [00:06<00:30,  6.07it/s][A

 23%|##3       | 55/239 [00:06<00:28,  6.39it/s][A

 23%|##3       | 56/239 [00:06<00:26,  6.82it/s][A

 24%|##3       | 57/239 [00:06<00:25,  7.18it/s][A

 24%|##4       | 58/239 [00:06<00:24,  7.34it/s][A

 25%|##4       | 59/239 [00:07<00:28,  6.39it/s][A

 25%|##5       | 60/239 [00:07<00:26,  6.74it/s][A

 26%|##5       | 61/239 [00:07<00:24,  7.15it/s][A

 26%|##5       | 62/239 [00:07<00:23,  7.50it/s][A

 26%|##6       | 63/239 [00:07<00:23,  7.48it/s][A

 27%|##6       | 64/239 [00:07<00:23,  7.50it/s][A

 27%|##7       | 65/239 [00:07<00:22,  7.81it/s][A

 28%|##7       | 66/239 [00:07<00:21,  8.16it/s][A

 28%|##8       | 67/239 [00:07<00:20,  8.33it/s][A

 28%|##8       | 68/239 [00:08<00:20,  8.39it/s][A

 29%|##8       | 69/239 [00:08<00:20,  8.45it/s][A

 29%|##9       | 70/239 [00:08<00:19,  8.72it/s][A

 30%|##9       | 71/239 [00:08<00:18,  8.88it/s][A

 30%|###       | 72/239 [00:08<00:18,  8.81it/s][A

 31%|###       | 73/239 [00:08<00:18,  9.04it/s][A

 31%|###       | 74/239 [00:08<00:18,  8.96it/s][A

 31%|###1      | 75/239 [00:08<00:18,  8.70it/s][A

 32%|###1      | 76/239 [00:09<00:19,  8.57it/s][A

 32%|###2      | 77/239 [00:09<00:19,  8.46it/s][A

 33%|###2      | 78/239 [00:09<00:18,  8.54it/s][A

 33%|###3      | 79/239 [00:09<00:18,  8.60it/s][A

 33%|###3      | 80/239 [00:09<00:19,  8.30it/s][A

 34%|###3      | 81/239 [00:09<00:18,  8.36it/s][A

 34%|###4      | 82/239 [00:09<00:18,  8.28it/s][A

 35%|###4      | 83/239 [00:09<00:19,  7.96it/s][A

 35%|###5      | 84/239 [00:10<00:20,  7.66it/s][A

 36%|###5      | 85/239 [00:10<00:20,  7.51it/s][A

 36%|###5      | 86/239 [00:10<00:21,  7.20it/s][A

 36%|###6      | 87/239 [00:10<00:21,  6.98it/s][A

 37%|###6      | 88/239 [00:10<00:21,  6.99it/s][A

 37%|###7      | 89/239 [00:10<00:21,  7.05it/s][A

 38%|###7      | 90/239 [00:10<00:20,  7.33it/s][A

 38%|###8      | 91/239 [00:11<00:20,  7.31it/s][A

 38%|###8      | 92/239 [00:11<00:19,  7.58it/s][A

 39%|###8      | 93/239 [00:11<00:19,  7.59it/s][A

 39%|###9      | 94/239 [00:11<00:18,  7.81it/s][A

 40%|###9      | 95/239 [00:11<00:18,  7.89it/s][A

 40%|####      | 96/239 [00:11<00:17,  8.23it/s][A

 41%|####      | 97/239 [00:11<00:17,  8.28it/s][A

 41%|####1     | 98/239 [00:11<00:16,  8.32it/s][A

 41%|####1     | 99/239 [00:11<00:16,  8.47it/s][A

 42%|####1     | 100/239 [00:12<00:16,  8.66it/s][A

 42%|####2     | 101/239 [00:12<00:15,  8.92it/s][A

 43%|####2     | 102/239 [00:12<00:15,  8.98it/s][A

 43%|####3     | 103/239 [00:12<00:14,  9.15it/s][A

 44%|####3     | 104/239 [00:12<00:14,  9.12it/s][A

 44%|####3     | 105/239 [00:12<00:15,  8.82it/s][A

 44%|####4     | 106/239 [00:12<00:16,  8.30it/s][A

 45%|####4     | 107/239 [00:12<00:15,  8.68it/s][A

 45%|####5     | 108/239 [00:12<00:15,  8.65it/s][A

 46%|####5     | 109/239 [00:13<00:14,  8.94it/s][A

 46%|####6     | 111/239 [00:13<00:13,  9.35it/s][A

 47%|####6     | 112/239 [00:13<00:13,  9.24it/s][A

 47%|####7     | 113/239 [00:13<00:13,  9.20it/s][A

 48%|####7     | 114/239 [00:13<00:13,  9.16it/s][A

 49%|####8     | 116/239 [00:13<00:12,  9.54it/s][A

 49%|####8     | 117/239 [00:13<00:12,  9.43it/s][A

 49%|####9     | 118/239 [00:14<00:12,  9.55it/s][A

 50%|####9     | 119/239 [00:14<00:12,  9.60it/s][A

 51%|#####     | 121/239 [00:14<00:11, 10.04it/s][A

 51%|#####1    | 123/239 [00:14<00:11, 10.18it/s][A

 52%|#####2    | 125/239 [00:14<00:11,  9.87it/s][A

 53%|#####2    | 126/239 [00:14<00:11,  9.67it/s][A

 54%|#####3    | 128/239 [00:15<00:11, 10.01it/s][A

 54%|#####3    | 129/239 [00:15<00:11,  9.92it/s][A

 54%|#####4    | 130/239 [00:15<00:10,  9.92it/s][A

 55%|#####5    | 132/239 [00:15<00:10, 10.01it/s][A

 56%|#####5    | 133/239 [00:15<00:11,  9.59it/s][A

 56%|#####6    | 134/239 [00:15<00:11,  9.38it/s][A

 56%|#####6    | 135/239 [00:15<00:11,  8.87it/s][A

 57%|#####6    | 136/239 [00:15<00:11,  8.72it/s][A

 57%|#####7    | 137/239 [00:16<00:11,  8.76it/s][A

 58%|#####7    | 138/239 [00:16<00:11,  8.97it/s][A

 58%|#####8    | 139/239 [00:16<00:11,  9.06it/s][A

 59%|#####8    | 140/239 [00:16<00:10,  9.18it/s][A

 59%|#####8    | 141/239 [00:16<00:10,  8.99it/s][A

 59%|#####9    | 142/239 [00:16<00:10,  9.05it/s][A

 60%|#####9    | 143/239 [00:16<00:10,  8.94it/s][A

 60%|######    | 144/239 [00:16<00:11,  8.27it/s][A

 61%|######    | 145/239 [00:16<00:11,  8.15it/s][A

 61%|######1   | 146/239 [00:17<00:11,  8.19it/s][A

 62%|######1   | 147/239 [00:17<00:11,  8.31it/s][A

 62%|######1   | 148/239 [00:17<00:11,  8.06it/s][A

 62%|######2   | 149/239 [00:17<00:10,  8.19it/s][A

 63%|######2   | 150/239 [00:17<00:10,  8.49it/s][A

 63%|######3   | 151/239 [00:17<00:10,  8.28it/s][A

 64%|######3   | 152/239 [00:17<00:11,  7.88it/s][A

 64%|######4   | 153/239 [00:17<00:11,  7.80it/s][A

 64%|######4   | 154/239 [00:18<00:11,  7.69it/s][A

 65%|######4   | 155/239 [00:18<00:10,  7.78it/s][A

 65%|######5   | 156/239 [00:18<00:10,  7.79it/s][A

 66%|######5   | 157/239 [00:18<00:10,  7.48it/s][A

 66%|######6   | 158/239 [00:18<00:10,  7.42it/s][A

 67%|######6   | 159/239 [00:18<00:11,  7.12it/s][A

 67%|######6   | 160/239 [00:18<00:11,  6.76it/s][A

 67%|######7   | 161/239 [00:19<00:11,  6.69it/s][A

 68%|######7   | 162/239 [00:19<00:11,  6.61it/s][A

 68%|######8   | 163/239 [00:19<00:11,  6.67it/s][A

 69%|######8   | 164/239 [00:19<00:11,  6.69it/s][A

 69%|######9   | 165/239 [00:19<00:10,  6.89it/s][A

 69%|######9   | 166/239 [00:19<00:10,  7.18it/s][A

 70%|######9   | 167/239 [00:19<00:09,  7.35it/s][A

 70%|#######   | 168/239 [00:20<00:09,  7.71it/s][A

 71%|#######   | 169/239 [00:20<00:08,  7.80it/s][A

 71%|#######1  | 170/239 [00:20<00:08,  7.86it/s][A

 72%|#######1  | 171/239 [00:20<00:08,  7.92it/s][A

 72%|#######1  | 172/239 [00:20<00:08,  7.99it/s][A

 72%|#######2  | 173/239 [00:20<00:08,  8.13it/s][A

 73%|#######2  | 174/239 [00:20<00:07,  8.53it/s][A

 73%|#######3  | 175/239 [00:20<00:07,  8.51it/s][A

 74%|#######3  | 176/239 [00:21<00:07,  8.34it/s][A

 74%|#######4  | 177/239 [00:21<00:07,  7.96it/s][A

 74%|#######4  | 178/239 [00:21<00:07,  8.04it/s][A

 75%|#######4  | 179/239 [00:21<00:07,  8.06it/s][A

 75%|#######5  | 180/239 [00:21<00:07,  8.14it/s][A

 76%|#######5  | 181/239 [00:21<00:06,  8.38it/s][A

 76%|#######6  | 182/239 [00:21<00:06,  8.27it/s][A

 77%|#######6  | 183/239 [00:21<00:06,  8.04it/s][A

 77%|#######6  | 184/239 [00:22<00:06,  8.01it/s][A

 77%|#######7  | 185/239 [00:22<00:06,  7.75it/s][A

 78%|#######7  | 186/239 [00:22<00:06,  8.20it/s][A

 79%|#######8  | 188/239 [00:22<00:05,  8.87it/s][A

 79%|#######9  | 190/239 [00:22<00:05,  9.33it/s][A

 80%|########  | 192/239 [00:22<00:04,  9.69it/s][A

 81%|########  | 193/239 [00:22<00:04,  9.62it/s][A

 81%|########1 | 194/239 [00:23<00:04,  9.65it/s][A

 82%|########1 | 195/239 [00:23<00:04,  9.67it/s][A

 82%|########2 | 197/239 [00:23<00:04,  9.76it/s][A

 83%|########2 | 198/239 [00:23<00:04,  9.75it/s][A

 84%|########3 | 200/239 [00:23<00:03, 10.18it/s][A

 85%|########4 | 202/239 [00:23<00:03,  9.33it/s][A

 85%|########4 | 203/239 [00:24<00:04,  8.50it/s][A

 85%|########5 | 204/239 [00:24<00:04,  8.68it/s][A

 86%|########5 | 205/239 [00:24<00:03,  8.79it/s][A

 86%|########6 | 206/239 [00:24<00:03,  8.83it/s][A

 87%|########6 | 207/239 [00:24<00:03,  8.99it/s][A

 87%|########7 | 209/239 [00:24<00:03,  9.28it/s][A

 88%|########7 | 210/239 [00:24<00:03,  9.33it/s][A

 88%|########8 | 211/239 [00:24<00:02,  9.46it/s][A

 89%|########8 | 212/239 [00:25<00:02,  9.25it/s][A

 89%|########9 | 213/239 [00:25<00:02,  9.20it/s][A

 90%|########9 | 214/239 [00:25<00:02,  8.90it/s][A

 90%|########9 | 215/239 [00:25<00:02,  8.94it/s][A

 90%|######### | 216/239 [00:25<00:02,  8.98it/s][A

 91%|######### | 217/239 [00:25<00:02,  9.19it/s][A

 91%|#########1| 218/239 [00:25<00:02,  9.35it/s][A

 92%|#########1| 219/239 [00:25<00:02,  9.23it/s][A

 92%|#########2| 220/239 [00:25<00:02,  9.04it/s][A

 92%|#########2| 221/239 [00:26<00:01,  9.08it/s][A

 93%|#########2| 222/239 [00:26<00:01,  9.00it/s][A

 93%|#########3| 223/239 [00:26<00:01,  8.87it/s][A

 94%|#########3| 224/239 [00:26<00:01,  8.77it/s][A

 94%|#########4| 225/239 [00:26<00:01,  8.68it/s][A

 95%|#########4| 226/239 [00:26<00:01,  8.56it/s][A

 95%|#########4| 227/239 [00:26<00:01,  8.83it/s][A

 96%|#########5| 229/239 [00:26<00:01,  9.88it/s][A

 96%|#########6| 230/239 [00:26<00:00,  9.60it/s][A

 97%|#########6| 231/239 [00:27<00:00,  9.61it/s][A

 97%|#########7| 232/239 [00:27<00:00,  9.38it/s][A

 98%|#########7| 234/239 [00:27<00:00,  9.59it/s][A

 99%|#########8| 236/239 [00:27<00:00, 10.02it/s][A

100%|#########9| 238/239 [00:27<00:00, 10.21it/s][A
                                                   


                                                 
[A
 85%|########5 | 1700/2000 [26:33<03:56,  1.27it/s]

100%|##########| 239/239 [00:27<00:00, 10.21it/s][A

{'eval_loss': '2.968', 'eval_runtime': '28.01', 'eval_samples_per_second': '34.14', 'eval_steps_per_second': '8.534', 'epoch': '0.2905'}
                                                 [A

Writing model shards:   0%|          | 0/1 [00:00<?, ?it/s][A

Writing model shards: 100%|##########| 1/1 [00:00<00:00,  1.20it/s][A
Writing model shards: 100%|##########| 1/1 [00:00<00:00,  1.20it/s]

 85%|########5 | 1701/2000 [26:36<49:56, 10.02s/it]
 85%|########5 | 1702/2000 [26:37<36:05,  7.27s/it]
 85%|########5 | 1703/2000 [26:38<26:11,  5.29s/it]
 85%|########5 | 1704/2000 [26:39<19:17,  3.91s/it]
 85%|########5 | 1705/2000 [26:39<14:30,  2.95s/it]
 85%|########5 | 1706/2000 [26:40<11:08,  2.28s/it]
 85%|########5 | 1707/2000 [26:41<08:43,  1.79s/it]
 85%|########5 | 1708/2000 [26:41<07:01,  1.44s/it]
 85%|########5 | 1709/2000 [26:42<05:49,  1.20s/it]
 86%|########5 | 1710/2000 [26:43<04:59,  1.03s/it]
 86%|########5 | 1711/2000 [26:43<04:24,  1.09it/s]
 86%|########5 | 1712/2000 [26:44<03:59,  1.20it/s]
 86%|########5 | 1713/2000 [26:44<03:44,  1.28it/s]
 86%|########5 | 1714/2000 [26:45<03:30,  1.36it/s]
 86%|########5 | 1715/2000 [26:46<03:19,  1.43it/s]
 86%|########5 | 1716/2000 [26:46<03:12,  1.47it/s]
 86%|########5 | 1717/2000 [26:47<03:09,  1.50it/s]
 86%|########5 | 1718/2000 [26:48<03:05,  1.52it/s]
 86%|########5 | 1719/2000 [26:48<03:00,  1.56it/s]
 86%|########6 | 1720/2000 [26:49<02:58,  1.57it/s]
 86%|########6 | 1721/2000 [26:50<03:00,  1.55it/s]
 86%|########6 | 1722/2000 [26:50<03:06,  1.49it/s]
 86%|########6 | 1723/2000 [26:51<03:07,  1.48it/s]
 86%|########6 | 1724/2000 [26:52<03:08,  1.47it/s]
 86%|########6 | 1725/2000 [26:52<03:16,  1.40it/s]
                                                   

 86%|########6 | 1725/2000 [26:52<03:16,  1.40it/s]
 86%|########6 | 1726/2000 [26:53<03:28,  1.31it/s]
 86%|########6 | 1727/2000 [26:54<03:32,  1.28it/s]
 86%|########6 | 1728/2000 [26:55<03:36,  1.25it/s]
 86%|########6 | 1729/2000 [26:56<03:39,  1.24it/s]
 86%|########6 | 1730/2000 [26:57<03:45,  1.20it/s]
 87%|########6 | 1731/2000 [26:57<03:37,  1.24it/s]
 87%|########6 | 1732/2000 [26:58<03:42,  1.21it/s]
 87%|########6 | 1733/2000 [26:59<03:37,  1.23it/s]
 87%|########6 | 1734/2000 [27:00<03:28,  1.27it/s]
 87%|########6 | 1735/2000 [27:01<03:41,  1.20it/s]
 87%|########6 | 1736/2000 [27:02<03:49,  1.15it/s]
 87%|########6 | 1737/2000 [27:03<03:52,  1.13it/s]
 87%|########6 | 1738/2000 [27:04<03:52,  1.13it/s]
 87%|########6 | 1739/2000 [27:04<03:51,  1.13it/s]
 87%|########7 | 1740/2000 [27:05<03:34,  1.21it/s]
 87%|########7 | 1741/2000 [27:06<03:20,  1.29it/s]
 87%|########7 | 1742/2000 [27:06<03:15,  1.32it/s]
 87%|########7 | 1743/2000 [27:07<03:11,  1.34it/s]
 87%|########7 | 1744/2000 [27:08<03:12,  1.33it/s]
 87%|########7 | 1745/2000 [27:09<03:18,  1.28it/s]
 87%|########7 | 1746/2000 [27:10<03:23,  1.25it/s]
 87%|########7 | 1747/2000 [27:11<03:26,  1.23it/s]
 87%|########7 | 1748/2000 [27:11<03:19,  1.26it/s]
 87%|########7 | 1749/2000 [27:12<03:19,  1.26it/s]
 88%|########7 | 1750/2000 [27:13<03:15,  1.28it/s]
                                                   

 88%|########7 | 1750/2000 [27:13<03:15,  1.28it/s]
 88%|########7 | 1751/2000 [27:13<03:06,  1.34it/s]
 88%|########7 | 1752/2000 [27:14<03:04,  1.35it/s]
 88%|########7 | 1753/2000 [27:15<03:09,  1.31it/s]
 88%|########7 | 1754/2000 [27:16<03:14,  1.26it/s]
 88%|########7 | 1755/2000 [27:17<03:11,  1.28it/s]
 88%|########7 | 1756/2000 [27:17<03:11,  1.28it/s]
 88%|########7 | 1757/2000 [27:18<03:16,  1.23it/s]
 88%|########7 | 1758/2000 [27:19<03:15,  1.24it/s]
 88%|########7 | 1759/2000 [27:20<03:09,  1.27it/s]
 88%|########8 | 1760/2000 [27:21<03:01,  1.32it/s]
 88%|########8 | 1761/2000 [27:21<02:55,  1.36it/s]
 88%|########8 | 1762/2000 [27:22<02:52,  1.38it/s]
 88%|########8 | 1763/2000 [27:23<02:49,  1.40it/s]
 88%|########8 | 1764/2000 [27:23<02:42,  1.45it/s]
 88%|########8 | 1765/2000 [27:24<02:39,  1.47it/s]
 88%|########8 | 1766/2000 [27:25<02:37,  1.49it/s]
 88%|########8 | 1767/2000 [27:25<02:35,  1.50it/s]
 88%|########8 | 1768/2000 [27:26<02:46,  1.39it/s]
 88%|########8 | 1769/2000 [27:27<03:03,  1.26it/s]
 88%|########8 | 1770/2000 [27:28<03:04,  1.25it/s]
 89%|########8 | 1771/2000 [27:28<02:54,  1.31it/s]
 89%|########8 | 1772/2000 [27:29<02:48,  1.35it/s]
 89%|########8 | 1773/2000 [27:30<02:41,  1.40it/s]
 89%|########8 | 1774/2000 [27:31<02:44,  1.37it/s]
 89%|########8 | 1775/2000 [27:31<02:54,  1.29it/s]
                                                   

 89%|########8 | 1775/2000 [27:31<02:54,  1.29it/s]
 89%|########8 | 1776/2000 [27:32<03:08,  1.19it/s]
 89%|########8 | 1777/2000 [27:33<03:18,  1.12it/s]
 89%|########8 | 1778/2000 [27:34<03:20,  1.11it/s]
 89%|########8 | 1779/2000 [27:35<03:10,  1.16it/s]
 89%|########9 | 1780/2000 [27:36<03:01,  1.21it/s]
 89%|########9 | 1781/2000 [27:37<03:04,  1.19it/s]
 89%|########9 | 1782/2000 [27:38<03:05,  1.18it/s]
 89%|########9 | 1783/2000 [27:38<02:58,  1.22it/s]
 89%|########9 | 1784/2000 [27:39<02:47,  1.29it/s]
 89%|########9 | 1785/2000 [27:40<02:40,  1.34it/s]
 89%|########9 | 1786/2000 [27:40<02:36,  1.37it/s]
 89%|########9 | 1787/2000 [27:41<02:37,  1.35it/s]
 89%|########9 | 1788/2000 [27:42<02:46,  1.27it/s]
 89%|########9 | 1789/2000 [27:43<03:04,  1.14it/s]
 90%|########9 | 1790/2000 [27:44<03:16,  1.07it/s]
 90%|########9 | 1791/2000 [27:45<03:14,  1.08it/s]
 90%|########9 | 1792/2000 [27:46<03:00,  1.15it/s]
 90%|########9 | 1793/2000 [27:47<02:54,  1.18it/s]
 90%|########9 | 1794/2000 [27:47<02:50,  1.21it/s]
 90%|########9 | 1795/2000 [27:48<02:48,  1.22it/s]
 90%|########9 | 1796/2000 [27:49<02:52,  1.18it/s]
 90%|########9 | 1797/2000 [27:50<02:50,  1.19it/s]
 90%|########9 | 1798/2000 [27:51<03:06,  1.08it/s]
 90%|########9 | 1799/2000 [27:52<03:00,  1.12it/s]
 90%|######### | 1800/2000 [27:53<02:50,  1.17it/s]
                                                   

{'loss': '2.809', 'grad_norm': '0.975', 'learning_rate': '2.047e-05', 'epoch': '0.2948'}
 90%|######### | 1800/2000 [27:53<02:50,  1.17it/s]
{'loss': '2.795', 'grad_norm': '0.8322', 'learning_rate': '1.698e-05', 'epoch': '0.2991'}
{'loss': '2.752', 'grad_norm': '0.8575', 'learning_rate': '1.38e-05', 'epoch': '0.3033'}
{'loss': '2.804', 'grad_norm': '0.9757', 'learning_rate': '1.094e-05', 'epoch': '0.3076'}

  0%|          | 0/239 [00:00<?, ?it/s][A

  1%|1         | 3/239 [00:00<00:18, 12.62it/s][A

  2%|2         | 5/239 [00:00<00:22, 10.29it/s][A

  3%|2         | 7/239 [00:00<00:26,  8.85it/s][A

  3%|3         | 8/239 [00:00<00:28,  8.08it/s][A

  4%|3         | 9/239 [00:01<00:29,  7.73it/s][A

  5%|4         | 11/239 [00:01<00:25,  8.82it/s][A

  5%|5         | 13/239 [00:01<00:23,  9.45it/s][A

  6%|6         | 15/239 [00:01<00:22, 10.17it/s][A

  7%|7         | 17/239 [00:01<00:21, 10.41it/s][A

  8%|7         | 19/239 [00:01<00:20, 10.79it/s][A

  9%|8         | 21/239 [00:02<00:19, 11.00it/s][A

 10%|9         | 23/239 [00:02<00:19, 11.35it/s][A

 10%|#         | 25/239 [00:02<00:19, 11.13it/s][A

 11%|#1        | 27/239 [00:02<00:18, 11.46it/s][A

 12%|#2        | 29/239 [00:02<00:18, 11.45it/s][A

 13%|#2        | 31/239 [00:02<00:18, 11.51it/s][A

 14%|#3        | 33/239 [00:03<00:18, 11.01it/s][A

 15%|#4        | 35/239 [00:03<00:19, 10.72it/s][A

 15%|#5        | 37/239 [00:03<00:18, 10.91it/s][A

 16%|#6        | 39/239 [00:03<00:18, 10.99it/s][A

 17%|#7        | 41/239 [00:03<00:18, 10.77it/s][A

 18%|#7        | 43/239 [00:04<00:18, 10.79it/s][A

 19%|#8        | 45/239 [00:04<00:17, 11.09it/s][A

 20%|#9        | 47/239 [00:04<00:17, 10.96it/s][A

 21%|##        | 49/239 [00:04<00:17, 10.95it/s][A

 21%|##1       | 51/239 [00:04<00:18, 10.29it/s][A

 22%|##2       | 53/239 [00:05<00:18, 10.08it/s][A

 23%|##3       | 55/239 [00:05<00:18, 10.18it/s][A

 24%|##3       | 57/239 [00:05<00:17, 10.50it/s][A

 25%|##4       | 59/239 [00:05<00:17, 10.31it/s][A

 26%|##5       | 61/239 [00:05<00:17, 10.21it/s][A

 26%|##6       | 63/239 [00:06<00:17, 10.14it/s][A

 27%|##7       | 65/239 [00:06<00:17,  9.90it/s][A

 28%|##8       | 67/239 [00:06<00:17,  9.68it/s][A

 28%|##8       | 68/239 [00:06<00:17,  9.57it/s][A

 29%|##9       | 70/239 [00:06<00:17,  9.63it/s][A

 30%|##9       | 71/239 [00:06<00:18,  9.28it/s][A

 31%|###       | 73/239 [00:07<00:17,  9.30it/s][A

 31%|###       | 74/239 [00:07<00:18,  8.90it/s][A

 31%|###1      | 75/239 [00:07<00:19,  8.61it/s][A

 32%|###1      | 76/239 [00:07<00:19,  8.26it/s][A

 32%|###2      | 77/239 [00:07<00:19,  8.15it/s][A

 33%|###2      | 78/239 [00:07<00:19,  8.06it/s][A

 33%|###3      | 79/239 [00:07<00:22,  7.24it/s][A

 33%|###3      | 80/239 [00:08<00:23,  6.75it/s][A

 34%|###3      | 81/239 [00:08<00:23,  6.79it/s][A

 34%|###4      | 82/239 [00:08<00:24,  6.53it/s][A

 35%|###4      | 83/239 [00:08<00:22,  6.81it/s][A

 35%|###5      | 84/239 [00:08<00:21,  7.25it/s][A

 36%|###5      | 85/239 [00:08<00:20,  7.55it/s][A

 36%|###5      | 86/239 [00:08<00:19,  7.84it/s][A

 36%|###6      | 87/239 [00:09<00:18,  8.14it/s][A

 37%|###7      | 89/239 [00:09<00:17,  8.70it/s][A

 38%|###7      | 90/239 [00:09<00:17,  8.52it/s][A

 38%|###8      | 91/239 [00:09<00:17,  8.42it/s][A

 38%|###8      | 92/239 [00:09<00:17,  8.46it/s][A

 39%|###8      | 93/239 [00:09<00:17,  8.55it/s][A

 39%|###9      | 94/239 [00:09<00:16,  8.89it/s][A

 40%|###9      | 95/239 [00:09<00:16,  8.54it/s][A

 40%|####      | 96/239 [00:10<00:17,  8.08it/s][A

 41%|####      | 97/239 [00:10<00:17,  8.01it/s][A

 41%|####1     | 98/239 [00:10<00:17,  8.13it/s][A

 41%|####1     | 99/239 [00:10<00:17,  8.10it/s][A

 42%|####1     | 100/239 [00:10<00:17,  8.07it/s][A

 42%|####2     | 101/239 [00:10<00:16,  8.41it/s][A

 43%|####2     | 102/239 [00:10<00:16,  8.35it/s][A

 43%|####3     | 103/239 [00:10<00:16,  8.38it/s][A

 44%|####3     | 104/239 [00:11<00:16,  8.39it/s][A

 44%|####3     | 105/239 [00:11<00:15,  8.63it/s][A

 44%|####4     | 106/239 [00:11<00:14,  8.96it/s][A

 45%|####4     | 107/239 [00:11<00:15,  8.79it/s][A

 45%|####5     | 108/239 [00:11<00:15,  8.60it/s][A

 46%|####5     | 109/239 [00:11<00:14,  8.90it/s][A

 46%|####6     | 111/239 [00:11<00:13,  9.55it/s][A

 47%|####6     | 112/239 [00:11<00:13,  9.51it/s][A

 47%|####7     | 113/239 [00:12<00:13,  9.52it/s][A

 48%|####7     | 114/239 [00:12<00:13,  9.41it/s][A

 48%|####8     | 115/239 [00:12<00:13,  9.31it/s][A

 49%|####8     | 116/239 [00:12<00:13,  9.15it/s][A

 49%|####8     | 117/239 [00:12<00:13,  9.22it/s][A

 49%|####9     | 118/239 [00:12<00:13,  8.93it/s][A

 50%|####9     | 119/239 [00:12<00:13,  8.67it/s][A

 50%|#####     | 120/239 [00:12<00:13,  8.94it/s][A

 51%|#####     | 121/239 [00:12<00:13,  8.85it/s][A

 51%|#####1    | 122/239 [00:13<00:13,  8.64it/s][A

 51%|#####1    | 123/239 [00:13<00:13,  8.51it/s][A

 52%|#####1    | 124/239 [00:13<00:13,  8.60it/s][A

 52%|#####2    | 125/239 [00:13<00:13,  8.39it/s][A

 53%|#####2    | 126/239 [00:13<00:13,  8.24it/s][A

 53%|#####3    | 127/239 [00:13<00:13,  8.19it/s][A

 54%|#####3    | 128/239 [00:13<00:13,  8.20it/s][A

 54%|#####3    | 129/239 [00:13<00:13,  8.24it/s][A

 54%|#####4    | 130/239 [00:14<00:13,  8.38it/s][A

 55%|#####4    | 131/239 [00:14<00:13,  8.27it/s][A

 55%|#####5    | 132/239 [00:14<00:12,  8.62it/s][A

 56%|#####5    | 133/239 [00:14<00:12,  8.61it/s][A

 56%|#####6    | 134/239 [00:14<00:12,  8.51it/s][A

 56%|#####6    | 135/239 [00:14<00:11,  8.91it/s][A

 57%|#####6    | 136/239 [00:14<00:11,  8.95it/s][A

 57%|#####7    | 137/239 [00:14<00:11,  8.77it/s][A

 58%|#####7    | 138/239 [00:14<00:11,  9.07it/s][A

 58%|#####8    | 139/239 [00:15<00:11,  9.05it/s][A

 59%|#####8    | 140/239 [00:15<00:10,  9.11it/s][A

 59%|#####9    | 142/239 [00:15<00:09,  9.80it/s][A

 60%|#####9    | 143/239 [00:15<00:10,  9.58it/s][A

 60%|######    | 144/239 [00:15<00:09,  9.66it/s][A

 61%|######    | 145/239 [00:15<00:09,  9.56it/s][A

 62%|######1   | 147/239 [00:15<00:09,  9.73it/s][A

 62%|######1   | 148/239 [00:15<00:09,  9.51it/s][A

 62%|######2   | 149/239 [00:16<00:09,  9.36it/s][A

 63%|######2   | 150/239 [00:16<00:09,  8.93it/s][A

 63%|######3   | 151/239 [00:16<00:09,  9.02it/s][A

 64%|######3   | 152/239 [00:16<00:09,  9.14it/s][A

 64%|######4   | 153/239 [00:16<00:09,  9.10it/s][A

 65%|######4   | 155/239 [00:16<00:08,  9.91it/s][A

 65%|######5   | 156/239 [00:16<00:08,  9.73it/s][A

 66%|######5   | 157/239 [00:16<00:08,  9.35it/s][A

 66%|######6   | 158/239 [00:17<00:09,  8.89it/s][A

 67%|######6   | 159/239 [00:17<00:09,  8.65it/s][A

 67%|######6   | 160/239 [00:17<00:09,  8.08it/s][A

 67%|######7   | 161/239 [00:17<00:10,  7.61it/s][A

 68%|######7   | 162/239 [00:17<00:10,  7.38it/s][A

 68%|######8   | 163/239 [00:17<00:10,  7.37it/s][A

 69%|######8   | 164/239 [00:17<00:10,  7.36it/s][A

 69%|######9   | 165/239 [00:18<00:10,  7.39it/s][A

 69%|######9   | 166/239 [00:18<00:10,  7.16it/s][A

 70%|######9   | 167/239 [00:18<00:10,  7.01it/s][A

 70%|#######   | 168/239 [00:18<00:10,  6.73it/s][A

 71%|#######   | 169/239 [00:18<00:10,  6.75it/s][A

 71%|#######1  | 170/239 [00:18<00:09,  7.17it/s][A

 72%|#######1  | 171/239 [00:18<00:09,  7.17it/s][A

 72%|#######1  | 172/239 [00:19<00:09,  7.43it/s][A

 72%|#######2  | 173/239 [00:19<00:08,  7.70it/s][A

 73%|#######2  | 174/239 [00:19<00:08,  7.84it/s][A

 73%|#######3  | 175/239 [00:19<00:08,  7.56it/s][A

 74%|#######3  | 176/239 [00:19<00:08,  7.29it/s][A

 74%|#######4  | 177/239 [00:19<00:08,  7.14it/s][A

 74%|#######4  | 178/239 [00:19<00:08,  7.11it/s][A

 75%|#######4  | 179/239 [00:19<00:08,  7.31it/s][A

 75%|#######5  | 180/239 [00:20<00:08,  7.00it/s][A

 76%|#######5  | 181/239 [00:20<00:09,  6.33it/s][A

 76%|#######6  | 182/239 [00:20<00:08,  6.51it/s][A

 77%|#######6  | 183/239 [00:20<00:08,  6.32it/s][A

 77%|#######6  | 184/239 [00:20<00:08,  6.74it/s][A

 77%|#######7  | 185/239 [00:20<00:07,  6.96it/s][A

 78%|#######7  | 186/239 [00:21<00:07,  6.73it/s][A

 78%|#######8  | 187/239 [00:21<00:07,  6.89it/s][A

 79%|#######8  | 188/239 [00:21<00:08,  6.29it/s][A

 79%|#######9  | 189/239 [00:21<00:07,  6.35it/s][A

 79%|#######9  | 190/239 [00:21<00:08,  5.91it/s][A

 80%|#######9  | 191/239 [00:21<00:07,  6.48it/s][A

 80%|########  | 192/239 [00:21<00:06,  7.04it/s][A

 81%|########  | 193/239 [00:22<00:06,  7.01it/s][A

 81%|########1 | 194/239 [00:22<00:05,  7.60it/s][A

 82%|########1 | 195/239 [00:22<00:05,  8.10it/s][A

 82%|########2 | 196/239 [00:22<00:05,  8.48it/s][A

 82%|########2 | 197/239 [00:22<00:04,  8.76it/s][A

 83%|########2 | 198/239 [00:22<00:04,  8.91it/s][A

 83%|########3 | 199/239 [00:22<00:04,  9.21it/s][A

 84%|########3 | 200/239 [00:22<00:04,  9.26it/s][A

 84%|########4 | 201/239 [00:22<00:04,  9.30it/s][A

 85%|########4 | 202/239 [00:23<00:04,  7.88it/s][A

 85%|########4 | 203/239 [00:23<00:04,  8.11it/s][A

 86%|########5 | 205/239 [00:23<00:03,  9.12it/s][A

 87%|########6 | 207/239 [00:23<00:03,  9.77it/s][A

 87%|########7 | 208/239 [00:23<00:03,  9.81it/s][A

 88%|########7 | 210/239 [00:23<00:02, 10.23it/s][A

 89%|########8 | 212/239 [00:24<00:02, 10.15it/s][A

 90%|########9 | 214/239 [00:24<00:02, 10.69it/s][A

 90%|######### | 216/239 [00:24<00:02, 10.08it/s][A

 91%|#########1| 218/239 [00:24<00:02,  9.38it/s][A

 92%|#########1| 219/239 [00:24<00:02,  9.39it/s][A

 92%|#########2| 221/239 [00:24<00:01, 10.03it/s][A

 93%|#########3| 223/239 [00:25<00:01, 10.35it/s][A

 94%|#########4| 225/239 [00:25<00:01, 11.24it/s][A

 95%|#########4| 227/239 [00:25<00:01, 10.40it/s][A

 96%|#########5| 229/239 [00:25<00:00, 10.49it/s][A

 97%|#########6| 231/239 [00:25<00:00, 10.89it/s][A

 97%|#########7| 233/239 [00:26<00:00, 10.97it/s][A

 98%|#########8| 235/239 [00:26<00:00, 10.84it/s][A

 99%|#########9| 237/239 [00:26<00:00, 10.66it/s][A

100%|##########| 239/239 [00:26<00:00, 10.43it/s][A
                                                   


                                                 
[A
 90%|######### | 1800/2000 [28:19<02:50,  1.17it/s]

100%|##########| 239/239 [00:26<00:00, 10.43it/s][A

{'eval_loss': '2.953', 'eval_runtime': '26.75', 'eval_samples_per_second': '35.74', 'eval_steps_per_second': '8.936', 'epoch': '0.3076'}
                                                 [A

Writing model shards:   0%|          | 0/1 [00:00<?, ?it/s][A

Writing model shards: 100%|##########| 1/1 [00:00<00:00,  1.46it/s][A
Writing model shards: 100%|##########| 1/1 [00:00<00:00,  1.46it/s]

 90%|######### | 1801/2000 [28:23<31:51,  9.61s/it]
 90%|######### | 1802/2000 [28:24<22:57,  6.96s/it]
 90%|######### | 1803/2000 [28:24<16:40,  5.08s/it]
 90%|######### | 1804/2000 [28:25<12:14,  3.75s/it]
 90%|######### | 1805/2000 [28:26<09:10,  2.83s/it]
 90%|######### | 1806/2000 [28:26<07:03,  2.18s/it]
 90%|######### | 1807/2000 [28:27<05:35,  1.74s/it]
 90%|######### | 1808/2000 [28:28<04:36,  1.44s/it]
 90%|######### | 1809/2000 [28:28<03:55,  1.23s/it]
 90%|######### | 1810/2000 [28:29<03:32,  1.12s/it]
 91%|######### | 1811/2000 [28:30<03:09,  1.00s/it]
 91%|######### | 1812/2000 [28:31<02:47,  1.12it/s]
 91%|######### | 1813/2000 [28:31<02:31,  1.24it/s]
 91%|######### | 1814/2000 [28:32<02:19,  1.33it/s]
 91%|######### | 1815/2000 [28:32<02:11,  1.40it/s]
 91%|######### | 1816/2000 [28:33<02:05,  1.46it/s]
 91%|######### | 1817/2000 [28:34<02:01,  1.50it/s]
 91%|######### | 1818/2000 [28:34<02:00,  1.51it/s]
 91%|######### | 1819/2000 [28:35<01:58,  1.53it/s]
 91%|#########1| 1820/2000 [28:36<01:59,  1.51it/s]
 91%|#########1| 1821/2000 [28:36<02:01,  1.48it/s]
 91%|#########1| 1822/2000 [28:37<02:01,  1.47it/s]
 91%|#########1| 1823/2000 [28:38<02:04,  1.42it/s]
 91%|#########1| 1824/2000 [28:39<02:12,  1.33it/s]
 91%|#########1| 1825/2000 [28:40<02:16,  1.28it/s]
                                                   

 91%|#########1| 1825/2000 [28:40<02:16,  1.28it/s]
 91%|#########1| 1826/2000 [28:40<02:19,  1.25it/s]
 91%|#########1| 1827/2000 [28:42<03:03,  1.06s/it]
 91%|#########1| 1828/2000 [28:44<03:49,  1.33s/it]
 91%|#########1| 1829/2000 [28:45<03:31,  1.24s/it]
 92%|#########1| 1830/2000 [28:46<03:12,  1.13s/it]
 92%|#########1| 1831/2000 [28:47<02:48,  1.00it/s]
 92%|#########1| 1832/2000 [28:47<02:28,  1.13it/s]
 92%|#########1| 1833/2000 [28:48<02:18,  1.21it/s]
 92%|#########1| 1834/2000 [28:49<02:12,  1.25it/s]
 92%|#########1| 1835/2000 [28:49<02:06,  1.30it/s]
 92%|#########1| 1836/2000 [28:50<02:01,  1.35it/s]
 92%|#########1| 1837/2000 [28:51<01:57,  1.38it/s]
 92%|#########1| 1838/2000 [28:51<01:52,  1.44it/s]
 92%|#########1| 1839/2000 [28:52<01:48,  1.48it/s]
 92%|#########2| 1840/2000 [28:53<01:52,  1.43it/s]
 92%|#########2| 1841/2000 [28:53<01:50,  1.44it/s]
 92%|#########2| 1842/2000 [28:54<01:57,  1.35it/s]
 92%|#########2| 1843/2000 [28:55<02:00,  1.30it/s]
 92%|#########2| 1844/2000 [28:56<02:06,  1.23it/s]
 92%|#########2| 1845/2000 [28:57<02:05,  1.24it/s]
 92%|#########2| 1846/2000 [28:58<02:01,  1.26it/s]
 92%|#########2| 1847/2000 [28:58<02:00,  1.27it/s]
 92%|#########2| 1848/2000 [28:59<01:59,  1.27it/s]
 92%|#########2| 1849/2000 [29:00<01:56,  1.29it/s]
 92%|#########2| 1850/2000 [29:01<01:56,  1.28it/s]
                                                   

 92%|#########2| 1850/2000 [29:01<01:56,  1.28it/s]
 93%|#########2| 1851/2000 [29:01<01:52,  1.32it/s]
 93%|#########2| 1852/2000 [29:02<01:53,  1.30it/s]
 93%|#########2| 1853/2000 [29:03<01:51,  1.32it/s]
 93%|#########2| 1854/2000 [29:04<01:52,  1.30it/s]
 93%|#########2| 1855/2000 [29:05<01:53,  1.27it/s]
 93%|#########2| 1856/2000 [29:05<01:53,  1.27it/s]
 93%|#########2| 1857/2000 [29:06<01:52,  1.27it/s]
 93%|#########2| 1858/2000 [29:07<02:00,  1.17it/s]
 93%|#########2| 1859/2000 [29:08<02:06,  1.11it/s]
 93%|#########3| 1860/2000 [29:09<02:01,  1.15it/s]
 93%|#########3| 1861/2000 [29:10<01:55,  1.21it/s]
 93%|#########3| 1862/2000 [29:10<01:46,  1.30it/s]
 93%|#########3| 1863/2000 [29:11<01:39,  1.38it/s]
 93%|#########3| 1864/2000 [29:12<01:37,  1.40it/s]
 93%|#########3| 1865/2000 [29:12<01:36,  1.40it/s]
 93%|#########3| 1866/2000 [29:13<01:36,  1.39it/s]
 93%|#########3| 1867/2000 [29:14<01:39,  1.34it/s]
 93%|#########3| 1868/2000 [29:15<01:36,  1.36it/s]
 93%|#########3| 1869/2000 [29:15<01:34,  1.38it/s]
 94%|#########3| 1870/2000 [29:16<01:32,  1.40it/s]
 94%|#########3| 1871/2000 [29:17<01:31,  1.41it/s]
 94%|#########3| 1872/2000 [29:17<01:31,  1.40it/s]
 94%|#########3| 1873/2000 [29:18<01:31,  1.38it/s]
 94%|#########3| 1874/2000 [29:19<01:32,  1.36it/s]
 94%|#########3| 1875/2000 [29:20<01:29,  1.40it/s]
                                                   

 94%|#########3| 1875/2000 [29:20<01:29,  1.40it/s]
 94%|#########3| 1876/2000 [29:20<01:30,  1.37it/s]
 94%|#########3| 1877/2000 [29:21<01:31,  1.34it/s]
 94%|#########3| 1878/2000 [29:22<01:34,  1.29it/s]
 94%|#########3| 1879/2000 [29:23<01:30,  1.34it/s]
 94%|#########3| 1880/2000 [29:23<01:32,  1.29it/s]
 94%|#########4| 1881/2000 [29:24<01:31,  1.30it/s]
 94%|#########4| 1882/2000 [29:25<01:31,  1.30it/s]
 94%|#########4| 1883/2000 [29:26<01:39,  1.18it/s]
 94%|#########4| 1884/2000 [29:27<01:40,  1.15it/s]
 94%|#########4| 1885/2000 [29:28<01:33,  1.23it/s]
 94%|#########4| 1886/2000 [29:28<01:27,  1.31it/s]
 94%|#########4| 1887/2000 [29:29<01:22,  1.37it/s]
 94%|#########4| 1888/2000 [29:30<01:19,  1.41it/s]
 94%|#########4| 1889/2000 [29:30<01:20,  1.38it/s]
 94%|#########4| 1890/2000 [29:31<01:20,  1.37it/s]
 95%|#########4| 1891/2000 [29:32<01:22,  1.32it/s]
 95%|#########4| 1892/2000 [29:33<01:25,  1.26it/s]
 95%|#########4| 1893/2000 [29:34<01:30,  1.18it/s]
 95%|#########4| 1894/2000 [29:34<01:25,  1.24it/s]
 95%|#########4| 1895/2000 [29:35<01:20,  1.31it/s]
 95%|#########4| 1896/2000 [29:36<01:16,  1.37it/s]
 95%|#########4| 1897/2000 [29:36<01:13,  1.41it/s]
 95%|#########4| 1898/2000 [29:37<01:12,  1.41it/s]
 95%|#########4| 1899/2000 [29:38<01:14,  1.36it/s]
 95%|#########5| 1900/2000 [29:39<01:19,  1.27it/s]
                                                   

{'loss': '2.744', 'grad_norm': '0.7667', 'learning_rate': '8.409e-06', 'epoch': '0.3119'}
{'loss': '2.784', 'grad_norm': '0.8322', 'learning_rate': '6.201e-06', 'epoch': '0.3162'}
{'loss': '2.752', 'grad_norm': '0.8924', 'learning_rate': '4.325e-06', 'epoch': '0.3204'}
{'loss': '2.778', 'grad_norm': '0.7374', 'learning_rate': '2.782e-06', 'epoch': '0.3247'}
 95%|#########5| 1900/2000 [29:39<01:19,  1.27it/s]

  0%|          | 0/239 [00:00<?, ?it/s][A

  1%|          | 2/239 [00:00<00:13, 18.19it/s][A

  2%|1         | 4/239 [00:00<00:20, 11.42it/s][A

  3%|2         | 6/239 [00:00<00:22, 10.58it/s][A

  3%|3         | 8/239 [00:00<00:21, 10.65it/s][A

  4%|4         | 10/239 [00:00<00:21, 10.85it/s][A

  5%|5         | 12/239 [00:01<00:20, 11.32it/s][A

  6%|5         | 14/239 [00:01<00:20, 11.15it/s][A

  7%|6         | 16/239 [00:01<00:19, 11.27it/s][A

  8%|7         | 18/239 [00:01<00:18, 12.16it/s][A

  8%|8         | 20/239 [00:01<00:17, 12.32it/s][A

  9%|9         | 22/239 [00:01<00:18, 11.56it/s][A

 10%|#         | 24/239 [00:02<00:18, 11.36it/s][A

 11%|#         | 26/239 [00:02<00:18, 11.57it/s][A

 12%|#1        | 28/239 [00:02<00:18, 11.71it/s][A

 13%|#2        | 30/239 [00:02<00:17, 11.78it/s][A

 13%|#3        | 32/239 [00:02<00:17, 11.70it/s][A

 14%|#4        | 34/239 [00:02<00:18, 11.27it/s][A

 15%|#5        | 36/239 [00:03<00:17, 11.41it/s][A

 16%|#5        | 38/239 [00:03<00:17, 11.29it/s][A

 17%|#6        | 40/239 [00:03<00:17, 11.36it/s][A

 18%|#7        | 42/239 [00:03<00:17, 10.96it/s][A

 18%|#8        | 44/239 [00:03<00:18, 10.54it/s][A

 19%|#9        | 46/239 [00:04<00:18, 10.56it/s][A

 20%|##        | 48/239 [00:04<00:18, 10.45it/s][A

 21%|##        | 50/239 [00:04<00:17, 10.58it/s][A

 22%|##1       | 52/239 [00:04<00:17, 10.58it/s][A

 23%|##2       | 54/239 [00:04<00:17, 10.68it/s][A

 23%|##3       | 56/239 [00:05<00:16, 10.90it/s][A

 24%|##4       | 58/239 [00:05<00:16, 10.70it/s][A

 25%|##5       | 60/239 [00:05<00:17, 10.38it/s][A

 26%|##5       | 62/239 [00:05<00:17, 10.14it/s][A

 27%|##6       | 64/239 [00:05<00:18,  9.68it/s][A

 28%|##7       | 66/239 [00:06<00:18,  9.51it/s][A

 28%|##8       | 67/239 [00:06<00:18,  9.55it/s][A

 28%|##8       | 68/239 [00:06<00:18,  9.44it/s][A

 29%|##9       | 70/239 [00:06<00:16,  9.98it/s][A

 30%|###       | 72/239 [00:06<00:16, 10.17it/s][A

 31%|###       | 74/239 [00:06<00:16, 10.06it/s][A

 32%|###1      | 76/239 [00:07<00:15, 10.28it/s][A

 33%|###2      | 78/239 [00:07<00:15, 10.28it/s][A

 33%|###3      | 80/239 [00:07<00:14, 10.72it/s][A

 34%|###4      | 82/239 [00:07<00:14, 10.95it/s][A

 35%|###5      | 84/239 [00:07<00:14, 10.35it/s][A

 36%|###5      | 86/239 [00:07<00:14, 10.38it/s][A

 37%|###6      | 88/239 [00:08<00:14, 10.54it/s][A

 38%|###7      | 90/239 [00:08<00:15,  9.88it/s][A

 38%|###8      | 92/239 [00:08<00:14, 10.10it/s][A

 39%|###9      | 94/239 [00:08<00:13, 10.75it/s][A

 40%|####      | 96/239 [00:08<00:13, 10.57it/s][A

 41%|####1     | 98/239 [00:09<00:13, 10.75it/s][A

 42%|####1     | 100/239 [00:09<00:13, 10.56it/s][A

 43%|####2     | 102/239 [00:09<00:12, 10.83it/s][A

 44%|####3     | 104/239 [00:09<00:12, 10.97it/s][A

 44%|####4     | 106/239 [00:09<00:12, 10.35it/s][A

 45%|####5     | 108/239 [00:10<00:12, 10.16it/s][A

 46%|####6     | 110/239 [00:10<00:12, 10.01it/s][A

 47%|####6     | 112/239 [00:10<00:12, 10.17it/s][A

 48%|####7     | 114/239 [00:10<00:12, 10.28it/s][A

 49%|####8     | 116/239 [00:10<00:11, 10.51it/s][A

 49%|####9     | 118/239 [00:11<00:12, 10.05it/s][A

 50%|#####     | 120/239 [00:11<00:11, 10.25it/s][A

 51%|#####1    | 122/239 [00:11<00:11, 10.31it/s][A

 52%|#####1    | 124/239 [00:11<00:11,  9.84it/s][A

 53%|#####2    | 126/239 [00:11<00:11, 10.17it/s][A

 54%|#####3    | 128/239 [00:12<00:11,  9.99it/s][A

 54%|#####4    | 130/239 [00:12<00:11,  9.69it/s][A

 55%|#####4    | 131/239 [00:12<00:11,  9.59it/s][A

 55%|#####5    | 132/239 [00:12<00:11,  9.58it/s][A

 56%|#####5    | 133/239 [00:12<00:11,  9.46it/s][A

 56%|#####6    | 134/239 [00:12<00:11,  9.19it/s][A

 56%|#####6    | 135/239 [00:12<00:11,  9.11it/s][A

 57%|#####6    | 136/239 [00:12<00:11,  8.78it/s][A

 57%|#####7    | 137/239 [00:13<00:11,  8.54it/s][A

 58%|#####8    | 139/239 [00:13<00:11,  8.49it/s][A

 59%|#####8    | 140/239 [00:13<00:12,  8.00it/s][A

 59%|#####8    | 141/239 [00:13<00:12,  8.04it/s][A

 59%|#####9    | 142/239 [00:13<00:12,  8.03it/s][A

 60%|#####9    | 143/239 [00:13<00:11,  8.15it/s][A

 60%|######    | 144/239 [00:13<00:11,  8.25it/s][A

 61%|######1   | 146/239 [00:14<00:10,  9.15it/s][A

 62%|######1   | 147/239 [00:14<00:10,  9.11it/s][A

 62%|######1   | 148/239 [00:14<00:10,  8.93it/s][A

 63%|######2   | 150/239 [00:14<00:09,  9.35it/s][A

 64%|######3   | 152/239 [00:14<00:09,  9.54it/s][A

 64%|######4   | 153/239 [00:14<00:08,  9.63it/s][A

 65%|######4   | 155/239 [00:15<00:08,  9.94it/s][A

 65%|######5   | 156/239 [00:15<00:08,  9.90it/s][A

 66%|######6   | 158/239 [00:15<00:07, 10.74it/s][A

 67%|######6   | 160/239 [00:15<00:07, 10.75it/s][A

 68%|######7   | 162/239 [00:15<00:07, 10.50it/s][A

 69%|######8   | 164/239 [00:15<00:06, 10.83it/s][A

 69%|######9   | 166/239 [00:16<00:06, 10.57it/s][A

 70%|#######   | 168/239 [00:16<00:06, 10.56it/s][A

 71%|#######1  | 170/239 [00:16<00:06, 10.77it/s][A

 72%|#######1  | 172/239 [00:16<00:06, 10.74it/s][A

 73%|#######2  | 174/239 [00:16<00:05, 10.89it/s][A

 74%|#######3  | 176/239 [00:16<00:05, 11.77it/s][A

 74%|#######4  | 178/239 [00:17<00:05, 11.54it/s][A

 75%|#######5  | 180/239 [00:17<00:05, 11.39it/s][A

 76%|#######6  | 182/239 [00:17<00:05, 11.13it/s][A

 77%|#######6  | 184/239 [00:17<00:05, 10.95it/s][A

 78%|#######7  | 186/239 [00:17<00:04, 10.98it/s][A

 79%|#######8  | 188/239 [00:18<00:04, 10.54it/s][A

 79%|#######9  | 190/239 [00:18<00:04, 10.18it/s][A

 80%|########  | 192/239 [00:18<00:04, 10.14it/s][A

 81%|########1 | 194/239 [00:18<00:04, 10.68it/s][A

 82%|########2 | 196/239 [00:18<00:04,  9.40it/s][A

 82%|########2 | 197/239 [00:19<00:04,  9.42it/s][A

 83%|########3 | 199/239 [00:19<00:04,  9.49it/s][A

 84%|########3 | 200/239 [00:19<00:04,  9.40it/s][A

 85%|########4 | 202/239 [00:19<00:03,  9.78it/s][A

 85%|########5 | 204/239 [00:19<00:03, 10.20it/s][A

 86%|########6 | 206/239 [00:19<00:03, 10.11it/s][A

 87%|########7 | 208/239 [00:20<00:03, 10.23it/s][A

 88%|########7 | 210/239 [00:20<00:02, 10.15it/s][A

 89%|########8 | 212/239 [00:20<00:02, 10.72it/s][A

 90%|########9 | 214/239 [00:20<00:02, 10.02it/s][A

 90%|######### | 216/239 [00:20<00:02,  9.64it/s][A

 91%|#########1| 218/239 [00:21<00:02,  9.80it/s][A

 92%|#########2| 220/239 [00:21<00:01,  9.84it/s][A

 92%|#########2| 221/239 [00:21<00:01,  9.77it/s][A

 93%|#########3| 223/239 [00:21<00:01, 10.09it/s][A

 94%|#########4| 225/239 [00:21<00:01, 10.07it/s][A

 95%|#########4| 227/239 [00:22<00:01,  9.63it/s][A

 95%|#########5| 228/239 [00:22<00:01,  9.69it/s][A

 96%|#########5| 229/239 [00:22<00:01,  9.51it/s][A

 96%|#########6| 230/239 [00:22<00:00,  9.42it/s][A

 97%|#########6| 231/239 [00:22<00:00,  9.09it/s][A

 97%|#########7| 233/239 [00:22<00:00,  9.40it/s][A

 98%|#########8| 235/239 [00:22<00:00, 10.51it/s][A

 99%|#########9| 237/239 [00:23<00:00,  9.92it/s][A

100%|##########| 239/239 [00:23<00:00,  9.81it/s][A
                                                   


                                                 
[A
 95%|#########5| 1900/2000 [30:02<01:19,  1.27it/s]

100%|##########| 239/239 [00:23<00:00,  9.81it/s][A

{'eval_loss': '2.947', 'eval_runtime': '23.38', 'eval_samples_per_second': '40.89', 'eval_steps_per_second': '10.22', 'epoch': '0.3247'}
                                                 [A

Writing model shards:   0%|          | 0/1 [00:00<?, ?it/s][A

Writing model shards: 100%|##########| 1/1 [00:00<00:00,  1.51it/s][A
Writing model shards: 100%|##########| 1/1 [00:00<00:00,  1.50it/s]

 95%|#########5| 1901/2000 [30:05<13:50,  8.39s/it]
 95%|#########5| 1902/2000 [30:06<09:54,  6.07s/it]
 95%|#########5| 1903/2000 [30:06<07:10,  4.44s/it]
 95%|#########5| 1904/2000 [30:07<05:16,  3.29s/it]
 95%|#########5| 1905/2000 [30:08<03:56,  2.49s/it]
 95%|#########5| 1906/2000 [30:08<03:02,  1.94s/it]
 95%|#########5| 1907/2000 [30:09<02:26,  1.57s/it]
 95%|#########5| 1908/2000 [30:10<02:01,  1.32s/it]
 95%|#########5| 1909/2000 [30:11<01:49,  1.20s/it]
 96%|#########5| 1910/2000 [30:11<01:41,  1.12s/it]
 96%|#########5| 1911/2000 [30:12<01:32,  1.04s/it]
 96%|#########5| 1912/2000 [30:13<01:26,  1.02it/s]
 96%|#########5| 1913/2000 [30:14<01:21,  1.06it/s]
 96%|#########5| 1914/2000 [30:15<01:20,  1.07it/s]
 96%|#########5| 1915/2000 [30:16<01:12,  1.18it/s]
 96%|#########5| 1916/2000 [30:16<01:07,  1.24it/s]
 96%|#########5| 1917/2000 [30:17<01:05,  1.27it/s]
 96%|#########5| 1918/2000 [30:18<01:03,  1.29it/s]
 96%|#########5| 1919/2000 [30:18<01:00,  1.35it/s]
 96%|#########6| 1920/2000 [30:19<00:58,  1.37it/s]
 96%|#########6| 1921/2000 [30:20<00:56,  1.40it/s]
 96%|#########6| 1922/2000 [30:21<00:57,  1.37it/s]
 96%|#########6| 1923/2000 [30:21<00:55,  1.38it/s]
 96%|#########6| 1924/2000 [30:22<00:54,  1.39it/s]
 96%|#########6| 1925/2000 [30:23<00:55,  1.36it/s]
                                                   

 96%|#########6| 1925/2000 [30:23<00:55,  1.36it/s]
 96%|#########6| 1926/2000 [30:23<00:53,  1.38it/s]
 96%|#########6| 1927/2000 [30:24<00:51,  1.42it/s]
 96%|#########6| 1928/2000 [30:25<00:51,  1.41it/s]
 96%|#########6| 1929/2000 [30:26<00:53,  1.34it/s]
 96%|#########6| 1930/2000 [30:27<00:53,  1.31it/s]
 97%|#########6| 1931/2000 [30:27<00:50,  1.36it/s]
 97%|#########6| 1932/2000 [30:28<00:50,  1.36it/s]
 97%|#########6| 1933/2000 [30:29<00:47,  1.42it/s]
 97%|#########6| 1934/2000 [30:29<00:45,  1.44it/s]
 97%|#########6| 1935/2000 [30:30<00:45,  1.43it/s]
 97%|#########6| 1936/2000 [30:31<00:44,  1.42it/s]
 97%|#########6| 1937/2000 [30:31<00:45,  1.38it/s]
 97%|#########6| 1938/2000 [30:32<00:45,  1.36it/s]
 97%|#########6| 1939/2000 [30:33<00:44,  1.36it/s]
 97%|#########7| 1940/2000 [30:34<00:43,  1.39it/s]
 97%|#########7| 1941/2000 [30:34<00:41,  1.43it/s]
 97%|#########7| 1942/2000 [30:35<00:41,  1.40it/s]
 97%|#########7| 1943/2000 [30:36<00:41,  1.38it/s]
 97%|#########7| 1944/2000 [30:37<00:41,  1.36it/s]
 97%|#########7| 1945/2000 [30:37<00:42,  1.30it/s]
 97%|#########7| 1946/2000 [30:38<00:41,  1.30it/s]
 97%|#########7| 1947/2000 [30:39<00:40,  1.29it/s]
 97%|#########7| 1948/2000 [30:40<00:38,  1.35it/s]
 97%|#########7| 1949/2000 [30:40<00:37,  1.37it/s]
 98%|#########7| 1950/2000 [30:41<00:34,  1.43it/s]
                                                   

 98%|#########7| 1950/2000 [30:41<00:34,  1.43it/s]
 98%|#########7| 1951/2000 [30:42<00:33,  1.48it/s]
 98%|#########7| 1952/2000 [30:42<00:31,  1.53it/s]
 98%|#########7| 1953/2000 [30:43<00:30,  1.54it/s]
 98%|#########7| 1954/2000 [30:43<00:30,  1.50it/s]
 98%|#########7| 1955/2000 [30:44<00:30,  1.49it/s]
 98%|#########7| 1956/2000 [30:45<00:29,  1.52it/s]
 98%|#########7| 1957/2000 [30:45<00:27,  1.54it/s]
 98%|#########7| 1958/2000 [30:46<00:27,  1.54it/s]
 98%|#########7| 1959/2000 [30:47<00:27,  1.50it/s]
 98%|#########8| 1960/2000 [30:47<00:27,  1.47it/s]
 98%|#########8| 1961/2000 [30:48<00:27,  1.44it/s]
 98%|#########8| 1962/2000 [30:49<00:28,  1.36it/s]
 98%|#########8| 1963/2000 [30:50<00:27,  1.36it/s]
 98%|#########8| 1964/2000 [30:50<00:26,  1.37it/s]
 98%|#########8| 1965/2000 [30:51<00:25,  1.37it/s]
 98%|#########8| 1966/2000 [30:52<00:25,  1.31it/s]
 98%|#########8| 1967/2000 [30:53<00:25,  1.27it/s]
 98%|#########8| 1968/2000 [30:54<00:25,  1.26it/s]
 98%|#########8| 1969/2000 [30:54<00:23,  1.32it/s]
 98%|#########8| 1970/2000 [30:55<00:23,  1.30it/s]
 99%|#########8| 1971/2000 [30:56<00:22,  1.28it/s]
 99%|#########8| 1972/2000 [30:57<00:22,  1.27it/s]
 99%|#########8| 1973/2000 [30:58<00:21,  1.24it/s]
 99%|#########8| 1974/2000 [30:58<00:21,  1.23it/s]
 99%|#########8| 1975/2000 [30:59<00:20,  1.20it/s]
                                                   

 99%|#########8| 1975/2000 [30:59<00:20,  1.20it/s]
 99%|#########8| 1976/2000 [31:00<00:20,  1.15it/s]
 99%|#########8| 1977/2000 [31:01<00:20,  1.15it/s]
 99%|#########8| 1978/2000 [31:02<00:19,  1.11it/s]
 99%|#########8| 1979/2000 [31:03<00:18,  1.11it/s]
 99%|#########9| 1980/2000 [31:04<00:16,  1.19it/s]
 99%|#########9| 1981/2000 [31:04<00:14,  1.29it/s]
 99%|#########9| 1982/2000 [31:05<00:13,  1.37it/s]
 99%|#########9| 1983/2000 [31:06<00:12,  1.36it/s]
 99%|#########9| 1984/2000 [31:06<00:11,  1.39it/s]
 99%|#########9| 1985/2000 [31:07<00:11,  1.29it/s]
 99%|#########9| 1986/2000 [31:08<00:10,  1.33it/s]
 99%|#########9| 1987/2000 [31:09<00:09,  1.37it/s]
 99%|#########9| 1988/2000 [31:09<00:08,  1.39it/s]
 99%|#########9| 1989/2000 [31:10<00:08,  1.35it/s]
100%|#########9| 1990/2000 [31:11<00:07,  1.40it/s]
100%|#########9| 1991/2000 [31:12<00:06,  1.44it/s]
100%|#########9| 1992/2000 [31:12<00:05,  1.45it/s]
100%|#########9| 1993/2000 [31:13<00:04,  1.46it/s]
100%|#########9| 1994/2000 [31:14<00:04,  1.41it/s]
100%|#########9| 1995/2000 [31:14<00:03,  1.33it/s]
100%|#########9| 1996/2000 [31:15<00:03,  1.32it/s]
100%|#########9| 1997/2000 [31:16<00:02,  1.34it/s]
100%|#########9| 1998/2000 [31:17<00:01,  1.33it/s]
100%|#########9| 1999/2000 [31:17<00:00,  1.34it/s]
100%|##########| 2000/2000 [31:18<00:00,  1.31it/s]
                                                   

{'loss': '2.746', 'grad_norm': '0.8687', 'learning_rate': '1.577e-06', 'epoch': '0.329'}
{'loss': '2.873', 'grad_norm': '0.8284', 'learning_rate': '7.107e-07', 'epoch': '0.3332'}
{'loss': '2.744', 'grad_norm': '0.8406', 'learning_rate': '1.848e-07', 'epoch': '0.3375'}
{'loss': '2.807', 'grad_norm': '0.8333', 'learning_rate': '2.734e-10', 'epoch': '0.3418'}
100%|##########| 2000/2000 [31:18<00:00,  1.31it/s]

  0%|          | 0/239 [00:00<?, ?it/s][A

  1%|          | 2/239 [00:00<00:13, 18.08it/s][A

  2%|1         | 4/239 [00:00<00:18, 12.90it/s][A

  3%|2         | 6/239 [00:00<00:19, 12.05it/s][A

  3%|3         | 8/239 [00:00<00:19, 11.89it/s][A

  4%|4         | 10/239 [00:00<00:18, 12.72it/s][A

  5%|5         | 12/239 [00:00<00:18, 12.12it/s][A

  6%|5         | 14/239 [00:01<00:19, 11.69it/s][A

  7%|6         | 16/239 [00:01<00:18, 12.20it/s][A

  8%|7         | 18/239 [00:01<00:19, 11.36it/s][A

  8%|8         | 20/239 [00:01<00:18, 12.03it/s][A

  9%|9         | 22/239 [00:01<00:17, 12.07it/s][A

 10%|#         | 24/239 [00:01<00:18, 11.87it/s][A

 11%|#         | 26/239 [00:02<00:19, 10.73it/s][A

 12%|#1        | 28/239 [00:02<00:20, 10.23it/s][A

 13%|#2        | 30/239 [00:02<00:20,  9.98it/s][A

 13%|#3        | 32/239 [00:02<00:20, 10.19it/s][A

 14%|#4        | 34/239 [00:03<00:21,  9.61it/s][A

 15%|#4        | 35/239 [00:03<00:21,  9.51it/s][A

 15%|#5        | 36/239 [00:03<00:22,  9.13it/s][A

 15%|#5        | 37/239 [00:03<00:22,  9.11it/s][A

 16%|#5        | 38/239 [00:03<00:22,  9.10it/s][A

 17%|#6        | 40/239 [00:03<00:21,  9.25it/s][A

 18%|#7        | 42/239 [00:03<00:20,  9.46it/s][A

 18%|#7        | 43/239 [00:04<00:21,  9.01it/s][A

 18%|#8        | 44/239 [00:04<00:22,  8.70it/s][A

 19%|#8        | 45/239 [00:04<00:21,  8.82it/s][A

 19%|#9        | 46/239 [00:04<00:22,  8.74it/s][A

 20%|##        | 48/239 [00:04<00:20,  9.48it/s][A

 21%|##        | 50/239 [00:04<00:18, 10.17it/s][A

 21%|##1       | 51/239 [00:04<00:18,  9.93it/s][A

 22%|##1       | 52/239 [00:05<00:19,  9.57it/s][A

 22%|##2       | 53/239 [00:05<00:20,  9.13it/s][A

 23%|##2       | 54/239 [00:05<00:21,  8.54it/s][A

 23%|##3       | 55/239 [00:05<00:22,  8.26it/s][A

 23%|##3       | 56/239 [00:05<00:21,  8.36it/s][A

 24%|##4       | 58/239 [00:05<00:20,  8.94it/s][A

 25%|##5       | 60/239 [00:05<00:20,  8.90it/s][A

 26%|##5       | 61/239 [00:06<00:19,  9.05it/s][A

 26%|##5       | 62/239 [00:06<00:19,  8.98it/s][A

 27%|##6       | 64/239 [00:06<00:17, 10.02it/s][A

 28%|##7       | 66/239 [00:06<00:16, 10.61it/s][A

 28%|##8       | 68/239 [00:06<00:15, 10.95it/s][A

 29%|##9       | 70/239 [00:06<00:15, 10.58it/s][A

 30%|###       | 72/239 [00:07<00:16, 10.43it/s][A

 31%|###       | 74/239 [00:07<00:16,  9.72it/s][A

 31%|###1      | 75/239 [00:07<00:16,  9.68it/s][A

 32%|###1      | 76/239 [00:07<00:19,  8.31it/s][A

 33%|###2      | 78/239 [00:07<00:19,  8.47it/s][A

 33%|###3      | 79/239 [00:07<00:19,  8.29it/s][A

 33%|###3      | 80/239 [00:08<00:18,  8.42it/s][A

 34%|###3      | 81/239 [00:08<00:19,  8.24it/s][A

 34%|###4      | 82/239 [00:08<00:18,  8.32it/s][A

 35%|###4      | 83/239 [00:08<00:18,  8.47it/s][A

 35%|###5      | 84/239 [00:08<00:17,  8.62it/s][A

 36%|###5      | 86/239 [00:08<00:15,  9.99it/s][A

 37%|###6      | 88/239 [00:08<00:16,  9.44it/s][A

 37%|###7      | 89/239 [00:09<00:16,  9.11it/s][A

 38%|###7      | 90/239 [00:09<00:16,  9.20it/s][A

 38%|###8      | 92/239 [00:09<00:15,  9.54it/s][A

 39%|###8      | 93/239 [00:09<00:15,  9.14it/s][A

 39%|###9      | 94/239 [00:09<00:16,  8.62it/s][A

 40%|###9      | 95/239 [00:09<00:16,  8.53it/s][A

 40%|####      | 96/239 [00:09<00:16,  8.64it/s][A

 41%|####      | 97/239 [00:09<00:15,  8.94it/s][A

 41%|####1     | 98/239 [00:10<00:16,  8.54it/s][A

 41%|####1     | 99/239 [00:10<00:16,  8.71it/s][A

 42%|####1     | 100/239 [00:10<00:16,  8.43it/s][A

 42%|####2     | 101/239 [00:10<00:16,  8.49it/s][A

 43%|####2     | 102/239 [00:10<00:16,  8.39it/s][A

 43%|####3     | 103/239 [00:10<00:15,  8.55it/s][A

 44%|####3     | 104/239 [00:10<00:15,  8.71it/s][A

 44%|####4     | 106/239 [00:10<00:14,  9.33it/s][A

 45%|####5     | 108/239 [00:11<00:13,  9.82it/s][A

 46%|####6     | 110/239 [00:11<00:12, 10.30it/s][A

 47%|####6     | 112/239 [00:11<00:12, 10.12it/s][A

 48%|####7     | 114/239 [00:11<00:12, 10.10it/s][A

 49%|####8     | 116/239 [00:11<00:12,  9.95it/s][A

 49%|####9     | 118/239 [00:12<00:12,  9.86it/s][A

 50%|####9     | 119/239 [00:12<00:13,  8.90it/s][A

 50%|#####     | 120/239 [00:12<00:14,  8.35it/s][A

 51%|#####     | 121/239 [00:12<00:14,  7.94it/s][A

 51%|#####1    | 122/239 [00:12<00:14,  8.05it/s][A

 51%|#####1    | 123/239 [00:12<00:14,  7.89it/s][A

 52%|#####1    | 124/239 [00:13<00:14,  7.69it/s][A

 52%|#####2    | 125/239 [00:13<00:14,  7.95it/s][A

 53%|#####2    | 126/239 [00:13<00:14,  7.75it/s][A

 53%|#####3    | 127/239 [00:13<00:13,  8.05it/s][A

 54%|#####3    | 128/239 [00:13<00:13,  8.42it/s][A

 54%|#####3    | 129/239 [00:13<00:12,  8.75it/s][A

 54%|#####4    | 130/239 [00:13<00:12,  8.86it/s][A

 55%|#####4    | 131/239 [00:13<00:11,  9.08it/s][A

 56%|#####5    | 133/239 [00:13<00:11,  9.44it/s][A

 56%|#####6    | 134/239 [00:14<00:11,  9.51it/s][A

 56%|#####6    | 135/239 [00:14<00:11,  9.45it/s][A

 57%|#####6    | 136/239 [00:14<00:11,  9.11it/s][A

 57%|#####7    | 137/239 [00:14<00:12,  8.19it/s][A

 58%|#####7    | 138/239 [00:14<00:13,  7.66it/s][A

 58%|#####8    | 139/239 [00:14<00:13,  7.68it/s][A

 59%|#####8    | 140/239 [00:14<00:12,  7.91it/s][A

 59%|#####9    | 142/239 [00:15<00:10,  8.89it/s][A

 60%|######    | 144/239 [00:15<00:11,  8.56it/s][A

 61%|######    | 145/239 [00:15<00:11,  8.53it/s][A

 61%|######1   | 146/239 [00:15<00:10,  8.48it/s][A

 62%|######1   | 148/239 [00:15<00:10,  8.97it/s][A

 63%|######2   | 150/239 [00:15<00:09,  9.49it/s][A

 63%|######3   | 151/239 [00:16<00:09,  9.41it/s][A

 64%|######4   | 153/239 [00:16<00:08,  9.80it/s][A

 64%|######4   | 154/239 [00:16<00:09,  9.32it/s][A

 65%|######5   | 156/239 [00:16<00:08, 10.03it/s][A

 66%|######5   | 157/239 [00:16<00:08,  9.94it/s][A

 66%|######6   | 158/239 [00:16<00:08,  9.91it/s][A

 67%|######6   | 160/239 [00:16<00:07, 11.13it/s][A

 68%|######7   | 162/239 [00:17<00:06, 11.32it/s][A

 69%|######8   | 164/239 [00:17<00:06, 11.05it/s][A

 69%|######9   | 166/239 [00:17<00:06, 10.82it/s][A

 70%|#######   | 168/239 [00:17<00:06, 11.18it/s][A

 71%|#######1  | 170/239 [00:17<00:06, 11.46it/s][A

 72%|#######1  | 172/239 [00:17<00:05, 11.73it/s][A

 73%|#######2  | 174/239 [00:18<00:05, 11.64it/s][A

 74%|#######3  | 176/239 [00:18<00:05, 11.77it/s][A

 74%|#######4  | 178/239 [00:18<00:05, 11.71it/s][A

 75%|#######5  | 180/239 [00:18<00:05, 11.51it/s][A

 76%|#######6  | 182/239 [00:18<00:04, 11.44it/s][A

 77%|#######6  | 184/239 [00:19<00:05, 10.44it/s][A

 78%|#######7  | 186/239 [00:19<00:05,  9.99it/s][A

 79%|#######8  | 188/239 [00:19<00:05,  9.65it/s][A

 79%|#######9  | 190/239 [00:19<00:04, 10.18it/s][A

 80%|########  | 192/239 [00:19<00:04,  9.79it/s][A

 81%|########1 | 194/239 [00:20<00:04,  9.77it/s][A

 82%|########1 | 195/239 [00:20<00:04,  9.80it/s][A

 82%|########2 | 197/239 [00:20<00:04, 10.42it/s][A

 83%|########3 | 199/239 [00:20<00:03, 10.19it/s][A

 84%|########4 | 201/239 [00:20<00:03, 10.75it/s][A

 85%|########4 | 203/239 [00:20<00:03, 10.53it/s][A

 86%|########5 | 205/239 [00:21<00:03, 10.38it/s][A

 87%|########6 | 207/239 [00:21<00:03, 10.31it/s][A

 87%|########7 | 209/239 [00:21<00:02, 10.36it/s][A

 88%|########8 | 211/239 [00:21<00:02, 10.09it/s][A

 89%|########9 | 213/239 [00:21<00:02, 10.02it/s][A

 90%|########9 | 215/239 [00:22<00:02,  9.45it/s][A

 90%|######### | 216/239 [00:22<00:02,  8.90it/s][A

 91%|######### | 217/239 [00:22<00:02,  8.68it/s][A

 91%|#########1| 218/239 [00:22<00:02,  8.46it/s][A

 92%|#########1| 219/239 [00:22<00:02,  8.19it/s][A

 92%|#########2| 220/239 [00:22<00:02,  8.16it/s][A

 92%|#########2| 221/239 [00:22<00:02,  7.96it/s][A

 93%|#########2| 222/239 [00:23<00:02,  7.96it/s][A

 93%|#########3| 223/239 [00:23<00:01,  8.15it/s][A

 94%|#########3| 224/239 [00:23<00:01,  8.56it/s][A

 94%|#########4| 225/239 [00:23<00:01,  8.55it/s][A

 95%|#########4| 227/239 [00:23<00:01,  9.41it/s][A

 96%|#########5| 229/239 [00:23<00:01,  9.58it/s][A

 97%|#########6| 231/239 [00:23<00:00, 10.20it/s][A

 97%|#########7| 233/239 [00:24<00:00, 10.21it/s][A

 98%|#########8| 235/239 [00:24<00:00, 10.72it/s][A

 99%|#########9| 237/239 [00:24<00:00, 10.73it/s][A

100%|##########| 239/239 [00:24<00:00, 10.36it/s][A
                                                   


                                                 
[A
100%|##########| 2000/2000 [31:43<00:00,  1.31it/s]

100%|##########| 239/239 [00:24<00:00, 10.36it/s][A

{'eval_loss': '2.945', 'eval_runtime': '24.83', 'eval_samples_per_second': '38.49', 'eval_steps_per_second': '9.624', 'epoch': '0.3418'}
                                                 [A

Writing model shards:   0%|          | 0/1 [00:00<?, ?it/s][A

Writing model shards: 100%|##########| 1/1 [00:00<00:00,  1.50it/s][A
Writing model shards: 100%|##########| 1/1 [00:00<00:00,  1.50it/s]

                                                   

100%|##########| 2000/2000 [31:45<00:00,  1.31it/s][transformers] There were missing keys in the checkpoint model loaded: ['lm_head.weight'].

100%|##########| 2000/2000 [31:46<00:00,  1.05it/s]
{'train_runtime': '1906', 'train_samples_per_second': '8.396', 'train_steps_per_second': '1.049', 'train_loss': '3.613', 'epoch': '0.3418'}

Writing model shards:   0%|          | 0/1 [00:00<?, ?it/s]
Writing model shards: 100%|##########| 1/1 [00:00<00:00,  1.56it/s]
Writing model shards: 100%|##########| 1/1 [00:00<00:00,  1.56it/s]

  0%|          | 0/239 [00:00<?, ?it/s]
  1%|          | 2/239 [00:00<00:21, 11.01it/s]
  2%|1         | 4/239 [00:00<00:23, 10.03it/s]
  3%|2         | 6/239 [00:00<00:22, 10.26it/s]
  3%|3         | 8/239 [00:00<00:22, 10.40it/s]
  4%|4         | 10/239 [00:00<00:22, 10.08it/s]
  5%|5         | 12/239 [00:01<00:22,  9.90it/s]
  6%|5         | 14/239 [00:01<00:21, 10.45it/s]
  7%|6         | 16/239 [00:01<00:21, 10.47it/s]
  8%|7         | 18/239 [00:01<00:20, 10.96it/s]
  8%|8         | 20/239 [00:01<00:20, 10.85it/s]
  9%|9         | 22/239 [00:02<00:19, 10.94it/s]
 10%|#         | 24/239 [00:02<00:19, 10.89it/s]
 11%|#         | 26/239 [00:02<00:19, 10.78it/s]
 12%|#1        | 28/239 [00:02<00:19, 10.66it/s]
 13%|#2        | 30/239 [00:02<00:19, 10.64it/s]
 13%|#3        | 32/239 [00:03<00:19, 10.69it/s]
 14%|#4        | 34/239 [00:03<00:19, 10.75it/s]
 15%|#5        | 36/239 [00:03<00:19, 10.53it/s]
 16%|#5        | 38/239 [00:03<00:18, 10.74it/s]
 17%|#6        | 40/239 [00:03<00:18, 10.86it/s]
 18%|#7        | 42/239 [00:03<00:17, 10.98it/s]
 18%|#8        | 44/239 [00:04<00:17, 11.38it/s]
 19%|#9        | 46/239 [00:04<00:17, 11.24it/s]
 20%|##        | 48/239 [00:04<00:16, 11.36it/s]
 21%|##        | 50/239 [00:04<00:16, 11.57it/s]
 22%|##1       | 52/239 [00:04<00:16, 11.35it/s]
 23%|##2       | 54/239 [00:05<00:18, 10.15it/s]
 23%|##3       | 56/239 [00:05<00:17, 10.32it/s]
 24%|##4       | 58/239 [00:05<00:17, 10.47it/s]
 25%|##5       | 60/239 [00:05<00:16, 10.98it/s]
 26%|##5       | 62/239 [00:05<00:15, 11.26it/s]
 27%|##6       | 64/239 [00:05<00:15, 11.48it/s]
 28%|##7       | 66/239 [00:06<00:15, 10.90it/s]
 28%|##8       | 68/239 [00:06<00:15, 10.91it/s]
 29%|##9       | 70/239 [00:06<00:14, 11.63it/s]
 30%|###       | 72/239 [00:06<00:14, 11.73it/s]
 31%|###       | 74/239 [00:06<00:13, 12.14it/s]
 32%|###1      | 76/239 [00:06<00:13, 12.06it/s]
 33%|###2      | 78/239 [00:07<00:13, 11.70it/s]
 33%|###3      | 80/239 [00:07<00:13, 12.07it/s]
 34%|###4      | 82/239 [00:07<00:13, 11.65it/s]
 35%|###5      | 84/239 [00:07<00:13, 11.64it/s]
 36%|###5      | 86/239 [00:07<00:12, 11.85it/s]
 37%|###6      | 88/239 [00:07<00:12, 11.99it/s]
 38%|###7      | 90/239 [00:08<00:12, 11.72it/s]
 38%|###8      | 92/239 [00:08<00:12, 12.08it/s]
 39%|###9      | 94/239 [00:08<00:12, 11.40it/s]
 40%|####      | 96/239 [00:08<00:12, 11.38it/s]
 41%|####1     | 98/239 [00:08<00:12, 11.31it/s]
 42%|####1     | 100/239 [00:09<00:12, 11.29it/s]
 43%|####2     | 102/239 [00:09<00:12, 11.31it/s]
 44%|####3     | 104/239 [00:09<00:11, 11.54it/s]
 44%|####4     | 106/239 [00:09<00:11, 11.64it/s]
 45%|####5     | 108/239 [00:09<00:11, 11.50it/s]
 46%|####6     | 110/239 [00:09<00:11, 10.77it/s]
 47%|####6     | 112/239 [00:10<00:12, 10.23it/s]
 48%|####7     | 114/239 [00:10<00:12, 10.04it/s]
 49%|####8     | 116/239 [00:10<00:12,  9.97it/s]
 49%|####9     | 118/239 [00:10<00:12,  9.80it/s]
 50%|####9     | 119/239 [00:10<00:12,  9.75it/s]
 50%|#####     | 120/239 [00:10<00:12,  9.50it/s]
 51%|#####     | 121/239 [00:11<00:12,  9.30it/s]
 51%|#####1    | 122/239 [00:11<00:12,  9.31it/s]
 51%|#####1    | 123/239 [00:11<00:12,  9.48it/s]
 52%|#####1    | 124/239 [00:11<00:12,  9.54it/s]
 53%|#####2    | 126/239 [00:11<00:11,  9.57it/s]
 53%|#####3    | 127/239 [00:11<00:11,  9.64it/s]
 54%|#####3    | 129/239 [00:11<00:11,  9.82it/s]
 55%|#####4    | 131/239 [00:12<00:11,  9.77it/s]
 55%|#####5    | 132/239 [00:12<00:11,  9.70it/s]
 56%|#####5    | 133/239 [00:12<00:10,  9.67it/s]
 56%|#####6    | 134/239 [00:12<00:10,  9.71it/s]
 57%|#####6    | 136/239 [00:12<00:10, 10.24it/s]
 58%|#####7    | 138/239 [00:12<00:09, 10.11it/s]
 59%|#####8    | 140/239 [00:13<00:10,  9.83it/s]
 59%|#####8    | 141/239 [00:13<00:10,  9.57it/s]
 59%|#####9    | 142/239 [00:13<00:10,  9.21it/s]
 60%|#####9    | 143/239 [00:13<00:10,  9.08it/s]
 60%|######    | 144/239 [00:13<00:10,  8.67it/s]
 61%|######    | 145/239 [00:13<00:11,  8.26it/s]
 61%|######1   | 146/239 [00:13<00:11,  8.08it/s]
 62%|######1   | 147/239 [00:13<00:11,  8.08it/s]
 62%|######1   | 148/239 [00:14<00:11,  7.91it/s]
 62%|######2   | 149/239 [00:14<00:11,  7.86it/s]
 63%|######2   | 150/239 [00:14<00:11,  7.77it/s]
 63%|######3   | 151/239 [00:14<00:11,  7.71it/s]
 64%|######3   | 152/239 [00:14<00:11,  7.63it/s]
 64%|######4   | 153/239 [00:14<00:11,  7.69it/s]
 64%|######4   | 154/239 [00:14<00:10,  7.97it/s]
 65%|######4   | 155/239 [00:14<00:10,  8.11it/s]
 65%|######5   | 156/239 [00:15<00:09,  8.48it/s]
 66%|######5   | 157/239 [00:15<00:09,  8.66it/s]
 66%|######6   | 158/239 [00:15<00:09,  8.60it/s]
 67%|######6   | 159/239 [00:15<00:09,  8.84it/s]
 67%|######7   | 161/239 [00:15<00:08,  9.25it/s]
 68%|######7   | 162/239 [00:15<00:08,  9.43it/s]
 68%|######8   | 163/239 [00:15<00:08,  9.30it/s]
 69%|######8   | 164/239 [00:15<00:08,  9.00it/s]
 69%|######9   | 165/239 [00:16<00:08,  8.88it/s]
 69%|######9   | 166/239 [00:16<00:08,  8.46it/s]
 70%|######9   | 167/239 [00:16<00:08,  8.49it/s]
 70%|#######   | 168/239 [00:16<00:08,  8.45it/s]
 71%|#######   | 169/239 [00:16<00:08,  8.44it/s]
 71%|#######1  | 170/239 [00:16<00:08,  8.51it/s]
 72%|#######1  | 171/239 [00:16<00:07,  8.60it/s]
 72%|#######1  | 172/239 [00:16<00:08,  7.79it/s]
 72%|#######2  | 173/239 [00:17<00:08,  7.81it/s]
 73%|#######2  | 174/239 [00:17<00:08,  7.78it/s]
 73%|#######3  | 175/239 [00:17<00:08,  7.70it/s]
 74%|#######3  | 176/239 [00:17<00:08,  7.74it/s]
 74%|#######4  | 177/239 [00:17<00:08,  7.34it/s]
 74%|#######4  | 178/239 [00:17<00:07,  7.76it/s]
 75%|#######4  | 179/239 [00:17<00:07,  7.77it/s]
 75%|#######5  | 180/239 [00:17<00:07,  7.71it/s]
 76%|#######5  | 181/239 [00:18<00:07,  7.71it/s]
 76%|#######6  | 182/239 [00:18<00:06,  8.25it/s]
 77%|#######6  | 183/239 [00:18<00:06,  8.09it/s]
 77%|#######6  | 184/239 [00:18<00:06,  7.98it/s]
 77%|#######7  | 185/239 [00:18<00:06,  8.24it/s]
 78%|#######7  | 186/239 [00:18<00:06,  8.20it/s]
 78%|#######8  | 187/239 [00:18<00:06,  8.59it/s]
 79%|#######8  | 188/239 [00:18<00:05,  8.63it/s]
 79%|#######9  | 189/239 [00:18<00:05,  8.62it/s]
 79%|#######9  | 190/239 [00:19<00:05,  8.65it/s]
 80%|#######9  | 191/239 [00:19<00:05,  8.96it/s]
 80%|########  | 192/239 [00:19<00:05,  9.19it/s]
 81%|########  | 193/239 [00:19<00:04,  9.23it/s]
 81%|########1 | 194/239 [00:19<00:04,  9.12it/s]
 82%|########1 | 195/239 [00:19<00:04,  8.98it/s]
 82%|########2 | 196/239 [00:19<00:05,  8.02it/s]
 82%|########2 | 197/239 [00:19<00:05,  7.92it/s]
 83%|########2 | 198/239 [00:20<00:05,  7.89it/s]
 83%|########3 | 199/239 [00:20<00:05,  7.70it/s]
 84%|########3 | 200/239 [00:20<00:05,  7.64it/s]
 84%|########4 | 201/239 [00:20<00:05,  7.56it/s]
 85%|########4 | 202/239 [00:20<00:04,  7.87it/s]
 85%|########4 | 203/239 [00:20<00:04,  8.16it/s]
 85%|########5 | 204/239 [00:20<00:04,  7.91it/s]
 86%|########5 | 205/239 [00:20<00:04,  7.94it/s]
 86%|########6 | 206/239 [00:21<00:04,  7.97it/s]
 87%|########6 | 207/239 [00:21<00:03,  8.02it/s]
 87%|########7 | 209/239 [00:21<00:03,  8.66it/s]
 88%|########7 | 210/239 [00:21<00:03,  8.84it/s]
 89%|########8 | 212/239 [00:21<00:02,  9.49it/s]
 90%|########9 | 214/239 [00:21<00:02,  9.87it/s]
 90%|######### | 216/239 [00:22<00:02, 10.36it/s]
 91%|#########1| 218/239 [00:22<00:01, 10.98it/s]
 92%|#########2| 220/239 [00:22<00:01, 10.09it/s]
 93%|#########2| 222/239 [00:22<00:01, 10.32it/s]
 94%|#########3| 224/239 [00:22<00:01, 10.05it/s]
 95%|#########4| 226/239 [00:23<00:01,  9.23it/s]
 95%|#########5| 228/239 [00:23<00:01,  9.50it/s]
 96%|#########6| 230/239 [00:23<00:00,  9.53it/s]
 97%|#########6| 231/239 [00:23<00:00,  9.58it/s]
 97%|#########7| 233/239 [00:23<00:00, 10.06it/s]
 98%|#########8| 235/239 [00:24<00:00,  9.41it/s]
 99%|#########8| 236/239 [00:24<00:00,  9.44it/s]
100%|#########9| 238/239 [00:24<00:00, 10.03it/s]
100%|##########| 239/239 [00:24<00:00,  9.78it/s]
[final] summary: {"phase": "kd-t2p-baseline", "params_m": 100.68, "best_eval_loss": 2.9452691078186035, "best_checkpoint": "E:\\python projects\\nano_SLMs\\runs\\kd-t2p-baseline\\checkpoint-2000", "final_eval": {"eval_loss": 2.9452691078186035, "eval_runtime": 24.5393, "eval_samples_per_second": 38.958, "eval_steps_per_second": 9.739, "epoch": 0.3417927027257968}, "resumed_from": null, "env": {"timestamp_utc": "2026-09-09T09:46:43+00:00", "python": "3.12.9", "platform": "Windows-11-10.0.26200-SP0", "torch": "2.14.0+cu126", "transformers": "5.16.1", "tokenizers": "0.23.2", "datasets": "5.0.1", "accelerate": "1.14.0", "peft": "0.20.0", "bitsandbytes": "0.50.2", "git_commit": "132fc58", "gpu": "Quadro RTX 4000, 8192 MiB", "resolved_config": {"name": "kd-t2p-baseline", "tokenizer": {"name": "codellama/CodeLlama-7b-hf", "vocab_size": 32768}, "model": {"layers": 12, "hidden": 768, "heads": 12, "kv_heads": 4, "ffn": 2048, "ctx": 1024, "dropout": 0.0, "tie_embeddings": true}, "data": {"raw_dir": "data/target/raw", "tokens_dir": "data/target/tokens"}, "train": {"output_dir": "runs/kd-t2p-baseline", "final_dir": "runs/kd-t2p-baseline/final", "max_steps": 2000, "batch": 4, "eval_batch": 4, "accum": 2, "lr": 0.0004, "scheduler": "cosine", "warmup_steps": 100, "weight_decay": 0.1, "max_grad_norm": 1.0, "logging_steps": 25, "eval_steps": 100, "save_steps": 100, "save_total_limit": 3, "fp16": true, "grad_ckpt": true, "optim": "adamw_bnb_8bit", "dataloader_num_workers": 0, "seed": 42}, "eval": {"max_new_tokens": 64, "prompts": ["def fibonacci(n):"]}}}}
