W0909 14:06:49.204000 33804 .venv\Lib\site-packages\torch\utils\flop_counter.py:113] triton not found; flop counting will not work for triton kernels
[kd] blocks: train=46811 val=956 seq_len=1024

Loading weights:   0%|          | 0/146 [00:00<?, ?it/s]
Loading weights: 100%|##########| 146/146 [00:00<00:00, 5215.42it/s]
[kd] student=100.7M teacher=226.5M tau=1.0 alpha=0.5 skew=0.1 device=cuda

  0%|          | 0/2000 [00:00<?, ?it/s]
  0%|          | 1/2000 [00:01<1:06:20,  1.99s/it]
  0%|          | 2/2000 [00:03<58:00,  1.74s/it]  
  0%|          | 3/2000 [00:05<55:32,  1.67s/it]
  0%|          | 4/2000 [00:06<54:24,  1.64s/it]
  0%|          | 5/2000 [00:08<53:53,  1.62s/it]
  0%|          | 6/2000 [00:09<53:30,  1.61s/it]
  0%|          | 7/2000 [00:11<53:22,  1.61s/it]
  0%|          | 8/2000 [00:13<53:18,  1.61s/it]
  0%|          | 9/2000 [00:14<53:19,  1.61s/it]
  0%|          | 10/2000 [00:16<53:18,  1.61s/it]
  1%|          | 11/2000 [00:17<53:21,  1.61s/it]
  1%|          | 12/2000 [00:19<53:21,  1.61s/it]
  1%|          | 13/2000 [00:21<53:29,  1.62s/it]
  1%|          | 14/2000 [00:22<53:33,  1.62s/it]
  1%|          | 15/2000 [00:24<53:50,  1.63s/it]
  1%|          | 16/2000 [00:26<54:32,  1.65s/it]
  1%|          | 17/2000 [00:27<54:40,  1.65s/it]
  1%|          | 18/2000 [00:29<54:40,  1.66s/it]
  1%|          | 19/2000 [00:31<54:36,  1.65s/it]
  1%|1         | 20/2000 [00:32<54:56,  1.67s/it]
  1%|1         | 21/2000 [00:34<55:16,  1.68s/it]
  1%|1         | 22/2000 [00:36<55:58,  1.70s/it]
  1%|1         | 23/2000 [00:38<56:30,  1.71s/it]
  1%|1         | 24/2000 [00:39<56:45,  1.72s/it]
  1%|1         | 25/2000 [00:41<56:57,  1.73s/it]
                                                 

  1%|1         | 25/2000 [00:41<56:57,  1.73s/it]
  1%|1         | 26/2000 [00:43<57:08,  1.74s/it]
  1%|1         | 27/2000 [00:45<57:04,  1.74s/it]
  1%|1         | 28/2000 [00:46<57:14,  1.74s/it]
  1%|1         | 29/2000 [00:48<57:23,  1.75s/it]
  2%|1         | 30/2000 [00:50<57:09,  1.74s/it]
  2%|1         | 31/2000 [00:51<56:45,  1.73s/it]
  2%|1         | 32/2000 [00:53<56:21,  1.72s/it]
  2%|1         | 33/2000 [00:55<56:12,  1.71s/it]
  2%|1         | 34/2000 [00:57<56:21,  1.72s/it]
  2%|1         | 35/2000 [00:58<57:05,  1.74s/it]
  2%|1         | 36/2000 [01:00<57:01,  1.74s/it]
  2%|1         | 37/2000 [01:02<56:59,  1.74s/it]
  2%|1         | 38/2000 [01:04<57:16,  1.75s/it]
  2%|1         | 39/2000 [01:05<56:54,  1.74s/it]
  2%|2         | 40/2000 [01:07<57:02,  1.75s/it]
  2%|2         | 41/2000 [01:09<57:15,  1.75s/it]
  2%|2         | 42/2000 [01:11<57:12,  1.75s/it]
  2%|2         | 43/2000 [01:12<57:23,  1.76s/it]
  2%|2         | 44/2000 [01:14<58:59,  1.81s/it]
  2%|2         | 45/2000 [01:16<58:24,  1.79s/it]
  2%|2         | 46/2000 [01:18<57:56,  1.78s/it]
  2%|2         | 47/2000 [01:20<57:54,  1.78s/it]
  2%|2         | 48/2000 [01:21<58:40,  1.80s/it]
  2%|2         | 49/2000 [01:23<58:41,  1.80s/it]
  2%|2         | 50/2000 [01:25<59:03,  1.82s/it]
                                                 

  2%|2         | 50/2000 [01:25<59:03,  1.82s/it]
  3%|2         | 51/2000 [01:27<58:50,  1.81s/it]
  3%|2         | 52/2000 [01:32<1:27:31,  2.70s/it]
  3%|2         | 53/2000 [01:41<2:35:14,  4.78s/it]
  3%|2         | 54/2000 [01:51<3:21:45,  6.22s/it]
  3%|2         | 55/2000 [02:00<3:54:10,  7.22s/it]
  3%|2         | 56/2000 [02:10<4:16:40,  7.92s/it]
  3%|2         | 57/2000 [02:16<4:01:11,  7.45s/it]
  3%|2         | 58/2000 [02:18<3:04:08,  5.69s/it]
  3%|2         | 59/2000 [02:20<2:24:13,  4.46s/it]
  3%|3         | 60/2000 [02:21<1:56:27,  3.60s/it]
  3%|3         | 61/2000 [02:23<1:37:00,  3.00s/it]
  3%|3         | 62/2000 [02:24<1:23:31,  2.59s/it]
  3%|3         | 63/2000 [02:26<1:14:01,  2.29s/it]
  3%|3         | 64/2000 [02:28<1:07:25,  2.09s/it]
  3%|3         | 65/2000 [02:29<1:02:57,  1.95s/it]
  3%|3         | 66/2000 [02:31<1:00:02,  1.86s/it]
  3%|3         | 67/2000 [02:33<58:24,  1.81s/it]  
  3%|3         | 68/2000 [02:34<56:56,  1.77s/it]
  3%|3         | 69/2000 [02:36<55:56,  1.74s/it]
  4%|3         | 70/2000 [02:38<55:10,  1.72s/it]
  4%|3         | 71/2000 [02:39<54:40,  1.70s/it]
  4%|3         | 72/2000 [02:41<54:16,  1.69s/it]
  4%|3         | 73/2000 [02:43<54:08,  1.69s/it]
  4%|3         | 74/2000 [02:44<54:03,  1.68s/it]
  4%|3         | 75/2000 [02:46<53:57,  1.68s/it]
                                                 

  4%|3         | 75/2000 [02:46<53:57,  1.68s/it]
  4%|3         | 76/2000 [02:48<53:53,  1.68s/it]
  4%|3         | 77/2000 [02:49<53:53,  1.68s/it]
  4%|3         | 78/2000 [02:51<54:06,  1.69s/it]
  4%|3         | 79/2000 [02:53<54:43,  1.71s/it]
  4%|4         | 80/2000 [02:55<55:37,  1.74s/it]
  4%|4         | 81/2000 [02:56<55:49,  1.75s/it]
  4%|4         | 82/2000 [02:58<56:13,  1.76s/it]
  4%|4         | 83/2000 [03:00<57:15,  1.79s/it]
  4%|4         | 84/2000 [03:02<57:19,  1.80s/it]
  4%|4         | 85/2000 [03:04<57:28,  1.80s/it]
  4%|4         | 86/2000 [03:05<57:32,  1.80s/it]
  4%|4         | 87/2000 [03:07<57:28,  1.80s/it]
  4%|4         | 88/2000 [03:09<57:57,  1.82s/it]
  4%|4         | 89/2000 [03:11<58:13,  1.83s/it]
  4%|4         | 90/2000 [03:13<57:46,  1.81s/it]
  5%|4         | 91/2000 [03:15<57:43,  1.81s/it]
  5%|4         | 92/2000 [03:16<58:11,  1.83s/it]
  5%|4         | 93/2000 [03:18<58:12,  1.83s/it]
  5%|4         | 94/2000 [03:20<57:52,  1.82s/it]
  5%|4         | 95/2000 [03:22<57:36,  1.81s/it]
  5%|4         | 96/2000 [03:24<57:18,  1.81s/it]
  5%|4         | 97/2000 [03:25<57:07,  1.80s/it]
  5%|4         | 98/2000 [03:27<58:07,  1.83s/it]
  5%|4         | 99/2000 [03:29<59:34,  1.88s/it]
  5%|5         | 100/2000 [03:31<1:00:12,  1.90s/it]
                                                    

{'loss': '11.48', 'grad_norm': '2.517', 'learning_rate': '9.6e-05', 'epoch': '0.004272'}
{'loss': '9.216', 'grad_norm': '2.785', 'learning_rate': '0.000196', 'epoch': '0.008545'}
{'loss': '8.048', 'grad_norm': '1.455', 'learning_rate': '0.000296', 'epoch': '0.01282'}
{'loss': '7.546', 'grad_norm': '1.381', 'learning_rate': '0.000396', 'epoch': '0.01709'}
  5%|5         | 100/2000 [03:31<1:00:12,  1.90s/it]

  0%|          | 0/239 [00:00<?, ?it/s][A

  1%|          | 2/239 [00:00<00:15, 15.73it/s][A

  2%|1         | 4/239 [00:00<00:23, 10.07it/s][A

  3%|2         | 6/239 [00:00<00:25,  9.14it/s][A

  3%|2         | 7/239 [00:00<00:26,  8.77it/s][A

  3%|3         | 8/239 [00:00<00:26,  8.74it/s][A

  4%|3         | 9/239 [00:00<00:27,  8.30it/s][A

  5%|4         | 11/239 [00:01<00:24,  9.13it/s][A

  5%|5         | 12/239 [00:01<00:25,  8.90it/s][A

  5%|5         | 13/239 [00:01<00:24,  9.05it/s][A

  6%|5         | 14/239 [00:01<00:24,  9.09it/s][A

  7%|6         | 16/239 [00:01<00:22, 10.09it/s][A

  8%|7         | 18/239 [00:01<00:22,  9.97it/s][A

  8%|7         | 19/239 [00:02<00:22,  9.63it/s][A

  9%|8         | 21/239 [00:02<00:21, 10.09it/s][A

  9%|9         | 22/239 [00:02<00:21, 10.05it/s][A

 10%|9         | 23/239 [00:02<00:22,  9.61it/s][A

 10%|#         | 25/239 [00:02<00:20, 10.59it/s][A

 11%|#1        | 27/239 [00:02<00:19, 10.87it/s][A

 12%|#2        | 29/239 [00:02<00:19, 10.82it/s][A

 13%|#2        | 31/239 [00:03<00:18, 11.48it/s][A

 14%|#3        | 33/239 [00:03<00:18, 11.28it/s][A

 15%|#4        | 35/239 [00:03<00:18, 11.20it/s][A

 15%|#5        | 37/239 [00:03<00:18, 11.16it/s][A

 16%|#6        | 39/239 [00:03<00:18, 10.84it/s][A

 17%|#7        | 41/239 [00:04<00:17, 11.17it/s][A

 18%|#7        | 43/239 [00:04<00:17, 11.43it/s][A

 19%|#8        | 45/239 [00:04<00:16, 11.60it/s][A

 20%|#9        | 47/239 [00:04<00:15, 12.27it/s][A

 21%|##        | 49/239 [00:04<00:15, 12.03it/s][A

 21%|##1       | 51/239 [00:04<00:16, 11.68it/s][A

 22%|##2       | 53/239 [00:04<00:15, 11.83it/s][A

 23%|##3       | 55/239 [00:05<00:15, 12.06it/s][A

 24%|##3       | 57/239 [00:05<00:15, 11.87it/s][A

 25%|##4       | 59/239 [00:05<00:14, 12.08it/s][A

 26%|##5       | 61/239 [00:05<00:14, 12.23it/s][A

 26%|##6       | 63/239 [00:05<00:14, 11.97it/s][A

 27%|##7       | 65/239 [00:05<00:14, 12.17it/s][A

 28%|##8       | 67/239 [00:06<00:14, 11.99it/s][A

 29%|##8       | 69/239 [00:06<00:13, 12.53it/s][A

 30%|##9       | 71/239 [00:06<00:13, 12.55it/s][A

 31%|###       | 73/239 [00:06<00:13, 12.19it/s][A

 31%|###1      | 75/239 [00:06<00:14, 11.36it/s][A

 32%|###2      | 77/239 [00:07<00:15, 10.26it/s][A

 33%|###3      | 79/239 [00:07<00:16,  9.75it/s][A

 34%|###3      | 81/239 [00:07<00:15, 10.10it/s][A

 35%|###4      | 83/239 [00:07<00:14, 10.78it/s][A

 36%|###5      | 85/239 [00:07<00:14, 10.81it/s][A

 36%|###6      | 87/239 [00:07<00:13, 11.16it/s][A

 37%|###7      | 89/239 [00:08<00:13, 11.37it/s][A

 38%|###8      | 91/239 [00:08<00:12, 11.61it/s][A

 39%|###8      | 93/239 [00:08<00:12, 11.57it/s][A

 40%|###9      | 95/239 [00:08<00:12, 11.26it/s][A

 41%|####      | 97/239 [00:08<00:12, 11.03it/s][A

 41%|####1     | 99/239 [00:09<00:12, 11.43it/s][A

 42%|####2     | 101/239 [00:09<00:12, 11.15it/s][A

 43%|####3     | 103/239 [00:09<00:12, 10.85it/s][A

 44%|####3     | 105/239 [00:09<00:12, 10.88it/s][A

 45%|####4     | 107/239 [00:09<00:12, 10.40it/s][A

 46%|####5     | 109/239 [00:10<00:12, 10.06it/s][A

 46%|####6     | 111/239 [00:10<00:12,  9.97it/s][A

 47%|####7     | 113/239 [00:10<00:12, 10.03it/s][A

 48%|####8     | 115/239 [00:10<00:11, 10.49it/s][A

 49%|####8     | 117/239 [00:10<00:12,  9.80it/s][A

 49%|####9     | 118/239 [00:10<00:12,  9.63it/s][A

 50%|#####     | 120/239 [00:11<00:12,  9.91it/s][A

 51%|#####     | 121/239 [00:11<00:12,  9.41it/s][A

 51%|#####1    | 122/239 [00:11<00:12,  9.38it/s][A

 52%|#####1    | 124/239 [00:11<00:11,  9.71it/s][A

 53%|#####2    | 126/239 [00:11<00:11,  9.71it/s][A

 53%|#####3    | 127/239 [00:11<00:12,  9.30it/s][A

 54%|#####3    | 128/239 [00:12<00:12,  9.07it/s][A

 54%|#####3    | 129/239 [00:12<00:12,  9.11it/s][A

 54%|#####4    | 130/239 [00:12<00:11,  9.24it/s][A

 55%|#####4    | 131/239 [00:12<00:12,  8.97it/s][A

 56%|#####5    | 133/239 [00:12<00:11,  9.26it/s][A

 56%|#####6    | 134/239 [00:12<00:11,  9.11it/s][A

 56%|#####6    | 135/239 [00:12<00:11,  9.12it/s][A

 57%|#####7    | 137/239 [00:12<00:10,  9.84it/s][A

 58%|#####8    | 139/239 [00:13<00:09, 10.15it/s][A

 59%|#####8    | 141/239 [00:13<00:08, 11.13it/s][A

 60%|#####9    | 143/239 [00:13<00:09, 10.63it/s][A

 61%|######    | 145/239 [00:13<00:08, 10.79it/s][A

 62%|######1   | 147/239 [00:13<00:08, 11.45it/s][A

 62%|######2   | 149/239 [00:13<00:07, 11.78it/s][A

 63%|######3   | 151/239 [00:14<00:07, 12.40it/s][A

 64%|######4   | 153/239 [00:14<00:07, 12.11it/s][A

 65%|######4   | 155/239 [00:14<00:06, 12.16it/s][A

 66%|######5   | 157/239 [00:14<00:06, 12.78it/s][A

 67%|######6   | 159/239 [00:14<00:06, 11.97it/s][A

 67%|######7   | 161/239 [00:14<00:06, 11.59it/s][A

 68%|######8   | 163/239 [00:15<00:06, 11.31it/s][A

 69%|######9   | 165/239 [00:15<00:07, 10.44it/s][A

 70%|######9   | 167/239 [00:15<00:07, 10.03it/s][A

 71%|#######   | 169/239 [00:15<00:06, 10.08it/s][A

 72%|#######1  | 171/239 [00:16<00:07,  9.23it/s][A

 72%|#######2  | 173/239 [00:16<00:07,  9.38it/s][A

 73%|#######2  | 174/239 [00:16<00:06,  9.47it/s][A

 73%|#######3  | 175/239 [00:16<00:06,  9.57it/s][A

 74%|#######3  | 176/239 [00:16<00:06,  9.65it/s][A

 74%|#######4  | 178/239 [00:16<00:05, 10.54it/s][A

 75%|#######5  | 180/239 [00:16<00:05, 10.09it/s][A

 76%|#######6  | 182/239 [00:17<00:05,  9.55it/s][A

 77%|#######6  | 184/239 [00:17<00:05,  9.80it/s][A

 78%|#######7  | 186/239 [00:17<00:05,  9.94it/s][A

 79%|#######8  | 188/239 [00:17<00:04, 10.53it/s][A

 79%|#######9  | 190/239 [00:17<00:04, 10.59it/s][A

 80%|########  | 192/239 [00:18<00:04, 10.80it/s][A

 81%|########1 | 194/239 [00:18<00:04, 10.78it/s][A

 82%|########2 | 196/239 [00:18<00:03, 11.22it/s][A

 83%|########2 | 198/239 [00:18<00:03, 11.31it/s][A

 84%|########3 | 200/239 [00:18<00:03, 10.52it/s][A

 85%|########4 | 202/239 [00:19<00:03, 10.80it/s][A

 85%|########5 | 204/239 [00:19<00:03, 10.99it/s][A

 86%|########6 | 206/239 [00:19<00:03, 10.85it/s][A

 87%|########7 | 208/239 [00:19<00:02, 10.48it/s][A

 88%|########7 | 210/239 [00:19<00:02, 10.00it/s][A

 89%|########8 | 212/239 [00:20<00:02,  9.92it/s][A

 89%|########9 | 213/239 [00:20<00:02,  9.93it/s][A

 90%|########9 | 214/239 [00:20<00:02,  9.43it/s][A

 90%|########9 | 215/239 [00:20<00:02,  8.88it/s][A

 90%|######### | 216/239 [00:20<00:02,  8.26it/s][A

 91%|######### | 217/239 [00:20<00:02,  8.01it/s][A

 91%|#########1| 218/239 [00:20<00:02,  8.32it/s][A

 92%|#########1| 219/239 [00:20<00:02,  8.43it/s][A

 92%|#########2| 220/239 [00:20<00:02,  8.70it/s][A

 92%|#########2| 221/239 [00:21<00:02,  8.53it/s][A

 93%|#########2| 222/239 [00:21<00:01,  8.66it/s][A

 93%|#########3| 223/239 [00:21<00:01,  8.79it/s][A

 94%|#########3| 224/239 [00:21<00:01,  9.10it/s][A

 95%|#########4| 226/239 [00:21<00:01,  9.65it/s][A

 95%|#########5| 228/239 [00:21<00:01, 10.01it/s][A

 96%|#########5| 229/239 [00:21<00:01,  9.88it/s][A

 96%|#########6| 230/239 [00:22<00:00,  9.72it/s][A

 97%|#########6| 231/239 [00:22<00:00,  9.46it/s][A

 97%|#########7| 232/239 [00:22<00:00,  9.18it/s][A

 97%|#########7| 233/239 [00:22<00:00,  8.55it/s][A

 98%|#########7| 234/239 [00:22<00:00,  8.37it/s][A

 98%|#########8| 235/239 [00:22<00:00,  8.44it/s][A

 99%|#########8| 236/239 [00:22<00:00,  8.38it/s][A

 99%|#########9| 237/239 [00:22<00:00,  7.81it/s][A

100%|#########9| 238/239 [00:23<00:00,  8.06it/s][A

100%|##########| 239/239 [00:23<00:00,  8.23it/s][A
                                                    


                                                 
[A
  5%|5         | 100/2000 [03:55<1:00:12,  1.90s/it]

100%|##########| 239/239 [00:23<00:00,  8.23it/s][A

{'eval_loss': '5.612', 'eval_runtime': '23.27', 'eval_samples_per_second': '41.09', 'eval_steps_per_second': '10.27', 'epoch': '0.01709'}
                                                 [A

Writing model shards:   0%|          | 0/1 [00:00<?, ?it/s][A

Writing model shards: 100%|##########| 1/1 [00:00<00:00,  1.36it/s][A
Writing model shards: 100%|##########| 1/1 [00:00<00:00,  1.36it/s]

  5%|5         | 101/2000 [03:58<4:55:37,  9.34s/it]
  5%|5         | 102/2000 [04:00<3:43:11,  7.06s/it]
  5%|5         | 103/2000 [04:01<2:52:36,  5.46s/it]
  5%|5         | 104/2000 [04:03<2:17:24,  4.35s/it]
  5%|5         | 105/2000 [04:05<1:53:26,  3.59s/it]
  5%|5         | 106/2000 [04:07<1:36:23,  3.05s/it]
  5%|5         | 107/2000 [04:09<1:24:48,  2.69s/it]
  5%|5         | 108/2000 [04:10<1:16:51,  2.44s/it]
  5%|5         | 109/2000 [04:12<1:11:22,  2.26s/it]
  6%|5         | 110/2000 [04:14<1:06:58,  2.13s/it]
  6%|5         | 111/2000 [04:16<1:03:55,  2.03s/it]
  6%|5         | 112/2000 [04:18<1:02:58,  2.00s/it]
  6%|5         | 113/2000 [04:20<1:01:58,  1.97s/it]
  6%|5         | 114/2000 [04:22<1:01:23,  1.95s/it]
  6%|5         | 115/2000 [04:23<1:00:05,  1.91s/it]
  6%|5         | 116/2000 [04:25<59:11,  1.89s/it]  
  6%|5         | 117/2000 [04:27<58:52,  1.88s/it]
  6%|5         | 118/2000 [04:29<58:33,  1.87s/it]
  6%|5         | 119/2000 [04:31<58:36,  1.87s/it]
  6%|6         | 120/2000 [04:33<58:20,  1.86s/it]
  6%|6         | 121/2000 [04:35<58:19,  1.86s/it]
  6%|6         | 122/2000 [04:36<58:20,  1.86s/it]
  6%|6         | 123/2000 [04:38<59:16,  1.89s/it]
  6%|6         | 124/2000 [04:40<1:00:15,  1.93s/it]
  6%|6         | 125/2000 [04:42<59:55,  1.92s/it]  
                                                  

  6%|6         | 125/2000 [04:42<59:55,  1.92s/it]
  6%|6         | 126/2000 [04:44<59:49,  1.92s/it]
  6%|6         | 127/2000 [04:46<59:16,  1.90s/it]
  6%|6         | 128/2000 [04:48<58:57,  1.89s/it]
  6%|6         | 129/2000 [04:50<58:08,  1.86s/it]
  6%|6         | 130/2000 [04:52<59:46,  1.92s/it]
  7%|6         | 131/2000 [04:54<58:57,  1.89s/it]
  7%|6         | 132/2000 [04:55<58:10,  1.87s/it]
  7%|6         | 133/2000 [04:57<58:52,  1.89s/it]
  7%|6         | 134/2000 [04:59<58:43,  1.89s/it]
  7%|6         | 135/2000 [05:01<1:00:57,  1.96s/it]
  7%|6         | 136/2000 [05:03<59:54,  1.93s/it]  
  7%|6         | 137/2000 [05:05<1:01:25,  1.98s/it]
  7%|6         | 138/2000 [05:07<1:02:20,  2.01s/it]
  7%|6         | 139/2000 [05:09<1:01:34,  1.99s/it]
  7%|7         | 140/2000 [05:11<1:00:56,  1.97s/it]
  7%|7         | 141/2000 [05:13<59:33,  1.92s/it]  
  7%|7         | 142/2000 [05:15<1:01:01,  1.97s/it]
  7%|7         | 143/2000 [05:17<1:02:40,  2.02s/it]
  7%|7         | 144/2000 [05:19<1:03:18,  2.05s/it]
  7%|7         | 145/2000 [05:22<1:04:47,  2.10s/it]
  7%|7         | 146/2000 [05:24<1:06:52,  2.16s/it]
  7%|7         | 147/2000 [05:26<1:06:01,  2.14s/it]
  7%|7         | 148/2000 [05:28<1:03:11,  2.05s/it]
  7%|7         | 149/2000 [05:30<1:03:07,  2.05s/it]
  8%|7         | 150/2000 [05:32<1:02:02,  2.01s/it]
                                                    

  8%|7         | 150/2000 [05:32<1:02:02,  2.01s/it]
  8%|7         | 151/2000 [05:34<1:01:38,  2.00s/it]
  8%|7         | 152/2000 [05:36<1:04:48,  2.10s/it]
  8%|7         | 153/2000 [05:39<1:07:45,  2.20s/it]
  8%|7         | 154/2000 [05:40<1:03:26,  2.06s/it]
  8%|7         | 155/2000 [05:42<1:03:12,  2.06s/it]
  8%|7         | 156/2000 [05:44<1:03:06,  2.05s/it]
  8%|7         | 157/2000 [05:47<1:03:06,  2.05s/it]
  8%|7         | 158/2000 [05:49<1:02:50,  2.05s/it]
  8%|7         | 159/2000 [05:50<1:01:36,  2.01s/it]
  8%|8         | 160/2000 [05:52<1:01:29,  2.01s/it]
  8%|8         | 161/2000 [05:54<1:00:49,  1.98s/it]
  8%|8         | 162/2000 [05:56<1:00:19,  1.97s/it]
  8%|8         | 163/2000 [05:58<1:01:34,  2.01s/it]
  8%|8         | 164/2000 [06:00<1:00:47,  1.99s/it]
  8%|8         | 165/2000 [06:02<1:01:33,  2.01s/it]
  8%|8         | 166/2000 [06:04<1:01:06,  2.00s/it]
  8%|8         | 167/2000 [06:06<1:01:42,  2.02s/it]
  8%|8         | 168/2000 [06:08<1:01:37,  2.02s/it]
  8%|8         | 169/2000 [06:10<1:01:17,  2.01s/it]
  8%|8         | 170/2000 [06:12<1:01:01,  2.00s/it]
  9%|8         | 171/2000 [06:14<1:00:50,  2.00s/it]
  9%|8         | 172/2000 [06:16<1:00:32,  1.99s/it]
  9%|8         | 173/2000 [06:18<1:00:36,  1.99s/it]
  9%|8         | 174/2000 [06:20<1:00:39,  1.99s/it]
  9%|8         | 175/2000 [06:22<1:01:25,  2.02s/it]
                                                    

  9%|8         | 175/2000 [06:22<1:01:25,  2.02s/it]
  9%|8         | 176/2000 [06:24<1:01:13,  2.01s/it]
  9%|8         | 177/2000 [06:27<1:02:40,  2.06s/it]
  9%|8         | 178/2000 [06:29<1:03:12,  2.08s/it]
  9%|8         | 179/2000 [06:31<1:02:08,  2.05s/it]
  9%|9         | 180/2000 [06:33<1:01:39,  2.03s/it]
  9%|9         | 181/2000 [06:35<1:01:19,  2.02s/it]
  9%|9         | 182/2000 [06:37<1:06:43,  2.20s/it]
  9%|9         | 183/2000 [06:39<1:03:32,  2.10s/it]
  9%|9         | 184/2000 [06:41<1:03:06,  2.09s/it]
  9%|9         | 185/2000 [06:43<1:02:52,  2.08s/it]
  9%|9         | 186/2000 [06:45<1:02:33,  2.07s/it]
  9%|9         | 187/2000 [06:47<1:02:19,  2.06s/it]
  9%|9         | 188/2000 [06:49<1:02:09,  2.06s/it]
  9%|9         | 189/2000 [06:52<1:02:09,  2.06s/it]
 10%|9         | 190/2000 [06:54<1:01:50,  2.05s/it]
 10%|9         | 191/2000 [06:56<1:02:45,  2.08s/it]
 10%|9         | 192/2000 [06:58<1:03:37,  2.11s/it]
 10%|9         | 193/2000 [07:00<1:02:16,  2.07s/it]
 10%|9         | 194/2000 [07:02<1:04:48,  2.15s/it]
 10%|9         | 195/2000 [07:04<1:05:02,  2.16s/it]
 10%|9         | 196/2000 [07:07<1:06:33,  2.21s/it]
 10%|9         | 197/2000 [07:09<1:04:24,  2.14s/it]
 10%|9         | 198/2000 [07:11<1:04:05,  2.13s/it]
 10%|9         | 199/2000 [07:13<1:02:53,  2.10s/it]
 10%|#         | 200/2000 [07:15<1:01:51,  2.06s/it]
                                                    

{'loss': '7.168', 'grad_norm': '1.378', 'learning_rate': '0.0003998', 'epoch': '0.02136'}
{'loss': '6.825', 'grad_norm': '1.485', 'learning_rate': '0.0003993', 'epoch': '0.02563'}
{'loss': '6.591', 'grad_norm': '1.388', 'learning_rate': '0.0003985', 'epoch': '0.02991'}
{'loss': '6.295', 'grad_norm': '1.444', 'learning_rate': '0.0003973', 'epoch': '0.03418'}
 10%|#         | 200/2000 [07:15<1:01:51,  2.06s/it]

  0%|          | 0/239 [00:00<?, ?it/s][A

  1%|          | 2/239 [00:00<00:14, 16.78it/s][A

  2%|1         | 4/239 [00:00<00:20, 11.66it/s][A

  3%|2         | 6/239 [00:00<00:19, 11.72it/s][A

  3%|3         | 8/239 [00:00<00:21, 10.69it/s][A

  4%|4         | 10/239 [00:00<00:20, 10.94it/s][A

  5%|5         | 12/239 [00:01<00:20, 11.05it/s][A

  6%|5         | 14/239 [00:01<00:19, 11.55it/s][A

  7%|6         | 16/239 [00:01<00:19, 11.35it/s][A

  8%|7         | 18/239 [00:01<00:19, 11.51it/s][A

  8%|8         | 20/239 [00:01<00:18, 11.69it/s][A

  9%|9         | 22/239 [00:01<00:19, 11.25it/s][A

 10%|#         | 24/239 [00:02<00:18, 11.60it/s][A

 11%|#         | 26/239 [00:02<00:17, 11.85it/s][A

 12%|#1        | 28/239 [00:02<00:18, 11.72it/s][A

 13%|#2        | 30/239 [00:02<00:17, 11.93it/s][A

 13%|#3        | 32/239 [00:02<00:17, 12.17it/s][A

 14%|#4        | 34/239 [00:02<00:16, 12.31it/s][A

 15%|#5        | 36/239 [00:03<00:16, 12.56it/s][A

 16%|#5        | 38/239 [00:03<00:15, 12.75it/s][A

 17%|#6        | 40/239 [00:03<00:15, 12.50it/s][A

 18%|#7        | 42/239 [00:03<00:15, 12.36it/s][A

 18%|#8        | 44/239 [00:03<00:15, 12.31it/s][A

 19%|#9        | 46/239 [00:03<00:16, 11.75it/s][A

 20%|##        | 48/239 [00:04<00:16, 11.25it/s][A

 21%|##        | 50/239 [00:04<00:17, 10.81it/s][A

 22%|##1       | 52/239 [00:04<00:17, 10.41it/s][A

 23%|##2       | 54/239 [00:04<00:18,  9.87it/s][A

 23%|##3       | 56/239 [00:04<00:18, 10.00it/s][A

 24%|##4       | 58/239 [00:05<00:16, 10.93it/s][A

 25%|##5       | 60/239 [00:05<00:15, 11.40it/s][A

 26%|##5       | 62/239 [00:05<00:15, 11.73it/s][A

 27%|##6       | 64/239 [00:05<00:15, 11.64it/s][A

 28%|##7       | 66/239 [00:05<00:14, 12.25it/s][A

 28%|##8       | 68/239 [00:05<00:14, 11.86it/s][A

 29%|##9       | 70/239 [00:06<00:13, 12.21it/s][A

 30%|###       | 72/239 [00:06<00:13, 12.70it/s][A

 31%|###       | 74/239 [00:06<00:13, 12.67it/s][A

 32%|###1      | 76/239 [00:06<00:14, 11.28it/s][A

 33%|###2      | 78/239 [00:06<00:14, 10.77it/s][A

 33%|###3      | 80/239 [00:06<00:15, 10.42it/s][A

 34%|###4      | 82/239 [00:07<00:15, 10.45it/s][A

 35%|###5      | 84/239 [00:07<00:15,  9.96it/s][A

 36%|###5      | 86/239 [00:07<00:14, 10.37it/s][A

 37%|###6      | 88/239 [00:07<00:13, 11.24it/s][A

 38%|###7      | 90/239 [00:07<00:13, 10.95it/s][A

 38%|###8      | 92/239 [00:08<00:12, 11.36it/s][A

 39%|###9      | 94/239 [00:08<00:12, 11.83it/s][A

 40%|####      | 96/239 [00:08<00:11, 12.06it/s][A

 41%|####1     | 98/239 [00:08<00:11, 11.87it/s][A

 42%|####1     | 100/239 [00:08<00:11, 12.07it/s][A

 43%|####2     | 102/239 [00:08<00:11, 12.21it/s][A

 44%|####3     | 104/239 [00:09<00:11, 11.90it/s][A

 44%|####4     | 106/239 [00:09<00:10, 12.19it/s][A

 45%|####5     | 108/239 [00:09<00:10, 11.95it/s][A

 46%|####6     | 110/239 [00:09<00:10, 12.10it/s][A

 47%|####6     | 112/239 [00:09<00:10, 11.96it/s][A

 48%|####7     | 114/239 [00:09<00:10, 11.48it/s][A

 49%|####8     | 116/239 [00:10<00:10, 12.26it/s][A

 49%|####9     | 118/239 [00:10<00:10, 12.02it/s][A

 50%|#####     | 120/239 [00:10<00:10, 11.89it/s][A

 51%|#####1    | 122/239 [00:10<00:09, 11.71it/s][A

 52%|#####1    | 124/239 [00:10<00:09, 11.97it/s][A

 53%|#####2    | 126/239 [00:10<00:09, 12.14it/s][A

 54%|#####3    | 128/239 [00:11<00:09, 11.91it/s][A

 54%|#####4    | 130/239 [00:11<00:08, 12.11it/s][A

 55%|#####5    | 132/239 [00:11<00:08, 11.92it/s][A

 56%|#####6    | 134/239 [00:11<00:08, 12.11it/s][A

 57%|#####6    | 136/239 [00:11<00:08, 11.92it/s][A

 58%|#####7    | 138/239 [00:11<00:08, 12.12it/s][A

 59%|#####8    | 140/239 [00:12<00:08, 11.77it/s][A

 59%|#####9    | 142/239 [00:12<00:08, 11.81it/s][A

 60%|######    | 144/239 [00:12<00:07, 12.04it/s][A

 61%|######1   | 146/239 [00:12<00:07, 11.63it/s][A

 62%|######1   | 148/239 [00:12<00:07, 11.72it/s][A

 63%|######2   | 150/239 [00:12<00:08, 11.07it/s][A

 64%|######3   | 152/239 [00:13<00:07, 11.53it/s][A

 64%|######4   | 154/239 [00:13<00:07, 11.18it/s][A

 65%|######5   | 156/239 [00:13<00:07, 11.56it/s][A

 66%|######6   | 158/239 [00:13<00:06, 11.86it/s][A

 67%|######6   | 160/239 [00:13<00:07, 11.11it/s][A

 68%|######7   | 162/239 [00:13<00:06, 11.51it/s][A

 69%|######8   | 164/239 [00:14<00:06, 11.15it/s][A

 69%|######9   | 166/239 [00:14<00:06, 11.23it/s][A

 70%|#######   | 168/239 [00:14<00:05, 11.99it/s][A

 71%|#######1  | 170/239 [00:14<00:05, 11.83it/s][A

 72%|#######1  | 172/239 [00:14<00:05, 11.71it/s][A

 73%|#######2  | 174/239 [00:14<00:05, 11.92it/s][A

 74%|#######3  | 176/239 [00:15<00:05, 12.15it/s][A

 74%|#######4  | 178/239 [00:15<00:05, 11.94it/s][A

 75%|#######5  | 180/239 [00:15<00:04, 12.12it/s][A

 76%|#######6  | 182/239 [00:15<00:04, 11.93it/s][A

 77%|#######6  | 184/239 [00:15<00:04, 12.11it/s][A

 78%|#######7  | 186/239 [00:15<00:04, 11.73it/s][A

 79%|#######8  | 188/239 [00:16<00:04, 11.82it/s][A

 79%|#######9  | 190/239 [00:16<00:04, 12.05it/s][A

 80%|########  | 192/239 [00:16<00:03, 12.21it/s][A

 81%|########1 | 194/239 [00:16<00:03, 11.98it/s][A

 82%|########2 | 196/239 [00:16<00:03, 12.15it/s][A

 83%|########2 | 198/239 [00:16<00:03, 12.27it/s][A

 84%|########3 | 200/239 [00:17<00:03, 12.00it/s][A

 85%|########4 | 202/239 [00:17<00:03, 11.81it/s][A

 85%|########5 | 204/239 [00:17<00:02, 12.07it/s][A

 86%|########6 | 206/239 [00:17<00:02, 11.88it/s][A

 87%|########7 | 208/239 [00:17<00:02, 12.05it/s][A

 88%|########7 | 210/239 [00:17<00:02, 12.25it/s][A

 89%|########8 | 212/239 [00:18<00:02, 11.99it/s][A

 90%|########9 | 214/239 [00:18<00:02, 11.81it/s][A

 90%|######### | 216/239 [00:18<00:01, 11.57it/s][A

 91%|#########1| 218/239 [00:18<00:01, 11.45it/s][A

 92%|#########2| 220/239 [00:18<00:01, 11.02it/s][A

 93%|#########2| 222/239 [00:19<00:01, 10.68it/s][A

 94%|#########3| 224/239 [00:19<00:01, 10.69it/s][A

 95%|#########4| 226/239 [00:19<00:01, 11.26it/s][A

 95%|#########5| 228/239 [00:19<00:00, 11.64it/s][A

 96%|#########6| 230/239 [00:19<00:00, 11.81it/s][A

 97%|#########7| 232/239 [00:19<00:00, 11.79it/s][A

 98%|#########7| 234/239 [00:20<00:00, 11.88it/s][A

 99%|#########8| 236/239 [00:20<00:00, 12.46it/s][A

100%|#########9| 238/239 [00:20<00:00, 12.15it/s][A
                                                    


                                                 
[A
 10%|#         | 200/2000 [07:35<1:01:51,  2.06s/it]

100%|##########| 239/239 [00:20<00:00, 12.15it/s][A

{'eval_loss': '4.757', 'eval_runtime': '20.57', 'eval_samples_per_second': '46.47', 'eval_steps_per_second': '11.62', 'epoch': '0.03418'}
                                                 [A

Writing model shards:   0%|          | 0/1 [00:00<?, ?it/s][A

Writing model shards: 100%|##########| 1/1 [00:00<00:00,  2.10it/s][A
Writing model shards: 100%|##########| 1/1 [00:00<00:00,  2.10it/s]

 10%|#         | 201/2000 [07:39<4:17:03,  8.57s/it]
 10%|#         | 202/2000 [07:41<3:22:30,  6.76s/it]
 10%|#         | 203/2000 [07:43<2:38:27,  5.29s/it]
 10%|#         | 204/2000 [07:45<2:09:03,  4.31s/it]
 10%|#         | 205/2000 [07:47<1:48:17,  3.62s/it]
 10%|#         | 206/2000 [07:50<1:39:17,  3.32s/it]
 10%|#         | 207/2000 [07:52<1:27:49,  2.94s/it]
 10%|#         | 208/2000 [07:54<1:19:14,  2.65s/it]
 10%|#         | 209/2000 [07:56<1:14:22,  2.49s/it]
 10%|#         | 210/2000 [07:58<1:12:34,  2.43s/it]
 11%|#         | 211/2000 [08:00<1:09:28,  2.33s/it]
 11%|#         | 212/2000 [08:02<1:06:57,  2.25s/it]
 11%|#         | 213/2000 [08:04<1:06:17,  2.23s/it]
 11%|#         | 214/2000 [08:07<1:05:21,  2.20s/it]
 11%|#         | 215/2000 [08:08<1:03:06,  2.12s/it]
 11%|#         | 216/2000 [08:10<1:02:11,  2.09s/it]
 11%|#         | 217/2000 [08:13<1:02:46,  2.11s/it]
 11%|#         | 218/2000 [08:15<1:05:52,  2.22s/it]
 11%|#         | 219/2000 [08:17<1:04:42,  2.18s/it]
 11%|#1        | 220/2000 [08:19<1:03:12,  2.13s/it]
 11%|#1        | 221/2000 [08:21<1:01:51,  2.09s/it]
 11%|#1        | 222/2000 [08:23<1:01:13,  2.07s/it]
 11%|#1        | 223/2000 [08:25<1:02:12,  2.10s/it]
 11%|#1        | 224/2000 [08:28<1:03:34,  2.15s/it]
 11%|#1        | 225/2000 [08:30<1:04:21,  2.18s/it]
                                                    

 11%|#1        | 225/2000 [08:30<1:04:21,  2.18s/it]
 11%|#1        | 226/2000 [08:32<1:03:50,  2.16s/it]
 11%|#1        | 227/2000 [08:34<1:02:50,  2.13s/it]
 11%|#1        | 228/2000 [08:36<1:03:13,  2.14s/it]
 11%|#1        | 229/2000 [08:38<1:01:57,  2.10s/it]
 12%|#1        | 230/2000 [08:40<1:02:17,  2.11s/it]
 12%|#1        | 231/2000 [08:42<1:01:32,  2.09s/it]
 12%|#1        | 232/2000 [08:45<1:01:43,  2.09s/it]
 12%|#1        | 233/2000 [08:47<1:01:39,  2.09s/it]
 12%|#1        | 234/2000 [08:49<1:03:32,  2.16s/it]
 12%|#1        | 235/2000 [08:51<1:03:28,  2.16s/it]
 12%|#1        | 236/2000 [08:53<1:03:01,  2.14s/it]
 12%|#1        | 237/2000 [08:55<1:01:21,  2.09s/it]
 12%|#1        | 238/2000 [08:58<1:06:54,  2.28s/it]
 12%|#1        | 239/2000 [09:00<1:04:00,  2.18s/it]
 12%|#2        | 240/2000 [09:02<1:01:16,  2.09s/it]
 12%|#2        | 241/2000 [09:04<1:01:25,  2.10s/it]
 12%|#2        | 242/2000 [09:06<1:00:35,  2.07s/it]
 12%|#2        | 243/2000 [09:08<1:05:41,  2.24s/it]
 12%|#2        | 244/2000 [09:10<1:01:55,  2.12s/it]
 12%|#2        | 245/2000 [09:12<1:00:25,  2.07s/it]
 12%|#2        | 246/2000 [09:14<1:01:37,  2.11s/it]
 12%|#2        | 247/2000 [09:16<1:00:30,  2.07s/it]
 12%|#2        | 248/2000 [09:18<59:49,  2.05s/it]  
 12%|#2        | 249/2000 [09:20<59:28,  2.04s/it]
 12%|#2        | 250/2000 [09:23<1:00:46,  2.08s/it]
                                                    

 12%|#2        | 250/2000 [09:23<1:00:46,  2.08s/it]
 13%|#2        | 251/2000 [09:25<59:53,  2.05s/it]  
 13%|#2        | 252/2000 [09:27<59:22,  2.04s/it]
 13%|#2        | 253/2000 [09:29<58:57,  2.02s/it]
 13%|#2        | 254/2000 [09:31<58:44,  2.02s/it]
 13%|#2        | 255/2000 [09:33<1:00:11,  2.07s/it]
 13%|#2        | 256/2000 [09:35<58:44,  2.02s/it]  
 13%|#2        | 257/2000 [09:37<59:53,  2.06s/it]
 13%|#2        | 258/2000 [09:39<59:24,  2.05s/it]
 13%|#2        | 259/2000 [09:41<59:17,  2.04s/it]
 13%|#3        | 260/2000 [09:43<59:17,  2.04s/it]
 13%|#3        | 261/2000 [09:45<59:10,  2.04s/it]
 13%|#3        | 262/2000 [09:47<59:04,  2.04s/it]
 13%|#3        | 263/2000 [09:49<59:49,  2.07s/it]
 13%|#3        | 264/2000 [09:51<1:01:20,  2.12s/it]
 13%|#3        | 265/2000 [09:53<1:00:48,  2.10s/it]
 13%|#3        | 266/2000 [09:55<59:37,  2.06s/it]  
 13%|#3        | 267/2000 [09:58<1:00:21,  2.09s/it]
 13%|#3        | 268/2000 [10:00<1:00:02,  2.08s/it]
 13%|#3        | 269/2000 [10:02<59:17,  2.06s/it]  
 14%|#3        | 270/2000 [10:04<59:53,  2.08s/it]
 14%|#3        | 271/2000 [10:06<58:59,  2.05s/it]
 14%|#3        | 272/2000 [10:08<1:00:13,  2.09s/it]
 14%|#3        | 273/2000 [10:10<1:00:36,  2.11s/it]
 14%|#3        | 274/2000 [10:12<59:27,  2.07s/it]  
 14%|#3        | 275/2000 [10:14<59:32,  2.07s/it]
                                                  

 14%|#3        | 275/2000 [10:14<59:32,  2.07s/it]
 14%|#3        | 276/2000 [10:16<58:12,  2.03s/it]
 14%|#3        | 277/2000 [10:18<58:32,  2.04s/it]
 14%|#3        | 278/2000 [10:21<1:02:19,  2.17s/it]
 14%|#3        | 279/2000 [10:23<1:01:24,  2.14s/it]
 14%|#4        | 280/2000 [10:25<59:58,  2.09s/it]  
 14%|#4        | 281/2000 [10:27<1:00:53,  2.13s/it]
 14%|#4        | 282/2000 [10:29<59:04,  2.06s/it]  
 14%|#4        | 283/2000 [10:31<59:04,  2.06s/it]
 14%|#4        | 284/2000 [10:33<58:53,  2.06s/it]
 14%|#4        | 285/2000 [10:35<57:30,  2.01s/it]
 14%|#4        | 286/2000 [10:37<57:19,  2.01s/it]
 14%|#4        | 287/2000 [10:39<57:19,  2.01s/it]
 14%|#4        | 288/2000 [10:41<57:20,  2.01s/it]
 14%|#4        | 289/2000 [10:44<1:03:12,  2.22s/it]
 14%|#4        | 290/2000 [10:45<1:00:47,  2.13s/it]
 15%|#4        | 291/2000 [10:48<1:00:37,  2.13s/it]
 15%|#4        | 292/2000 [10:50<59:26,  2.09s/it]  
 15%|#4        | 293/2000 [10:52<58:32,  2.06s/it]
 15%|#4        | 294/2000 [10:54<1:03:11,  2.22s/it]
 15%|#4        | 295/2000 [10:56<1:01:22,  2.16s/it]
 15%|#4        | 296/2000 [10:58<59:21,  2.09s/it]  
 15%|#4        | 297/2000 [11:00<58:40,  2.07s/it]
 15%|#4        | 298/2000 [11:02<59:17,  2.09s/it]
 15%|#4        | 299/2000 [11:04<59:23,  2.10s/it]
 15%|#5        | 300/2000 [11:06<58:59,  2.08s/it]
                                                  

{'loss': '6.07', 'grad_norm': '1.677', 'learning_rate': '0.0003958', 'epoch': '0.03845'}
 15%|#5        | 300/2000 [11:06<58:59,  2.08s/it]
{'loss': '5.88', 'grad_norm': '1.251', 'learning_rate': '0.000394', 'epoch': '0.04272'}
{'loss': '5.69', 'grad_norm': '1.222', 'learning_rate': '0.0003918', 'epoch': '0.047'}
{'loss': '5.693', 'grad_norm': '1.076', 'learning_rate': '0.0003893', 'epoch': '0.05127'}

  0%|          | 0/239 [00:00<?, ?it/s][A

  1%|1         | 3/239 [00:00<00:11, 19.71it/s][A

  2%|2         | 5/239 [00:00<00:16, 14.41it/s][A

  3%|2         | 7/239 [00:00<00:16, 13.77it/s][A

  4%|3         | 9/239 [00:00<00:18, 12.71it/s][A

  5%|4         | 11/239 [00:00<00:17, 12.67it/s][A

  5%|5         | 13/239 [00:00<00:18, 12.34it/s][A

  6%|6         | 15/239 [00:01<00:17, 12.47it/s][A

  7%|7         | 17/239 [00:01<00:18, 12.15it/s][A

  8%|7         | 19/239 [00:01<00:18, 12.19it/s][A

  9%|8         | 21/239 [00:01<00:17, 12.43it/s][A

 10%|9         | 23/239 [00:01<00:17, 12.11it/s][A

 10%|#         | 25/239 [00:01<00:17, 11.95it/s][A

 11%|#1        | 27/239 [00:02<00:17, 12.08it/s][A

 12%|#2        | 29/239 [00:02<00:17, 11.76it/s][A

 13%|#2        | 31/239 [00:02<00:17, 11.70it/s][A

 14%|#3        | 33/239 [00:02<00:17, 11.85it/s][A

 15%|#4        | 35/239 [00:02<00:17, 11.86it/s][A

 15%|#5        | 37/239 [00:03<00:18, 10.99it/s][A

 16%|#6        | 39/239 [00:03<00:19, 10.05it/s][A

 17%|#7        | 41/239 [00:03<00:20,  9.85it/s][A

 18%|#7        | 43/239 [00:03<00:19, 10.03it/s][A

 19%|#8        | 45/239 [00:03<00:18, 10.55it/s][A

 20%|#9        | 47/239 [00:04<00:17, 11.14it/s][A

 21%|##        | 49/239 [00:04<00:16, 11.51it/s][A

 21%|##1       | 51/239 [00:04<00:16, 11.58it/s][A

 22%|##2       | 53/239 [00:04<00:15, 12.21it/s][A

 23%|##3       | 55/239 [00:04<00:15, 12.14it/s][A

 24%|##3       | 57/239 [00:05<00:21,  8.32it/s][A

 25%|##4       | 59/239 [00:05<00:27,  6.61it/s][A

 26%|##5       | 61/239 [00:05<00:22,  7.90it/s][A

 26%|##6       | 63/239 [00:05<00:19,  8.98it/s][A

 27%|##7       | 65/239 [00:05<00:17,  9.90it/s][A

 28%|##8       | 67/239 [00:06<00:16, 10.54it/s][A

 29%|##8       | 69/239 [00:06<00:16, 10.49it/s][A

 30%|##9       | 71/239 [00:06<00:15, 10.71it/s][A

 31%|###       | 73/239 [00:06<00:14, 11.32it/s][A

 31%|###1      | 75/239 [00:06<00:13, 11.94it/s][A

 32%|###2      | 77/239 [00:06<00:13, 12.29it/s][A

 33%|###3      | 79/239 [00:07<00:12, 12.48it/s][A

 34%|###3      | 81/239 [00:07<00:13, 11.86it/s][A

 35%|###4      | 83/239 [00:07<00:14, 10.81it/s][A

 36%|###5      | 85/239 [00:07<00:15,  9.84it/s][A

 36%|###6      | 87/239 [00:07<00:14, 10.14it/s][A

 37%|###7      | 89/239 [00:08<00:13, 10.73it/s][A

 38%|###8      | 91/239 [00:08<00:13, 11.13it/s][A

 39%|###8      | 93/239 [00:08<00:13, 10.70it/s][A

 40%|###9      | 95/239 [00:08<00:12, 11.51it/s][A

 41%|####      | 97/239 [00:08<00:12, 11.58it/s][A

 41%|####1     | 99/239 [00:08<00:11, 11.69it/s][A

 42%|####2     | 101/239 [00:09<00:12, 11.24it/s][A

 43%|####3     | 103/239 [00:09<00:12, 10.94it/s][A

 44%|####3     | 105/239 [00:09<00:12, 10.42it/s][A

 45%|####4     | 107/239 [00:09<00:14,  9.39it/s][A

 45%|####5     | 108/239 [00:09<00:14,  9.13it/s][A

 46%|####5     | 109/239 [00:10<00:14,  9.17it/s][A

 46%|####6     | 111/239 [00:10<00:13,  9.30it/s][A

 47%|####6     | 112/239 [00:10<00:13,  9.15it/s][A

 47%|####7     | 113/239 [00:10<00:14,  8.58it/s][A

 48%|####7     | 114/239 [00:10<00:15,  8.07it/s][A

 49%|####8     | 116/239 [00:10<00:14,  8.73it/s][A

 49%|####9     | 118/239 [00:11<00:12,  9.42it/s][A

 50%|#####     | 120/239 [00:11<00:11, 10.11it/s][A

 51%|#####1    | 122/239 [00:11<00:10, 10.67it/s][A

 52%|#####1    | 124/239 [00:11<00:10, 10.82it/s][A

 53%|#####2    | 126/239 [00:11<00:10, 10.94it/s][A

 54%|#####3    | 128/239 [00:11<00:09, 11.16it/s][A

 54%|#####4    | 130/239 [00:12<00:10, 10.57it/s][A

 55%|#####5    | 132/239 [00:12<00:10, 10.12it/s][A

 56%|#####6    | 134/239 [00:12<00:10, 10.46it/s][A

 57%|#####6    | 136/239 [00:12<00:09, 11.00it/s][A

 58%|#####7    | 138/239 [00:12<00:08, 11.53it/s][A

 59%|#####8    | 140/239 [00:13<00:08, 11.43it/s][A

 59%|#####9    | 142/239 [00:13<00:09, 10.73it/s][A

 60%|######    | 144/239 [00:13<00:08, 11.56it/s][A

 61%|######1   | 146/239 [00:13<00:07, 11.83it/s][A

 62%|######1   | 148/239 [00:13<00:08, 11.11it/s][A

 63%|######2   | 150/239 [00:13<00:07, 11.70it/s][A

 64%|######3   | 152/239 [00:14<00:07, 11.93it/s][A

 64%|######4   | 154/239 [00:14<00:06, 12.34it/s][A

 65%|######5   | 156/239 [00:14<00:06, 12.05it/s][A

 66%|######6   | 158/239 [00:14<00:06, 12.08it/s][A

 67%|######6   | 160/239 [00:14<00:06, 12.24it/s][A

 68%|######7   | 162/239 [00:14<00:06, 12.08it/s][A

 69%|######8   | 164/239 [00:15<00:06, 12.23it/s][A

 69%|######9   | 166/239 [00:15<00:05, 12.19it/s][A

 70%|#######   | 168/239 [00:15<00:06, 11.15it/s][A

 71%|#######1  | 170/239 [00:15<00:06, 10.73it/s][A

 72%|#######1  | 172/239 [00:15<00:06, 10.69it/s][A

 73%|#######2  | 174/239 [00:15<00:06, 10.74it/s][A

 74%|#######3  | 176/239 [00:16<00:05, 10.80it/s][A

 74%|#######4  | 178/239 [00:16<00:05, 11.09it/s][A

 75%|#######5  | 180/239 [00:16<00:05, 10.43it/s][A

 76%|#######6  | 182/239 [00:16<00:05, 10.99it/s][A

 77%|#######6  | 184/239 [00:16<00:05, 10.80it/s][A

 78%|#######7  | 186/239 [00:17<00:04, 10.88it/s][A

 79%|#######8  | 188/239 [00:17<00:04, 10.85it/s][A

 79%|#######9  | 190/239 [00:17<00:04, 10.98it/s][A

 80%|########  | 192/239 [00:17<00:04, 11.19it/s][A

 81%|########1 | 194/239 [00:17<00:04, 11.05it/s][A

 82%|########2 | 196/239 [00:17<00:03, 11.49it/s][A

 83%|########2 | 198/239 [00:18<00:03, 11.26it/s][A

 84%|########3 | 200/239 [00:18<00:03, 11.83it/s][A

 85%|########4 | 202/239 [00:18<00:03, 11.52it/s][A

 85%|########5 | 204/239 [00:18<00:02, 12.06it/s][A

 86%|########6 | 206/239 [00:18<00:02, 12.21it/s][A

 87%|########7 | 208/239 [00:18<00:02, 11.77it/s][A

 88%|########7 | 210/239 [00:19<00:02, 11.51it/s][A

 89%|########8 | 212/239 [00:19<00:02, 11.86it/s][A

 90%|########9 | 214/239 [00:19<00:02, 11.47it/s][A

 90%|######### | 216/239 [00:19<00:02, 11.04it/s][A

 91%|#########1| 218/239 [00:19<00:01, 11.02it/s][A

 92%|#########2| 220/239 [00:20<00:01, 11.59it/s][A

 93%|#########2| 222/239 [00:20<00:01, 11.95it/s][A

 94%|#########3| 224/239 [00:20<00:01, 11.56it/s][A

 95%|#########4| 226/239 [00:20<00:01, 11.17it/s][A

 95%|#########5| 228/239 [00:20<00:00, 11.09it/s][A

 96%|#########6| 230/239 [00:20<00:00, 11.32it/s][A

 97%|#########7| 232/239 [00:21<00:00, 10.99it/s][A

 98%|#########7| 234/239 [00:21<00:00, 10.64it/s][A

 99%|#########8| 236/239 [00:21<00:00, 10.76it/s][A

100%|#########9| 238/239 [00:21<00:00, 11.31it/s][A
                                                  


                                                 
[A
 15%|#5        | 300/2000 [11:28<58:59,  2.08s/it]

100%|##########| 239/239 [00:21<00:00, 11.31it/s][A

                                                 [A
{'eval_loss': '4.372', 'eval_runtime': '21.81', 'eval_samples_per_second': '43.84', 'eval_steps_per_second': '10.96', 'epoch': '0.05127'}

Writing model shards:   0%|          | 0/1 [00:00<?, ?it/s][A

Writing model shards: 100%|##########| 1/1 [00:00<00:00,  1.93it/s][A
Writing model shards: 100%|##########| 1/1 [00:00<00:00,  1.93it/s]

 15%|#5        | 301/2000 [11:31<4:13:07,  8.94s/it]
 15%|#5        | 302/2000 [11:33<3:14:17,  6.87s/it]
 15%|#5        | 303/2000 [11:35<2:31:16,  5.35s/it]
 15%|#5        | 304/2000 [11:37<2:03:10,  4.36s/it]
 15%|#5        | 305/2000 [11:39<1:44:22,  3.69s/it]
 15%|#5        | 306/2000 [11:42<1:33:19,  3.31s/it]
 15%|#5        | 307/2000 [11:45<1:32:07,  3.26s/it]
 15%|#5        | 308/2000 [11:48<1:27:04,  3.09s/it]
 15%|#5        | 309/2000 [11:50<1:21:20,  2.89s/it]
 16%|#5        | 310/2000 [11:53<1:17:38,  2.76s/it]
 16%|#5        | 311/2000 [11:55<1:16:02,  2.70s/it]
 16%|#5        | 312/2000 [11:58<1:17:03,  2.74s/it]
 16%|#5        | 313/2000 [12:01<1:16:21,  2.72s/it]
 16%|#5        | 314/2000 [12:03<1:14:54,  2.67s/it]
 16%|#5        | 315/2000 [12:05<1:09:46,  2.48s/it]
 16%|#5        | 316/2000 [12:07<1:07:17,  2.40s/it]
 16%|#5        | 317/2000 [12:09<1:03:44,  2.27s/it]
 16%|#5        | 318/2000 [12:11<59:57,  2.14s/it]  
 16%|#5        | 319/2000 [12:13<57:11,  2.04s/it]
 16%|#6        | 320/2000 [12:15<56:58,  2.03s/it]
 16%|#6        | 321/2000 [12:17<54:41,  1.95s/it]
 16%|#6        | 322/2000 [12:19<54:56,  1.96s/it]
 16%|#6        | 323/2000 [12:21<54:52,  1.96s/it]
 16%|#6        | 324/2000 [12:23<54:44,  1.96s/it]
 16%|#6        | 325/2000 [12:25<54:46,  1.96s/it]
                                                  

 16%|#6        | 325/2000 [12:25<54:46,  1.96s/it]
 16%|#6        | 326/2000 [12:27<54:34,  1.96s/it]
 16%|#6        | 327/2000 [12:29<55:25,  1.99s/it]
 16%|#6        | 328/2000 [12:31<55:59,  2.01s/it]
 16%|#6        | 329/2000 [12:33<55:28,  1.99s/it]
 16%|#6        | 330/2000 [12:35<54:42,  1.97s/it]
 17%|#6        | 331/2000 [12:36<53:58,  1.94s/it]
 17%|#6        | 332/2000 [12:39<56:50,  2.04s/it]
 17%|#6        | 333/2000 [12:41<56:16,  2.03s/it]
 17%|#6        | 334/2000 [12:43<55:16,  1.99s/it]
 17%|#6        | 335/2000 [12:45<58:32,  2.11s/it]
 17%|#6        | 336/2000 [12:47<56:30,  2.04s/it]
 17%|#6        | 337/2000 [12:49<55:38,  2.01s/it]
 17%|#6        | 338/2000 [12:51<55:32,  2.00s/it]
 17%|#6        | 339/2000 [12:53<55:26,  2.00s/it]
 17%|#7        | 340/2000 [12:55<55:17,  2.00s/it]
 17%|#7        | 341/2000 [12:57<55:08,  1.99s/it]
 17%|#7        | 342/2000 [12:59<55:06,  1.99s/it]
 17%|#7        | 343/2000 [13:01<55:03,  1.99s/it]
 17%|#7        | 344/2000 [13:03<55:49,  2.02s/it]
 17%|#7        | 345/2000 [13:05<56:19,  2.04s/it]
 17%|#7        | 346/2000 [13:08<1:04:34,  2.34s/it]
 17%|#7        | 347/2000 [13:10<1:05:31,  2.38s/it]
 17%|#7        | 348/2000 [13:13<1:06:05,  2.40s/it]
 17%|#7        | 349/2000 [13:15<1:06:12,  2.41s/it]
 18%|#7        | 350/2000 [13:18<1:07:05,  2.44s/it]
                                                    

 18%|#7        | 350/2000 [13:18<1:07:05,  2.44s/it]
 18%|#7        | 351/2000 [13:21<1:10:14,  2.56s/it]
 18%|#7        | 352/2000 [13:23<1:07:03,  2.44s/it]
 18%|#7        | 353/2000 [13:25<1:05:06,  2.37s/it]
 18%|#7        | 354/2000 [13:27<1:05:05,  2.37s/it]
 18%|#7        | 355/2000 [13:29<1:00:14,  2.20s/it]
 18%|#7        | 356/2000 [13:31<56:32,  2.06s/it]  
 18%|#7        | 357/2000 [13:33<55:16,  2.02s/it]
 18%|#7        | 358/2000 [13:35<53:37,  1.96s/it]
 18%|#7        | 359/2000 [13:37<54:18,  1.99s/it]
 18%|#8        | 360/2000 [13:39<53:33,  1.96s/it]
 18%|#8        | 361/2000 [13:41<56:03,  2.05s/it]
 18%|#8        | 362/2000 [13:44<1:04:13,  2.35s/it]
 18%|#8        | 363/2000 [13:47<1:05:46,  2.41s/it]
 18%|#8        | 364/2000 [13:49<1:07:51,  2.49s/it]
 18%|#8        | 365/2000 [13:52<1:07:28,  2.48s/it]
 18%|#8        | 366/2000 [13:54<1:09:15,  2.54s/it]
 18%|#8        | 367/2000 [13:57<1:08:23,  2.51s/it]
 18%|#8        | 368/2000 [13:59<1:08:40,  2.52s/it]
 18%|#8        | 369/2000 [14:01<1:05:03,  2.39s/it]
 18%|#8        | 370/2000 [14:04<1:03:08,  2.32s/it]
 19%|#8        | 371/2000 [14:05<59:35,  2.19s/it]  
 19%|#8        | 372/2000 [14:07<55:43,  2.05s/it]
 19%|#8        | 373/2000 [14:09<56:42,  2.09s/it]
 19%|#8        | 374/2000 [14:11<54:19,  2.00s/it]
 19%|#8        | 375/2000 [14:13<53:16,  1.97s/it]
                                                  

 19%|#8        | 375/2000 [14:13<53:16,  1.97s/it]
 19%|#8        | 376/2000 [14:15<53:44,  1.99s/it]
 19%|#8        | 377/2000 [14:17<53:11,  1.97s/it]
 19%|#8        | 378/2000 [14:19<52:25,  1.94s/it]
 19%|#8        | 379/2000 [14:21<51:46,  1.92s/it]
 19%|#9        | 380/2000 [14:23<52:38,  1.95s/it]
 19%|#9        | 381/2000 [14:25<52:47,  1.96s/it]
 19%|#9        | 382/2000 [14:27<52:22,  1.94s/it]
 19%|#9        | 383/2000 [14:29<51:50,  1.92s/it]
 19%|#9        | 384/2000 [14:30<52:01,  1.93s/it]
 19%|#9        | 385/2000 [14:33<53:08,  1.97s/it]
 19%|#9        | 386/2000 [14:35<53:41,  2.00s/it]
 19%|#9        | 387/2000 [14:36<52:39,  1.96s/it]
 19%|#9        | 388/2000 [14:38<51:47,  1.93s/it]
 19%|#9        | 389/2000 [14:40<51:55,  1.93s/it]
 20%|#9        | 390/2000 [14:42<52:38,  1.96s/it]
 20%|#9        | 391/2000 [14:44<52:50,  1.97s/it]
 20%|#9        | 392/2000 [14:46<53:58,  2.01s/it]
 20%|#9        | 393/2000 [14:49<54:27,  2.03s/it]
 20%|#9        | 394/2000 [14:51<54:40,  2.04s/it]
 20%|#9        | 395/2000 [14:53<55:29,  2.07s/it]
 20%|#9        | 396/2000 [14:55<55:28,  2.07s/it]
 20%|#9        | 397/2000 [14:57<55:45,  2.09s/it]
 20%|#9        | 398/2000 [14:59<57:50,  2.17s/it]
 20%|#9        | 399/2000 [15:01<58:07,  2.18s/it]
 20%|##        | 400/2000 [15:04<58:29,  2.19s/it]
                                                  

{'loss': '5.533', 'grad_norm': '1.155', 'learning_rate': '0.0003864', 'epoch': '0.05554'}
 20%|##        | 400/2000 [15:04<58:29,  2.19s/it]
{'loss': '5.472', 'grad_norm': '1.093', 'learning_rate': '0.0003833', 'epoch': '0.05981'}
{'loss': '5.349', 'grad_norm': '1.434', 'learning_rate': '0.0003798', 'epoch': '0.06409'}
{'loss': '5.29', 'grad_norm': '2.147', 'learning_rate': '0.0003761', 'epoch': '0.06836'}

  0%|          | 0/239 [00:00<?, ?it/s][A

  1%|          | 2/239 [00:00<00:17, 13.25it/s][A

  2%|1         | 4/239 [00:00<00:28,  8.34it/s][A

  2%|2         | 5/239 [00:00<00:30,  7.77it/s][A

  3%|2         | 6/239 [00:00<00:31,  7.49it/s][A

  3%|2         | 7/239 [00:00<00:30,  7.52it/s][A

  3%|3         | 8/239 [00:01<00:31,  7.41it/s][A

  4%|3         | 9/239 [00:01<00:31,  7.23it/s][A

  4%|4         | 10/239 [00:01<00:30,  7.46it/s][A

  5%|4         | 11/239 [00:01<00:30,  7.48it/s][A

  5%|5         | 12/239 [00:01<00:33,  6.84it/s][A

  5%|5         | 13/239 [00:01<00:38,  5.90it/s][A

  6%|5         | 14/239 [00:01<00:37,  6.07it/s][A

  6%|6         | 15/239 [00:02<00:43,  5.21it/s][A

  7%|6         | 16/239 [00:02<00:44,  5.07it/s][A

  7%|7         | 17/239 [00:02<00:45,  4.86it/s][A

  8%|7         | 18/239 [00:02<00:48,  4.55it/s][A

  8%|7         | 19/239 [00:03<00:47,  4.68it/s][A

  8%|8         | 20/239 [00:03<00:42,  5.19it/s][A

  9%|8         | 21/239 [00:03<00:38,  5.62it/s][A

  9%|9         | 22/239 [00:03<00:35,  6.14it/s][A

 10%|9         | 23/239 [00:03<00:33,  6.52it/s][A

 10%|#         | 24/239 [00:03<00:30,  7.02it/s][A

 10%|#         | 25/239 [00:03<00:29,  7.17it/s][A

 11%|#         | 26/239 [00:04<00:28,  7.51it/s][A

 12%|#1        | 28/239 [00:04<00:25,  8.23it/s][A

 12%|#2        | 29/239 [00:04<00:24,  8.42it/s][A

 13%|#2        | 30/239 [00:04<00:24,  8.50it/s][A

 13%|#2        | 31/239 [00:04<00:24,  8.56it/s][A

 13%|#3        | 32/239 [00:04<00:24,  8.50it/s][A

 14%|#3        | 33/239 [00:04<00:24,  8.57it/s][A

 14%|#4        | 34/239 [00:04<00:24,  8.40it/s][A

 15%|#4        | 35/239 [00:05<00:24,  8.44it/s][A

 15%|#5        | 36/239 [00:05<00:25,  8.08it/s][A

 15%|#5        | 37/239 [00:05<00:24,  8.27it/s][A

 16%|#5        | 38/239 [00:05<00:24,  8.26it/s][A

 16%|#6        | 39/239 [00:05<00:23,  8.34it/s][A

 17%|#6        | 40/239 [00:05<00:23,  8.42it/s][A

 17%|#7        | 41/239 [00:05<00:23,  8.34it/s][A

 18%|#7        | 42/239 [00:05<00:23,  8.27it/s][A

 18%|#7        | 43/239 [00:06<00:24,  8.08it/s][A

 18%|#8        | 44/239 [00:06<00:24,  7.85it/s][A

 19%|#8        | 45/239 [00:06<00:25,  7.54it/s][A

 19%|#9        | 46/239 [00:06<00:26,  7.33it/s][A

 20%|#9        | 47/239 [00:06<00:26,  7.18it/s][A

 20%|##        | 48/239 [00:06<00:26,  7.12it/s][A

 21%|##        | 49/239 [00:06<00:28,  6.75it/s][A

 21%|##        | 50/239 [00:07<00:27,  6.85it/s][A

 21%|##1       | 51/239 [00:07<00:26,  7.05it/s][A

 22%|##1       | 52/239 [00:07<00:26,  6.95it/s][A

 22%|##2       | 53/239 [00:07<00:26,  7.05it/s][A

 23%|##2       | 54/239 [00:07<00:25,  7.17it/s][A

 23%|##3       | 55/239 [00:07<00:24,  7.39it/s][A

 23%|##3       | 56/239 [00:07<00:24,  7.55it/s][A

 24%|##3       | 57/239 [00:07<00:23,  7.83it/s][A

 24%|##4       | 58/239 [00:08<00:22,  8.13it/s][A

 25%|##4       | 59/239 [00:08<00:21,  8.43it/s][A

 25%|##5       | 60/239 [00:08<00:20,  8.70it/s][A

 26%|##5       | 61/239 [00:08<00:20,  8.80it/s][A

 26%|##6       | 63/239 [00:08<00:18,  9.44it/s][A

 27%|##7       | 65/239 [00:08<00:17,  9.84it/s][A

 28%|##8       | 67/239 [00:09<00:17,  9.83it/s][A

 29%|##8       | 69/239 [00:09<00:18,  9.39it/s][A

 30%|##9       | 71/239 [00:09<00:17,  9.52it/s][A

 31%|###       | 73/239 [00:09<00:17,  9.39it/s][A

 31%|###       | 74/239 [00:09<00:18,  9.11it/s][A

 31%|###1      | 75/239 [00:09<00:18,  9.03it/s][A

 32%|###2      | 77/239 [00:10<00:17,  9.24it/s][A

 33%|###2      | 78/239 [00:10<00:17,  9.27it/s][A

 33%|###3      | 79/239 [00:10<00:17,  9.04it/s][A

 33%|###3      | 80/239 [00:10<00:18,  8.67it/s][A

 34%|###3      | 81/239 [00:10<00:18,  8.59it/s][A

 34%|###4      | 82/239 [00:10<00:19,  7.87it/s][A

 35%|###4      | 83/239 [00:10<00:20,  7.57it/s][A

 35%|###5      | 84/239 [00:11<00:20,  7.45it/s][A

 36%|###5      | 85/239 [00:11<00:20,  7.44it/s][A

 36%|###5      | 86/239 [00:11<00:21,  7.25it/s][A

 36%|###6      | 87/239 [00:11<00:21,  6.92it/s][A

 37%|###6      | 88/239 [00:11<00:22,  6.79it/s][A

 37%|###7      | 89/239 [00:11<00:22,  6.75it/s][A

 38%|###7      | 90/239 [00:11<00:22,  6.58it/s][A

 38%|###8      | 91/239 [00:12<00:22,  6.71it/s][A

 38%|###8      | 92/239 [00:12<00:21,  6.91it/s][A

 39%|###8      | 93/239 [00:12<00:20,  7.11it/s][A

 39%|###9      | 94/239 [00:12<00:19,  7.39it/s][A

 40%|###9      | 95/239 [00:12<00:19,  7.28it/s][A

 40%|####      | 96/239 [00:12<00:18,  7.72it/s][A

 41%|####      | 97/239 [00:12<00:18,  7.82it/s][A

 41%|####1     | 98/239 [00:12<00:16,  8.30it/s][A

 41%|####1     | 99/239 [00:13<00:17,  8.19it/s][A

 42%|####1     | 100/239 [00:13<00:16,  8.54it/s][A

 42%|####2     | 101/239 [00:13<00:16,  8.59it/s][A

 43%|####2     | 102/239 [00:13<00:15,  8.67it/s][A

 43%|####3     | 103/239 [00:13<00:15,  8.89it/s][A

 44%|####3     | 104/239 [00:13<00:15,  8.87it/s][A

 44%|####3     | 105/239 [00:13<00:14,  9.01it/s][A

 44%|####4     | 106/239 [00:13<00:15,  8.56it/s][A

 45%|####4     | 107/239 [00:13<00:16,  8.18it/s][A

 45%|####5     | 108/239 [00:14<00:16,  8.10it/s][A

 46%|####5     | 109/239 [00:14<00:17,  7.61it/s][A

 46%|####6     | 110/239 [00:14<00:17,  7.42it/s][A

 46%|####6     | 111/239 [00:14<00:17,  7.18it/s][A

 47%|####6     | 112/239 [00:14<00:17,  7.33it/s][A

 47%|####7     | 113/239 [00:14<00:16,  7.66it/s][A

 48%|####7     | 114/239 [00:14<00:15,  8.00it/s][A

 48%|####8     | 115/239 [00:15<00:15,  8.16it/s][A

 49%|####8     | 116/239 [00:15<00:14,  8.36it/s][A

 49%|####8     | 117/239 [00:15<00:14,  8.59it/s][A

 49%|####9     | 118/239 [00:15<00:13,  8.64it/s][A

 50%|####9     | 119/239 [00:15<00:13,  8.65it/s][A

 51%|#####     | 121/239 [00:15<00:12,  9.21it/s][A

 51%|#####1    | 122/239 [00:15<00:12,  9.16it/s][A

 52%|#####1    | 124/239 [00:16<00:12,  8.99it/s][A

 52%|#####2    | 125/239 [00:16<00:12,  9.15it/s][A

 53%|#####2    | 126/239 [00:16<00:12,  8.76it/s][A

 53%|#####3    | 127/239 [00:16<00:12,  8.71it/s][A

 54%|#####3    | 128/239 [00:16<00:12,  8.83it/s][A

 54%|#####3    | 129/239 [00:16<00:12,  8.87it/s][A

 54%|#####4    | 130/239 [00:16<00:12,  8.52it/s][A

 55%|#####4    | 131/239 [00:16<00:12,  8.67it/s][A

 55%|#####5    | 132/239 [00:16<00:11,  8.92it/s][A

 56%|#####5    | 133/239 [00:17<00:12,  8.68it/s][A

 56%|#####6    | 134/239 [00:17<00:12,  8.69it/s][A

 56%|#####6    | 135/239 [00:17<00:12,  8.43it/s][A

 57%|#####6    | 136/239 [00:17<00:12,  8.13it/s][A

 57%|#####7    | 137/239 [00:17<00:12,  8.12it/s][A

 58%|#####7    | 138/239 [00:17<00:12,  8.01it/s][A

 58%|#####8    | 139/239 [00:17<00:12,  8.12it/s][A

 59%|#####8    | 140/239 [00:17<00:12,  8.07it/s][A

 59%|#####8    | 141/239 [00:18<00:12,  8.00it/s][A

 59%|#####9    | 142/239 [00:18<00:11,  8.32it/s][A

 60%|#####9    | 143/239 [00:18<00:11,  8.61it/s][A

 60%|######    | 144/239 [00:18<00:10,  8.95it/s][A

 61%|######    | 145/239 [00:18<00:10,  8.98it/s][A

 61%|######1   | 146/239 [00:18<00:10,  8.99it/s][A

 62%|######1   | 147/239 [00:18<00:10,  9.01it/s][A

 62%|######1   | 148/239 [00:18<00:10,  9.01it/s][A

 62%|######2   | 149/239 [00:18<00:10,  8.99it/s][A

 63%|######2   | 150/239 [00:19<00:10,  8.76it/s][A

 63%|######3   | 151/239 [00:19<00:10,  8.69it/s][A

 64%|######3   | 152/239 [00:19<00:09,  8.77it/s][A

 64%|######4   | 153/239 [00:19<00:10,  8.48it/s][A

 65%|######4   | 155/239 [00:19<00:09,  8.70it/s][A

 65%|######5   | 156/239 [00:19<00:09,  8.77it/s][A

 66%|######5   | 157/239 [00:19<00:09,  8.72it/s][A

 66%|######6   | 158/239 [00:19<00:09,  8.59it/s][A

 67%|######6   | 159/239 [00:20<00:09,  8.46it/s][A

 67%|######6   | 160/239 [00:20<00:09,  8.23it/s][A

 67%|######7   | 161/239 [00:20<00:09,  8.44it/s][A

 68%|######7   | 162/239 [00:20<00:09,  8.27it/s][A

 68%|######8   | 163/239 [00:20<00:09,  7.86it/s][A

 69%|######8   | 164/239 [00:20<00:09,  8.00it/s][A

 69%|######9   | 165/239 [00:20<00:09,  7.84it/s][A

 69%|######9   | 166/239 [00:20<00:09,  8.01it/s][A

 70%|######9   | 167/239 [00:21<00:08,  8.46it/s][A

 70%|#######   | 168/239 [00:21<00:08,  8.62it/s][A

 71%|#######   | 169/239 [00:21<00:08,  8.62it/s][A

 71%|#######1  | 170/239 [00:21<00:07,  8.69it/s][A

 72%|#######1  | 172/239 [00:21<00:07,  9.39it/s][A

 72%|#######2  | 173/239 [00:21<00:07,  9.20it/s][A

 73%|#######2  | 174/239 [00:21<00:07,  9.17it/s][A

 73%|#######3  | 175/239 [00:21<00:07,  8.78it/s][A

 74%|#######3  | 176/239 [00:22<00:07,  8.58it/s][A

 74%|#######4  | 177/239 [00:22<00:07,  8.66it/s][A

 74%|#######4  | 178/239 [00:22<00:07,  8.09it/s][A

 75%|#######4  | 179/239 [00:22<00:07,  7.98it/s][A

 75%|#######5  | 180/239 [00:22<00:07,  8.03it/s][A

 76%|#######5  | 181/239 [00:22<00:07,  7.76it/s][A

 76%|#######6  | 182/239 [00:22<00:06,  8.16it/s][A

 77%|#######6  | 183/239 [00:22<00:06,  8.37it/s][A

 77%|#######6  | 184/239 [00:23<00:06,  8.78it/s][A

 77%|#######7  | 185/239 [00:23<00:06,  8.59it/s][A

 78%|#######7  | 186/239 [00:23<00:06,  8.65it/s][A

 78%|#######8  | 187/239 [00:23<00:06,  8.58it/s][A

 79%|#######8  | 188/239 [00:23<00:05,  8.94it/s][A

 79%|#######9  | 189/239 [00:23<00:06,  8.19it/s][A

 79%|#######9  | 190/239 [00:23<00:06,  7.48it/s][A

 80%|#######9  | 191/239 [00:23<00:06,  7.44it/s][A

 80%|########  | 192/239 [00:24<00:06,  7.05it/s][A

 81%|########  | 193/239 [00:24<00:06,  7.32it/s][A

 81%|########1 | 194/239 [00:24<00:05,  7.58it/s][A

 82%|########1 | 195/239 [00:24<00:05,  7.60it/s][A

 82%|########2 | 196/239 [00:24<00:05,  8.12it/s][A

 83%|########2 | 198/239 [00:24<00:04,  9.15it/s][A

 83%|########3 | 199/239 [00:24<00:04,  9.30it/s][A

 84%|########3 | 200/239 [00:24<00:04,  9.46it/s][A

 85%|########4 | 202/239 [00:25<00:03, 10.10it/s][A

 85%|########5 | 204/239 [00:25<00:03, 10.36it/s][A

 86%|########6 | 206/239 [00:25<00:03, 10.42it/s][A

 87%|########7 | 208/239 [00:25<00:02, 10.50it/s][A

 88%|########7 | 210/239 [00:25<00:02, 10.61it/s][A

 89%|########8 | 212/239 [00:26<00:02,  9.71it/s][A

 89%|########9 | 213/239 [00:26<00:02,  9.56it/s][A

 90%|########9 | 214/239 [00:26<00:02,  8.62it/s][A

 90%|########9 | 215/239 [00:26<00:02,  8.07it/s][A

 90%|######### | 216/239 [00:26<00:02,  8.21it/s][A

 91%|######### | 217/239 [00:26<00:02,  7.80it/s][A

 91%|#########1| 218/239 [00:27<00:02,  7.19it/s][A

 92%|#########1| 219/239 [00:27<00:02,  7.14it/s][A

 92%|#########2| 220/239 [00:27<00:02,  6.43it/s][A

 92%|#########2| 221/239 [00:27<00:02,  6.54it/s][A

 93%|#########2| 222/239 [00:27<00:02,  6.86it/s][A

 93%|#########3| 223/239 [00:27<00:02,  6.79it/s][A

 94%|#########3| 224/239 [00:27<00:02,  7.37it/s][A

 94%|#########4| 225/239 [00:28<00:01,  7.35it/s][A

 95%|#########4| 226/239 [00:28<00:01,  7.68it/s][A

 95%|#########4| 227/239 [00:28<00:01,  7.51it/s][A

 95%|#########5| 228/239 [00:28<00:01,  7.83it/s][A

 96%|#########5| 229/239 [00:28<00:01,  7.84it/s][A

 96%|#########6| 230/239 [00:28<00:01,  8.20it/s][A

 97%|#########6| 231/239 [00:28<00:00,  8.23it/s][A

 97%|#########7| 232/239 [00:28<00:00,  8.55it/s][A

 97%|#########7| 233/239 [00:28<00:00,  8.77it/s][A

 98%|#########7| 234/239 [00:29<00:00,  8.98it/s][A

 99%|#########8| 236/239 [00:29<00:00,  9.65it/s][A

100%|#########9| 238/239 [00:29<00:00,  9.89it/s][A

100%|##########| 239/239 [00:29<00:00,  9.76it/s][A
                                                  


                                                 
[A
 20%|##        | 400/2000 [15:33<58:29,  2.19s/it]

100%|##########| 239/239 [00:29<00:00,  9.76it/s][A

{'eval_loss': '4.182', 'eval_runtime': '29.73', 'eval_samples_per_second': '32.16', 'eval_steps_per_second': '8.04', 'epoch': '0.06836'}
                                                 [A

Writing model shards:   0%|          | 0/1 [00:00<?, ?it/s][A

Writing model shards: 100%|##########| 1/1 [00:00<00:00,  1.44it/s][A
Writing model shards: 100%|##########| 1/1 [00:00<00:00,  1.43it/s]

 20%|##        | 401/2000 [15:38<5:11:19, 11.68s/it]
 20%|##        | 402/2000 [15:39<3:51:59,  8.71s/it]
 20%|##        | 403/2000 [15:41<2:57:26,  6.67s/it]
 20%|##        | 404/2000 [15:43<2:21:33,  5.32s/it]
 20%|##        | 405/2000 [15:45<1:54:56,  4.32s/it]
 20%|##        | 406/2000 [15:47<1:36:02,  3.62s/it]
 20%|##        | 407/2000 [15:49<1:23:05,  3.13s/it]
 20%|##        | 408/2000 [15:51<1:14:27,  2.81s/it]
 20%|##        | 409/2000 [15:54<1:09:15,  2.61s/it]
 20%|##        | 410/2000 [15:56<1:05:55,  2.49s/it]
 21%|##        | 411/2000 [15:58<1:05:48,  2.48s/it]
 21%|##        | 412/2000 [16:00<1:00:13,  2.28s/it]
 21%|##        | 413/2000 [16:02<56:38,  2.14s/it]  
 21%|##        | 414/2000 [16:04<53:58,  2.04s/it]
 21%|##        | 415/2000 [16:05<52:08,  1.97s/it]
 21%|##        | 416/2000 [16:07<51:20,  1.94s/it]
 21%|##        | 417/2000 [16:09<51:51,  1.97s/it]
 21%|##        | 418/2000 [16:11<51:05,  1.94s/it]
 21%|##        | 419/2000 [16:13<50:47,  1.93s/it]
 21%|##1       | 420/2000 [16:15<50:56,  1.93s/it]
 21%|##1       | 421/2000 [16:17<50:22,  1.91s/it]
 21%|##1       | 422/2000 [16:19<52:45,  2.01s/it]
 21%|##1       | 423/2000 [16:21<52:51,  2.01s/it]
 21%|##1       | 424/2000 [16:23<55:01,  2.09s/it]
 21%|##1       | 425/2000 [16:26<54:30,  2.08s/it]
                                                  

 21%|##1       | 425/2000 [16:26<54:30,  2.08s/it]
 21%|##1       | 426/2000 [16:28<54:11,  2.07s/it]
 21%|##1       | 427/2000 [16:30<58:11,  2.22s/it]
 21%|##1       | 428/2000 [16:33<59:59,  2.29s/it]
 21%|##1       | 429/2000 [16:35<1:00:34,  2.31s/it]
 22%|##1       | 430/2000 [16:37<1:02:11,  2.38s/it]
 22%|##1       | 431/2000 [16:40<1:00:44,  2.32s/it]
 22%|##1       | 432/2000 [16:42<1:02:09,  2.38s/it]
 22%|##1       | 433/2000 [16:45<1:01:51,  2.37s/it]
 22%|##1       | 434/2000 [16:47<1:04:13,  2.46s/it]
 22%|##1       | 435/2000 [16:49<1:02:32,  2.40s/it]
 22%|##1       | 436/2000 [16:52<1:01:22,  2.35s/it]
 22%|##1       | 437/2000 [16:54<59:38,  2.29s/it]  
 22%|##1       | 438/2000 [16:56<59:20,  2.28s/it]
 22%|##1       | 439/2000 [16:58<57:17,  2.20s/it]
 22%|##2       | 440/2000 [17:00<55:14,  2.12s/it]
 22%|##2       | 441/2000 [17:02<55:08,  2.12s/it]
 22%|##2       | 442/2000 [17:04<54:53,  2.11s/it]
 22%|##2       | 443/2000 [17:06<55:25,  2.14s/it]
 22%|##2       | 444/2000 [17:09<54:50,  2.12s/it]
 22%|##2       | 445/2000 [17:11<55:03,  2.12s/it]
 22%|##2       | 446/2000 [17:13<53:59,  2.08s/it]
 22%|##2       | 447/2000 [17:15<55:17,  2.14s/it]
 22%|##2       | 448/2000 [17:17<55:10,  2.13s/it]
 22%|##2       | 449/2000 [17:19<54:30,  2.11s/it]
 22%|##2       | 450/2000 [17:21<54:30,  2.11s/it]
                                                  

 22%|##2       | 450/2000 [17:21<54:30,  2.11s/it]
 23%|##2       | 451/2000 [17:23<55:01,  2.13s/it]
 23%|##2       | 452/2000 [17:25<53:40,  2.08s/it]
 23%|##2       | 453/2000 [17:28<55:25,  2.15s/it]
 23%|##2       | 454/2000 [17:30<55:40,  2.16s/it]
 23%|##2       | 455/2000 [17:32<53:22,  2.07s/it]
 23%|##2       | 456/2000 [17:34<52:27,  2.04s/it]
 23%|##2       | 457/2000 [17:36<51:17,  1.99s/it]
 23%|##2       | 458/2000 [17:38<52:56,  2.06s/it]
 23%|##2       | 459/2000 [17:40<51:53,  2.02s/it]
 23%|##3       | 460/2000 [17:42<52:07,  2.03s/it]
 23%|##3       | 461/2000 [17:44<52:24,  2.04s/it]
 23%|##3       | 462/2000 [17:46<55:42,  2.17s/it]
 23%|##3       | 463/2000 [17:48<54:01,  2.11s/it]
 23%|##3       | 464/2000 [17:50<52:14,  2.04s/it]
 23%|##3       | 465/2000 [17:52<51:21,  2.01s/it]
 23%|##3       | 466/2000 [17:54<51:32,  2.02s/it]
 23%|##3       | 467/2000 [17:56<51:11,  2.00s/it]
 23%|##3       | 468/2000 [17:58<52:13,  2.05s/it]
 23%|##3       | 469/2000 [18:01<54:28,  2.14s/it]
 24%|##3       | 470/2000 [18:03<55:37,  2.18s/it]
 24%|##3       | 471/2000 [18:05<55:44,  2.19s/it]
 24%|##3       | 472/2000 [18:08<1:03:17,  2.49s/it]
 24%|##3       | 473/2000 [18:10<58:31,  2.30s/it]  
 24%|##3       | 474/2000 [18:12<55:56,  2.20s/it]
 24%|##3       | 475/2000 [18:14<54:28,  2.14s/it]
                                                  

 24%|##3       | 475/2000 [18:14<54:28,  2.14s/it]
 24%|##3       | 476/2000 [18:16<53:25,  2.10s/it]
 24%|##3       | 477/2000 [18:18<52:48,  2.08s/it]
 24%|##3       | 478/2000 [18:20<51:58,  2.05s/it]
 24%|##3       | 479/2000 [18:22<53:19,  2.10s/it]
 24%|##4       | 480/2000 [18:25<55:50,  2.20s/it]
 24%|##4       | 481/2000 [18:28<1:00:49,  2.40s/it]
 24%|##4       | 482/2000 [18:30<1:01:24,  2.43s/it]
 24%|##4       | 483/2000 [18:33<1:02:31,  2.47s/it]
 24%|##4       | 484/2000 [18:35<1:01:36,  2.44s/it]
 24%|##4       | 485/2000 [18:38<1:02:00,  2.46s/it]
 24%|##4       | 486/2000 [18:40<1:01:10,  2.42s/it]
 24%|##4       | 487/2000 [18:43<1:03:03,  2.50s/it]
 24%|##4       | 488/2000 [18:45<1:02:12,  2.47s/it]
 24%|##4       | 489/2000 [18:47<1:01:39,  2.45s/it]
 24%|##4       | 490/2000 [18:50<59:41,  2.37s/it]  
 25%|##4       | 491/2000 [18:52<58:56,  2.34s/it]
 25%|##4       | 492/2000 [18:54<57:51,  2.30s/it]
 25%|##4       | 493/2000 [18:56<56:38,  2.26s/it]
 25%|##4       | 494/2000 [18:58<56:05,  2.23s/it]
 25%|##4       | 495/2000 [19:01<57:12,  2.28s/it]
 25%|##4       | 496/2000 [19:03<56:48,  2.27s/it]
 25%|##4       | 497/2000 [19:05<53:41,  2.14s/it]
 25%|##4       | 498/2000 [19:07<51:46,  2.07s/it]
 25%|##4       | 499/2000 [19:09<49:48,  1.99s/it]
 25%|##5       | 500/2000 [19:10<48:44,  1.95s/it]
                                                  

 25%|##5       | 500/2000 [19:10<48:44,  1.95s/it]
{'loss': '5.21', 'grad_norm': '1.061', 'learning_rate': '0.000372', 'epoch': '0.07263'}
{'loss': '5.185', 'grad_norm': '1.134', 'learning_rate': '0.0003676', 'epoch': '0.0769'}
{'loss': '5.07', 'grad_norm': '1.148', 'learning_rate': '0.000363', 'epoch': '0.08118'}
{'loss': '5.003', 'grad_norm': '1.197', 'learning_rate': '0.000358', 'epoch': '0.08545'}

  0%|          | 0/239 [00:00<?, ?it/s][A

  1%|1         | 3/239 [00:00<00:14, 16.71it/s][A

  2%|2         | 5/239 [00:00<00:18, 12.86it/s][A

  3%|2         | 7/239 [00:00<00:20, 11.41it/s][A

  4%|3         | 9/239 [00:00<00:22, 10.18it/s][A

  5%|4         | 11/239 [00:01<00:23,  9.66it/s][A

  5%|5         | 12/239 [00:01<00:23,  9.54it/s][A

  5%|5         | 13/239 [00:01<00:23,  9.56it/s][A

  6%|6         | 15/239 [00:01<00:22,  9.93it/s][A

  7%|6         | 16/239 [00:01<00:22,  9.84it/s][A

  7%|7         | 17/239 [00:01<00:22,  9.87it/s][A

  8%|7         | 18/239 [00:01<00:22,  9.66it/s][A

  8%|7         | 19/239 [00:01<00:24,  9.10it/s][A

  8%|8         | 20/239 [00:02<00:24,  8.91it/s][A

  9%|8         | 21/239 [00:02<00:25,  8.70it/s][A

  9%|9         | 22/239 [00:02<00:25,  8.54it/s][A

 10%|9         | 23/239 [00:02<00:25,  8.34it/s][A

 10%|#         | 24/239 [00:02<00:25,  8.53it/s][A

 10%|#         | 25/239 [00:02<00:25,  8.34it/s][A

 11%|#         | 26/239 [00:02<00:25,  8.21it/s][A

 11%|#1        | 27/239 [00:02<00:26,  8.05it/s][A

 12%|#1        | 28/239 [00:03<00:27,  7.58it/s][A

 12%|#2        | 29/239 [00:03<00:27,  7.62it/s][A

 13%|#2        | 30/239 [00:03<00:27,  7.54it/s][A

 13%|#2        | 31/239 [00:03<00:27,  7.64it/s][A

 13%|#3        | 32/239 [00:03<00:27,  7.64it/s][A

 14%|#3        | 33/239 [00:03<00:27,  7.37it/s][A

 14%|#4        | 34/239 [00:03<00:27,  7.58it/s][A

 15%|#4        | 35/239 [00:03<00:27,  7.44it/s][A

 15%|#5        | 36/239 [00:04<00:26,  7.61it/s][A

 15%|#5        | 37/239 [00:04<00:25,  7.95it/s][A

 16%|#5        | 38/239 [00:04<00:25,  7.94it/s][A

 16%|#6        | 39/239 [00:04<00:25,  7.90it/s][A

 17%|#6        | 40/239 [00:04<00:24,  8.06it/s][A

 17%|#7        | 41/239 [00:04<00:24,  8.15it/s][A

 18%|#7        | 42/239 [00:04<00:25,  7.82it/s][A

 18%|#7        | 43/239 [00:04<00:24,  8.13it/s][A

 18%|#8        | 44/239 [00:05<00:24,  7.95it/s][A

 19%|#8        | 45/239 [00:05<00:24,  7.96it/s][A

 19%|#9        | 46/239 [00:05<00:23,  8.07it/s][A

 20%|#9        | 47/239 [00:05<00:23,  8.11it/s][A

 20%|##        | 48/239 [00:05<00:23,  8.30it/s][A

 21%|##        | 49/239 [00:05<00:22,  8.54it/s][A

 21%|##        | 50/239 [00:05<00:22,  8.36it/s][A

 21%|##1       | 51/239 [00:05<00:22,  8.36it/s][A

 22%|##1       | 52/239 [00:05<00:21,  8.74it/s][A

 22%|##2       | 53/239 [00:06<00:21,  8.85it/s][A

 23%|##2       | 54/239 [00:06<00:20,  9.08it/s][A

 23%|##3       | 56/239 [00:06<00:19,  9.36it/s][A

 24%|##4       | 58/239 [00:06<00:18,  9.83it/s][A

 25%|##4       | 59/239 [00:06<00:18,  9.81it/s][A

 26%|##5       | 61/239 [00:06<00:17, 10.18it/s][A

 26%|##6       | 63/239 [00:07<00:16, 10.35it/s][A

 27%|##7       | 65/239 [00:07<00:17, 10.07it/s][A

 28%|##8       | 67/239 [00:07<00:17,  9.58it/s][A

 28%|##8       | 68/239 [00:07<00:18,  9.30it/s][A

 29%|##8       | 69/239 [00:07<00:19,  8.94it/s][A

 29%|##9       | 70/239 [00:07<00:19,  8.89it/s][A

 30%|##9       | 71/239 [00:07<00:19,  8.83it/s][A

 30%|###       | 72/239 [00:08<00:19,  8.79it/s][A

 31%|###       | 73/239 [00:08<00:18,  8.84it/s][A

 31%|###       | 74/239 [00:08<00:18,  8.80it/s][A

 31%|###1      | 75/239 [00:08<00:18,  8.91it/s][A

 32%|###1      | 76/239 [00:08<00:18,  8.79it/s][A

 32%|###2      | 77/239 [00:08<00:19,  8.25it/s][A

 33%|###2      | 78/239 [00:08<00:19,  8.25it/s][A

 33%|###3      | 79/239 [00:08<00:19,  8.22it/s][A

 33%|###3      | 80/239 [00:09<00:19,  8.22it/s][A

 34%|###3      | 81/239 [00:09<00:19,  8.29it/s][A

 34%|###4      | 82/239 [00:09<00:19,  8.17it/s][A

 35%|###4      | 83/239 [00:09<00:19,  7.89it/s][A

 35%|###5      | 84/239 [00:09<00:19,  7.96it/s][A

 36%|###5      | 85/239 [00:09<00:19,  8.10it/s][A

 36%|###5      | 86/239 [00:09<00:17,  8.59it/s][A

 36%|###6      | 87/239 [00:09<00:17,  8.85it/s][A

 37%|###6      | 88/239 [00:10<00:17,  8.72it/s][A

 37%|###7      | 89/239 [00:10<00:16,  9.00it/s][A

 38%|###8      | 91/239 [00:10<00:15,  9.66it/s][A

 38%|###8      | 92/239 [00:10<00:15,  9.39it/s][A

 39%|###9      | 94/239 [00:10<00:15,  9.62it/s][A

 40%|###9      | 95/239 [00:10<00:15,  9.48it/s][A

 41%|####      | 97/239 [00:10<00:14,  9.59it/s][A

 41%|####1     | 98/239 [00:11<00:14,  9.46it/s][A

 41%|####1     | 99/239 [00:11<00:14,  9.35it/s][A

 42%|####1     | 100/239 [00:11<00:15,  9.11it/s][A

 42%|####2     | 101/239 [00:11<00:14,  9.27it/s][A

 43%|####2     | 102/239 [00:11<00:15,  9.08it/s][A

 43%|####3     | 103/239 [00:11<00:15,  8.83it/s][A

 44%|####3     | 104/239 [00:11<00:15,  8.87it/s][A

 44%|####3     | 105/239 [00:11<00:14,  8.96it/s][A

 44%|####4     | 106/239 [00:11<00:14,  9.21it/s][A

 45%|####5     | 108/239 [00:12<00:13,  9.51it/s][A

 46%|####5     | 109/239 [00:12<00:13,  9.40it/s][A

 46%|####6     | 110/239 [00:12<00:14,  8.88it/s][A

 46%|####6     | 111/239 [00:12<00:14,  9.13it/s][A

 47%|####7     | 113/239 [00:12<00:13,  9.59it/s][A

 48%|####7     | 114/239 [00:12<00:13,  9.46it/s][A

 48%|####8     | 115/239 [00:12<00:13,  9.21it/s][A

 49%|####8     | 116/239 [00:13<00:13,  9.29it/s][A

 49%|####8     | 117/239 [00:13<00:13,  9.10it/s][A

 49%|####9     | 118/239 [00:13<00:13,  8.86it/s][A

 50%|####9     | 119/239 [00:13<00:13,  8.91it/s][A

 50%|#####     | 120/239 [00:13<00:13,  8.77it/s][A

 51%|#####1    | 122/239 [00:13<00:13,  8.93it/s][A

 51%|#####1    | 123/239 [00:13<00:12,  9.12it/s][A

 52%|#####1    | 124/239 [00:13<00:12,  9.00it/s][A

 52%|#####2    | 125/239 [00:14<00:13,  8.47it/s][A

 53%|#####2    | 126/239 [00:14<00:13,  8.58it/s][A

 54%|#####3    | 128/239 [00:14<00:11,  9.36it/s][A

 54%|#####3    | 129/239 [00:14<00:11,  9.28it/s][A

 54%|#####4    | 130/239 [00:14<00:11,  9.14it/s][A

 55%|#####4    | 131/239 [00:14<00:12,  8.79it/s][A

 56%|#####5    | 133/239 [00:14<00:11,  8.96it/s][A

 56%|#####6    | 134/239 [00:15<00:11,  8.99it/s][A

 57%|#####6    | 136/239 [00:15<00:10,  9.42it/s][A

 58%|#####7    | 138/239 [00:15<00:10,  9.96it/s][A

 59%|#####8    | 140/239 [00:15<00:10,  9.80it/s][A

 59%|#####9    | 142/239 [00:15<00:09,  9.95it/s][A

 60%|#####9    | 143/239 [00:15<00:09,  9.90it/s][A

 60%|######    | 144/239 [00:16<00:10,  9.39it/s][A

 61%|######    | 145/239 [00:16<00:10,  9.32it/s][A

 61%|######1   | 146/239 [00:16<00:10,  9.29it/s][A

 62%|######1   | 147/239 [00:16<00:09,  9.45it/s][A

 62%|######1   | 148/239 [00:16<00:09,  9.29it/s][A

 62%|######2   | 149/239 [00:16<00:09,  9.42it/s][A

 63%|######2   | 150/239 [00:16<00:09,  9.15it/s][A

 63%|######3   | 151/239 [00:16<00:09,  9.28it/s][A

 64%|######3   | 152/239 [00:16<00:09,  8.83it/s][A

 64%|######4   | 153/239 [00:17<00:09,  8.93it/s][A

 64%|######4   | 154/239 [00:17<00:09,  8.87it/s][A

 65%|######4   | 155/239 [00:17<00:09,  8.95it/s][A

 65%|######5   | 156/239 [00:17<00:09,  8.83it/s][A

 66%|######5   | 157/239 [00:17<00:09,  8.65it/s][A

 66%|######6   | 158/239 [00:17<00:09,  8.40it/s][A

 67%|######6   | 159/239 [00:17<00:09,  8.63it/s][A

 67%|######6   | 160/239 [00:17<00:09,  8.62it/s][A

 67%|######7   | 161/239 [00:17<00:09,  8.48it/s][A

 68%|######7   | 162/239 [00:18<00:08,  8.63it/s][A

 68%|######8   | 163/239 [00:18<00:08,  8.74it/s][A

 69%|######9   | 165/239 [00:18<00:08,  9.24it/s][A

 70%|######9   | 167/239 [00:18<00:07,  9.63it/s][A

 70%|#######   | 168/239 [00:18<00:07,  9.60it/s][A

 71%|#######   | 169/239 [00:18<00:07,  9.67it/s][A

 71%|#######1  | 170/239 [00:18<00:07,  9.73it/s][A

 72%|#######1  | 172/239 [00:19<00:06,  9.83it/s][A

 72%|#######2  | 173/239 [00:19<00:06,  9.75it/s][A

 73%|#######3  | 175/239 [00:19<00:06, 10.25it/s][A

 74%|#######4  | 177/239 [00:19<00:05, 10.68it/s][A

 75%|#######4  | 179/239 [00:19<00:05, 10.30it/s][A

 76%|#######5  | 181/239 [00:19<00:05, 10.22it/s][A

 77%|#######6  | 183/239 [00:20<00:05, 10.15it/s][A

 77%|#######7  | 185/239 [00:20<00:05,  9.83it/s][A

 78%|#######7  | 186/239 [00:20<00:05,  9.65it/s][A

 78%|#######8  | 187/239 [00:20<00:05,  9.55it/s][A

 79%|#######9  | 189/239 [00:20<00:05,  9.88it/s][A

 79%|#######9  | 190/239 [00:20<00:04,  9.85it/s][A

 80%|#######9  | 191/239 [00:20<00:04,  9.82it/s][A

 80%|########  | 192/239 [00:21<00:04,  9.41it/s][A

 81%|########1 | 194/239 [00:21<00:04,  9.92it/s][A

 82%|########2 | 196/239 [00:21<00:04, 10.28it/s][A

 83%|########2 | 198/239 [00:21<00:03, 10.33it/s][A

 84%|########3 | 200/239 [00:21<00:03, 10.16it/s][A

 85%|########4 | 202/239 [00:22<00:03, 10.84it/s][A

 85%|########5 | 204/239 [00:22<00:03, 10.95it/s][A

 86%|########6 | 206/239 [00:22<00:03, 10.82it/s][A

 87%|########7 | 208/239 [00:22<00:02, 11.10it/s][A

 88%|########7 | 210/239 [00:22<00:02, 11.09it/s][A

 89%|########8 | 212/239 [00:22<00:02, 11.58it/s][A

 90%|########9 | 214/239 [00:23<00:02, 11.36it/s][A

 90%|######### | 216/239 [00:23<00:02, 11.11it/s][A

 91%|#########1| 218/239 [00:23<00:02,  9.66it/s][A

 92%|#########2| 220/239 [00:23<00:02,  8.88it/s][A

 92%|#########2| 221/239 [00:23<00:02,  8.48it/s][A

 93%|#########2| 222/239 [00:24<00:02,  8.34it/s][A

 93%|#########3| 223/239 [00:24<00:01,  8.27it/s][A

 94%|#########3| 224/239 [00:24<00:01,  8.10it/s][A

 94%|#########4| 225/239 [00:24<00:01,  7.86it/s][A

 95%|#########4| 226/239 [00:24<00:01,  7.69it/s][A

 95%|#########4| 227/239 [00:24<00:01,  7.30it/s][A

 95%|#########5| 228/239 [00:24<00:01,  6.94it/s][A

 96%|#########5| 229/239 [00:25<00:01,  6.85it/s][A

 96%|#########6| 230/239 [00:25<00:01,  6.82it/s][A

 97%|#########6| 231/239 [00:25<00:01,  7.07it/s][A

 97%|#########7| 232/239 [00:25<00:00,  7.73it/s][A

 97%|#########7| 233/239 [00:25<00:00,  7.97it/s][A

 98%|#########7| 234/239 [00:25<00:00,  8.27it/s][A

 98%|#########8| 235/239 [00:25<00:00,  8.59it/s][A

 99%|#########9| 237/239 [00:25<00:00,  9.65it/s][A

100%|##########| 239/239 [00:26<00:00, 10.39it/s][A
                                                  


                                                 
[A
 25%|##5       | 500/2000 [19:37<48:44,  1.95s/it]

100%|##########| 239/239 [00:26<00:00, 10.39it/s][A

                                                 [A
{'eval_loss': '3.995', 'eval_runtime': '26.26', 'eval_samples_per_second': '36.4', 'eval_steps_per_second': '9.1', 'epoch': '0.08545'}

Writing model shards:   0%|          | 0/1 [00:00<?, ?it/s][A

Writing model shards: 100%|##########| 1/1 [00:00<00:00,  1.49it/s][A
Writing model shards: 100%|##########| 1/1 [00:00<00:00,  1.49it/s]

 25%|##5       | 501/2000 [19:41<4:20:56, 10.44s/it]
 25%|##5       | 502/2000 [19:42<3:15:48,  7.84s/it]
 25%|##5       | 503/2000 [19:44<2:29:46,  6.00s/it]
 25%|##5       | 504/2000 [19:46<1:57:33,  4.72s/it]
 25%|##5       | 505/2000 [19:48<1:35:39,  3.84s/it]
 25%|##5       | 506/2000 [19:49<1:20:15,  3.22s/it]
 25%|##5       | 507/2000 [19:51<1:09:33,  2.80s/it]
 25%|##5       | 508/2000 [19:53<1:03:04,  2.54s/it]
 25%|##5       | 509/2000 [19:55<57:58,  2.33s/it]  
 26%|##5       | 510/2000 [19:57<54:07,  2.18s/it]
 26%|##5       | 511/2000 [19:59<51:05,  2.06s/it]
 26%|##5       | 512/2000 [20:00<49:19,  1.99s/it]
 26%|##5       | 513/2000 [20:02<49:01,  1.98s/it]
 26%|##5       | 514/2000 [20:04<48:29,  1.96s/it]
 26%|##5       | 515/2000 [20:06<48:07,  1.94s/it]
 26%|##5       | 516/2000 [20:08<48:07,  1.95s/it]
 26%|##5       | 517/2000 [20:10<47:45,  1.93s/it]
 26%|##5       | 518/2000 [20:12<47:30,  1.92s/it]
 26%|##5       | 519/2000 [20:14<47:30,  1.92s/it]
 26%|##6       | 520/2000 [20:16<47:19,  1.92s/it]
 26%|##6       | 521/2000 [20:18<47:23,  1.92s/it]
 26%|##6       | 522/2000 [20:20<46:52,  1.90s/it]
 26%|##6       | 523/2000 [20:22<49:45,  2.02s/it]
 26%|##6       | 524/2000 [20:24<48:28,  1.97s/it]
 26%|##6       | 525/2000 [20:26<48:22,  1.97s/it]
                                                  

 26%|##6       | 525/2000 [20:26<48:22,  1.97s/it]
 26%|##6       | 526/2000 [20:28<47:45,  1.94s/it]
 26%|##6       | 527/2000 [20:30<47:17,  1.93s/it]
 26%|##6       | 528/2000 [20:31<46:43,  1.90s/it]
 26%|##6       | 529/2000 [20:33<47:01,  1.92s/it]
 26%|##6       | 530/2000 [20:35<48:01,  1.96s/it]
 27%|##6       | 531/2000 [20:38<49:42,  2.03s/it]
 27%|##6       | 532/2000 [20:40<49:23,  2.02s/it]
 27%|##6       | 533/2000 [20:42<49:12,  2.01s/it]
 27%|##6       | 534/2000 [20:43<48:26,  1.98s/it]
 27%|##6       | 535/2000 [20:45<48:13,  1.98s/it]
 27%|##6       | 536/2000 [20:47<47:42,  1.96s/it]
 27%|##6       | 537/2000 [20:49<47:30,  1.95s/it]
 27%|##6       | 538/2000 [20:51<48:45,  2.00s/it]
 27%|##6       | 539/2000 [20:53<48:50,  2.01s/it]
 27%|##7       | 540/2000 [20:55<48:42,  2.00s/it]
 27%|##7       | 541/2000 [20:57<48:58,  2.01s/it]
 27%|##7       | 542/2000 [20:59<48:01,  1.98s/it]
 27%|##7       | 543/2000 [21:02<52:54,  2.18s/it]
 27%|##7       | 544/2000 [21:04<53:57,  2.22s/it]
 27%|##7       | 545/2000 [21:06<51:00,  2.10s/it]
 27%|##7       | 546/2000 [21:08<50:16,  2.07s/it]
 27%|##7       | 547/2000 [21:10<49:51,  2.06s/it]
 27%|##7       | 548/2000 [21:12<49:49,  2.06s/it]
 27%|##7       | 549/2000 [21:14<49:46,  2.06s/it]
 28%|##7       | 550/2000 [21:16<48:58,  2.03s/it]
                                                  

 28%|##7       | 550/2000 [21:16<48:58,  2.03s/it]
 28%|##7       | 551/2000 [21:18<48:49,  2.02s/it]
 28%|##7       | 552/2000 [21:20<48:40,  2.02s/it]
 28%|##7       | 553/2000 [21:22<48:23,  2.01s/it]
 28%|##7       | 554/2000 [21:24<47:50,  1.98s/it]
 28%|##7       | 555/2000 [21:27<51:06,  2.12s/it]
 28%|##7       | 556/2000 [21:29<52:12,  2.17s/it]
 28%|##7       | 557/2000 [21:31<50:00,  2.08s/it]
 28%|##7       | 558/2000 [21:33<48:41,  2.03s/it]
 28%|##7       | 559/2000 [21:35<47:25,  1.97s/it]
 28%|##8       | 560/2000 [21:37<47:52,  1.99s/it]
 28%|##8       | 561/2000 [21:39<49:47,  2.08s/it]
 28%|##8       | 562/2000 [21:41<49:45,  2.08s/it]
 28%|##8       | 563/2000 [21:43<49:09,  2.05s/it]
 28%|##8       | 564/2000 [21:45<48:22,  2.02s/it]
 28%|##8       | 565/2000 [21:47<48:04,  2.01s/it]
 28%|##8       | 566/2000 [21:49<48:11,  2.02s/it]
 28%|##8       | 567/2000 [21:51<48:28,  2.03s/it]
 28%|##8       | 568/2000 [21:53<48:08,  2.02s/it]
 28%|##8       | 569/2000 [21:55<48:43,  2.04s/it]
 28%|##8       | 570/2000 [21:57<48:48,  2.05s/it]
 29%|##8       | 571/2000 [21:59<49:04,  2.06s/it]
 29%|##8       | 572/2000 [22:01<48:35,  2.04s/it]
 29%|##8       | 573/2000 [22:03<47:57,  2.02s/it]
 29%|##8       | 574/2000 [22:05<47:10,  1.99s/it]
 29%|##8       | 575/2000 [22:07<46:46,  1.97s/it]
                                                  

 29%|##8       | 575/2000 [22:07<46:46,  1.97s/it]
 29%|##8       | 576/2000 [22:09<47:14,  1.99s/it]
 29%|##8       | 577/2000 [22:11<46:54,  1.98s/it]
 29%|##8       | 578/2000 [22:13<46:04,  1.94s/it]
 29%|##8       | 579/2000 [22:15<47:00,  1.98s/it]
 29%|##9       | 580/2000 [22:17<47:47,  2.02s/it]
 29%|##9       | 581/2000 [22:19<47:45,  2.02s/it]
 29%|##9       | 582/2000 [22:21<47:34,  2.01s/it]
 29%|##9       | 583/2000 [22:23<48:14,  2.04s/it]
 29%|##9       | 584/2000 [22:25<47:58,  2.03s/it]
 29%|##9       | 585/2000 [22:27<47:18,  2.01s/it]
 29%|##9       | 586/2000 [22:29<48:00,  2.04s/it]
 29%|##9       | 587/2000 [22:31<47:14,  2.01s/it]
 29%|##9       | 588/2000 [22:33<47:15,  2.01s/it]
 29%|##9       | 589/2000 [22:35<46:23,  1.97s/it]
 30%|##9       | 590/2000 [22:37<45:55,  1.95s/it]
 30%|##9       | 591/2000 [22:39<46:58,  2.00s/it]
 30%|##9       | 592/2000 [22:41<46:55,  2.00s/it]
 30%|##9       | 593/2000 [22:43<46:52,  2.00s/it]
 30%|##9       | 594/2000 [22:45<46:39,  1.99s/it]
 30%|##9       | 595/2000 [22:47<46:48,  2.00s/it]
 30%|##9       | 596/2000 [22:49<47:31,  2.03s/it]
 30%|##9       | 597/2000 [22:51<46:37,  1.99s/it]
 30%|##9       | 598/2000 [22:53<46:01,  1.97s/it]
 30%|##9       | 599/2000 [22:55<46:06,  1.97s/it]
 30%|###       | 600/2000 [22:57<46:46,  2.00s/it]
                                                  

 30%|###       | 600/2000 [22:57<46:46,  2.00s/it]
{'loss': '4.926', 'grad_norm': '1.084', 'learning_rate': '0.0003528', 'epoch': '0.08972'}
{'loss': '4.893', 'grad_norm': '1.305', 'learning_rate': '0.0003474', 'epoch': '0.09399'}
{'loss': '4.815', 'grad_norm': '1.089', 'learning_rate': '0.0003417', 'epoch': '0.09827'}
{'loss': '4.829', 'grad_norm': '1.033', 'learning_rate': '0.0003357', 'epoch': '0.1025'}

  0%|          | 0/239 [00:00<?, ?it/s][A

  1%|1         | 3/239 [00:00<00:15, 14.91it/s][A

  2%|2         | 5/239 [00:00<00:19, 12.28it/s][A

  3%|2         | 7/239 [00:00<00:18, 12.40it/s][A

  4%|3         | 9/239 [00:00<00:19, 11.89it/s][A

  5%|4         | 11/239 [00:00<00:19, 11.51it/s][A

  5%|5         | 13/239 [00:01<00:19, 11.62it/s][A

  6%|6         | 15/239 [00:01<00:18, 11.79it/s][A

  7%|7         | 17/239 [00:01<00:18, 11.70it/s][A

  8%|7         | 19/239 [00:01<00:18, 11.97it/s][A

  9%|8         | 21/239 [00:01<00:17, 12.15it/s][A

 10%|9         | 23/239 [00:01<00:18, 11.82it/s][A

 10%|#         | 25/239 [00:02<00:17, 11.99it/s][A

 11%|#1        | 27/239 [00:02<00:17, 12.07it/s][A

 12%|#2        | 29/239 [00:02<00:16, 12.60it/s][A

 13%|#2        | 31/239 [00:02<00:17, 11.81it/s][A

 14%|#3        | 33/239 [00:02<00:16, 12.47it/s][A

 15%|#4        | 35/239 [00:02<00:16, 12.52it/s][A

 15%|#5        | 37/239 [00:03<00:17, 11.85it/s][A

 16%|#6        | 39/239 [00:03<00:15, 12.79it/s][A

 17%|#7        | 41/239 [00:03<00:16, 12.32it/s][A

 18%|#7        | 43/239 [00:03<00:16, 12.06it/s][A

 19%|#8        | 45/239 [00:03<00:16, 12.08it/s][A

 20%|#9        | 47/239 [00:03<00:16, 11.73it/s][A

 21%|##        | 49/239 [00:04<00:16, 11.86it/s][A

 21%|##1       | 51/239 [00:04<00:15, 11.95it/s][A

 22%|##2       | 53/239 [00:04<00:14, 12.47it/s][A

 23%|##3       | 55/239 [00:04<00:14, 12.48it/s][A

 24%|##3       | 57/239 [00:04<00:14, 12.50it/s][A

 25%|##4       | 59/239 [00:04<00:15, 11.87it/s][A

 26%|##5       | 61/239 [00:05<00:14, 12.04it/s][A

 26%|##6       | 63/239 [00:05<00:14, 11.87it/s][A

 27%|##7       | 65/239 [00:05<00:14, 12.10it/s][A

 28%|##8       | 67/239 [00:05<00:14, 11.66it/s][A

 29%|##8       | 69/239 [00:05<00:13, 12.22it/s][A

 30%|##9       | 71/239 [00:05<00:14, 12.00it/s][A

 31%|###       | 73/239 [00:06<00:14, 11.79it/s][A

 31%|###1      | 75/239 [00:06<00:13, 11.75it/s][A

 32%|###2      | 77/239 [00:06<00:13, 11.64it/s][A

 33%|###3      | 79/239 [00:06<00:13, 11.86it/s][A

 34%|###3      | 81/239 [00:06<00:14, 10.91it/s][A

 35%|###4      | 83/239 [00:06<00:15, 10.27it/s][A

 36%|###5      | 85/239 [00:07<00:14, 10.60it/s][A

 36%|###6      | 87/239 [00:07<00:14, 10.83it/s][A

 37%|###7      | 89/239 [00:07<00:13, 10.94it/s][A

 38%|###8      | 91/239 [00:07<00:13, 10.90it/s][A

 39%|###8      | 93/239 [00:07<00:13, 11.05it/s][A

 40%|###9      | 95/239 [00:08<00:12, 11.47it/s][A

 41%|####      | 97/239 [00:08<00:12, 11.62it/s][A

 41%|####1     | 99/239 [00:08<00:11, 12.47it/s][A

 42%|####2     | 101/239 [00:08<00:11, 11.81it/s][A

 43%|####3     | 103/239 [00:08<00:12, 11.10it/s][A

 44%|####3     | 105/239 [00:08<00:12, 10.38it/s][A

 45%|####4     | 107/239 [00:09<00:12, 10.16it/s][A

 46%|####5     | 109/239 [00:09<00:13,  9.79it/s][A

 46%|####6     | 110/239 [00:09<00:13,  9.65it/s][A

 47%|####6     | 112/239 [00:09<00:13,  9.46it/s][A

 47%|####7     | 113/239 [00:09<00:13,  9.44it/s][A

 48%|####8     | 115/239 [00:09<00:12, 10.26it/s][A

 49%|####8     | 117/239 [00:10<00:11, 10.96it/s][A

 50%|####9     | 119/239 [00:10<00:11, 10.70it/s][A

 51%|#####     | 121/239 [00:10<00:10, 11.05it/s][A

 51%|#####1    | 123/239 [00:10<00:10, 11.19it/s][A

 52%|#####2    | 125/239 [00:10<00:10, 10.97it/s][A

 53%|#####3    | 127/239 [00:11<00:09, 11.34it/s][A

 54%|#####3    | 129/239 [00:11<00:09, 11.46it/s][A

 55%|#####4    | 131/239 [00:11<00:09, 11.38it/s][A

 56%|#####5    | 133/239 [00:11<00:09, 11.48it/s][A

 56%|#####6    | 135/239 [00:11<00:09, 11.50it/s][A

 57%|#####7    | 137/239 [00:11<00:09, 10.94it/s][A

 58%|#####8    | 139/239 [00:12<00:09, 11.07it/s][A

 59%|#####8    | 141/239 [00:12<00:08, 11.07it/s][A

 60%|#####9    | 143/239 [00:12<00:08, 11.65it/s][A

 61%|######    | 145/239 [00:12<00:08, 10.98it/s][A

 62%|######1   | 147/239 [00:12<00:08, 11.46it/s][A

 62%|######2   | 149/239 [00:12<00:07, 11.60it/s][A

 63%|######3   | 151/239 [00:13<00:07, 11.10it/s][A

 64%|######4   | 153/239 [00:13<00:07, 11.83it/s][A

 65%|######4   | 155/239 [00:13<00:07, 11.41it/s][A

 66%|######5   | 157/239 [00:13<00:06, 11.74it/s][A

 67%|######6   | 159/239 [00:13<00:07, 11.38it/s][A

 67%|######7   | 161/239 [00:14<00:06, 11.38it/s][A

 68%|######8   | 163/239 [00:14<00:06, 11.41it/s][A

 69%|######9   | 165/239 [00:14<00:06, 10.58it/s][A

 70%|######9   | 167/239 [00:14<00:06, 11.13it/s][A

 71%|#######   | 169/239 [00:14<00:06, 10.94it/s][A

 72%|#######1  | 171/239 [00:14<00:06, 11.23it/s][A

 72%|#######2  | 173/239 [00:15<00:05, 11.46it/s][A

 73%|#######3  | 175/239 [00:15<00:05, 11.46it/s][A

 74%|#######4  | 177/239 [00:15<00:05, 10.88it/s][A

 75%|#######4  | 179/239 [00:15<00:05, 11.34it/s][A

 76%|#######5  | 181/239 [00:15<00:05, 10.80it/s][A

 77%|#######6  | 183/239 [00:15<00:04, 11.53it/s][A

 77%|#######7  | 185/239 [00:16<00:04, 11.72it/s][A

 78%|#######8  | 187/239 [00:16<00:04, 11.63it/s][A

 79%|#######9  | 189/239 [00:16<00:04, 11.78it/s][A

 80%|#######9  | 191/239 [00:16<00:04, 11.73it/s][A

 81%|########  | 193/239 [00:16<00:03, 12.12it/s][A

 82%|########1 | 195/239 [00:16<00:03, 11.99it/s][A

 82%|########2 | 197/239 [00:17<00:03, 11.34it/s][A

 83%|########3 | 199/239 [00:17<00:03, 11.68it/s][A

 84%|########4 | 201/239 [00:17<00:03, 11.61it/s][A

 85%|########4 | 203/239 [00:17<00:03, 11.46it/s][A

 86%|########5 | 205/239 [00:17<00:02, 11.59it/s][A

 87%|########6 | 207/239 [00:18<00:02, 10.91it/s][A

 87%|########7 | 209/239 [00:18<00:03,  9.87it/s][A

 88%|########8 | 211/239 [00:18<00:02,  9.39it/s][A

 89%|########8 | 212/239 [00:18<00:02,  9.25it/s][A

 90%|########9 | 214/239 [00:18<00:02,  9.85it/s][A

 90%|######### | 216/239 [00:19<00:02, 10.58it/s][A

 91%|#########1| 218/239 [00:19<00:01, 10.68it/s][A

 92%|#########2| 220/239 [00:19<00:01, 11.45it/s][A

 93%|#########2| 222/239 [00:19<00:01, 11.42it/s][A

 94%|#########3| 224/239 [00:19<00:01, 11.59it/s][A

 95%|#########4| 226/239 [00:19<00:01, 12.08it/s][A

 95%|#########5| 228/239 [00:20<00:00, 12.19it/s][A

 96%|#########6| 230/239 [00:20<00:00, 12.03it/s][A

 97%|#########7| 232/239 [00:20<00:00, 12.06it/s][A

 98%|#########7| 234/239 [00:20<00:00, 12.18it/s][A

 99%|#########8| 236/239 [00:20<00:00, 11.48it/s][A

100%|#########9| 238/239 [00:20<00:00, 11.24it/s][A
                                                  


                                                 
[A
 30%|###       | 600/2000 [23:18<46:46,  2.00s/it]

100%|##########| 239/239 [00:21<00:00, 11.24it/s][A

{'eval_loss': '3.873', 'eval_runtime': '21.1', 'eval_samples_per_second': '45.32', 'eval_steps_per_second': '11.33', 'epoch': '0.1025'}
                                                 [A

Writing model shards:   0%|          | 0/1 [00:00<?, ?it/s][A

Writing model shards: 100%|##########| 1/1 [00:00<00:00,  2.25it/s][A
Writing model shards: 100%|##########| 1/1 [00:00<00:00,  2.25it/s]

 30%|###       | 601/2000 [23:21<3:22:36,  8.69s/it]
 30%|###       | 602/2000 [23:23<2:34:30,  6.63s/it]
 30%|###       | 603/2000 [23:25<2:02:53,  5.28s/it]
 30%|###       | 604/2000 [23:27<1:38:57,  4.25s/it]
 30%|###       | 605/2000 [23:29<1:22:13,  3.54s/it]
 30%|###       | 606/2000 [23:31<1:11:26,  3.07s/it]
 30%|###       | 607/2000 [23:33<1:04:00,  2.76s/it]
 30%|###       | 608/2000 [23:35<58:18,  2.51s/it]  
 30%|###       | 609/2000 [23:37<54:54,  2.37s/it]
 30%|###       | 610/2000 [23:39<52:12,  2.25s/it]
 31%|###       | 611/2000 [23:41<50:14,  2.17s/it]
 31%|###       | 612/2000 [23:43<48:58,  2.12s/it]
 31%|###       | 613/2000 [23:45<48:00,  2.08s/it]
 31%|###       | 614/2000 [23:47<47:34,  2.06s/it]
 31%|###       | 615/2000 [23:49<47:28,  2.06s/it]
 31%|###       | 616/2000 [23:51<47:38,  2.07s/it]
 31%|###       | 617/2000 [23:53<48:27,  2.10s/it]
 31%|###       | 618/2000 [23:55<47:28,  2.06s/it]
 31%|###       | 619/2000 [23:57<47:46,  2.08s/it]
 31%|###1      | 620/2000 [24:00<50:37,  2.20s/it]
 31%|###1      | 621/2000 [24:02<48:52,  2.13s/it]
 31%|###1      | 622/2000 [24:04<48:12,  2.10s/it]
 31%|###1      | 623/2000 [24:06<46:36,  2.03s/it]
 31%|###1      | 624/2000 [24:08<46:53,  2.04s/it]
 31%|###1      | 625/2000 [24:10<47:05,  2.05s/it]
                                                  

 31%|###1      | 625/2000 [24:10<47:05,  2.05s/it]
 31%|###1      | 626/2000 [24:12<47:12,  2.06s/it]
 31%|###1      | 627/2000 [24:14<47:07,  2.06s/it]
 31%|###1      | 628/2000 [24:16<47:13,  2.07s/it]
 31%|###1      | 629/2000 [24:18<46:41,  2.04s/it]
 32%|###1      | 630/2000 [24:20<46:33,  2.04s/it]
 32%|###1      | 631/2000 [24:22<48:24,  2.12s/it]
 32%|###1      | 632/2000 [24:24<46:47,  2.05s/it]
 32%|###1      | 633/2000 [24:26<47:00,  2.06s/it]
 32%|###1      | 634/2000 [24:28<47:02,  2.07s/it]
 32%|###1      | 635/2000 [24:31<47:13,  2.08s/it]
 32%|###1      | 636/2000 [24:33<47:42,  2.10s/it]
 32%|###1      | 637/2000 [24:35<48:24,  2.13s/it]
 32%|###1      | 638/2000 [24:37<47:20,  2.09s/it]
 32%|###1      | 639/2000 [24:39<46:56,  2.07s/it]
 32%|###2      | 640/2000 [24:41<46:33,  2.05s/it]
 32%|###2      | 641/2000 [24:43<46:06,  2.04s/it]
 32%|###2      | 642/2000 [24:45<47:24,  2.09s/it]
 32%|###2      | 643/2000 [24:47<48:15,  2.13s/it]
 32%|###2      | 644/2000 [24:50<49:43,  2.20s/it]
 32%|###2      | 645/2000 [24:52<48:33,  2.15s/it]
 32%|###2      | 646/2000 [24:54<51:13,  2.27s/it]
 32%|###2      | 647/2000 [24:56<50:27,  2.24s/it]
 32%|###2      | 648/2000 [24:59<49:24,  2.19s/it]
 32%|###2      | 649/2000 [25:01<48:43,  2.16s/it]
 32%|###2      | 650/2000 [25:03<48:34,  2.16s/it]
                                                  

 32%|###2      | 650/2000 [25:03<48:34,  2.16s/it]
 33%|###2      | 651/2000 [25:05<47:50,  2.13s/it]
 33%|###2      | 652/2000 [25:07<46:16,  2.06s/it]
 33%|###2      | 653/2000 [25:09<47:59,  2.14s/it]
 33%|###2      | 654/2000 [25:11<49:07,  2.19s/it]
 33%|###2      | 655/2000 [25:14<48:46,  2.18s/it]
 33%|###2      | 656/2000 [25:16<51:09,  2.28s/it]
 33%|###2      | 657/2000 [25:18<51:02,  2.28s/it]
 33%|###2      | 658/2000 [25:21<51:33,  2.31s/it]
 33%|###2      | 659/2000 [25:23<51:19,  2.30s/it]
 33%|###3      | 660/2000 [25:25<48:47,  2.19s/it]
 33%|###3      | 661/2000 [25:27<48:21,  2.17s/it]
 33%|###3      | 662/2000 [25:29<46:47,  2.10s/it]
 33%|###3      | 663/2000 [25:31<46:01,  2.07s/it]
 33%|###3      | 664/2000 [25:33<45:51,  2.06s/it]
 33%|###3      | 665/2000 [25:35<45:42,  2.05s/it]
 33%|###3      | 666/2000 [25:37<45:49,  2.06s/it]
 33%|###3      | 667/2000 [25:39<46:07,  2.08s/it]
 33%|###3      | 668/2000 [25:42<47:34,  2.14s/it]
 33%|###3      | 669/2000 [25:44<47:51,  2.16s/it]
 34%|###3      | 670/2000 [25:46<47:42,  2.15s/it]
 34%|###3      | 671/2000 [25:48<47:06,  2.13s/it]
 34%|###3      | 672/2000 [25:50<46:58,  2.12s/it]
 34%|###3      | 673/2000 [25:52<47:22,  2.14s/it]
 34%|###3      | 674/2000 [25:54<47:11,  2.14s/it]
 34%|###3      | 675/2000 [25:56<46:59,  2.13s/it]
                                                  

 34%|###3      | 675/2000 [25:56<46:59,  2.13s/it]
 34%|###3      | 676/2000 [25:59<46:37,  2.11s/it]
 34%|###3      | 677/2000 [26:01<46:11,  2.10s/it]
 34%|###3      | 678/2000 [26:03<46:14,  2.10s/it]
 34%|###3      | 679/2000 [26:05<46:35,  2.12s/it]
 34%|###4      | 680/2000 [26:07<46:39,  2.12s/it]
 34%|###4      | 681/2000 [26:09<46:08,  2.10s/it]
 34%|###4      | 682/2000 [26:11<47:12,  2.15s/it]
 34%|###4      | 683/2000 [26:13<46:57,  2.14s/it]
 34%|###4      | 684/2000 [26:16<46:37,  2.13s/it]
 34%|###4      | 685/2000 [26:18<46:55,  2.14s/it]
 34%|###4      | 686/2000 [26:20<47:20,  2.16s/it]
 34%|###4      | 687/2000 [26:22<46:02,  2.10s/it]
 34%|###4      | 688/2000 [26:24<45:25,  2.08s/it]
 34%|###4      | 689/2000 [26:26<46:09,  2.11s/it]
 34%|###4      | 690/2000 [26:28<45:51,  2.10s/it]
 35%|###4      | 691/2000 [26:30<45:06,  2.07s/it]
 35%|###4      | 692/2000 [26:32<46:25,  2.13s/it]
 35%|###4      | 693/2000 [26:35<46:23,  2.13s/it]
 35%|###4      | 694/2000 [26:37<47:10,  2.17s/it]
 35%|###4      | 695/2000 [26:39<46:34,  2.14s/it]
 35%|###4      | 696/2000 [26:41<47:16,  2.17s/it]
 35%|###4      | 697/2000 [26:43<46:37,  2.15s/it]
 35%|###4      | 698/2000 [26:45<46:45,  2.15s/it]
 35%|###4      | 699/2000 [26:48<46:37,  2.15s/it]
 35%|###5      | 700/2000 [26:50<45:32,  2.10s/it]
                                                  

{'loss': '4.875', 'grad_norm': '1.039', 'learning_rate': '0.0003295', 'epoch': '0.1068'}
 35%|###5      | 700/2000 [26:50<45:32,  2.10s/it]
{'loss': '4.685', 'grad_norm': '1.043', 'learning_rate': '0.0003231', 'epoch': '0.1111'}
{'loss': '4.646', 'grad_norm': '1.024', 'learning_rate': '0.0003165', 'epoch': '0.1154'}
{'loss': '4.629', 'grad_norm': '0.9709', 'learning_rate': '0.0003097', 'epoch': '0.1196'}

  0%|          | 0/239 [00:00<?, ?it/s][A

  1%|          | 2/239 [00:00<00:11, 19.75it/s][A

  2%|1         | 4/239 [00:00<00:19, 12.15it/s][A

  3%|2         | 6/239 [00:00<00:23,  9.84it/s][A

  3%|3         | 8/239 [00:00<00:24,  9.47it/s][A

  4%|4         | 10/239 [00:01<00:25,  8.83it/s][A

  5%|4         | 11/239 [00:01<00:26,  8.69it/s][A

  5%|5         | 12/239 [00:01<00:25,  8.96it/s][A

  5%|5         | 13/239 [00:01<00:26,  8.60it/s][A

  6%|5         | 14/239 [00:01<00:27,  8.29it/s][A

  6%|6         | 15/239 [00:01<00:26,  8.37it/s][A

  7%|6         | 16/239 [00:01<00:25,  8.60it/s][A

  7%|7         | 17/239 [00:01<00:26,  8.51it/s][A

  8%|7         | 18/239 [00:01<00:25,  8.64it/s][A

  8%|7         | 19/239 [00:02<00:25,  8.66it/s][A

  8%|8         | 20/239 [00:02<00:25,  8.69it/s][A

  9%|8         | 21/239 [00:02<00:24,  8.93it/s][A

  9%|9         | 22/239 [00:02<00:25,  8.63it/s][A

 10%|9         | 23/239 [00:02<00:24,  8.93it/s][A

 10%|#         | 25/239 [00:02<00:23,  9.11it/s][A

 11%|#         | 26/239 [00:02<00:24,  8.77it/s][A

 11%|#1        | 27/239 [00:03<00:26,  7.97it/s][A

 12%|#1        | 28/239 [00:03<00:25,  8.12it/s][A

 12%|#2        | 29/239 [00:03<00:26,  7.86it/s][A

 13%|#2        | 31/239 [00:03<00:23,  8.73it/s][A

 13%|#3        | 32/239 [00:03<00:24,  8.48it/s][A

 14%|#3        | 33/239 [00:03<00:24,  8.26it/s][A

 14%|#4        | 34/239 [00:03<00:25,  8.11it/s][A

 15%|#4        | 35/239 [00:04<00:25,  8.06it/s][A

 15%|#5        | 36/239 [00:04<00:25,  8.11it/s][A

 15%|#5        | 37/239 [00:04<00:24,  8.30it/s][A

 16%|#6        | 39/239 [00:04<00:21,  9.37it/s][A

 17%|#7        | 41/239 [00:04<00:19, 10.22it/s][A

 18%|#7        | 43/239 [00:04<00:17, 11.01it/s][A

 19%|#8        | 45/239 [00:04<00:17, 11.22it/s][A

 20%|#9        | 47/239 [00:05<00:19, 10.05it/s][A

 21%|##        | 49/239 [00:05<00:19,  9.71it/s][A

 21%|##        | 50/239 [00:05<00:19,  9.46it/s][A

 21%|##1       | 51/239 [00:05<00:19,  9.55it/s][A

 22%|##1       | 52/239 [00:05<00:20,  9.01it/s][A

 22%|##2       | 53/239 [00:05<00:21,  8.55it/s][A

 23%|##2       | 54/239 [00:05<00:22,  8.29it/s][A

 23%|##3       | 55/239 [00:06<00:22,  8.22it/s][A

 23%|##3       | 56/239 [00:06<00:22,  8.08it/s][A

 24%|##3       | 57/239 [00:06<00:21,  8.40it/s][A

 24%|##4       | 58/239 [00:06<00:21,  8.36it/s][A

 25%|##4       | 59/239 [00:06<00:21,  8.41it/s][A

 25%|##5       | 60/239 [00:06<00:20,  8.70it/s][A

 26%|##5       | 61/239 [00:06<00:23,  7.56it/s][A

 26%|##5       | 62/239 [00:07<00:23,  7.47it/s][A

 26%|##6       | 63/239 [00:07<00:24,  7.23it/s][A

 27%|##6       | 64/239 [00:07<00:23,  7.42it/s][A

 27%|##7       | 65/239 [00:07<00:24,  7.12it/s][A

 28%|##7       | 66/239 [00:07<00:25,  6.71it/s][A

 28%|##8       | 67/239 [00:07<00:25,  6.78it/s][A

 28%|##8       | 68/239 [00:07<00:24,  6.89it/s][A

 29%|##8       | 69/239 [00:08<00:23,  7.34it/s][A

 29%|##9       | 70/239 [00:08<00:23,  7.33it/s][A

 30%|##9       | 71/239 [00:08<00:21,  7.67it/s][A

 30%|###       | 72/239 [00:08<00:20,  8.21it/s][A

 31%|###       | 73/239 [00:08<00:19,  8.59it/s][A

 31%|###       | 74/239 [00:08<00:18,  8.85it/s][A

 31%|###1      | 75/239 [00:08<00:19,  8.52it/s][A

 32%|###1      | 76/239 [00:08<00:18,  8.59it/s][A

 32%|###2      | 77/239 [00:08<00:20,  8.08it/s][A

 33%|###2      | 78/239 [00:09<00:20,  7.90it/s][A

 33%|###3      | 79/239 [00:09<00:21,  7.55it/s][A

 33%|###3      | 80/239 [00:09<00:20,  7.58it/s][A

 34%|###3      | 81/239 [00:09<00:21,  7.24it/s][A

 34%|###4      | 82/239 [00:09<00:21,  7.45it/s][A

 35%|###4      | 83/239 [00:09<00:20,  7.74it/s][A

 35%|###5      | 84/239 [00:09<00:19,  7.84it/s][A

 36%|###5      | 85/239 [00:10<00:19,  7.79it/s][A

 36%|###5      | 86/239 [00:10<00:19,  7.88it/s][A

 36%|###6      | 87/239 [00:10<00:18,  8.17it/s][A

 37%|###6      | 88/239 [00:10<00:18,  8.09it/s][A

 37%|###7      | 89/239 [00:10<00:19,  7.72it/s][A

 38%|###7      | 90/239 [00:10<00:19,  7.80it/s][A

 38%|###8      | 91/239 [00:10<00:18,  7.92it/s][A

 38%|###8      | 92/239 [00:10<00:18,  7.97it/s][A

 39%|###8      | 93/239 [00:11<00:18,  7.78it/s][A

 39%|###9      | 94/239 [00:11<00:19,  7.54it/s][A

 40%|###9      | 95/239 [00:11<00:19,  7.51it/s][A

 40%|####      | 96/239 [00:11<00:18,  7.65it/s][A

 41%|####      | 97/239 [00:11<00:18,  7.83it/s][A

 41%|####1     | 98/239 [00:11<00:17,  7.90it/s][A

 41%|####1     | 99/239 [00:11<00:17,  8.21it/s][A

 42%|####1     | 100/239 [00:11<00:17,  8.04it/s][A

 42%|####2     | 101/239 [00:12<00:17,  8.01it/s][A

 43%|####2     | 102/239 [00:12<00:16,  8.14it/s][A

 43%|####3     | 103/239 [00:12<00:16,  8.27it/s][A

 44%|####3     | 104/239 [00:12<00:16,  8.33it/s][A

 44%|####3     | 105/239 [00:12<00:15,  8.48it/s][A

 44%|####4     | 106/239 [00:12<00:16,  8.18it/s][A

 45%|####4     | 107/239 [00:12<00:16,  8.19it/s][A

 45%|####5     | 108/239 [00:12<00:15,  8.25it/s][A

 46%|####5     | 109/239 [00:13<00:16,  7.94it/s][A

 46%|####6     | 110/239 [00:13<00:16,  7.69it/s][A

 46%|####6     | 111/239 [00:13<00:16,  7.59it/s][A

 47%|####6     | 112/239 [00:13<00:16,  7.47it/s][A

 47%|####7     | 113/239 [00:13<00:17,  7.31it/s][A

 48%|####7     | 114/239 [00:13<00:16,  7.36it/s][A

 48%|####8     | 115/239 [00:13<00:18,  6.77it/s][A

 49%|####8     | 116/239 [00:14<00:22,  5.55it/s][A

 49%|####8     | 117/239 [00:14<00:22,  5.38it/s][A

 49%|####9     | 118/239 [00:14<00:25,  4.84it/s][A

 50%|####9     | 119/239 [00:14<00:24,  4.88it/s][A

 50%|#####     | 120/239 [00:15<00:24,  4.79it/s][A

 51%|#####     | 121/239 [00:15<00:23,  5.07it/s][A

 51%|#####1    | 122/239 [00:15<00:22,  5.16it/s][A

 51%|#####1    | 123/239 [00:15<00:21,  5.50it/s][A

 52%|#####1    | 124/239 [00:15<00:18,  6.09it/s][A

 52%|#####2    | 125/239 [00:15<00:18,  6.10it/s][A

 53%|#####2    | 126/239 [00:15<00:18,  6.25it/s][A

 53%|#####3    | 127/239 [00:16<00:16,  6.73it/s][A

 54%|#####3    | 128/239 [00:16<00:15,  7.32it/s][A

 54%|#####3    | 129/239 [00:16<00:14,  7.54it/s][A

 54%|#####4    | 130/239 [00:16<00:13,  7.90it/s][A

 55%|#####4    | 131/239 [00:16<00:13,  8.06it/s][A

 55%|#####5    | 132/239 [00:16<00:13,  7.88it/s][A

 56%|#####5    | 133/239 [00:16<00:13,  8.09it/s][A

 56%|#####6    | 134/239 [00:16<00:12,  8.38it/s][A

 56%|#####6    | 135/239 [00:17<00:12,  8.35it/s][A

 57%|#####6    | 136/239 [00:17<00:12,  8.41it/s][A

 57%|#####7    | 137/239 [00:17<00:11,  8.83it/s][A

 58%|#####7    | 138/239 [00:17<00:11,  9.00it/s][A

 59%|#####8    | 140/239 [00:17<00:10,  9.87it/s][A

 59%|#####9    | 142/239 [00:17<00:09, 10.18it/s][A

 60%|######    | 144/239 [00:17<00:09, 10.14it/s][A

 61%|######1   | 146/239 [00:18<00:08, 10.52it/s][A

 62%|######1   | 148/239 [00:18<00:08, 10.15it/s][A

 63%|######2   | 150/239 [00:18<00:08, 10.73it/s][A

 64%|######3   | 152/239 [00:18<00:08,  9.88it/s][A

 64%|######4   | 154/239 [00:18<00:08,  9.51it/s][A

 65%|######5   | 156/239 [00:19<00:08,  9.80it/s][A

 66%|######6   | 158/239 [00:19<00:07, 10.52it/s][A

 67%|######6   | 160/239 [00:19<00:07, 11.12it/s][A

 68%|######7   | 162/239 [00:19<00:06, 11.56it/s][A

 69%|######8   | 164/239 [00:19<00:06, 11.27it/s][A

 69%|######9   | 166/239 [00:20<00:06, 10.44it/s][A

 70%|#######   | 168/239 [00:20<00:07, 10.10it/s][A

 71%|#######1  | 170/239 [00:20<00:07,  9.40it/s][A

 72%|#######1  | 171/239 [00:20<00:07,  9.32it/s][A

 72%|#######1  | 172/239 [00:20<00:07,  9.01it/s][A

 72%|#######2  | 173/239 [00:20<00:07,  9.06it/s][A

 73%|#######2  | 174/239 [00:20<00:07,  8.54it/s][A

 73%|#######3  | 175/239 [00:21<00:07,  8.20it/s][A

 74%|#######3  | 176/239 [00:21<00:07,  8.21it/s][A

 74%|#######4  | 177/239 [00:21<00:07,  8.19it/s][A

 74%|#######4  | 178/239 [00:21<00:07,  8.34it/s][A

 75%|#######4  | 179/239 [00:21<00:07,  8.38it/s][A

 75%|#######5  | 180/239 [00:21<00:06,  8.54it/s][A

 76%|#######5  | 181/239 [00:21<00:06,  8.75it/s][A

 77%|#######6  | 183/239 [00:21<00:06,  8.90it/s][A

 77%|#######6  | 184/239 [00:22<00:06,  8.73it/s][A

 77%|#######7  | 185/239 [00:22<00:06,  8.71it/s][A

 78%|#######7  | 186/239 [00:22<00:06,  8.48it/s][A

 78%|#######8  | 187/239 [00:22<00:06,  8.39it/s][A

 79%|#######8  | 188/239 [00:22<00:06,  8.17it/s][A

 79%|#######9  | 189/239 [00:22<00:06,  8.14it/s][A

 79%|#######9  | 190/239 [00:22<00:05,  8.21it/s][A

 80%|#######9  | 191/239 [00:22<00:06,  7.95it/s][A

 80%|########  | 192/239 [00:23<00:06,  7.72it/s][A

 81%|########  | 193/239 [00:23<00:05,  7.95it/s][A

 81%|########1 | 194/239 [00:23<00:05,  8.01it/s][A

 82%|########1 | 195/239 [00:23<00:05,  7.77it/s][A

 82%|########2 | 196/239 [00:23<00:05,  7.72it/s][A

 82%|########2 | 197/239 [00:23<00:05,  8.04it/s][A

 83%|########2 | 198/239 [00:23<00:05,  7.83it/s][A

 83%|########3 | 199/239 [00:24<00:05,  7.80it/s][A

 84%|########3 | 200/239 [00:24<00:04,  8.00it/s][A

 85%|########4 | 202/239 [00:24<00:04,  9.12it/s][A

 85%|########5 | 204/239 [00:24<00:03,  9.98it/s][A

 86%|########6 | 206/239 [00:24<00:03, 10.93it/s][A

 87%|########7 | 208/239 [00:24<00:02, 11.09it/s][A

 88%|########7 | 210/239 [00:24<00:02, 11.07it/s][A

 89%|########8 | 212/239 [00:25<00:02, 10.78it/s][A

 90%|########9 | 214/239 [00:25<00:02, 11.20it/s][A

 90%|######### | 216/239 [00:25<00:02, 10.99it/s][A

 91%|#########1| 218/239 [00:25<00:02, 10.43it/s][A

 92%|#########2| 220/239 [00:25<00:01, 10.24it/s][A

 93%|#########2| 222/239 [00:26<00:01, 10.38it/s][A

 94%|#########3| 224/239 [00:26<00:01, 10.20it/s][A

 95%|#########4| 226/239 [00:26<00:01, 10.10it/s][A

 95%|#########5| 228/239 [00:26<00:01, 10.81it/s][A

 96%|#########6| 230/239 [00:26<00:00, 10.92it/s][A

 97%|#########7| 232/239 [00:27<00:00, 11.06it/s][A

 98%|#########7| 234/239 [00:27<00:00, 11.51it/s][A

 99%|#########8| 236/239 [00:27<00:00, 11.82it/s][A

100%|#########9| 238/239 [00:27<00:00, 11.86it/s][A
                                                  


                                                 
[A
 35%|###5      | 700/2000 [27:17<45:32,  2.10s/it]

100%|##########| 239/239 [00:27<00:00, 11.86it/s][A

{'eval_loss': '3.698', 'eval_runtime': '27.76', 'eval_samples_per_second': '34.44', 'eval_steps_per_second': '8.611', 'epoch': '0.1196'}
                                                 [A

Writing model shards:   0%|          | 0/1 [00:00<?, ?it/s][A

Writing model shards: 100%|##########| 1/1 [00:00<00:00,  2.05it/s][A
Writing model shards: 100%|##########| 1/1 [00:00<00:00,  2.05it/s]

 35%|###5      | 701/2000 [27:21<3:55:07, 10.86s/it]
 35%|###5      | 702/2000 [27:23<2:55:50,  8.13s/it]
 35%|###5      | 703/2000 [27:24<2:14:08,  6.21s/it]
 35%|###5      | 704/2000 [27:26<1:45:08,  4.87s/it]
 35%|###5      | 705/2000 [27:28<1:24:57,  3.94s/it]
 35%|###5      | 706/2000 [27:30<1:11:14,  3.30s/it]
 35%|###5      | 707/2000 [27:32<1:02:26,  2.90s/it]
 35%|###5      | 708/2000 [27:34<56:33,  2.63s/it]  
 35%|###5      | 709/2000 [27:35<51:26,  2.39s/it]
 36%|###5      | 710/2000 [27:38<52:29,  2.44s/it]
 36%|###5      | 711/2000 [27:40<51:21,  2.39s/it]
 36%|###5      | 712/2000 [27:43<51:55,  2.42s/it]
 36%|###5      | 713/2000 [27:45<50:46,  2.37s/it]
 36%|###5      | 714/2000 [27:47<51:15,  2.39s/it]
 36%|###5      | 715/2000 [27:50<51:10,  2.39s/it]
 36%|###5      | 716/2000 [27:53<56:28,  2.64s/it]
 36%|###5      | 717/2000 [27:56<55:24,  2.59s/it]
 36%|###5      | 718/2000 [27:58<52:27,  2.46s/it]
 36%|###5      | 719/2000 [27:59<48:27,  2.27s/it]
 36%|###6      | 720/2000 [28:01<45:27,  2.13s/it]
 36%|###6      | 721/2000 [28:03<44:29,  2.09s/it]
 36%|###6      | 722/2000 [28:05<44:11,  2.07s/it]
 36%|###6      | 723/2000 [28:07<43:18,  2.03s/it]
 36%|###6      | 724/2000 [28:09<42:36,  2.00s/it]
 36%|###6      | 725/2000 [28:11<42:48,  2.01s/it]
                                                  

 36%|###6      | 725/2000 [28:11<42:48,  2.01s/it]
 36%|###6      | 726/2000 [28:14<45:19,  2.13s/it]
 36%|###6      | 727/2000 [28:16<44:52,  2.12s/it]
 36%|###6      | 728/2000 [28:18<46:28,  2.19s/it]
 36%|###6      | 729/2000 [28:20<45:48,  2.16s/it]
 36%|###6      | 730/2000 [28:22<44:05,  2.08s/it]
 37%|###6      | 731/2000 [28:24<43:39,  2.06s/it]
 37%|###6      | 732/2000 [28:26<43:45,  2.07s/it]
 37%|###6      | 733/2000 [28:28<43:09,  2.04s/it]
 37%|###6      | 734/2000 [28:30<42:02,  1.99s/it]
 37%|###6      | 735/2000 [28:32<42:29,  2.02s/it]
 37%|###6      | 736/2000 [28:34<43:56,  2.09s/it]
 37%|###6      | 737/2000 [28:38<51:26,  2.44s/it]
 37%|###6      | 738/2000 [28:40<50:07,  2.38s/it]
 37%|###6      | 739/2000 [28:42<48:22,  2.30s/it]
 37%|###7      | 740/2000 [28:44<47:26,  2.26s/it]
 37%|###7      | 741/2000 [28:46<47:15,  2.25s/it]
 37%|###7      | 742/2000 [28:49<47:10,  2.25s/it]
 37%|###7      | 743/2000 [28:51<47:25,  2.26s/it]
 37%|###7      | 744/2000 [28:53<46:49,  2.24s/it]
 37%|###7      | 745/2000 [28:55<46:29,  2.22s/it]
 37%|###7      | 746/2000 [28:57<45:26,  2.17s/it]
 37%|###7      | 747/2000 [29:00<45:19,  2.17s/it]
 37%|###7      | 748/2000 [29:02<45:38,  2.19s/it]
 37%|###7      | 749/2000 [29:04<46:04,  2.21s/it]
 38%|###7      | 750/2000 [29:07<48:30,  2.33s/it]
                                                  

 38%|###7      | 750/2000 [29:07<48:30,  2.33s/it]
 38%|###7      | 751/2000 [29:09<47:38,  2.29s/it]
 38%|###7      | 752/2000 [29:11<47:32,  2.29s/it]
 38%|###7      | 753/2000 [29:13<46:04,  2.22s/it]
 38%|###7      | 754/2000 [29:15<45:47,  2.20s/it]
 38%|###7      | 755/2000 [29:18<48:16,  2.33s/it]
 38%|###7      | 756/2000 [29:20<49:18,  2.38s/it]
 38%|###7      | 757/2000 [29:23<51:50,  2.50s/it]
 38%|###7      | 758/2000 [29:27<1:02:11,  3.00s/it]
 38%|###7      | 759/2000 [29:30<57:21,  2.77s/it]  
 38%|###8      | 760/2000 [29:32<54:01,  2.61s/it]
 38%|###8      | 761/2000 [29:34<52:46,  2.56s/it]
 38%|###8      | 762/2000 [29:37<54:22,  2.63s/it]
 38%|###8      | 763/2000 [29:39<51:41,  2.51s/it]
 38%|###8      | 764/2000 [29:41<47:45,  2.32s/it]
 38%|###8      | 765/2000 [29:43<44:45,  2.17s/it]
 38%|###8      | 766/2000 [29:45<43:20,  2.11s/it]
 38%|###8      | 767/2000 [29:47<42:58,  2.09s/it]
 38%|###8      | 768/2000 [29:49<41:55,  2.04s/it]
 38%|###8      | 769/2000 [29:51<41:32,  2.02s/it]
 38%|###8      | 770/2000 [29:53<42:17,  2.06s/it]
 39%|###8      | 771/2000 [29:55<43:42,  2.13s/it]
 39%|###8      | 772/2000 [29:58<43:56,  2.15s/it]
 39%|###8      | 773/2000 [30:00<43:47,  2.14s/it]
 39%|###8      | 774/2000 [30:02<42:25,  2.08s/it]
 39%|###8      | 775/2000 [30:04<41:25,  2.03s/it]
                                                  

 39%|###8      | 775/2000 [30:04<41:25,  2.03s/it]
 39%|###8      | 776/2000 [30:05<40:08,  1.97s/it]
 39%|###8      | 777/2000 [30:07<39:37,  1.94s/it]
 39%|###8      | 778/2000 [30:09<39:48,  1.95s/it]
 39%|###8      | 779/2000 [30:11<39:53,  1.96s/it]
 39%|###9      | 780/2000 [30:13<39:06,  1.92s/it]
 39%|###9      | 781/2000 [30:15<39:23,  1.94s/it]
 39%|###9      | 782/2000 [30:17<38:34,  1.90s/it]
 39%|###9      | 783/2000 [30:19<37:48,  1.86s/it]
 39%|###9      | 784/2000 [30:21<38:36,  1.91s/it]
 39%|###9      | 785/2000 [30:22<38:05,  1.88s/it]
 39%|###9      | 786/2000 [30:24<38:02,  1.88s/it]
 39%|###9      | 787/2000 [30:26<38:27,  1.90s/it]
 39%|###9      | 788/2000 [30:28<39:45,  1.97s/it]
 39%|###9      | 789/2000 [30:31<40:35,  2.01s/it]
 40%|###9      | 790/2000 [30:33<41:18,  2.05s/it]
 40%|###9      | 791/2000 [30:35<41:07,  2.04s/it]
 40%|###9      | 792/2000 [30:37<43:26,  2.16s/it]
 40%|###9      | 793/2000 [30:40<46:01,  2.29s/it]
 40%|###9      | 794/2000 [30:42<45:39,  2.27s/it]
 40%|###9      | 795/2000 [30:44<46:46,  2.33s/it]
 40%|###9      | 796/2000 [30:47<47:08,  2.35s/it]
 40%|###9      | 797/2000 [30:49<46:05,  2.30s/it]
 40%|###9      | 798/2000 [30:51<45:16,  2.26s/it]
 40%|###9      | 799/2000 [30:54<45:56,  2.30s/it]
 40%|####      | 800/2000 [30:56<44:15,  2.21s/it]
                                                  

{'loss': '4.589', 'grad_norm': '1.132', 'learning_rate': '0.0003027', 'epoch': '0.1239'}
{'loss': '4.5', 'grad_norm': '1.097', 'learning_rate': '0.0002955', 'epoch': '0.1282'}
{'loss': '4.399', 'grad_norm': '0.9791', 'learning_rate': '0.0002881', 'epoch': '0.1324'}
{'loss': '4.349', 'grad_norm': '0.9824', 'learning_rate': '0.0002806', 'epoch': '0.1367'}
 40%|####      | 800/2000 [30:56<44:15,  2.21s/it]

  0%|          | 0/239 [00:00<?, ?it/s][A

  1%|          | 2/239 [00:00<00:14, 15.88it/s][A

  2%|1         | 4/239 [00:00<00:24,  9.47it/s][A

  3%|2         | 6/239 [00:00<00:26,  8.65it/s][A

  3%|2         | 7/239 [00:00<00:27,  8.37it/s][A

  3%|3         | 8/239 [00:00<00:27,  8.27it/s][A

  4%|3         | 9/239 [00:01<00:27,  8.24it/s][A

  4%|4         | 10/239 [00:01<00:28,  8.06it/s][A

  5%|4         | 11/239 [00:01<00:29,  7.85it/s][A

  5%|5         | 12/239 [00:01<00:29,  7.75it/s][A

  5%|5         | 13/239 [00:01<00:30,  7.38it/s][A

  6%|5         | 14/239 [00:01<00:31,  7.23it/s][A

  6%|6         | 15/239 [00:01<00:30,  7.31it/s][A

  7%|6         | 16/239 [00:01<00:29,  7.65it/s][A

  7%|7         | 17/239 [00:02<00:28,  7.91it/s][A

  8%|7         | 18/239 [00:02<00:28,  7.65it/s][A

  8%|7         | 19/239 [00:02<00:27,  8.06it/s][A

  8%|8         | 20/239 [00:02<00:27,  7.96it/s][A

  9%|8         | 21/239 [00:02<00:27,  7.83it/s][A

  9%|9         | 22/239 [00:02<00:27,  7.80it/s][A

 10%|9         | 23/239 [00:02<00:27,  7.74it/s][A

 10%|#         | 24/239 [00:02<00:27,  7.90it/s][A

 10%|#         | 25/239 [00:03<00:26,  7.99it/s][A

 11%|#         | 26/239 [00:03<00:27,  7.84it/s][A

 11%|#1        | 27/239 [00:03<00:28,  7.40it/s][A

 12%|#1        | 28/239 [00:03<00:28,  7.50it/s][A

 12%|#2        | 29/239 [00:03<00:28,  7.49it/s][A

 13%|#2        | 30/239 [00:03<00:26,  7.79it/s][A

 13%|#2        | 31/239 [00:03<00:26,  7.85it/s][A

 13%|#3        | 32/239 [00:04<00:28,  7.30it/s][A

 14%|#3        | 33/239 [00:04<00:28,  7.31it/s][A

 14%|#4        | 34/239 [00:04<00:29,  6.97it/s][A

 15%|#4        | 35/239 [00:04<00:28,  7.05it/s][A

 15%|#5        | 36/239 [00:04<00:29,  6.95it/s][A

 15%|#5        | 37/239 [00:04<00:29,  6.87it/s][A

 16%|#5        | 38/239 [00:04<00:28,  7.09it/s][A

 16%|#6        | 39/239 [00:05<00:27,  7.18it/s][A

 17%|#6        | 40/239 [00:05<00:27,  7.25it/s][A

 17%|#7        | 41/239 [00:05<00:27,  7.33it/s][A

 18%|#7        | 42/239 [00:05<00:26,  7.34it/s][A

 18%|#7        | 43/239 [00:05<00:26,  7.54it/s][A

 18%|#8        | 44/239 [00:05<00:26,  7.42it/s][A

 19%|#8        | 45/239 [00:05<00:25,  7.74it/s][A

 19%|#9        | 46/239 [00:05<00:24,  7.94it/s][A

 20%|#9        | 47/239 [00:06<00:24,  7.84it/s][A

 20%|##        | 48/239 [00:06<00:23,  7.98it/s][A

 21%|##        | 49/239 [00:06<00:23,  8.24it/s][A

 21%|##        | 50/239 [00:06<00:22,  8.39it/s][A

 21%|##1       | 51/239 [00:06<00:22,  8.31it/s][A

 22%|##1       | 52/239 [00:06<00:22,  8.40it/s][A

 22%|##2       | 53/239 [00:06<00:21,  8.82it/s][A

 23%|##3       | 55/239 [00:06<00:18,  9.83it/s][A

 24%|##3       | 57/239 [00:07<00:17, 10.25it/s][A

 25%|##4       | 59/239 [00:07<00:17, 10.48it/s][A

 26%|##5       | 61/239 [00:07<00:16, 10.74it/s][A

 26%|##6       | 63/239 [00:07<00:17,  9.94it/s][A

 27%|##7       | 65/239 [00:07<00:17,  9.81it/s][A

 28%|##8       | 67/239 [00:08<00:16, 10.15it/s][A

 29%|##8       | 69/239 [00:08<00:16, 10.08it/s][A

 30%|##9       | 71/239 [00:08<00:16, 10.31it/s][A

 31%|###       | 73/239 [00:08<00:16, 10.17it/s][A

 31%|###1      | 75/239 [00:08<00:16, 10.15it/s][A

 32%|###2      | 77/239 [00:09<00:15, 10.22it/s][A

 33%|###3      | 79/239 [00:09<00:15, 10.03it/s][A

 34%|###3      | 81/239 [00:09<00:15, 10.45it/s][A

 35%|###4      | 83/239 [00:09<00:14, 10.83it/s][A

 36%|###5      | 85/239 [00:09<00:14, 10.87it/s][A

 36%|###6      | 87/239 [00:10<00:14, 10.61it/s][A

 37%|###7      | 89/239 [00:10<00:14, 10.15it/s][A

 38%|###8      | 91/239 [00:10<00:15,  9.34it/s][A

 38%|###8      | 92/239 [00:10<00:16,  9.02it/s][A

 39%|###8      | 93/239 [00:10<00:17,  8.58it/s][A

 39%|###9      | 94/239 [00:10<00:17,  8.42it/s][A

 40%|###9      | 95/239 [00:11<00:17,  8.45it/s][A

 40%|####      | 96/239 [00:11<00:16,  8.45it/s][A

 41%|####      | 97/239 [00:11<00:16,  8.59it/s][A

 41%|####1     | 98/239 [00:11<00:17,  8.07it/s][A

 41%|####1     | 99/239 [00:11<00:17,  7.91it/s][A

 42%|####1     | 100/239 [00:11<00:18,  7.55it/s][A

 42%|####2     | 101/239 [00:11<00:17,  7.70it/s][A

 43%|####2     | 102/239 [00:11<00:18,  7.42it/s][A

 43%|####3     | 103/239 [00:12<00:18,  7.41it/s][A

 44%|####3     | 104/239 [00:12<00:17,  7.81it/s][A

 44%|####3     | 105/239 [00:12<00:17,  7.76it/s][A

 44%|####4     | 106/239 [00:12<00:17,  7.78it/s][A

 45%|####4     | 107/239 [00:12<00:16,  7.93it/s][A

 45%|####5     | 108/239 [00:12<00:16,  7.73it/s][A

 46%|####5     | 109/239 [00:12<00:18,  7.21it/s][A

 46%|####6     | 110/239 [00:12<00:17,  7.33it/s][A

 46%|####6     | 111/239 [00:13<00:16,  7.64it/s][A

 47%|####6     | 112/239 [00:13<00:16,  7.68it/s][A

 47%|####7     | 113/239 [00:13<00:16,  7.87it/s][A

 48%|####7     | 114/239 [00:13<00:15,  8.07it/s][A

 48%|####8     | 115/239 [00:13<00:15,  8.22it/s][A

 49%|####8     | 116/239 [00:13<00:14,  8.43it/s][A

 49%|####8     | 117/239 [00:13<00:14,  8.69it/s][A

 50%|####9     | 119/239 [00:13<00:12,  9.37it/s][A

 50%|#####     | 120/239 [00:14<00:12,  9.36it/s][A

 51%|#####1    | 122/239 [00:14<00:12,  9.62it/s][A

 51%|#####1    | 123/239 [00:14<00:12,  9.65it/s][A

 52%|#####1    | 124/239 [00:14<00:12,  9.52it/s][A

 52%|#####2    | 125/239 [00:14<00:12,  9.45it/s][A

 53%|#####2    | 126/239 [00:14<00:12,  9.26it/s][A

 53%|#####3    | 127/239 [00:14<00:12,  9.20it/s][A

 54%|#####3    | 128/239 [00:14<00:11,  9.39it/s][A

 54%|#####3    | 129/239 [00:15<00:12,  9.01it/s][A

 54%|#####4    | 130/239 [00:15<00:12,  9.04it/s][A

 55%|#####4    | 131/239 [00:15<00:12,  8.90it/s][A

 55%|#####5    | 132/239 [00:15<00:12,  8.74it/s][A

 56%|#####5    | 133/239 [00:15<00:12,  8.83it/s][A

 56%|#####6    | 134/239 [00:15<00:11,  8.92it/s][A

 56%|#####6    | 135/239 [00:15<00:12,  8.59it/s][A

 57%|#####6    | 136/239 [00:15<00:12,  8.49it/s][A

 58%|#####7    | 138/239 [00:16<00:11,  8.84it/s][A

 59%|#####8    | 140/239 [00:16<00:10,  9.34it/s][A

 59%|#####8    | 141/239 [00:16<00:10,  9.12it/s][A

 59%|#####9    | 142/239 [00:16<00:10,  8.90it/s][A

 60%|#####9    | 143/239 [00:16<00:11,  8.60it/s][A

 60%|######    | 144/239 [00:16<00:11,  8.07it/s][A

 61%|######    | 145/239 [00:16<00:11,  7.84it/s][A

 61%|######1   | 146/239 [00:17<00:11,  7.75it/s][A

 62%|######1   | 147/239 [00:17<00:13,  7.01it/s][A

 62%|######1   | 148/239 [00:17<00:13,  6.98it/s][A

 62%|######2   | 149/239 [00:17<00:13,  6.88it/s][A

 63%|######2   | 150/239 [00:17<00:13,  6.78it/s][A

 63%|######3   | 151/239 [00:17<00:12,  7.11it/s][A

 64%|######3   | 152/239 [00:17<00:12,  7.16it/s][A

 64%|######4   | 153/239 [00:18<00:12,  6.80it/s][A

 64%|######4   | 154/239 [00:18<00:12,  6.87it/s][A

 65%|######4   | 155/239 [00:18<00:12,  6.86it/s][A

 65%|######5   | 156/239 [00:18<00:11,  7.43it/s][A

 66%|######5   | 157/239 [00:18<00:10,  7.65it/s][A

 66%|######6   | 158/239 [00:18<00:10,  7.82it/s][A

 67%|######6   | 159/239 [00:18<00:10,  7.59it/s][A

 67%|######6   | 160/239 [00:19<00:09,  7.94it/s][A

 67%|######7   | 161/239 [00:19<00:10,  7.67it/s][A

 68%|######7   | 162/239 [00:19<00:09,  7.86it/s][A

 68%|######8   | 163/239 [00:19<00:09,  8.22it/s][A

 69%|######8   | 164/239 [00:19<00:08,  8.56it/s][A

 69%|######9   | 165/239 [00:19<00:08,  8.58it/s][A

 69%|######9   | 166/239 [00:19<00:08,  8.41it/s][A

 70%|######9   | 167/239 [00:19<00:08,  8.29it/s][A

 70%|#######   | 168/239 [00:20<00:09,  7.66it/s][A

 71%|#######   | 169/239 [00:20<00:09,  7.71it/s][A

 71%|#######1  | 170/239 [00:20<00:08,  8.08it/s][A

 72%|#######1  | 171/239 [00:20<00:07,  8.52it/s][A

 72%|#######2  | 173/239 [00:20<00:07,  9.42it/s][A

 73%|#######3  | 175/239 [00:20<00:06,  9.93it/s][A

 74%|#######3  | 176/239 [00:20<00:06,  9.85it/s][A

 74%|#######4  | 178/239 [00:21<00:05, 10.34it/s][A

 75%|#######5  | 180/239 [00:21<00:05,  9.99it/s][A

 76%|#######5  | 181/239 [00:21<00:05,  9.88it/s][A

 76%|#######6  | 182/239 [00:21<00:05,  9.71it/s][A

 77%|#######6  | 183/239 [00:21<00:05,  9.78it/s][A

 77%|#######7  | 185/239 [00:21<00:05, 10.23it/s][A

 78%|#######8  | 187/239 [00:21<00:05,  9.55it/s][A

 79%|#######9  | 189/239 [00:22<00:05,  9.35it/s][A

 79%|#######9  | 190/239 [00:22<00:05,  9.45it/s][A

 80%|########  | 192/239 [00:22<00:04, 10.08it/s][A

 81%|########1 | 194/239 [00:22<00:04, 10.67it/s][A

 82%|########2 | 196/239 [00:22<00:04, 10.26it/s][A

 83%|########2 | 198/239 [00:23<00:04,  9.77it/s][A

 83%|########3 | 199/239 [00:23<00:04,  9.58it/s][A

 84%|########4 | 201/239 [00:23<00:03,  9.73it/s][A

 85%|########4 | 202/239 [00:23<00:03,  9.62it/s][A

 85%|########4 | 203/239 [00:23<00:03,  9.37it/s][A

 85%|########5 | 204/239 [00:23<00:03,  9.31it/s][A

 86%|########5 | 205/239 [00:23<00:03,  9.22it/s][A

 86%|########6 | 206/239 [00:23<00:03,  9.16it/s][A

 87%|########6 | 207/239 [00:24<00:03,  9.11it/s][A

 87%|########7 | 208/239 [00:24<00:03,  9.15it/s][A

 87%|########7 | 209/239 [00:24<00:03,  8.63it/s][A

 88%|########7 | 210/239 [00:24<00:03,  8.59it/s][A

 88%|########8 | 211/239 [00:24<00:03,  8.49it/s][A

 89%|########8 | 212/239 [00:24<00:03,  8.26it/s][A

 89%|########9 | 213/239 [00:24<00:03,  7.12it/s][A

 90%|########9 | 214/239 [00:24<00:03,  7.27it/s][A

 90%|########9 | 215/239 [00:25<00:03,  7.24it/s][A

 90%|######### | 216/239 [00:25<00:03,  7.02it/s][A

 91%|######### | 217/239 [00:25<00:03,  6.04it/s][A

 91%|#########1| 218/239 [00:25<00:03,  6.48it/s][A

 92%|#########1| 219/239 [00:25<00:02,  6.68it/s][A

 92%|#########2| 220/239 [00:25<00:02,  7.19it/s][A

 92%|#########2| 221/239 [00:26<00:02,  6.41it/s][A

 93%|#########2| 222/239 [00:26<00:02,  6.88it/s][A

 93%|#########3| 223/239 [00:26<00:02,  7.10it/s][A

 94%|#########3| 224/239 [00:26<00:01,  7.59it/s][A

 94%|#########4| 225/239 [00:26<00:01,  7.94it/s][A

 95%|#########4| 226/239 [00:26<00:01,  7.96it/s][A

 95%|#########4| 227/239 [00:26<00:01,  8.22it/s][A

 96%|#########5| 229/239 [00:26<00:01,  8.97it/s][A

 96%|#########6| 230/239 [00:27<00:00,  9.05it/s][A

 97%|#########6| 231/239 [00:27<00:00,  9.27it/s][A

 97%|#########7| 233/239 [00:27<00:00,  9.70it/s][A

 98%|#########8| 235/239 [00:27<00:00,  9.86it/s][A

 99%|#########9| 237/239 [00:27<00:00,  9.69it/s][A

100%|#########9| 238/239 [00:27<00:00,  9.39it/s][A

100%|##########| 239/239 [00:28<00:00,  8.77it/s][A
                                                  


                                                 
[A
 40%|####      | 800/2000 [31:24<44:15,  2.21s/it]

100%|##########| 239/239 [00:28<00:00,  8.77it/s][A

{'eval_loss': '3.527', 'eval_runtime': '28.15', 'eval_samples_per_second': '33.96', 'eval_steps_per_second': '8.491', 'epoch': '0.1367'}
                                                 [A

Writing model shards:   0%|          | 0/1 [00:00<?, ?it/s][A

Writing model shards: 100%|##########| 1/1 [00:00<00:00,  1.55it/s][A
Writing model shards: 100%|##########| 1/1 [00:00<00:00,  1.55it/s]

 40%|####      | 801/2000 [31:28<3:45:45, 11.30s/it]
 40%|####      | 802/2000 [31:30<2:48:35,  8.44s/it]
 40%|####      | 803/2000 [31:32<2:08:41,  6.45s/it]
 40%|####      | 804/2000 [31:33<1:40:09,  5.02s/it]
 40%|####      | 805/2000 [31:35<1:20:23,  4.04s/it]
 40%|####      | 806/2000 [31:37<1:06:44,  3.35s/it]
 40%|####      | 807/2000 [31:39<57:17,  2.88s/it]  
 40%|####      | 808/2000 [31:40<50:35,  2.55s/it]
 40%|####      | 809/2000 [31:42<46:37,  2.35s/it]
 40%|####      | 810/2000 [31:44<44:19,  2.24s/it]
 41%|####      | 811/2000 [31:46<42:28,  2.14s/it]
 41%|####      | 812/2000 [31:48<41:10,  2.08s/it]
 41%|####      | 813/2000 [31:50<41:08,  2.08s/it]
 41%|####      | 814/2000 [31:52<40:58,  2.07s/it]
 41%|####      | 815/2000 [31:54<40:49,  2.07s/it]
 41%|####      | 816/2000 [31:56<40:39,  2.06s/it]
 41%|####      | 817/2000 [31:58<40:13,  2.04s/it]
 41%|####      | 818/2000 [32:00<39:43,  2.02s/it]
 41%|####      | 819/2000 [32:02<40:23,  2.05s/it]
 41%|####1     | 820/2000 [32:05<42:50,  2.18s/it]
 41%|####1     | 821/2000 [32:07<41:37,  2.12s/it]
 41%|####1     | 822/2000 [32:09<41:27,  2.11s/it]
 41%|####1     | 823/2000 [32:11<41:04,  2.09s/it]
 41%|####1     | 824/2000 [32:13<40:54,  2.09s/it]
 41%|####1     | 825/2000 [32:15<39:58,  2.04s/it]
                                                  

 41%|####1     | 825/2000 [32:15<39:58,  2.04s/it]
 41%|####1     | 826/2000 [32:17<40:54,  2.09s/it]
 41%|####1     | 827/2000 [32:19<41:24,  2.12s/it]
 41%|####1     | 828/2000 [32:22<42:41,  2.19s/it]
 41%|####1     | 829/2000 [32:24<43:19,  2.22s/it]
 42%|####1     | 830/2000 [32:26<44:15,  2.27s/it]
 42%|####1     | 831/2000 [32:29<45:24,  2.33s/it]
 42%|####1     | 832/2000 [32:31<44:58,  2.31s/it]
 42%|####1     | 833/2000 [32:33<41:54,  2.15s/it]
 42%|####1     | 834/2000 [32:35<40:34,  2.09s/it]
 42%|####1     | 835/2000 [32:37<40:20,  2.08s/it]
 42%|####1     | 836/2000 [32:39<40:34,  2.09s/it]
 42%|####1     | 837/2000 [32:41<41:25,  2.14s/it]
 42%|####1     | 838/2000 [32:44<41:54,  2.16s/it]
 42%|####1     | 839/2000 [32:46<41:16,  2.13s/it]
 42%|####2     | 840/2000 [32:48<40:04,  2.07s/it]
 42%|####2     | 841/2000 [32:50<39:36,  2.05s/it]
 42%|####2     | 842/2000 [32:52<40:52,  2.12s/it]
 42%|####2     | 843/2000 [32:54<41:20,  2.14s/it]
 42%|####2     | 844/2000 [32:56<40:30,  2.10s/it]
 42%|####2     | 845/2000 [32:58<39:53,  2.07s/it]
 42%|####2     | 846/2000 [33:00<39:48,  2.07s/it]
 42%|####2     | 847/2000 [33:02<40:34,  2.11s/it]
 42%|####2     | 848/2000 [33:04<40:19,  2.10s/it]
 42%|####2     | 849/2000 [33:06<40:21,  2.10s/it]
 42%|####2     | 850/2000 [33:08<39:36,  2.07s/it]
                                                  

 42%|####2     | 850/2000 [33:08<39:36,  2.07s/it]
 43%|####2     | 851/2000 [33:10<39:35,  2.07s/it]
 43%|####2     | 852/2000 [33:13<39:19,  2.06s/it]
 43%|####2     | 853/2000 [33:14<38:45,  2.03s/it]
 43%|####2     | 854/2000 [33:17<38:46,  2.03s/it]
 43%|####2     | 855/2000 [33:19<38:46,  2.03s/it]
 43%|####2     | 856/2000 [33:21<38:25,  2.01s/it]
 43%|####2     | 857/2000 [33:23<40:33,  2.13s/it]
 43%|####2     | 858/2000 [33:25<39:09,  2.06s/it]
 43%|####2     | 859/2000 [33:27<38:34,  2.03s/it]
 43%|####3     | 860/2000 [33:29<39:17,  2.07s/it]
 43%|####3     | 861/2000 [33:31<38:21,  2.02s/it]
 43%|####3     | 862/2000 [33:33<37:14,  1.96s/it]
 43%|####3     | 863/2000 [33:35<37:27,  1.98s/it]
 43%|####3     | 864/2000 [33:37<36:57,  1.95s/it]
 43%|####3     | 865/2000 [33:38<36:32,  1.93s/it]
 43%|####3     | 866/2000 [33:40<36:25,  1.93s/it]
 43%|####3     | 867/2000 [33:42<36:17,  1.92s/it]
 43%|####3     | 868/2000 [33:44<37:31,  1.99s/it]
 43%|####3     | 869/2000 [33:47<38:05,  2.02s/it]
 44%|####3     | 870/2000 [33:49<37:55,  2.01s/it]
 44%|####3     | 871/2000 [33:50<36:44,  1.95s/it]
 44%|####3     | 872/2000 [33:52<37:18,  1.98s/it]
 44%|####3     | 873/2000 [33:54<36:52,  1.96s/it]
 44%|####3     | 874/2000 [33:56<36:42,  1.96s/it]
 44%|####3     | 875/2000 [33:58<36:28,  1.95s/it]
                                                  

 44%|####3     | 875/2000 [33:58<36:28,  1.95s/it]
 44%|####3     | 876/2000 [34:00<36:21,  1.94s/it]
 44%|####3     | 877/2000 [34:02<37:06,  1.98s/it]
 44%|####3     | 878/2000 [34:05<39:34,  2.12s/it]
 44%|####3     | 879/2000 [34:06<38:01,  2.04s/it]
 44%|####4     | 880/2000 [34:08<37:56,  2.03s/it]
 44%|####4     | 881/2000 [34:10<37:37,  2.02s/it]
 44%|####4     | 882/2000 [34:13<39:14,  2.11s/it]
 44%|####4     | 883/2000 [34:15<37:34,  2.02s/it]
 44%|####4     | 884/2000 [34:17<37:13,  2.00s/it]
 44%|####4     | 885/2000 [34:18<36:47,  1.98s/it]
 44%|####4     | 886/2000 [34:20<36:56,  1.99s/it]
 44%|####4     | 887/2000 [34:23<37:19,  2.01s/it]
 44%|####4     | 888/2000 [34:25<37:10,  2.01s/it]
 44%|####4     | 889/2000 [34:26<36:37,  1.98s/it]
 44%|####4     | 890/2000 [34:28<36:25,  1.97s/it]
 45%|####4     | 891/2000 [34:30<36:09,  1.96s/it]
 45%|####4     | 892/2000 [34:32<35:58,  1.95s/it]
 45%|####4     | 893/2000 [34:35<39:20,  2.13s/it]
 45%|####4     | 894/2000 [34:37<37:32,  2.04s/it]
 45%|####4     | 895/2000 [34:38<36:27,  1.98s/it]
 45%|####4     | 896/2000 [34:40<36:31,  1.98s/it]
 45%|####4     | 897/2000 [34:42<36:32,  1.99s/it]
 45%|####4     | 898/2000 [34:44<36:33,  1.99s/it]
 45%|####4     | 899/2000 [34:46<36:27,  1.99s/it]
 45%|####5     | 900/2000 [34:49<36:59,  2.02s/it]
                                                  

{'loss': '4.299', 'grad_norm': '0.9717', 'learning_rate': '0.000273', 'epoch': '0.141'}
 45%|####5     | 900/2000 [34:49<36:59,  2.02s/it]
{'loss': '4.181', 'grad_norm': '1.114', 'learning_rate': '0.0002653', 'epoch': '0.1453'}
{'loss': '4.17', 'grad_norm': '1.083', 'learning_rate': '0.0002574', 'epoch': '0.1495'}
{'loss': '4.119', 'grad_norm': '1.112', 'learning_rate': '0.0002494', 'epoch': '0.1538'}

  0%|          | 0/239 [00:00<?, ?it/s][A

  1%|1         | 3/239 [00:00<00:13, 18.02it/s][A

  2%|2         | 5/239 [00:00<00:16, 14.50it/s][A

  3%|2         | 7/239 [00:00<00:18, 12.79it/s][A

  4%|3         | 9/239 [00:00<00:17, 12.99it/s][A

  5%|4         | 11/239 [00:00<00:18, 12.64it/s][A

  5%|5         | 13/239 [00:00<00:17, 12.72it/s][A

  6%|6         | 15/239 [00:01<00:17, 13.05it/s][A

  7%|7         | 17/239 [00:01<00:17, 12.73it/s][A

  8%|7         | 19/239 [00:01<00:17, 12.50it/s][A

  9%|8         | 21/239 [00:01<00:18, 11.97it/s][A

 10%|9         | 23/239 [00:01<00:18, 11.99it/s][A

 10%|#         | 25/239 [00:01<00:17, 12.41it/s][A

 11%|#1        | 27/239 [00:02<00:17, 12.07it/s][A

 12%|#2        | 29/239 [00:02<00:16, 12.63it/s][A

 13%|#2        | 31/239 [00:02<00:18, 11.34it/s][A

 14%|#3        | 33/239 [00:02<00:18, 11.26it/s][A

 15%|#4        | 35/239 [00:02<00:17, 11.80it/s][A

 15%|#5        | 37/239 [00:02<00:17, 11.86it/s][A

 16%|#6        | 39/239 [00:03<00:16, 11.92it/s][A

 17%|#7        | 41/239 [00:03<00:16, 11.95it/s][A

 18%|#7        | 43/239 [00:03<00:16, 11.90it/s][A

 19%|#8        | 45/239 [00:03<00:16, 11.92it/s][A

 20%|#9        | 47/239 [00:03<00:15, 12.05it/s][A

 21%|##        | 49/239 [00:04<00:16, 11.36it/s][A

 21%|##1       | 51/239 [00:04<00:16, 11.22it/s][A

 22%|##2       | 53/239 [00:04<00:15, 11.78it/s][A

 23%|##3       | 55/239 [00:04<00:16, 11.20it/s][A

 24%|##3       | 57/239 [00:04<00:16, 11.23it/s][A

 25%|##4       | 59/239 [00:04<00:15, 11.68it/s][A

 26%|##5       | 61/239 [00:05<00:15, 11.77it/s][A

 26%|##6       | 63/239 [00:05<00:15, 11.32it/s][A

 27%|##7       | 65/239 [00:05<00:14, 11.75it/s][A

 28%|##8       | 67/239 [00:05<00:15, 11.39it/s][A

 29%|##8       | 69/239 [00:05<00:15, 11.33it/s][A

 30%|##9       | 71/239 [00:05<00:14, 11.52it/s][A

 31%|###       | 73/239 [00:06<00:14, 11.34it/s][A

 31%|###1      | 75/239 [00:06<00:13, 11.88it/s][A

 32%|###2      | 77/239 [00:06<00:14, 11.54it/s][A

 33%|###3      | 79/239 [00:06<00:13, 11.72it/s][A

 34%|###3      | 81/239 [00:06<00:13, 11.45it/s][A

 35%|###4      | 83/239 [00:06<00:13, 11.53it/s][A

 36%|###5      | 85/239 [00:07<00:12, 11.95it/s][A

 36%|###6      | 87/239 [00:07<00:13, 11.47it/s][A

 37%|###7      | 89/239 [00:07<00:12, 11.98it/s][A

 38%|###8      | 91/239 [00:07<00:12, 12.00it/s][A

 39%|###8      | 93/239 [00:07<00:12, 11.33it/s][A

 40%|###9      | 95/239 [00:08<00:12, 11.41it/s][A

 41%|####      | 97/239 [00:08<00:11, 12.05it/s][A

 41%|####1     | 99/239 [00:08<00:11, 12.05it/s][A

 42%|####2     | 101/239 [00:08<00:11, 12.04it/s][A

 43%|####3     | 103/239 [00:08<00:12, 10.75it/s][A

 44%|####3     | 105/239 [00:08<00:11, 11.73it/s][A

 45%|####4     | 107/239 [00:09<00:11, 11.83it/s][A

 46%|####5     | 109/239 [00:09<00:10, 12.23it/s][A

 46%|####6     | 111/239 [00:09<00:11, 11.52it/s][A

 47%|####7     | 113/239 [00:09<00:11, 10.98it/s][A

 48%|####8     | 115/239 [00:09<00:12,  9.97it/s][A

 49%|####8     | 117/239 [00:10<00:12, 10.09it/s][A

 50%|####9     | 119/239 [00:10<00:11, 10.42it/s][A

 51%|#####     | 121/239 [00:10<00:10, 10.85it/s][A

 51%|#####1    | 123/239 [00:10<00:10, 10.70it/s][A

 52%|#####2    | 125/239 [00:10<00:10, 10.94it/s][A

 53%|#####3    | 127/239 [00:10<00:10, 11.05it/s][A

 54%|#####3    | 129/239 [00:11<00:09, 11.04it/s][A

 55%|#####4    | 131/239 [00:11<00:09, 10.88it/s][A

 56%|#####5    | 133/239 [00:11<00:09, 11.19it/s][A

 56%|#####6    | 135/239 [00:11<00:09, 11.40it/s][A

 57%|#####7    | 137/239 [00:11<00:08, 11.62it/s][A

 58%|#####8    | 139/239 [00:11<00:08, 11.40it/s][A

 59%|#####8    | 141/239 [00:12<00:08, 11.58it/s][A

 60%|#####9    | 143/239 [00:12<00:08, 11.07it/s][A

 61%|######    | 145/239 [00:12<00:08, 11.33it/s][A

 62%|######1   | 147/239 [00:12<00:07, 11.54it/s][A

 62%|######2   | 149/239 [00:12<00:08, 10.74it/s][A

 63%|######3   | 151/239 [00:13<00:08, 10.51it/s][A

 64%|######4   | 153/239 [00:13<00:07, 10.92it/s][A

 65%|######4   | 155/239 [00:13<00:07, 11.13it/s][A

 66%|######5   | 157/239 [00:13<00:07, 11.08it/s][A

 67%|######6   | 159/239 [00:13<00:07, 11.00it/s][A

 67%|######7   | 161/239 [00:13<00:06, 11.41it/s][A

 68%|######8   | 163/239 [00:14<00:06, 11.27it/s][A

 69%|######9   | 165/239 [00:14<00:06, 10.86it/s][A

 70%|######9   | 167/239 [00:14<00:06, 11.19it/s][A

 71%|#######   | 169/239 [00:14<00:05, 11.77it/s][A

 72%|#######1  | 171/239 [00:14<00:05, 11.50it/s][A

 72%|#######2  | 173/239 [00:14<00:05, 11.66it/s][A

 73%|#######3  | 175/239 [00:15<00:05, 12.12it/s][A

 74%|#######4  | 177/239 [00:15<00:05, 12.09it/s][A

 75%|#######4  | 179/239 [00:15<00:04, 12.45it/s][A

 76%|#######5  | 181/239 [00:15<00:04, 12.31it/s][A

 77%|#######6  | 183/239 [00:15<00:04, 12.60it/s][A

 77%|#######7  | 185/239 [00:15<00:04, 12.44it/s][A

 78%|#######8  | 187/239 [00:16<00:04, 12.31it/s][A

 79%|#######9  | 189/239 [00:16<00:04, 12.21it/s][A

 80%|#######9  | 191/239 [00:16<00:03, 12.37it/s][A

 81%|########  | 193/239 [00:16<00:03, 12.43it/s][A

 82%|########1 | 195/239 [00:16<00:03, 11.95it/s][A

 82%|########2 | 197/239 [00:16<00:03, 11.79it/s][A

 83%|########3 | 199/239 [00:17<00:03, 12.04it/s][A

 84%|########4 | 201/239 [00:17<00:03, 12.41it/s][A

 85%|########4 | 203/239 [00:17<00:03, 11.66it/s][A

 86%|########5 | 205/239 [00:17<00:02, 11.44it/s][A

 87%|########6 | 207/239 [00:17<00:02, 12.22it/s][A

 87%|########7 | 209/239 [00:17<00:02, 11.81it/s][A

 88%|########8 | 211/239 [00:18<00:02, 12.48it/s][A

 89%|########9 | 213/239 [00:18<00:02, 11.56it/s][A

 90%|########9 | 215/239 [00:18<00:02, 11.55it/s][A

 91%|######### | 217/239 [00:18<00:02, 10.75it/s][A

 92%|#########1| 219/239 [00:18<00:02,  9.99it/s][A

 92%|#########2| 221/239 [00:19<00:01, 10.26it/s][A

 93%|#########3| 223/239 [00:19<00:01, 10.66it/s][A

 94%|#########4| 225/239 [00:19<00:01, 10.81it/s][A

 95%|#########4| 227/239 [00:19<00:01, 10.85it/s][A

 96%|#########5| 229/239 [00:19<00:00, 11.17it/s][A

 97%|#########6| 231/239 [00:19<00:00, 11.10it/s][A

 97%|#########7| 233/239 [00:20<00:00, 11.05it/s][A

 98%|#########8| 235/239 [00:20<00:00, 11.02it/s][A

 99%|#########9| 237/239 [00:20<00:00, 11.23it/s][A

100%|##########| 239/239 [00:20<00:00, 11.86it/s][A
                                                  


                                                 
[A
 45%|####5     | 900/2000 [35:09<36:59,  2.02s/it]

100%|##########| 239/239 [00:20<00:00, 11.86it/s][A

{'eval_loss': '3.374', 'eval_runtime': '20.71', 'eval_samples_per_second': '46.17', 'eval_steps_per_second': '11.54', 'epoch': '0.1538'}
                                                 [A

Writing model shards:   0%|          | 0/1 [00:00<?, ?it/s][A

Writing model shards: 100%|##########| 1/1 [00:00<00:00,  2.15it/s][A
Writing model shards: 100%|##########| 1/1 [00:00<00:00,  2.15it/s]

 45%|####5     | 901/2000 [35:13<2:37:44,  8.61s/it]
 45%|####5     | 902/2000 [35:14<2:00:01,  6.56s/it]
 45%|####5     | 903/2000 [35:16<1:35:21,  5.22s/it]
 45%|####5     | 904/2000 [35:18<1:17:37,  4.25s/it]
 45%|####5     | 905/2000 [35:20<1:04:57,  3.56s/it]
 45%|####5     | 906/2000 [35:22<56:24,  3.09s/it]  
 45%|####5     | 907/2000 [35:24<50:16,  2.76s/it]
 45%|####5     | 908/2000 [35:26<45:49,  2.52s/it]
 45%|####5     | 909/2000 [35:28<42:46,  2.35s/it]
 46%|####5     | 910/2000 [35:30<40:32,  2.23s/it]
 46%|####5     | 911/2000 [35:32<38:51,  2.14s/it]
 46%|####5     | 912/2000 [35:34<37:58,  2.09s/it]
 46%|####5     | 913/2000 [35:36<37:22,  2.06s/it]
 46%|####5     | 914/2000 [35:38<37:11,  2.05s/it]
 46%|####5     | 915/2000 [35:40<37:10,  2.06s/it]
 46%|####5     | 916/2000 [35:42<36:59,  2.05s/it]
 46%|####5     | 917/2000 [35:44<36:49,  2.04s/it]
 46%|####5     | 918/2000 [35:46<36:44,  2.04s/it]
 46%|####5     | 919/2000 [35:49<37:51,  2.10s/it]
 46%|####6     | 920/2000 [35:51<37:11,  2.07s/it]
 46%|####6     | 921/2000 [35:52<36:39,  2.04s/it]
 46%|####6     | 922/2000 [35:55<36:56,  2.06s/it]
 46%|####6     | 923/2000 [35:57<36:38,  2.04s/it]
 46%|####6     | 924/2000 [35:59<39:02,  2.18s/it]
 46%|####6     | 925/2000 [36:01<36:42,  2.05s/it]
                                                  

 46%|####6     | 925/2000 [36:01<36:42,  2.05s/it]
 46%|####6     | 926/2000 [36:03<36:59,  2.07s/it]
 46%|####6     | 927/2000 [36:05<36:05,  2.02s/it]
 46%|####6     | 928/2000 [36:07<35:16,  1.97s/it]
 46%|####6     | 929/2000 [36:09<34:56,  1.96s/it]
 46%|####6     | 930/2000 [36:11<35:23,  1.98s/it]
 47%|####6     | 931/2000 [36:13<35:25,  1.99s/it]
 47%|####6     | 932/2000 [36:15<35:29,  1.99s/it]
 47%|####6     | 933/2000 [36:17<34:42,  1.95s/it]
 47%|####6     | 934/2000 [36:18<34:06,  1.92s/it]
 47%|####6     | 935/2000 [36:20<34:37,  1.95s/it]
 47%|####6     | 936/2000 [36:22<34:40,  1.96s/it]
 47%|####6     | 937/2000 [36:24<34:44,  1.96s/it]
 47%|####6     | 938/2000 [36:26<34:47,  1.97s/it]
 47%|####6     | 939/2000 [36:28<34:50,  1.97s/it]
 47%|####6     | 940/2000 [36:30<34:56,  1.98s/it]
 47%|####7     | 941/2000 [36:32<34:43,  1.97s/it]
 47%|####7     | 942/2000 [36:34<34:58,  1.98s/it]
 47%|####7     | 943/2000 [36:36<35:13,  2.00s/it]
 47%|####7     | 944/2000 [36:38<35:54,  2.04s/it]
 47%|####7     | 945/2000 [36:40<35:32,  2.02s/it]
 47%|####7     | 946/2000 [36:43<35:51,  2.04s/it]
 47%|####7     | 947/2000 [36:44<35:33,  2.03s/it]
 47%|####7     | 948/2000 [36:46<35:21,  2.02s/it]
 47%|####7     | 949/2000 [36:48<34:11,  1.95s/it]
 48%|####7     | 950/2000 [36:50<34:35,  1.98s/it]
                                                  

 48%|####7     | 950/2000 [36:50<34:35,  1.98s/it]
 48%|####7     | 951/2000 [36:52<34:15,  1.96s/it]
 48%|####7     | 952/2000 [36:54<35:12,  2.02s/it]
 48%|####7     | 953/2000 [36:56<34:57,  2.00s/it]
 48%|####7     | 954/2000 [36:58<34:34,  1.98s/it]
 48%|####7     | 955/2000 [37:00<35:11,  2.02s/it]
 48%|####7     | 956/2000 [37:02<35:13,  2.02s/it]
 48%|####7     | 957/2000 [37:04<35:05,  2.02s/it]
 48%|####7     | 958/2000 [37:06<34:54,  2.01s/it]
 48%|####7     | 959/2000 [37:08<34:52,  2.01s/it]
 48%|####8     | 960/2000 [37:10<34:29,  1.99s/it]
 48%|####8     | 961/2000 [37:12<34:16,  1.98s/it]
 48%|####8     | 962/2000 [37:14<34:19,  1.98s/it]
 48%|####8     | 963/2000 [37:16<34:34,  2.00s/it]
 48%|####8     | 964/2000 [37:18<34:02,  1.97s/it]
 48%|####8     | 965/2000 [37:20<34:46,  2.02s/it]
 48%|####8     | 966/2000 [37:23<35:10,  2.04s/it]
 48%|####8     | 967/2000 [37:25<35:46,  2.08s/it]
 48%|####8     | 968/2000 [37:27<35:13,  2.05s/it]
 48%|####8     | 969/2000 [37:29<35:19,  2.06s/it]
 48%|####8     | 970/2000 [37:31<35:24,  2.06s/it]
 49%|####8     | 971/2000 [37:33<36:46,  2.14s/it]
 49%|####8     | 972/2000 [37:35<35:38,  2.08s/it]
 49%|####8     | 973/2000 [37:37<34:30,  2.02s/it]
 49%|####8     | 974/2000 [37:39<35:19,  2.07s/it]
 49%|####8     | 975/2000 [37:41<34:31,  2.02s/it]
                                                  

 49%|####8     | 975/2000 [37:41<34:31,  2.02s/it]
 49%|####8     | 976/2000 [37:43<34:44,  2.04s/it]
 49%|####8     | 977/2000 [37:45<34:45,  2.04s/it]
 49%|####8     | 978/2000 [37:47<34:48,  2.04s/it]
 49%|####8     | 979/2000 [37:49<35:10,  2.07s/it]
 49%|####9     | 980/2000 [37:51<34:25,  2.02s/it]
 49%|####9     | 981/2000 [37:53<34:01,  2.00s/it]
 49%|####9     | 982/2000 [37:55<34:04,  2.01s/it]
 49%|####9     | 983/2000 [37:57<33:44,  1.99s/it]
 49%|####9     | 984/2000 [37:59<33:34,  1.98s/it]
 49%|####9     | 985/2000 [38:01<33:23,  1.97s/it]
 49%|####9     | 986/2000 [38:03<34:09,  2.02s/it]
 49%|####9     | 987/2000 [38:05<33:51,  2.01s/it]
 49%|####9     | 988/2000 [38:08<36:23,  2.16s/it]
 49%|####9     | 989/2000 [38:10<35:02,  2.08s/it]
 50%|####9     | 990/2000 [38:12<34:09,  2.03s/it]
 50%|####9     | 991/2000 [38:14<34:29,  2.05s/it]
 50%|####9     | 992/2000 [38:16<33:48,  2.01s/it]
 50%|####9     | 993/2000 [38:17<33:14,  1.98s/it]
 50%|####9     | 994/2000 [38:20<33:38,  2.01s/it]
 50%|####9     | 995/2000 [38:22<34:01,  2.03s/it]
 50%|####9     | 996/2000 [38:24<33:35,  2.01s/it]
 50%|####9     | 997/2000 [38:26<33:24,  2.00s/it]
 50%|####9     | 998/2000 [38:28<33:19,  2.00s/it]
 50%|####9     | 999/2000 [38:30<34:11,  2.05s/it]
 50%|#####     | 1000/2000 [38:32<33:47,  2.03s/it]
                                                   

{'loss': '3.972', 'grad_norm': '1.067', 'learning_rate': '0.0002414', 'epoch': '0.1581'}
{'loss': '4.027', 'grad_norm': '1.007', 'learning_rate': '0.0002332', 'epoch': '0.1624'}
 50%|#####     | 1000/2000 [38:32<33:47,  2.03s/it]
{'loss': '3.946', 'grad_norm': '1.046', 'learning_rate': '0.0002251', 'epoch': '0.1666'}
{'loss': '3.953', 'grad_norm': '1.167', 'learning_rate': '0.0002168', 'epoch': '0.1709'}

  0%|          | 0/239 [00:00<?, ?it/s][A

  1%|1         | 3/239 [00:00<00:11, 19.79it/s][A

  2%|2         | 5/239 [00:00<00:16, 14.60it/s][A

  3%|2         | 7/239 [00:00<00:18, 12.81it/s][A

  4%|3         | 9/239 [00:00<00:18, 12.15it/s][A

  5%|4         | 11/239 [00:00<00:20, 11.39it/s][A

  5%|5         | 13/239 [00:01<00:20, 10.89it/s][A

  6%|6         | 15/239 [00:01<00:20, 10.78it/s][A

  7%|7         | 17/239 [00:01<00:21, 10.17it/s][A

  8%|7         | 19/239 [00:01<00:21, 10.26it/s][A

  9%|8         | 21/239 [00:01<00:22,  9.86it/s][A

 10%|9         | 23/239 [00:02<00:21, 10.02it/s][A

 10%|#         | 25/239 [00:02<00:21, 10.10it/s][A

 11%|#1        | 27/239 [00:02<00:20, 10.31it/s][A

 12%|#2        | 29/239 [00:02<00:19, 10.55it/s][A

 13%|#2        | 31/239 [00:02<00:19, 10.63it/s][A

 14%|#3        | 33/239 [00:03<00:19, 10.55it/s][A

 15%|#4        | 35/239 [00:03<00:18, 10.95it/s][A

 15%|#5        | 37/239 [00:03<00:17, 11.61it/s][A

 16%|#6        | 39/239 [00:03<00:17, 11.75it/s][A

 17%|#7        | 41/239 [00:03<00:16, 12.22it/s][A

 18%|#7        | 43/239 [00:03<00:15, 12.26it/s][A

 19%|#8        | 45/239 [00:04<00:16, 11.45it/s][A

 20%|#9        | 47/239 [00:04<00:18, 10.60it/s][A

 21%|##        | 49/239 [00:04<00:17, 10.59it/s][A

 21%|##1       | 51/239 [00:04<00:17, 10.85it/s][A

 22%|##2       | 53/239 [00:04<00:17, 10.76it/s][A

 23%|##3       | 55/239 [00:04<00:16, 11.25it/s][A

 24%|##3       | 57/239 [00:05<00:16, 11.33it/s][A

 25%|##4       | 59/239 [00:05<00:16, 11.11it/s][A

 26%|##5       | 61/239 [00:05<00:15, 11.50it/s][A

 26%|##6       | 63/239 [00:05<00:16, 10.37it/s][A

 27%|##7       | 65/239 [00:05<00:17, 10.23it/s][A

 28%|##8       | 67/239 [00:06<00:16, 10.53it/s][A

 29%|##8       | 69/239 [00:06<00:15, 11.10it/s][A

 30%|##9       | 71/239 [00:06<00:14, 11.52it/s][A

 31%|###       | 73/239 [00:06<00:14, 11.84it/s][A

 31%|###1      | 75/239 [00:06<00:13, 11.73it/s][A

 32%|###2      | 77/239 [00:06<00:13, 12.34it/s][A

 33%|###3      | 79/239 [00:07<00:12, 12.40it/s][A

 34%|###3      | 81/239 [00:07<00:13, 11.44it/s][A

 35%|###4      | 83/239 [00:07<00:13, 11.79it/s][A

 36%|###5      | 85/239 [00:07<00:12, 12.39it/s][A

 36%|###6      | 87/239 [00:07<00:12, 12.46it/s][A

 37%|###7      | 89/239 [00:07<00:12, 12.17it/s][A

 38%|###8      | 91/239 [00:08<00:11, 12.64it/s][A

 39%|###8      | 93/239 [00:08<00:11, 12.63it/s][A

 40%|###9      | 95/239 [00:08<00:11, 12.63it/s][A

 41%|####      | 97/239 [00:08<00:11, 12.42it/s][A

 41%|####1     | 99/239 [00:08<00:11, 12.65it/s][A

 42%|####2     | 101/239 [00:08<00:11, 12.42it/s][A

 43%|####3     | 103/239 [00:08<00:10, 12.71it/s][A

 44%|####3     | 105/239 [00:09<00:10, 12.70it/s][A

 45%|####4     | 107/239 [00:09<00:10, 12.31it/s][A

 46%|####5     | 109/239 [00:09<00:10, 12.78it/s][A

 46%|####6     | 111/239 [00:09<00:11, 10.98it/s][A

 47%|####7     | 113/239 [00:09<00:11, 10.92it/s][A

 48%|####8     | 115/239 [00:10<00:11, 11.08it/s][A

 49%|####8     | 117/239 [00:10<00:10, 11.21it/s][A

 50%|####9     | 119/239 [00:10<00:10, 11.30it/s][A

 51%|#####     | 121/239 [00:10<00:09, 12.01it/s][A

 51%|#####1    | 123/239 [00:10<00:10, 11.52it/s][A

 52%|#####2    | 125/239 [00:10<00:09, 11.50it/s][A

 53%|#####3    | 127/239 [00:11<00:09, 11.82it/s][A

 54%|#####3    | 129/239 [00:11<00:09, 11.55it/s][A

 55%|#####4    | 131/239 [00:11<00:08, 12.02it/s][A

 56%|#####5    | 133/239 [00:11<00:08, 12.20it/s][A

 56%|#####6    | 135/239 [00:11<00:08, 11.71it/s][A

 57%|#####7    | 137/239 [00:11<00:08, 11.55it/s][A

 58%|#####8    | 139/239 [00:12<00:08, 11.48it/s][A

 59%|#####8    | 141/239 [00:12<00:08, 10.94it/s][A

 60%|#####9    | 143/239 [00:12<00:08, 11.71it/s][A

 61%|######    | 145/239 [00:12<00:07, 11.93it/s][A

 62%|######1   | 147/239 [00:12<00:07, 11.70it/s][A

 62%|######2   | 149/239 [00:12<00:07, 12.10it/s][A

 63%|######3   | 151/239 [00:13<00:07, 11.90it/s][A

 64%|######4   | 153/239 [00:13<00:07, 11.60it/s][A

 65%|######4   | 155/239 [00:13<00:07, 11.42it/s][A

 66%|######5   | 157/239 [00:13<00:07, 11.54it/s][A

 67%|######6   | 159/239 [00:13<00:07, 11.41it/s][A

 67%|######7   | 161/239 [00:14<00:06, 11.43it/s][A

 68%|######8   | 163/239 [00:14<00:06, 10.97it/s][A

 69%|######9   | 165/239 [00:14<00:06, 10.96it/s][A

 70%|######9   | 167/239 [00:14<00:06, 11.07it/s][A

 71%|#######   | 169/239 [00:14<00:06, 11.23it/s][A

 72%|#######1  | 171/239 [00:14<00:06, 11.04it/s][A

 72%|#######2  | 173/239 [00:15<00:05, 11.16it/s][A

 73%|#######3  | 175/239 [00:15<00:05, 11.58it/s][A

 74%|#######4  | 177/239 [00:15<00:05, 11.26it/s][A

 75%|#######4  | 179/239 [00:15<00:05, 10.98it/s][A

 76%|#######5  | 181/239 [00:15<00:05, 11.47it/s][A

 77%|#######6  | 183/239 [00:15<00:04, 11.80it/s][A

 77%|#######7  | 185/239 [00:16<00:04, 11.68it/s][A

 78%|#######8  | 187/239 [00:16<00:04, 11.01it/s][A

 79%|#######9  | 189/239 [00:16<00:04, 11.78it/s][A

 80%|#######9  | 191/239 [00:16<00:04, 11.69it/s][A

 81%|########  | 193/239 [00:16<00:03, 11.64it/s][A

 82%|########1 | 195/239 [00:16<00:03, 11.92it/s][A

 82%|########2 | 197/239 [00:17<00:03, 11.87it/s][A

 83%|########3 | 199/239 [00:17<00:03, 12.02it/s][A

 84%|########4 | 201/239 [00:17<00:03, 12.20it/s][A

 85%|########4 | 203/239 [00:17<00:02, 12.34it/s][A

 86%|########5 | 205/239 [00:17<00:02, 12.43it/s][A

 87%|########6 | 207/239 [00:17<00:02, 12.14it/s][A

 87%|########7 | 209/239 [00:18<00:02, 11.96it/s][A

 88%|########8 | 211/239 [00:18<00:02, 12.15it/s][A

 89%|########9 | 213/239 [00:18<00:02, 10.97it/s][A

 90%|########9 | 215/239 [00:18<00:01, 12.06it/s][A

 91%|######### | 217/239 [00:18<00:01, 11.88it/s][A

 92%|#########1| 219/239 [00:18<00:01, 12.10it/s][A

 92%|#########2| 221/239 [00:19<00:01, 11.90it/s][A

 93%|#########3| 223/239 [00:19<00:01, 11.78it/s][A

 94%|#########4| 225/239 [00:19<00:01, 11.22it/s][A

 95%|#########4| 227/239 [00:19<00:01, 11.44it/s][A

 96%|#########5| 229/239 [00:19<00:00, 11.89it/s][A

 97%|#########6| 231/239 [00:20<00:00, 11.86it/s][A

 97%|#########7| 233/239 [00:20<00:00, 11.96it/s][A

 98%|#########8| 235/239 [00:20<00:00, 11.60it/s][A

 99%|#########9| 237/239 [00:20<00:00, 11.74it/s][A

100%|##########| 239/239 [00:20<00:00, 11.27it/s][A
                                                   


                                                 
[A
 50%|#####     | 1000/2000 [38:52<33:47,  2.03s/it]

100%|##########| 239/239 [00:20<00:00, 11.27it/s][A

{'eval_loss': '3.248', 'eval_runtime': '20.79', 'eval_samples_per_second': '45.99', 'eval_steps_per_second': '11.5', 'epoch': '0.1709'}
                                                 [A

Writing model shards:   0%|          | 0/1 [00:00<?, ?it/s][A

Writing model shards: 100%|##########| 1/1 [00:00<00:00,  1.83it/s][A
Writing model shards: 100%|##########| 1/1 [00:00<00:00,  1.82it/s]

 50%|#####     | 1001/2000 [38:56<2:24:30,  8.68s/it]
 50%|#####     | 1002/2000 [38:58<1:50:28,  6.64s/it]
 50%|#####     | 1003/2000 [39:00<1:27:13,  5.25s/it]
 50%|#####     | 1004/2000 [39:02<1:10:37,  4.25s/it]
 50%|#####     | 1005/2000 [39:04<58:59,  3.56s/it]  
 50%|#####     | 1006/2000 [39:06<50:56,  3.07s/it]
 50%|#####     | 1007/2000 [39:08<48:55,  2.96s/it]
 50%|#####     | 1008/2000 [39:10<43:19,  2.62s/it]
 50%|#####     | 1009/2000 [39:12<40:25,  2.45s/it]
 50%|#####     | 1010/2000 [39:14<38:44,  2.35s/it]
 51%|#####     | 1011/2000 [39:16<37:21,  2.27s/it]
 51%|#####     | 1012/2000 [39:18<36:26,  2.21s/it]
 51%|#####     | 1013/2000 [39:21<35:51,  2.18s/it]
 51%|#####     | 1014/2000 [39:22<33:51,  2.06s/it]
 51%|#####     | 1015/2000 [39:24<33:41,  2.05s/it]
 51%|#####     | 1016/2000 [39:26<33:34,  2.05s/it]
 51%|#####     | 1017/2000 [39:28<33:25,  2.04s/it]
 51%|#####     | 1018/2000 [39:30<33:30,  2.05s/it]
 51%|#####     | 1019/2000 [39:32<33:16,  2.04s/it]
 51%|#####1    | 1020/2000 [39:34<33:03,  2.02s/it]
 51%|#####1    | 1021/2000 [39:36<32:49,  2.01s/it]
 51%|#####1    | 1022/2000 [39:39<33:11,  2.04s/it]
 51%|#####1    | 1023/2000 [39:41<32:53,  2.02s/it]
 51%|#####1    | 1024/2000 [39:43<33:13,  2.04s/it]
 51%|#####1    | 1025/2000 [39:45<33:30,  2.06s/it]
                                                   

 51%|#####1    | 1025/2000 [39:45<33:30,  2.06s/it]
 51%|#####1    | 1026/2000 [39:47<33:14,  2.05s/it]
 51%|#####1    | 1027/2000 [39:49<33:16,  2.05s/it]
 51%|#####1    | 1028/2000 [39:51<32:39,  2.02s/it]
 51%|#####1    | 1029/2000 [39:53<32:32,  2.01s/it]
 52%|#####1    | 1030/2000 [39:55<32:24,  2.00s/it]
 52%|#####1    | 1031/2000 [39:57<33:24,  2.07s/it]
 52%|#####1    | 1032/2000 [39:59<32:38,  2.02s/it]
 52%|#####1    | 1033/2000 [40:01<32:23,  2.01s/it]
 52%|#####1    | 1034/2000 [40:03<32:35,  2.02s/it]
 52%|#####1    | 1035/2000 [40:05<33:15,  2.07s/it]
 52%|#####1    | 1036/2000 [40:07<32:41,  2.04s/it]
 52%|#####1    | 1037/2000 [40:09<32:11,  2.01s/it]
 52%|#####1    | 1038/2000 [40:11<32:46,  2.04s/it]
 52%|#####1    | 1039/2000 [40:13<32:32,  2.03s/it]
 52%|#####2    | 1040/2000 [40:15<32:21,  2.02s/it]
 52%|#####2    | 1041/2000 [40:17<31:41,  1.98s/it]
 52%|#####2    | 1042/2000 [40:19<31:57,  2.00s/it]
 52%|#####2    | 1043/2000 [40:21<31:58,  2.00s/it]
 52%|#####2    | 1044/2000 [40:23<32:01,  2.01s/it]
 52%|#####2    | 1045/2000 [40:25<31:56,  2.01s/it]
 52%|#####2    | 1046/2000 [40:27<32:11,  2.02s/it]
 52%|#####2    | 1047/2000 [40:29<32:08,  2.02s/it]
 52%|#####2    | 1048/2000 [40:31<31:54,  2.01s/it]
 52%|#####2    | 1049/2000 [40:33<32:13,  2.03s/it]
 52%|#####2    | 1050/2000 [40:35<31:34,  1.99s/it]
                                                   

 52%|#####2    | 1050/2000 [40:35<31:34,  1.99s/it]
 53%|#####2    | 1051/2000 [40:37<31:14,  1.98s/it]
 53%|#####2    | 1052/2000 [40:39<30:59,  1.96s/it]
 53%|#####2    | 1053/2000 [40:41<31:07,  1.97s/it]
 53%|#####2    | 1054/2000 [40:43<31:51,  2.02s/it]
 53%|#####2    | 1055/2000 [40:45<31:21,  1.99s/it]
 53%|#####2    | 1056/2000 [40:47<31:03,  1.97s/it]
 53%|#####2    | 1057/2000 [40:49<30:52,  1.96s/it]
 53%|#####2    | 1058/2000 [40:51<33:15,  2.12s/it]
 53%|#####2    | 1059/2000 [40:53<32:10,  2.05s/it]
 53%|#####3    | 1060/2000 [40:55<32:22,  2.07s/it]
 53%|#####3    | 1061/2000 [40:57<32:01,  2.05s/it]
 53%|#####3    | 1062/2000 [40:59<32:16,  2.07s/it]
 53%|#####3    | 1063/2000 [41:01<31:18,  2.00s/it]
 53%|#####3    | 1064/2000 [41:04<32:55,  2.11s/it]
 53%|#####3    | 1065/2000 [41:06<32:02,  2.06s/it]
 53%|#####3    | 1066/2000 [41:08<32:01,  2.06s/it]
 53%|#####3    | 1067/2000 [41:10<31:33,  2.03s/it]
 53%|#####3    | 1068/2000 [41:12<31:31,  2.03s/it]
 53%|#####3    | 1069/2000 [41:14<31:24,  2.02s/it]
 54%|#####3    | 1070/2000 [41:16<31:23,  2.03s/it]
 54%|#####3    | 1071/2000 [41:18<31:27,  2.03s/it]
 54%|#####3    | 1072/2000 [41:20<31:15,  2.02s/it]
 54%|#####3    | 1073/2000 [41:22<31:15,  2.02s/it]
 54%|#####3    | 1074/2000 [41:24<31:14,  2.02s/it]
 54%|#####3    | 1075/2000 [41:26<30:37,  1.99s/it]
                                                   

 54%|#####3    | 1075/2000 [41:26<30:37,  1.99s/it]
 54%|#####3    | 1076/2000 [41:28<30:51,  2.00s/it]
 54%|#####3    | 1077/2000 [41:30<30:55,  2.01s/it]
 54%|#####3    | 1078/2000 [41:32<30:56,  2.01s/it]
 54%|#####3    | 1079/2000 [41:34<31:15,  2.04s/it]
 54%|#####4    | 1080/2000 [41:36<31:10,  2.03s/it]
 54%|#####4    | 1081/2000 [41:38<31:05,  2.03s/it]
 54%|#####4    | 1082/2000 [41:41<34:00,  2.22s/it]
 54%|#####4    | 1083/2000 [41:42<32:09,  2.10s/it]
 54%|#####4    | 1084/2000 [41:44<31:05,  2.04s/it]
 54%|#####4    | 1085/2000 [41:46<31:07,  2.04s/it]
 54%|#####4    | 1086/2000 [41:48<30:42,  2.02s/it]
 54%|#####4    | 1087/2000 [41:50<30:44,  2.02s/it]
 54%|#####4    | 1088/2000 [41:52<30:49,  2.03s/it]
 54%|#####4    | 1089/2000 [41:54<31:01,  2.04s/it]
 55%|#####4    | 1090/2000 [41:56<30:17,  2.00s/it]
 55%|#####4    | 1091/2000 [41:58<30:39,  2.02s/it]
 55%|#####4    | 1092/2000 [42:00<30:02,  1.99s/it]
 55%|#####4    | 1093/2000 [42:02<30:12,  2.00s/it]
 55%|#####4    | 1094/2000 [42:04<30:10,  2.00s/it]
 55%|#####4    | 1095/2000 [42:07<30:56,  2.05s/it]
 55%|#####4    | 1096/2000 [42:08<30:15,  2.01s/it]
 55%|#####4    | 1097/2000 [42:11<31:51,  2.12s/it]
 55%|#####4    | 1098/2000 [42:13<30:57,  2.06s/it]
 55%|#####4    | 1099/2000 [42:15<32:08,  2.14s/it]
 55%|#####5    | 1100/2000 [42:17<31:08,  2.08s/it]
                                                   

{'loss': '3.858', 'grad_norm': '1.161', 'learning_rate': '0.0002086', 'epoch': '0.1752'}
{'loss': '3.848', 'grad_norm': '1.132', 'learning_rate': '0.0002003', 'epoch': '0.1794'}
{'loss': '3.848', 'grad_norm': '1.155', 'learning_rate': '0.0001921', 'epoch': '0.1837'}
{'loss': '3.711', 'grad_norm': '1.124', 'learning_rate': '0.0001838', 'epoch': '0.188'}
 55%|#####5    | 1100/2000 [42:17<31:08,  2.08s/it]

  0%|          | 0/239 [00:00<?, ?it/s][A

  1%|1         | 3/239 [00:00<00:11, 20.47it/s][A

  3%|2         | 6/239 [00:00<00:15, 15.20it/s][A

  3%|3         | 8/239 [00:00<00:16, 14.23it/s][A

  4%|4         | 10/239 [00:00<00:17, 13.11it/s][A

  5%|5         | 12/239 [00:00<00:17, 12.74it/s][A

  6%|5         | 14/239 [00:01<00:19, 11.82it/s][A

  7%|6         | 16/239 [00:01<00:18, 12.15it/s][A

  8%|7         | 18/239 [00:01<00:19, 11.39it/s][A

  8%|8         | 20/239 [00:01<00:19, 11.27it/s][A

  9%|9         | 22/239 [00:01<00:17, 12.20it/s][A

 10%|#         | 24/239 [00:01<00:17, 12.07it/s][A

 11%|#         | 26/239 [00:02<00:17, 12.14it/s][A

 12%|#1        | 28/239 [00:02<00:17, 12.31it/s][A

 13%|#2        | 30/239 [00:02<00:18, 11.57it/s][A

 13%|#3        | 32/239 [00:02<00:18, 11.07it/s][A

 14%|#4        | 34/239 [00:02<00:18, 10.79it/s][A

 15%|#5        | 36/239 [00:02<00:18, 11.13it/s][A

 16%|#5        | 38/239 [00:03<00:17, 11.67it/s][A

 17%|#6        | 40/239 [00:03<00:16, 11.88it/s][A

 18%|#7        | 42/239 [00:03<00:18, 10.94it/s][A

 18%|#8        | 44/239 [00:03<00:18, 10.61it/s][A

 19%|#9        | 46/239 [00:03<00:18, 10.16it/s][A

 20%|##        | 48/239 [00:04<00:18, 10.07it/s][A

 21%|##        | 50/239 [00:04<00:19,  9.77it/s][A

 22%|##1       | 52/239 [00:04<00:18, 10.20it/s][A

 23%|##2       | 54/239 [00:04<00:17, 10.54it/s][A

 23%|##3       | 56/239 [00:04<00:16, 10.99it/s][A

 24%|##4       | 58/239 [00:05<00:16, 11.09it/s][A

 25%|##5       | 60/239 [00:05<00:15, 11.34it/s][A

 26%|##5       | 62/239 [00:05<00:16, 10.91it/s][A

 27%|##6       | 64/239 [00:05<00:16, 10.63it/s][A

 28%|##7       | 66/239 [00:05<00:15, 10.99it/s][A

 28%|##8       | 68/239 [00:05<00:14, 11.63it/s][A

 29%|##9       | 70/239 [00:06<00:14, 11.42it/s][A

 30%|###       | 72/239 [00:06<00:14, 11.26it/s][A

 31%|###       | 74/239 [00:06<00:14, 11.14it/s][A

 32%|###1      | 76/239 [00:06<00:14, 11.42it/s][A

 33%|###2      | 78/239 [00:06<00:15, 10.70it/s][A

 33%|###3      | 80/239 [00:06<00:13, 11.67it/s][A

 34%|###4      | 82/239 [00:07<00:13, 11.44it/s][A

 35%|###5      | 84/239 [00:07<00:13, 11.29it/s][A

 36%|###5      | 86/239 [00:07<00:13, 11.17it/s][A

 37%|###6      | 88/239 [00:07<00:13, 11.24it/s][A

 38%|###7      | 90/239 [00:07<00:13, 11.33it/s][A

 38%|###8      | 92/239 [00:08<00:13, 11.20it/s][A

 39%|###9      | 94/239 [00:08<00:13, 10.82it/s][A

 40%|####      | 96/239 [00:08<00:12, 11.01it/s][A

 41%|####1     | 98/239 [00:08<00:12, 11.44it/s][A

 42%|####1     | 100/239 [00:08<00:11, 11.62it/s][A

 43%|####2     | 102/239 [00:08<00:12, 11.40it/s][A

 44%|####3     | 104/239 [00:09<00:11, 11.26it/s][A

 44%|####4     | 106/239 [00:09<00:12, 10.84it/s][A

 45%|####5     | 108/239 [00:09<00:11, 11.13it/s][A

 46%|####6     | 110/239 [00:09<00:11, 10.78it/s][A

 47%|####6     | 112/239 [00:09<00:11, 11.06it/s][A

 48%|####7     | 114/239 [00:10<00:11, 11.11it/s][A

 49%|####8     | 116/239 [00:10<00:10, 11.28it/s][A

 49%|####9     | 118/239 [00:10<00:10, 11.39it/s][A

 50%|#####     | 120/239 [00:10<00:10, 11.74it/s][A

 51%|#####1    | 122/239 [00:10<00:09, 11.91it/s][A

 52%|#####1    | 124/239 [00:10<00:09, 12.28it/s][A

 53%|#####2    | 126/239 [00:11<00:09, 11.85it/s][A

 54%|#####3    | 128/239 [00:11<00:08, 12.64it/s][A

 54%|#####4    | 130/239 [00:11<00:08, 12.46it/s][A

 55%|#####5    | 132/239 [00:11<00:08, 12.32it/s][A

 56%|#####6    | 134/239 [00:11<00:08, 12.62it/s][A

 57%|#####6    | 136/239 [00:11<00:08, 12.02it/s][A

 58%|#####7    | 138/239 [00:12<00:08, 12.07it/s][A

 59%|#####8    | 140/239 [00:12<00:08, 12.05it/s][A

 59%|#####9    | 142/239 [00:12<00:08, 11.52it/s][A

 60%|######    | 144/239 [00:12<00:08, 11.84it/s][A

 61%|######1   | 146/239 [00:12<00:07, 11.95it/s][A

 62%|######1   | 148/239 [00:12<00:07, 12.67it/s][A

 63%|######2   | 150/239 [00:13<00:07, 12.10it/s][A

 64%|######3   | 152/239 [00:13<00:06, 12.45it/s][A

 64%|######4   | 154/239 [00:13<00:06, 12.72it/s][A

 65%|######5   | 156/239 [00:13<00:06, 12.49it/s][A

 66%|######6   | 158/239 [00:13<00:06, 12.35it/s][A

 67%|######6   | 160/239 [00:13<00:06, 11.76it/s][A

 68%|######7   | 162/239 [00:14<00:06, 11.97it/s][A

 69%|######8   | 164/239 [00:14<00:06, 12.35it/s][A

 69%|######9   | 166/239 [00:14<00:06, 12.03it/s][A

 70%|#######   | 168/239 [00:14<00:05, 12.25it/s][A

 71%|#######1  | 170/239 [00:14<00:05, 12.57it/s][A

 72%|#######1  | 172/239 [00:14<00:05, 12.41it/s][A

 73%|#######2  | 174/239 [00:14<00:05, 12.67it/s][A

 74%|#######3  | 176/239 [00:15<00:04, 12.87it/s][A

 74%|#######4  | 178/239 [00:15<00:04, 13.01it/s][A

 75%|#######5  | 180/239 [00:15<00:04, 12.25it/s][A

 76%|#######6  | 182/239 [00:15<00:04, 12.63it/s][A

 77%|#######6  | 184/239 [00:15<00:04, 12.45it/s][A

 78%|#######7  | 186/239 [00:15<00:04, 11.95it/s][A

 79%|#######8  | 188/239 [00:16<00:04, 11.81it/s][A

 79%|#######9  | 190/239 [00:16<00:03, 12.77it/s][A

 80%|########  | 192/239 [00:16<00:03, 12.35it/s][A

 81%|########1 | 194/239 [00:16<00:03, 12.85it/s][A

 82%|########2 | 196/239 [00:16<00:03, 12.64it/s][A

 83%|########2 | 198/239 [00:16<00:03, 12.37it/s][A

 84%|########3 | 200/239 [00:17<00:03, 10.68it/s][A

 85%|########4 | 202/239 [00:17<00:03, 10.20it/s][A

 85%|########5 | 204/239 [00:17<00:03, 10.41it/s][A

 86%|########6 | 206/239 [00:17<00:03, 10.57it/s][A

 87%|########7 | 208/239 [00:17<00:02, 10.64it/s][A

 88%|########7 | 210/239 [00:18<00:02, 11.05it/s][A

 89%|########8 | 212/239 [00:18<00:02, 11.33it/s][A

 90%|########9 | 214/239 [00:18<00:02, 11.53it/s][A

 90%|######### | 216/239 [00:18<00:01, 11.66it/s][A

 91%|#########1| 218/239 [00:18<00:01, 12.13it/s][A

 92%|#########2| 220/239 [00:18<00:01, 11.05it/s][A

 93%|#########2| 222/239 [00:19<00:01, 12.03it/s][A

 94%|#########3| 224/239 [00:19<00:01, 12.33it/s][A

 95%|#########4| 226/239 [00:19<00:01, 11.83it/s][A

 95%|#########5| 228/239 [00:19<00:00, 12.27it/s][A

 96%|#########6| 230/239 [00:19<00:00, 12.24it/s][A

 97%|#########7| 232/239 [00:19<00:00, 12.18it/s][A

 98%|#########7| 234/239 [00:20<00:00, 12.45it/s][A

 99%|#########8| 236/239 [00:20<00:00, 12.33it/s][A

100%|#########9| 238/239 [00:20<00:00, 12.24it/s][A
                                                   


                                                 
[A
 55%|#####5    | 1100/2000 [42:38<31:08,  2.08s/it]

100%|##########| 239/239 [00:20<00:00, 12.24it/s][A

{'eval_loss': '3.14', 'eval_runtime': '20.52', 'eval_samples_per_second': '46.58', 'eval_steps_per_second': '11.64', 'epoch': '0.188'}
                                                 [A

Writing model shards:   0%|          | 0/1 [00:00<?, ?it/s][A

Writing model shards: 100%|##########| 1/1 [00:00<00:00,  2.31it/s][A
Writing model shards: 100%|##########| 1/1 [00:00<00:00,  2.31it/s]

 55%|#####5    | 1101/2000 [42:41<2:08:00,  8.54s/it]
 55%|#####5    | 1102/2000 [42:43<1:38:28,  6.58s/it]
 55%|#####5    | 1103/2000 [42:44<1:16:49,  5.14s/it]
 55%|#####5    | 1104/2000 [42:46<1:01:50,  4.14s/it]
 55%|#####5    | 1105/2000 [42:48<51:21,  3.44s/it]  
 55%|#####5    | 1106/2000 [42:50<45:03,  3.02s/it]
 55%|#####5    | 1107/2000 [42:52<40:24,  2.71s/it]
 55%|#####5    | 1108/2000 [42:54<37:37,  2.53s/it]
 55%|#####5    | 1109/2000 [42:56<34:57,  2.35s/it]
 56%|#####5    | 1110/2000 [42:58<34:08,  2.30s/it]
 56%|#####5    | 1111/2000 [43:01<34:34,  2.33s/it]
 56%|#####5    | 1112/2000 [43:03<33:01,  2.23s/it]
 56%|#####5    | 1113/2000 [43:05<34:14,  2.32s/it]
 56%|#####5    | 1114/2000 [43:07<31:32,  2.14s/it]
 56%|#####5    | 1115/2000 [43:09<31:02,  2.10s/it]
 56%|#####5    | 1116/2000 [43:11<30:05,  2.04s/it]
 56%|#####5    | 1117/2000 [43:13<30:03,  2.04s/it]
 56%|#####5    | 1118/2000 [43:15<30:07,  2.05s/it]
 56%|#####5    | 1119/2000 [43:17<29:16,  1.99s/it]
 56%|#####6    | 1120/2000 [43:19<29:49,  2.03s/it]
 56%|#####6    | 1121/2000 [43:21<29:27,  2.01s/it]
 56%|#####6    | 1122/2000 [43:23<28:47,  1.97s/it]
 56%|#####6    | 1123/2000 [43:25<30:16,  2.07s/it]
 56%|#####6    | 1124/2000 [43:27<29:53,  2.05s/it]
 56%|#####6    | 1125/2000 [43:29<29:25,  2.02s/it]
                                                   

 56%|#####6    | 1125/2000 [43:29<29:25,  2.02s/it]
 56%|#####6    | 1126/2000 [43:31<28:52,  1.98s/it]
 56%|#####6    | 1127/2000 [43:33<29:07,  2.00s/it]
 56%|#####6    | 1128/2000 [43:35<28:46,  1.98s/it]
 56%|#####6    | 1129/2000 [43:37<28:34,  1.97s/it]
 56%|#####6    | 1130/2000 [43:39<28:18,  1.95s/it]
 57%|#####6    | 1131/2000 [43:41<28:13,  1.95s/it]
 57%|#####6    | 1132/2000 [43:43<28:11,  1.95s/it]
 57%|#####6    | 1133/2000 [43:45<30:34,  2.12s/it]
 57%|#####6    | 1134/2000 [43:47<29:51,  2.07s/it]
 57%|#####6    | 1135/2000 [43:49<29:45,  2.06s/it]
 57%|#####6    | 1136/2000 [43:52<31:04,  2.16s/it]
 57%|#####6    | 1137/2000 [43:53<29:47,  2.07s/it]
 57%|#####6    | 1138/2000 [43:55<29:29,  2.05s/it]
 57%|#####6    | 1139/2000 [43:57<29:05,  2.03s/it]
 57%|#####6    | 1140/2000 [44:00<30:49,  2.15s/it]
 57%|#####7    | 1141/2000 [44:02<29:34,  2.07s/it]
 57%|#####7    | 1142/2000 [44:04<29:16,  2.05s/it]
 57%|#####7    | 1143/2000 [44:06<28:59,  2.03s/it]
 57%|#####7    | 1144/2000 [44:08<28:46,  2.02s/it]
 57%|#####7    | 1145/2000 [44:10<28:35,  2.01s/it]
 57%|#####7    | 1146/2000 [44:12<28:33,  2.01s/it]
 57%|#####7    | 1147/2000 [44:14<28:28,  2.00s/it]
 57%|#####7    | 1148/2000 [44:16<28:24,  2.00s/it]
 57%|#####7    | 1149/2000 [44:18<30:34,  2.16s/it]
 57%|#####7    | 1150/2000 [44:20<29:15,  2.07s/it]
                                                   

 57%|#####7    | 1150/2000 [44:20<29:15,  2.07s/it]
 58%|#####7    | 1151/2000 [44:22<29:02,  2.05s/it]
 58%|#####7    | 1152/2000 [44:24<28:33,  2.02s/it]
 58%|#####7    | 1153/2000 [44:26<28:50,  2.04s/it]
 58%|#####7    | 1154/2000 [44:28<28:05,  1.99s/it]
 58%|#####7    | 1155/2000 [44:30<28:21,  2.01s/it]
 58%|#####7    | 1156/2000 [44:32<28:28,  2.02s/it]
 58%|#####7    | 1157/2000 [44:34<29:27,  2.10s/it]
 58%|#####7    | 1158/2000 [44:36<28:46,  2.05s/it]
 58%|#####7    | 1159/2000 [44:38<27:58,  2.00s/it]
 58%|#####8    | 1160/2000 [44:40<28:07,  2.01s/it]
 58%|#####8    | 1161/2000 [44:42<28:24,  2.03s/it]
 58%|#####8    | 1162/2000 [44:44<27:59,  2.00s/it]
 58%|#####8    | 1163/2000 [44:46<28:28,  2.04s/it]
 58%|#####8    | 1164/2000 [44:48<28:02,  2.01s/it]
 58%|#####8    | 1165/2000 [44:50<27:48,  2.00s/it]
 58%|#####8    | 1166/2000 [44:52<27:58,  2.01s/it]
 58%|#####8    | 1167/2000 [44:54<27:51,  2.01s/it]
 58%|#####8    | 1168/2000 [44:56<27:19,  1.97s/it]
 58%|#####8    | 1169/2000 [44:58<27:39,  2.00s/it]
 58%|#####8    | 1170/2000 [45:00<27:31,  1.99s/it]
 59%|#####8    | 1171/2000 [45:02<27:47,  2.01s/it]
 59%|#####8    | 1172/2000 [45:04<27:06,  1.96s/it]
 59%|#####8    | 1173/2000 [45:06<27:20,  1.98s/it]
 59%|#####8    | 1174/2000 [45:08<27:12,  1.98s/it]
 59%|#####8    | 1175/2000 [45:10<27:07,  1.97s/it]
                                                   

 59%|#####8    | 1175/2000 [45:10<27:07,  1.97s/it]
 59%|#####8    | 1176/2000 [45:12<27:05,  1.97s/it]
 59%|#####8    | 1177/2000 [45:14<27:02,  1.97s/it]
 59%|#####8    | 1178/2000 [45:16<27:17,  1.99s/it]
 59%|#####8    | 1179/2000 [45:18<27:08,  1.98s/it]
 59%|#####8    | 1180/2000 [45:20<26:42,  1.95s/it]
 59%|#####9    | 1181/2000 [45:22<26:25,  1.94s/it]
 59%|#####9    | 1182/2000 [45:24<28:31,  2.09s/it]
 59%|#####9    | 1183/2000 [45:26<28:15,  2.07s/it]
 59%|#####9    | 1184/2000 [45:28<27:16,  2.01s/it]
 59%|#####9    | 1185/2000 [45:31<29:20,  2.16s/it]
 59%|#####9    | 1186/2000 [45:33<28:03,  2.07s/it]
 59%|#####9    | 1187/2000 [45:34<27:23,  2.02s/it]
 59%|#####9    | 1188/2000 [45:36<27:07,  2.00s/it]
 59%|#####9    | 1189/2000 [45:38<26:52,  1.99s/it]
 60%|#####9    | 1190/2000 [45:40<26:42,  1.98s/it]
 60%|#####9    | 1191/2000 [45:42<26:40,  1.98s/it]
 60%|#####9    | 1192/2000 [45:44<26:37,  1.98s/it]
 60%|#####9    | 1193/2000 [45:46<25:53,  1.92s/it]
 60%|#####9    | 1194/2000 [45:48<27:48,  2.07s/it]
 60%|#####9    | 1195/2000 [45:51<27:39,  2.06s/it]
 60%|#####9    | 1196/2000 [45:53<29:07,  2.17s/it]
 60%|#####9    | 1197/2000 [45:55<28:43,  2.15s/it]
 60%|#####9    | 1198/2000 [45:57<28:11,  2.11s/it]
 60%|#####9    | 1199/2000 [45:59<27:56,  2.09s/it]
 60%|######    | 1200/2000 [46:01<27:31,  2.06s/it]
                                                   

{'loss': '3.718', 'grad_norm': '1.059', 'learning_rate': '0.0001756', 'epoch': '0.1923'}
{'loss': '3.76', 'grad_norm': '1.09', 'learning_rate': '0.0001674', 'epoch': '0.1965'}
{'loss': '3.796', 'grad_norm': '1.299', 'learning_rate': '0.0001593', 'epoch': '0.2008'}
 60%|######    | 1200/2000 [46:01<27:31,  2.06s/it]
{'loss': '3.662', 'grad_norm': '0.944', 'learning_rate': '0.0001512', 'epoch': '0.2051'}

  0%|          | 0/239 [00:00<?, ?it/s][A

  1%|1         | 3/239 [00:00<00:11, 20.03it/s][A

  3%|2         | 6/239 [00:00<00:16, 14.45it/s][A

  3%|3         | 8/239 [00:00<00:15, 14.51it/s][A

  4%|4         | 10/239 [00:00<00:17, 13.25it/s][A

  5%|5         | 12/239 [00:00<00:16, 13.43it/s][A

  6%|5         | 14/239 [00:01<00:17, 13.14it/s][A

  7%|6         | 16/239 [00:01<00:16, 13.22it/s][A

  8%|7         | 18/239 [00:01<00:16, 13.24it/s][A

  8%|8         | 20/239 [00:01<00:17, 12.79it/s][A

  9%|9         | 22/239 [00:01<00:16, 12.93it/s][A

 10%|#         | 24/239 [00:01<00:16, 12.95it/s][A

 11%|#         | 26/239 [00:01<00:16, 12.94it/s][A

 12%|#1        | 28/239 [00:02<00:16, 12.58it/s][A

 13%|#2        | 30/239 [00:02<00:16, 12.91it/s][A

 13%|#3        | 32/239 [00:02<00:16, 12.93it/s][A

 14%|#4        | 34/239 [00:02<00:17, 11.80it/s][A

 15%|#5        | 36/239 [00:02<00:17, 11.57it/s][A

 16%|#5        | 38/239 [00:03<00:18, 11.10it/s][A

 17%|#6        | 40/239 [00:03<00:18, 10.75it/s][A

 18%|#7        | 42/239 [00:03<00:19, 10.16it/s][A

 18%|#8        | 44/239 [00:03<00:19,  9.94it/s][A

 19%|#9        | 46/239 [00:03<00:17, 10.92it/s][A

 20%|##        | 48/239 [00:03<00:16, 11.41it/s][A

 21%|##        | 50/239 [00:04<00:16, 11.58it/s][A

 22%|##1       | 52/239 [00:04<00:15, 12.06it/s][A

 23%|##2       | 54/239 [00:04<00:15, 12.06it/s][A

 23%|##3       | 56/239 [00:04<00:14, 12.42it/s][A

 24%|##4       | 58/239 [00:04<00:15, 11.95it/s][A

 25%|##5       | 60/239 [00:04<00:16, 10.98it/s][A

 26%|##5       | 62/239 [00:05<00:16, 10.67it/s][A

 27%|##6       | 64/239 [00:05<00:15, 11.03it/s][A

 28%|##7       | 66/239 [00:05<00:15, 10.99it/s][A

 28%|##8       | 68/239 [00:05<00:15, 11.01it/s][A

 29%|##9       | 70/239 [00:05<00:14, 11.28it/s][A

 30%|###       | 72/239 [00:06<00:14, 11.18it/s][A

 31%|###       | 74/239 [00:06<00:14, 11.16it/s][A

 32%|###1      | 76/239 [00:06<00:14, 11.28it/s][A

 33%|###2      | 78/239 [00:06<00:14, 11.34it/s][A

 33%|###3      | 80/239 [00:06<00:13, 11.43it/s][A

 34%|###4      | 82/239 [00:06<00:14, 11.18it/s][A

 35%|###5      | 84/239 [00:07<00:14, 10.97it/s][A

 36%|###5      | 86/239 [00:07<00:13, 11.15it/s][A

 37%|###6      | 88/239 [00:07<00:13, 11.48it/s][A

 38%|###7      | 90/239 [00:07<00:12, 11.95it/s][A

 38%|###8      | 92/239 [00:07<00:12, 12.23it/s][A

 39%|###9      | 94/239 [00:07<00:12, 11.57it/s][A

 40%|####      | 96/239 [00:08<00:11, 12.43it/s][A

 41%|####1     | 98/239 [00:08<00:11, 12.30it/s][A

 42%|####1     | 100/239 [00:08<00:11, 12.25it/s][A

 43%|####2     | 102/239 [00:08<00:10, 12.53it/s][A

 44%|####3     | 104/239 [00:08<00:10, 12.38it/s][A

 44%|####4     | 106/239 [00:08<00:10, 12.64it/s][A

 45%|####5     | 108/239 [00:09<00:10, 12.45it/s][A

 46%|####6     | 110/239 [00:09<00:10, 12.32it/s][A

 47%|####6     | 112/239 [00:09<00:10, 12.63it/s][A

 48%|####7     | 114/239 [00:09<00:09, 12.84it/s][A

 49%|####8     | 116/239 [00:09<00:09, 12.47it/s][A

 49%|####9     | 118/239 [00:09<00:09, 12.39it/s][A

 50%|#####     | 120/239 [00:10<00:09, 12.50it/s][A

 51%|#####1    | 122/239 [00:10<00:10, 11.65it/s][A

 52%|#####1    | 124/239 [00:10<00:09, 11.94it/s][A

 53%|#####2    | 126/239 [00:10<00:09, 12.19it/s][A

 54%|#####3    | 128/239 [00:10<00:09, 12.28it/s][A

 54%|#####4    | 130/239 [00:10<00:08, 12.20it/s][A

 55%|#####5    | 132/239 [00:11<00:08, 12.29it/s][A

 56%|#####6    | 134/239 [00:11<00:08, 11.68it/s][A

 57%|#####6    | 136/239 [00:11<00:08, 11.76it/s][A

 58%|#####7    | 138/239 [00:11<00:08, 11.97it/s][A

 59%|#####8    | 140/239 [00:11<00:07, 12.63it/s][A

 59%|#####9    | 142/239 [00:11<00:07, 12.23it/s][A

 60%|######    | 144/239 [00:11<00:07, 12.40it/s][A

 61%|######1   | 146/239 [00:12<00:07, 12.31it/s][A

 62%|######1   | 148/239 [00:12<00:07, 12.22it/s][A

 63%|######2   | 150/239 [00:12<00:07, 12.07it/s][A

 64%|######3   | 152/239 [00:12<00:07, 12.03it/s][A

 64%|######4   | 154/239 [00:12<00:06, 12.47it/s][A

 65%|######5   | 156/239 [00:12<00:06, 12.78it/s][A

 66%|######6   | 158/239 [00:13<00:06, 11.82it/s][A

 67%|######6   | 160/239 [00:13<00:06, 12.20it/s][A

 68%|######7   | 162/239 [00:13<00:06, 11.47it/s][A

 69%|######8   | 164/239 [00:13<00:06, 11.15it/s][A

 69%|######9   | 166/239 [00:13<00:06, 11.66it/s][A

 70%|#######   | 168/239 [00:13<00:05, 12.21it/s][A

 71%|#######1  | 170/239 [00:14<00:05, 11.90it/s][A

 72%|#######1  | 172/239 [00:14<00:05, 12.31it/s][A

 73%|#######2  | 174/239 [00:14<00:05, 11.49it/s][A

 74%|#######3  | 176/239 [00:14<00:05, 12.05it/s][A

 74%|#######4  | 178/239 [00:14<00:05, 11.64it/s][A

 75%|#######5  | 180/239 [00:15<00:04, 12.09it/s][A

 76%|#######6  | 182/239 [00:15<00:04, 12.18it/s][A

 77%|#######6  | 184/239 [00:15<00:04, 12.39it/s][A

 78%|#######7  | 186/239 [00:15<00:04, 12.55it/s][A

 79%|#######8  | 188/239 [00:15<00:04, 12.60it/s][A

 79%|#######9  | 190/239 [00:15<00:03, 12.85it/s][A

 80%|########  | 192/239 [00:15<00:03, 12.61it/s][A

 81%|########1 | 194/239 [00:16<00:03, 12.29it/s][A

 82%|########2 | 196/239 [00:16<00:03, 10.92it/s][A

 83%|########2 | 198/239 [00:16<00:03, 10.36it/s][A

 84%|########3 | 200/239 [00:16<00:03, 10.27it/s][A

 85%|########4 | 202/239 [00:16<00:03, 10.84it/s][A

 85%|########5 | 204/239 [00:17<00:03, 11.08it/s][A

 86%|########6 | 206/239 [00:17<00:02, 11.31it/s][A

 87%|########7 | 208/239 [00:17<00:02, 11.64it/s][A

 88%|########7 | 210/239 [00:17<00:02, 11.80it/s][A

 89%|########8 | 212/239 [00:17<00:02, 11.73it/s][A

 90%|########9 | 214/239 [00:17<00:02, 12.03it/s][A

 90%|######### | 216/239 [00:18<00:01, 11.69it/s][A

 91%|#########1| 218/239 [00:18<00:01, 11.27it/s][A

 92%|#########2| 220/239 [00:18<00:01, 11.29it/s][A

 93%|#########2| 222/239 [00:18<00:01, 11.69it/s][A

 94%|#########3| 224/239 [00:18<00:01, 11.68it/s][A

 95%|#########4| 226/239 [00:18<00:01, 11.89it/s][A

 95%|#########5| 228/239 [00:19<00:00, 11.94it/s][A

 96%|#########6| 230/239 [00:19<00:00, 11.99it/s][A

 97%|#########7| 232/239 [00:19<00:00, 11.98it/s][A

 98%|#########7| 234/239 [00:19<00:00, 11.86it/s][A

 99%|#########8| 236/239 [00:19<00:00, 11.61it/s][A

100%|#########9| 238/239 [00:19<00:00, 11.40it/s][A
                                                   


                                                 
[A
 60%|######    | 1200/2000 [46:21<27:31,  2.06s/it]

100%|##########| 239/239 [00:20<00:00, 11.40it/s][A

{'eval_loss': '3.059', 'eval_runtime': '20.18', 'eval_samples_per_second': '47.37', 'eval_steps_per_second': '11.84', 'epoch': '0.2051'}
                                                 [A

Writing model shards:   0%|          | 0/1 [00:00<?, ?it/s][A

Writing model shards: 100%|##########| 1/1 [00:00<00:00,  1.66it/s][A
Writing model shards: 100%|##########| 1/1 [00:00<00:00,  1.66it/s]

 60%|######    | 1201/2000 [46:25<1:53:26,  8.52s/it]
 60%|######    | 1202/2000 [46:27<1:26:50,  6.53s/it]
 60%|######    | 1203/2000 [46:28<1:08:06,  5.13s/it]
 60%|######    | 1204/2000 [46:30<55:21,  4.17s/it]  
 60%|######    | 1205/2000 [46:32<46:36,  3.52s/it]
 60%|######    | 1206/2000 [46:34<40:13,  3.04s/it]
 60%|######    | 1207/2000 [46:36<36:16,  2.75s/it]
 60%|######    | 1208/2000 [46:38<33:26,  2.53s/it]
 60%|######    | 1209/2000 [46:40<30:59,  2.35s/it]
 60%|######    | 1210/2000 [46:42<29:53,  2.27s/it]
 61%|######    | 1211/2000 [46:44<28:45,  2.19s/it]
 61%|######    | 1212/2000 [46:46<27:54,  2.13s/it]
 61%|######    | 1213/2000 [46:48<27:38,  2.11s/it]
 61%|######    | 1214/2000 [46:50<26:57,  2.06s/it]
 61%|######    | 1215/2000 [46:53<27:20,  2.09s/it]
 61%|######    | 1216/2000 [46:55<26:48,  2.05s/it]
 61%|######    | 1217/2000 [46:56<26:28,  2.03s/it]
 61%|######    | 1218/2000 [46:58<26:12,  2.01s/it]
 61%|######    | 1219/2000 [47:01<27:27,  2.11s/it]
 61%|######1   | 1220/2000 [47:03<27:38,  2.13s/it]
 61%|######1   | 1221/2000 [47:05<26:53,  2.07s/it]
 61%|######1   | 1222/2000 [47:07<26:25,  2.04s/it]
 61%|######1   | 1223/2000 [47:09<26:28,  2.04s/it]
 61%|######1   | 1224/2000 [47:11<27:18,  2.11s/it]
 61%|######1   | 1225/2000 [47:13<26:47,  2.07s/it]
                                                   

 61%|######1   | 1225/2000 [47:13<26:47,  2.07s/it]
 61%|######1   | 1226/2000 [47:15<26:21,  2.04s/it]
 61%|######1   | 1227/2000 [47:17<26:08,  2.03s/it]
 61%|######1   | 1228/2000 [47:19<25:55,  2.02s/it]
 61%|######1   | 1229/2000 [47:21<26:53,  2.09s/it]
 62%|######1   | 1230/2000 [47:23<25:42,  2.00s/it]
 62%|######1   | 1231/2000 [47:25<25:27,  1.99s/it]
 62%|######1   | 1232/2000 [47:27<25:08,  1.96s/it]
 62%|######1   | 1233/2000 [47:29<25:52,  2.02s/it]
 62%|######1   | 1234/2000 [47:31<26:08,  2.05s/it]
 62%|######1   | 1235/2000 [47:33<25:38,  2.01s/it]
 62%|######1   | 1236/2000 [47:35<24:56,  1.96s/it]
 62%|######1   | 1237/2000 [47:37<25:18,  1.99s/it]
 62%|######1   | 1238/2000 [47:39<24:49,  1.95s/it]
 62%|######1   | 1239/2000 [47:41<25:09,  1.98s/it]
 62%|######2   | 1240/2000 [47:43<25:10,  1.99s/it]
 62%|######2   | 1241/2000 [47:45<25:29,  2.01s/it]
 62%|######2   | 1242/2000 [47:47<25:35,  2.03s/it]
 62%|######2   | 1243/2000 [47:49<25:56,  2.06s/it]
 62%|######2   | 1244/2000 [47:51<25:47,  2.05s/it]
 62%|######2   | 1245/2000 [47:53<25:32,  2.03s/it]
 62%|######2   | 1246/2000 [47:55<25:50,  2.06s/it]
 62%|######2   | 1247/2000 [47:57<25:13,  2.01s/it]
 62%|######2   | 1248/2000 [47:59<25:08,  2.01s/it]
 62%|######2   | 1249/2000 [48:01<25:00,  2.00s/it]
 62%|######2   | 1250/2000 [48:03<24:54,  1.99s/it]
                                                   

 62%|######2   | 1250/2000 [48:03<24:54,  1.99s/it]
 63%|######2   | 1251/2000 [48:05<24:32,  1.97s/it]
 63%|######2   | 1252/2000 [48:07<24:02,  1.93s/it]
 63%|######2   | 1253/2000 [48:09<23:37,  1.90s/it]
 63%|######2   | 1254/2000 [48:11<23:51,  1.92s/it]
 63%|######2   | 1255/2000 [48:13<24:04,  1.94s/it]
 63%|######2   | 1256/2000 [48:15<24:07,  1.95s/it]
 63%|######2   | 1257/2000 [48:17<25:02,  2.02s/it]
 63%|######2   | 1258/2000 [48:19<25:38,  2.07s/it]
 63%|######2   | 1259/2000 [48:21<25:17,  2.05s/it]
 63%|######3   | 1260/2000 [48:23<24:57,  2.02s/it]
 63%|######3   | 1261/2000 [48:25<25:11,  2.05s/it]
 63%|######3   | 1262/2000 [48:27<24:44,  2.01s/it]
 63%|######3   | 1263/2000 [48:29<25:01,  2.04s/it]
 63%|######3   | 1264/2000 [48:31<24:54,  2.03s/it]
 63%|######3   | 1265/2000 [48:33<25:09,  2.05s/it]
 63%|######3   | 1266/2000 [48:35<24:54,  2.04s/it]
 63%|######3   | 1267/2000 [48:37<24:49,  2.03s/it]
 63%|######3   | 1268/2000 [48:40<25:54,  2.12s/it]
 63%|######3   | 1269/2000 [48:42<25:57,  2.13s/it]
 64%|######3   | 1270/2000 [48:44<25:21,  2.08s/it]
 64%|######3   | 1271/2000 [48:46<25:51,  2.13s/it]
 64%|######3   | 1272/2000 [48:48<25:25,  2.09s/it]
 64%|######3   | 1273/2000 [48:50<25:13,  2.08s/it]
 64%|######3   | 1274/2000 [48:52<24:45,  2.05s/it]
 64%|######3   | 1275/2000 [48:54<24:56,  2.06s/it]
                                                   

 64%|######3   | 1275/2000 [48:54<24:56,  2.06s/it]
 64%|######3   | 1276/2000 [48:56<24:28,  2.03s/it]
 64%|######3   | 1277/2000 [48:58<24:06,  2.00s/it]
 64%|######3   | 1278/2000 [49:00<23:57,  1.99s/it]
 64%|######3   | 1279/2000 [49:02<24:10,  2.01s/it]
 64%|######4   | 1280/2000 [49:04<24:18,  2.03s/it]
 64%|######4   | 1281/2000 [49:06<24:18,  2.03s/it]
 64%|######4   | 1282/2000 [49:08<24:20,  2.03s/it]
 64%|######4   | 1283/2000 [49:10<24:17,  2.03s/it]
 64%|######4   | 1284/2000 [49:12<24:18,  2.04s/it]
 64%|######4   | 1285/2000 [49:14<23:53,  2.01s/it]
 64%|######4   | 1286/2000 [49:16<23:51,  2.01s/it]
 64%|######4   | 1287/2000 [49:18<23:41,  1.99s/it]
 64%|######4   | 1288/2000 [49:20<23:55,  2.02s/it]
 64%|######4   | 1289/2000 [49:22<23:30,  1.98s/it]
 64%|######4   | 1290/2000 [49:24<23:48,  2.01s/it]
 65%|######4   | 1291/2000 [49:26<23:38,  2.00s/it]
 65%|######4   | 1292/2000 [49:28<23:40,  2.01s/it]
 65%|######4   | 1293/2000 [49:30<23:34,  2.00s/it]
 65%|######4   | 1294/2000 [49:33<24:23,  2.07s/it]
 65%|######4   | 1295/2000 [49:34<23:35,  2.01s/it]
 65%|######4   | 1296/2000 [49:37<24:19,  2.07s/it]
 65%|######4   | 1297/2000 [49:39<24:42,  2.11s/it]
 65%|######4   | 1298/2000 [49:41<24:09,  2.07s/it]
 65%|######4   | 1299/2000 [49:43<25:15,  2.16s/it]
 65%|######5   | 1300/2000 [49:45<24:22,  2.09s/it]
                                                   

{'loss': '3.618', 'grad_norm': '1.079', 'learning_rate': '0.0001432', 'epoch': '0.2093'}
 65%|######5   | 1300/2000 [49:45<24:22,  2.09s/it]
{'loss': '3.594', 'grad_norm': '1.071', 'learning_rate': '0.0001354', 'epoch': '0.2136'}
{'loss': '3.613', 'grad_norm': '1.011', 'learning_rate': '0.0001276', 'epoch': '0.2179'}
{'loss': '3.517', 'grad_norm': '1.197', 'learning_rate': '0.00012', 'epoch': '0.2222'}

  0%|          | 0/239 [00:00<?, ?it/s][A

  1%|1         | 3/239 [00:00<00:12, 18.97it/s][A

  2%|2         | 5/239 [00:00<00:14, 16.10it/s][A

  3%|2         | 7/239 [00:00<00:16, 14.17it/s][A

  4%|3         | 9/239 [00:00<00:16, 13.68it/s][A

  5%|4         | 11/239 [00:00<00:17, 12.89it/s][A

  5%|5         | 13/239 [00:00<00:17, 12.64it/s][A

  6%|6         | 15/239 [00:01<00:19, 11.43it/s][A

  7%|7         | 17/239 [00:01<00:20, 11.07it/s][A

  8%|7         | 19/239 [00:01<00:19, 11.46it/s][A

  9%|8         | 21/239 [00:01<00:19, 11.07it/s][A

 10%|9         | 23/239 [00:01<00:18, 11.59it/s][A

 10%|#         | 25/239 [00:02<00:19, 11.24it/s][A

 11%|#1        | 27/239 [00:02<00:18, 11.30it/s][A

 12%|#2        | 29/239 [00:02<00:18, 11.55it/s][A

 13%|#2        | 31/239 [00:02<00:19, 10.75it/s][A

 14%|#3        | 33/239 [00:02<00:18, 11.04it/s][A

 15%|#4        | 35/239 [00:02<00:18, 11.14it/s][A

 15%|#5        | 37/239 [00:03<00:17, 11.46it/s][A

 16%|#6        | 39/239 [00:03<00:17, 11.15it/s][A

 17%|#7        | 41/239 [00:03<00:17, 11.41it/s][A

 18%|#7        | 43/239 [00:03<00:17, 11.51it/s][A

 19%|#8        | 45/239 [00:03<00:16, 11.52it/s][A

 20%|#9        | 47/239 [00:03<00:16, 11.53it/s][A

 21%|##        | 49/239 [00:04<00:16, 11.37it/s][A

 21%|##1       | 51/239 [00:04<00:16, 11.22it/s][A

 22%|##2       | 53/239 [00:04<00:15, 11.64it/s][A

 23%|##3       | 55/239 [00:04<00:15, 11.92it/s][A

 24%|##3       | 57/239 [00:04<00:15, 12.11it/s][A

 25%|##4       | 59/239 [00:04<00:14, 12.25it/s][A

 26%|##5       | 61/239 [00:05<00:15, 11.83it/s][A

 26%|##6       | 63/239 [00:05<00:14, 11.86it/s][A

 27%|##7       | 65/239 [00:05<00:14, 12.17it/s][A

 28%|##8       | 67/239 [00:05<00:14, 11.56it/s][A

 29%|##8       | 69/239 [00:05<00:14, 11.86it/s][A

 30%|##9       | 71/239 [00:05<00:13, 12.45it/s][A

 31%|###       | 73/239 [00:06<00:13, 12.46it/s][A

 31%|###1      | 75/239 [00:06<00:13, 12.19it/s][A

 32%|###2      | 77/239 [00:06<00:12, 12.49it/s][A

 33%|###3      | 79/239 [00:06<00:12, 12.89it/s][A

 34%|###3      | 81/239 [00:06<00:12, 12.45it/s][A

 35%|###4      | 83/239 [00:06<00:12, 12.50it/s][A

 36%|###5      | 85/239 [00:07<00:12, 12.73it/s][A

 36%|###6      | 87/239 [00:07<00:12, 12.31it/s][A

 37%|###7      | 89/239 [00:07<00:11, 12.77it/s][A

 38%|###8      | 91/239 [00:07<00:13, 11.03it/s][A

 39%|###8      | 93/239 [00:07<00:13, 10.73it/s][A

 40%|###9      | 95/239 [00:08<00:14, 10.14it/s][A

 41%|####      | 97/239 [00:08<00:14,  9.90it/s][A

 41%|####1     | 99/239 [00:08<00:13, 10.53it/s][A

 42%|####2     | 101/239 [00:08<00:13, 10.37it/s][A

 43%|####3     | 103/239 [00:08<00:13, 10.39it/s][A

 44%|####3     | 105/239 [00:09<00:12, 10.97it/s][A

 45%|####4     | 107/239 [00:09<00:11, 11.42it/s][A

 46%|####5     | 109/239 [00:09<00:11, 11.32it/s][A

 46%|####6     | 111/239 [00:09<00:11, 11.16it/s][A

 47%|####7     | 113/239 [00:09<00:10, 11.89it/s][A

 48%|####8     | 115/239 [00:09<00:10, 12.09it/s][A

 49%|####8     | 117/239 [00:09<00:09, 12.27it/s][A

 50%|####9     | 119/239 [00:10<00:09, 12.39it/s][A

 51%|#####     | 121/239 [00:10<00:09, 12.41it/s][A

 51%|#####1    | 123/239 [00:10<00:09, 12.35it/s][A

 52%|#####2    | 125/239 [00:10<00:09, 12.61it/s][A

 53%|#####3    | 127/239 [00:10<00:09, 12.24it/s][A

 54%|#####3    | 129/239 [00:10<00:09, 12.05it/s][A

 55%|#####4    | 131/239 [00:11<00:08, 12.13it/s][A

 56%|#####5    | 133/239 [00:11<00:08, 12.67it/s][A

 56%|#####6    | 135/239 [00:11<00:08, 12.33it/s][A

 57%|#####7    | 137/239 [00:11<00:08, 12.38it/s][A

 58%|#####8    | 139/239 [00:11<00:08, 12.27it/s][A

 59%|#####8    | 141/239 [00:11<00:08, 12.20it/s][A

 60%|#####9    | 143/239 [00:12<00:07, 12.31it/s][A

 61%|######    | 145/239 [00:12<00:07, 11.94it/s][A

 62%|######1   | 147/239 [00:12<00:07, 12.00it/s][A

 62%|######2   | 149/239 [00:12<00:07, 11.46it/s][A

 63%|######3   | 151/239 [00:12<00:08, 10.46it/s][A

 64%|######4   | 153/239 [00:13<00:08, 10.62it/s][A

 65%|######4   | 155/239 [00:13<00:07, 11.13it/s][A

 66%|######5   | 157/239 [00:13<00:07, 10.96it/s][A

 67%|######6   | 159/239 [00:13<00:07, 10.82it/s][A

 67%|######7   | 161/239 [00:13<00:07, 10.73it/s][A

 68%|######8   | 163/239 [00:13<00:07, 10.36it/s][A

 69%|######9   | 165/239 [00:14<00:07, 10.44it/s][A

 70%|######9   | 167/239 [00:14<00:06, 10.83it/s][A

 71%|#######   | 169/239 [00:14<00:06, 11.54it/s][A

 72%|#######1  | 171/239 [00:14<00:05, 11.52it/s][A

 72%|#######2  | 173/239 [00:14<00:05, 11.16it/s][A

 73%|#######3  | 175/239 [00:15<00:05, 11.57it/s][A

 74%|#######4  | 177/239 [00:15<00:05, 11.93it/s][A

 75%|#######4  | 179/239 [00:15<00:05, 11.09it/s][A

 76%|#######5  | 181/239 [00:15<00:05, 11.15it/s][A

 77%|#######6  | 183/239 [00:15<00:05, 11.05it/s][A

 77%|#######7  | 185/239 [00:15<00:04, 10.97it/s][A

 78%|#######8  | 187/239 [00:16<00:04, 10.56it/s][A

 79%|#######9  | 189/239 [00:16<00:04, 10.06it/s][A

 80%|#######9  | 191/239 [00:16<00:04,  9.95it/s][A

 81%|########  | 193/239 [00:16<00:04,  9.44it/s][A

 81%|########1 | 194/239 [00:16<00:04,  9.30it/s][A

 82%|########2 | 196/239 [00:17<00:04,  9.61it/s][A

 83%|########2 | 198/239 [00:17<00:04,  9.86it/s][A

 84%|########3 | 200/239 [00:17<00:03, 10.04it/s][A

 85%|########4 | 202/239 [00:17<00:03,  9.67it/s][A

 85%|########4 | 203/239 [00:17<00:03,  9.49it/s][A

 86%|########5 | 205/239 [00:17<00:03, 10.08it/s][A

 87%|########6 | 207/239 [00:18<00:02, 11.10it/s][A

 87%|########7 | 209/239 [00:18<00:02, 11.20it/s][A

 88%|########8 | 211/239 [00:18<00:02, 11.28it/s][A

 89%|########9 | 213/239 [00:18<00:02, 12.00it/s][A

 90%|########9 | 215/239 [00:18<00:02, 11.62it/s][A

 91%|######### | 217/239 [00:18<00:01, 11.79it/s][A

 92%|#########1| 219/239 [00:19<00:01, 11.71it/s][A

 92%|#########2| 221/239 [00:19<00:01, 11.62it/s][A

 93%|#########3| 223/239 [00:19<00:01, 11.42it/s][A

 94%|#########4| 225/239 [00:19<00:01, 11.09it/s][A

 95%|#########4| 227/239 [00:19<00:01, 10.60it/s][A

 96%|#########5| 229/239 [00:20<00:00, 10.79it/s][A

 97%|#########6| 231/239 [00:20<00:00, 11.14it/s][A

 97%|#########7| 233/239 [00:20<00:00, 10.80it/s][A

 98%|#########8| 235/239 [00:20<00:00, 11.12it/s][A

 99%|#########9| 237/239 [00:20<00:00, 11.12it/s][A

100%|##########| 239/239 [00:20<00:00, 11.07it/s][A
                                                   


                                                 
[A
 65%|######5   | 1300/2000 [50:06<24:22,  2.09s/it]

100%|##########| 239/239 [00:21<00:00, 11.07it/s][A

{'eval_loss': '2.989', 'eval_runtime': '21.06', 'eval_samples_per_second': '45.39', 'eval_steps_per_second': '11.35', 'epoch': '0.2222'}
                                                 [A

Writing model shards:   0%|          | 0/1 [00:00<?, ?it/s][A

Writing model shards: 100%|##########| 1/1 [00:00<00:00,  1.76it/s][A
Writing model shards: 100%|##########| 1/1 [00:00<00:00,  1.76it/s]

 65%|######5   | 1301/2000 [50:10<1:43:32,  8.89s/it]
 65%|######5   | 1302/2000 [50:12<1:18:34,  6.75s/it]
 65%|######5   | 1303/2000 [50:13<1:01:19,  5.28s/it]
 65%|######5   | 1304/2000 [50:16<51:39,  4.45s/it]  
 65%|######5   | 1305/2000 [50:18<44:45,  3.86s/it]
 65%|######5   | 1306/2000 [50:21<39:40,  3.43s/it]
 65%|######5   | 1307/2000 [50:23<35:56,  3.11s/it]
 65%|######5   | 1308/2000 [50:26<33:32,  2.91s/it]
 65%|######5   | 1309/2000 [50:28<31:52,  2.77s/it]
 66%|######5   | 1310/2000 [50:31<30:40,  2.67s/it]
 66%|######5   | 1311/2000 [50:33<29:10,  2.54s/it]
 66%|######5   | 1312/2000 [50:35<27:31,  2.40s/it]
 66%|######5   | 1313/2000 [50:37<26:06,  2.28s/it]
 66%|######5   | 1314/2000 [50:39<24:45,  2.17s/it]
 66%|######5   | 1315/2000 [50:41<23:41,  2.08s/it]
 66%|######5   | 1316/2000 [50:43<23:31,  2.06s/it]
 66%|######5   | 1317/2000 [50:44<22:34,  1.98s/it]
 66%|######5   | 1318/2000 [50:46<22:28,  1.98s/it]
 66%|######5   | 1319/2000 [50:48<22:19,  1.97s/it]
 66%|######6   | 1320/2000 [50:50<22:12,  1.96s/it]
 66%|######6   | 1321/2000 [50:52<22:05,  1.95s/it]
 66%|######6   | 1322/2000 [50:54<22:27,  1.99s/it]
 66%|######6   | 1323/2000 [50:56<22:14,  1.97s/it]
 66%|######6   | 1324/2000 [50:58<22:21,  1.98s/it]
 66%|######6   | 1325/2000 [51:00<22:21,  1.99s/it]
                                                   

 66%|######6   | 1325/2000 [51:00<22:21,  1.99s/it]
 66%|######6   | 1326/2000 [51:02<22:04,  1.96s/it]
 66%|######6   | 1327/2000 [51:04<23:07,  2.06s/it]
 66%|######6   | 1328/2000 [51:07<22:57,  2.05s/it]
 66%|######6   | 1329/2000 [51:09<22:47,  2.04s/it]
 66%|######6   | 1330/2000 [51:11<22:33,  2.02s/it]
 67%|######6   | 1331/2000 [51:13<22:47,  2.04s/it]
 67%|######6   | 1332/2000 [51:15<22:35,  2.03s/it]
 67%|######6   | 1333/2000 [51:17<22:34,  2.03s/it]
 67%|######6   | 1334/2000 [51:19<22:37,  2.04s/it]
 67%|######6   | 1335/2000 [51:21<22:26,  2.02s/it]
 67%|######6   | 1336/2000 [51:23<21:54,  1.98s/it]
 67%|######6   | 1337/2000 [51:25<21:53,  1.98s/it]
 67%|######6   | 1338/2000 [51:27<22:02,  2.00s/it]
 67%|######6   | 1339/2000 [51:29<22:13,  2.02s/it]
 67%|######7   | 1340/2000 [51:31<22:16,  2.02s/it]
 67%|######7   | 1341/2000 [51:33<21:58,  2.00s/it]
 67%|######7   | 1342/2000 [51:35<21:57,  2.00s/it]
 67%|######7   | 1343/2000 [51:37<22:10,  2.03s/it]
 67%|######7   | 1344/2000 [51:39<22:12,  2.03s/it]
 67%|######7   | 1345/2000 [51:41<22:08,  2.03s/it]
 67%|######7   | 1346/2000 [51:43<22:04,  2.02s/it]
 67%|######7   | 1347/2000 [51:45<22:03,  2.03s/it]
 67%|######7   | 1348/2000 [51:47<22:01,  2.03s/it]
 67%|######7   | 1349/2000 [51:49<21:58,  2.03s/it]
 68%|######7   | 1350/2000 [51:51<21:53,  2.02s/it]
                                                   

 68%|######7   | 1350/2000 [51:51<21:53,  2.02s/it]
 68%|######7   | 1351/2000 [51:53<21:52,  2.02s/it]
 68%|######7   | 1352/2000 [51:55<21:14,  1.97s/it]
 68%|######7   | 1353/2000 [51:57<21:02,  1.95s/it]
 68%|######7   | 1354/2000 [51:59<21:10,  1.97s/it]
 68%|######7   | 1355/2000 [52:01<23:05,  2.15s/it]
 68%|######7   | 1356/2000 [52:03<22:12,  2.07s/it]
 68%|######7   | 1357/2000 [52:05<21:50,  2.04s/it]
 68%|######7   | 1358/2000 [52:07<22:45,  2.13s/it]
 68%|######7   | 1359/2000 [52:09<22:25,  2.10s/it]
 68%|######8   | 1360/2000 [52:11<22:03,  2.07s/it]
 68%|######8   | 1361/2000 [52:13<21:55,  2.06s/it]
 68%|######8   | 1362/2000 [52:16<21:51,  2.06s/it]
 68%|######8   | 1363/2000 [52:18<21:42,  2.04s/it]
 68%|######8   | 1364/2000 [52:19<21:15,  2.01s/it]
 68%|######8   | 1365/2000 [52:21<21:11,  2.00s/it]
 68%|######8   | 1366/2000 [52:23<20:54,  1.98s/it]
 68%|######8   | 1367/2000 [52:25<21:08,  2.00s/it]
 68%|######8   | 1368/2000 [52:27<21:02,  2.00s/it]
 68%|######8   | 1369/2000 [52:30<21:42,  2.06s/it]
 68%|######8   | 1370/2000 [52:32<21:25,  2.04s/it]
 69%|######8   | 1371/2000 [52:34<20:56,  2.00s/it]
 69%|######8   | 1372/2000 [52:36<22:17,  2.13s/it]
 69%|######8   | 1373/2000 [52:38<21:17,  2.04s/it]
 69%|######8   | 1374/2000 [52:40<21:19,  2.04s/it]
 69%|######8   | 1375/2000 [52:42<21:23,  2.05s/it]
                                                   

 69%|######8   | 1375/2000 [52:42<21:23,  2.05s/it]
 69%|######8   | 1376/2000 [52:44<21:18,  2.05s/it]
 69%|######8   | 1377/2000 [52:46<21:10,  2.04s/it]
 69%|######8   | 1378/2000 [52:48<21:12,  2.05s/it]
 69%|######8   | 1379/2000 [52:50<20:36,  1.99s/it]
 69%|######9   | 1380/2000 [52:52<20:29,  1.98s/it]
 69%|######9   | 1381/2000 [52:54<20:39,  2.00s/it]
 69%|######9   | 1382/2000 [52:56<20:32,  1.99s/it]
 69%|######9   | 1383/2000 [52:58<21:51,  2.13s/it]
 69%|######9   | 1384/2000 [53:00<20:57,  2.04s/it]
 69%|######9   | 1385/2000 [53:02<21:04,  2.06s/it]
 69%|######9   | 1386/2000 [53:04<20:36,  2.01s/it]
 69%|######9   | 1387/2000 [53:06<20:21,  1.99s/it]
 69%|######9   | 1388/2000 [53:08<20:49,  2.04s/it]
 69%|######9   | 1389/2000 [53:10<20:17,  1.99s/it]
 70%|######9   | 1390/2000 [53:12<20:10,  1.98s/it]
 70%|######9   | 1391/2000 [53:14<20:24,  2.01s/it]
 70%|######9   | 1392/2000 [53:16<20:43,  2.04s/it]
 70%|######9   | 1393/2000 [53:18<20:28,  2.02s/it]
 70%|######9   | 1394/2000 [53:21<21:52,  2.17s/it]
 70%|######9   | 1395/2000 [53:23<20:47,  2.06s/it]
 70%|######9   | 1396/2000 [53:25<20:13,  2.01s/it]
 70%|######9   | 1397/2000 [53:26<19:49,  1.97s/it]
 70%|######9   | 1398/2000 [53:28<19:40,  1.96s/it]
 70%|######9   | 1399/2000 [53:30<19:56,  1.99s/it]
 70%|#######   | 1400/2000 [53:32<19:30,  1.95s/it]
                                                   

{'loss': '3.56', 'grad_norm': '1.139', 'learning_rate': '0.0001125', 'epoch': '0.2264'}
{'loss': '3.499', 'grad_norm': '1.052', 'learning_rate': '0.0001051', 'epoch': '0.2307'}
{'loss': '3.495', 'grad_norm': '0.968', 'learning_rate': '9.791e-05', 'epoch': '0.235'}
{'loss': '3.496', 'grad_norm': '1.133', 'learning_rate': '9.089e-05', 'epoch': '0.2393'}
 70%|#######   | 1400/2000 [53:32<19:30,  1.95s/it]

  0%|          | 0/239 [00:00<?, ?it/s][A

  1%|1         | 3/239 [00:00<00:12, 18.87it/s][A

  2%|2         | 5/239 [00:00<00:15, 14.76it/s][A

  3%|2         | 7/239 [00:00<00:16, 14.12it/s][A

  4%|3         | 9/239 [00:00<00:17, 13.00it/s][A

  5%|4         | 11/239 [00:00<00:18, 12.44it/s][A

  5%|5         | 13/239 [00:00<00:17, 12.94it/s][A

  6%|6         | 15/239 [00:01<00:17, 12.45it/s][A

  7%|7         | 17/239 [00:01<00:18, 12.06it/s][A

  8%|7         | 19/239 [00:01<00:17, 12.65it/s][A

  9%|8         | 21/239 [00:01<00:17, 12.65it/s][A

 10%|9         | 23/239 [00:01<00:17, 12.50it/s][A

 10%|#         | 25/239 [00:01<00:18, 11.80it/s][A

 11%|#1        | 27/239 [00:02<00:16, 12.57it/s][A

 12%|#2        | 29/239 [00:02<00:16, 12.37it/s][A

 13%|#2        | 31/239 [00:02<00:16, 12.27it/s][A

 14%|#3        | 33/239 [00:02<00:17, 12.03it/s][A

 15%|#4        | 35/239 [00:02<00:16, 12.56it/s][A

 15%|#5        | 37/239 [00:02<00:16, 12.22it/s][A

 16%|#6        | 39/239 [00:03<00:16, 11.85it/s][A

 17%|#7        | 41/239 [00:03<00:17, 11.24it/s][A

 18%|#7        | 43/239 [00:03<00:16, 11.63it/s][A

 19%|#8        | 45/239 [00:03<00:16, 11.89it/s][A

 20%|#9        | 47/239 [00:03<00:15, 12.08it/s][A

 21%|##        | 49/239 [00:03<00:15, 12.11it/s][A

 21%|##1       | 51/239 [00:04<00:15, 12.41it/s][A

 22%|##2       | 53/239 [00:04<00:15, 12.23it/s][A

 23%|##3       | 55/239 [00:04<00:15, 12.21it/s][A

 24%|##3       | 57/239 [00:04<00:15, 11.98it/s][A

 25%|##4       | 59/239 [00:04<00:14, 12.51it/s][A

 26%|##5       | 61/239 [00:04<00:14, 11.98it/s][A

 26%|##6       | 63/239 [00:05<00:14, 12.25it/s][A

 27%|##7       | 65/239 [00:05<00:13, 12.85it/s][A

 28%|##8       | 67/239 [00:05<00:13, 12.40it/s][A

 29%|##8       | 69/239 [00:05<00:13, 12.47it/s][A

 30%|##9       | 71/239 [00:05<00:14, 11.97it/s][A

 31%|###       | 73/239 [00:05<00:13, 12.35it/s][A

 31%|###1      | 75/239 [00:06<00:13, 12.25it/s][A

 32%|###2      | 77/239 [00:06<00:12, 12.55it/s][A

 33%|###3      | 79/239 [00:06<00:13, 11.88it/s][A

 34%|###3      | 81/239 [00:06<00:12, 12.45it/s][A

 35%|###4      | 83/239 [00:06<00:12, 12.01it/s][A

 36%|###5      | 85/239 [00:06<00:12, 12.32it/s][A

 36%|###6      | 87/239 [00:07<00:12, 12.06it/s][A

 37%|###7      | 89/239 [00:07<00:11, 12.58it/s][A

 38%|###8      | 91/239 [00:07<00:12, 12.27it/s][A

 39%|###8      | 93/239 [00:07<00:12, 12.00it/s][A

 40%|###9      | 95/239 [00:07<00:11, 12.54it/s][A

 41%|####      | 97/239 [00:07<00:11, 12.57it/s][A

 41%|####1     | 99/239 [00:08<00:11, 12.20it/s][A

 42%|####2     | 101/239 [00:08<00:10, 12.72it/s][A

 43%|####3     | 103/239 [00:08<00:11, 12.35it/s][A

 44%|####3     | 105/239 [00:08<00:10, 12.38it/s][A

 45%|####4     | 107/239 [00:08<00:10, 12.10it/s][A

 46%|####5     | 109/239 [00:08<00:10, 12.61it/s][A

 46%|####6     | 111/239 [00:09<00:12, 10.58it/s][A

 47%|####7     | 113/239 [00:09<00:12,  9.99it/s][A

 48%|####8     | 115/239 [00:09<00:12,  9.89it/s][A

 49%|####8     | 117/239 [00:09<00:11, 10.27it/s][A

 50%|####9     | 119/239 [00:09<00:11, 10.08it/s][A

 51%|#####     | 121/239 [00:10<00:11, 10.20it/s][A

 51%|#####1    | 123/239 [00:10<00:11, 10.29it/s][A

 52%|#####2    | 125/239 [00:10<00:11, 10.14it/s][A

 53%|#####3    | 127/239 [00:10<00:10, 10.46it/s][A

 54%|#####3    | 129/239 [00:10<00:10, 10.25it/s][A

 55%|#####4    | 131/239 [00:11<00:10, 10.42it/s][A

 56%|#####5    | 133/239 [00:11<00:10, 10.46it/s][A

 56%|#####6    | 135/239 [00:11<00:09, 11.18it/s][A

 57%|#####7    | 137/239 [00:11<00:08, 11.57it/s][A

 58%|#####8    | 139/239 [00:11<00:08, 11.65it/s][A

 59%|#####8    | 141/239 [00:11<00:08, 11.80it/s][A

 60%|#####9    | 143/239 [00:12<00:08, 11.71it/s][A

 61%|######    | 145/239 [00:12<00:07, 11.95it/s][A

 62%|######1   | 147/239 [00:12<00:07, 12.03it/s][A

 62%|######2   | 149/239 [00:12<00:07, 12.30it/s][A

 63%|######3   | 151/239 [00:12<00:07, 12.04it/s][A

 64%|######4   | 153/239 [00:12<00:07, 12.18it/s][A

 65%|######4   | 155/239 [00:13<00:06, 12.36it/s][A

 66%|######5   | 157/239 [00:13<00:06, 11.76it/s][A

 67%|######6   | 159/239 [00:13<00:06, 11.96it/s][A

 67%|######7   | 161/239 [00:13<00:06, 12.50it/s][A

 68%|######8   | 163/239 [00:13<00:06, 11.75it/s][A

 69%|######9   | 165/239 [00:13<00:06, 12.16it/s][A

 70%|######9   | 167/239 [00:14<00:06, 11.89it/s][A

 71%|#######   | 169/239 [00:14<00:05, 11.84it/s][A

 72%|#######1  | 171/239 [00:14<00:05, 11.98it/s][A

 72%|#######2  | 173/239 [00:14<00:05, 12.16it/s][A

 73%|#######3  | 175/239 [00:14<00:05, 11.94it/s][A

 74%|#######4  | 177/239 [00:14<00:05, 12.14it/s][A

 75%|#######4  | 179/239 [00:15<00:04, 12.24it/s][A

 76%|#######5  | 181/239 [00:15<00:04, 11.68it/s][A

 77%|#######6  | 183/239 [00:15<00:04, 11.63it/s][A

 77%|#######7  | 185/239 [00:15<00:04, 11.68it/s][A

 78%|#######8  | 187/239 [00:15<00:04, 12.20it/s][A

 79%|#######9  | 189/239 [00:15<00:04, 11.48it/s][A

 80%|#######9  | 191/239 [00:16<00:04, 11.88it/s][A

 81%|########  | 193/239 [00:16<00:03, 12.20it/s][A

 82%|########1 | 195/239 [00:16<00:03, 11.96it/s][A

 82%|########2 | 197/239 [00:16<00:03, 11.88it/s][A

 83%|########3 | 199/239 [00:16<00:03, 12.09it/s][A

 84%|########4 | 201/239 [00:16<00:03, 12.17it/s][A

 85%|########4 | 203/239 [00:17<00:02, 12.30it/s][A

 86%|########5 | 205/239 [00:17<00:02, 12.04it/s][A

 87%|########6 | 207/239 [00:17<00:02, 11.87it/s][A

 87%|########7 | 209/239 [00:17<00:02, 12.07it/s][A

 88%|########8 | 211/239 [00:17<00:02, 12.22it/s][A

 89%|########9 | 213/239 [00:17<00:02, 12.33it/s][A

 90%|########9 | 215/239 [00:18<00:01, 12.06it/s][A

 91%|######### | 217/239 [00:18<00:01, 12.24it/s][A

 92%|#########1| 219/239 [00:18<00:01, 12.35it/s][A

 92%|#########2| 221/239 [00:18<00:01, 11.76it/s][A

 93%|#########3| 223/239 [00:18<00:01, 11.98it/s][A

 94%|#########4| 225/239 [00:18<00:01, 12.53it/s][A

 95%|#########4| 227/239 [00:19<00:01, 11.93it/s][A

 96%|#########5| 229/239 [00:19<00:00, 12.04it/s][A

 97%|#########6| 231/239 [00:19<00:00, 12.20it/s][A

 97%|#########7| 233/239 [00:19<00:00, 11.99it/s][A

 98%|#########8| 235/239 [00:19<00:00, 11.92it/s][A

 99%|#########9| 237/239 [00:19<00:00, 12.37it/s][A

100%|##########| 239/239 [00:20<00:00, 12.04it/s][A
                                                   


                                                 
[A
 70%|#######   | 1400/2000 [53:52<19:30,  1.95s/it]

100%|##########| 239/239 [00:20<00:00, 12.04it/s][A

{'eval_loss': '2.928', 'eval_runtime': '20.1', 'eval_samples_per_second': '47.56', 'eval_steps_per_second': '11.89', 'epoch': '0.2393'}
                                                 [A

Writing model shards:   0%|          | 0/1 [00:00<?, ?it/s][A

Writing model shards: 100%|##########| 1/1 [00:00<00:00,  2.16it/s][A
Writing model shards: 100%|##########| 1/1 [00:00<00:00,  2.16it/s]

 70%|#######   | 1401/2000 [53:56<1:23:53,  8.40s/it]
 70%|#######   | 1402/2000 [53:57<1:03:43,  6.39s/it]
 70%|#######   | 1403/2000 [53:59<50:31,  5.08s/it]  
 70%|#######   | 1404/2000 [54:01<41:09,  4.14s/it]
 70%|#######   | 1405/2000 [54:03<34:50,  3.51s/it]
 70%|#######   | 1406/2000 [54:06<30:38,  3.10s/it]
 70%|#######   | 1407/2000 [54:07<26:52,  2.72s/it]
 70%|#######   | 1408/2000 [54:09<25:00,  2.54s/it]
 70%|#######   | 1409/2000 [54:11<23:04,  2.34s/it]
 70%|#######   | 1410/2000 [54:13<22:16,  2.27s/it]
 71%|#######   | 1411/2000 [54:15<21:26,  2.18s/it]
 71%|#######   | 1412/2000 [54:17<20:46,  2.12s/it]
 71%|#######   | 1413/2000 [54:19<20:18,  2.08s/it]
 71%|#######   | 1414/2000 [54:21<19:57,  2.04s/it]
 71%|#######   | 1415/2000 [54:23<19:41,  2.02s/it]
 71%|#######   | 1416/2000 [54:26<20:28,  2.10s/it]
 71%|#######   | 1417/2000 [54:28<19:59,  2.06s/it]
 71%|#######   | 1418/2000 [54:30<19:43,  2.03s/it]
 71%|#######   | 1419/2000 [54:32<19:51,  2.05s/it]
 71%|#######1  | 1420/2000 [54:34<19:32,  2.02s/it]
 71%|#######1  | 1421/2000 [54:36<19:18,  2.00s/it]
 71%|#######1  | 1422/2000 [54:38<19:14,  2.00s/it]
 71%|#######1  | 1423/2000 [54:40<19:12,  2.00s/it]
 71%|#######1  | 1424/2000 [54:42<19:08,  1.99s/it]
 71%|#######1  | 1425/2000 [54:44<19:21,  2.02s/it]
                                                   

 71%|#######1  | 1425/2000 [54:44<19:21,  2.02s/it]
 71%|#######1  | 1426/2000 [54:46<19:25,  2.03s/it]
 71%|#######1  | 1427/2000 [54:48<19:12,  2.01s/it]
 71%|#######1  | 1428/2000 [54:50<20:29,  2.15s/it]
 71%|#######1  | 1429/2000 [54:52<20:02,  2.11s/it]
 72%|#######1  | 1430/2000 [54:54<19:42,  2.07s/it]
 72%|#######1  | 1431/2000 [54:56<19:27,  2.05s/it]
 72%|#######1  | 1432/2000 [54:58<19:16,  2.04s/it]
 72%|#######1  | 1433/2000 [55:01<20:36,  2.18s/it]
 72%|#######1  | 1434/2000 [55:03<19:42,  2.09s/it]
 72%|#######1  | 1435/2000 [55:05<19:28,  2.07s/it]
 72%|#######1  | 1436/2000 [55:07<19:22,  2.06s/it]
 72%|#######1  | 1437/2000 [55:09<19:16,  2.05s/it]
 72%|#######1  | 1438/2000 [55:11<19:12,  2.05s/it]
 72%|#######1  | 1439/2000 [55:13<19:10,  2.05s/it]
 72%|#######2  | 1440/2000 [55:15<18:47,  2.01s/it]
 72%|#######2  | 1441/2000 [55:17<18:32,  1.99s/it]
 72%|#######2  | 1442/2000 [55:19<19:46,  2.13s/it]
 72%|#######2  | 1443/2000 [55:21<18:59,  2.05s/it]
 72%|#######2  | 1444/2000 [55:23<18:59,  2.05s/it]
 72%|#######2  | 1445/2000 [55:25<18:59,  2.05s/it]
 72%|#######2  | 1446/2000 [55:27<18:57,  2.05s/it]
 72%|#######2  | 1447/2000 [55:29<19:58,  2.17s/it]
 72%|#######2  | 1448/2000 [55:31<19:17,  2.10s/it]
 72%|#######2  | 1449/2000 [55:33<18:58,  2.07s/it]
 72%|#######2  | 1450/2000 [55:35<18:28,  2.02s/it]
                                                   

 72%|#######2  | 1450/2000 [55:35<18:28,  2.02s/it]
 73%|#######2  | 1451/2000 [55:38<19:46,  2.16s/it]
 73%|#######2  | 1452/2000 [55:40<19:07,  2.09s/it]
 73%|#######2  | 1453/2000 [55:42<18:39,  2.05s/it]
 73%|#######2  | 1454/2000 [55:44<18:26,  2.03s/it]
 73%|#######2  | 1455/2000 [55:46<18:06,  1.99s/it]
 73%|#######2  | 1456/2000 [55:48<17:54,  1.98s/it]
 73%|#######2  | 1457/2000 [55:50<18:26,  2.04s/it]
 73%|#######2  | 1458/2000 [55:52<18:17,  2.03s/it]
 73%|#######2  | 1459/2000 [55:54<18:11,  2.02s/it]
 73%|#######3  | 1460/2000 [55:56<18:04,  2.01s/it]
 73%|#######3  | 1461/2000 [55:58<17:59,  2.00s/it]
 73%|#######3  | 1462/2000 [56:00<18:10,  2.03s/it]
 73%|#######3  | 1463/2000 [56:02<17:45,  1.98s/it]
 73%|#######3  | 1464/2000 [56:04<18:00,  2.02s/it]
 73%|#######3  | 1465/2000 [56:06<19:06,  2.14s/it]
 73%|#######3  | 1466/2000 [56:08<18:15,  2.05s/it]
 73%|#######3  | 1467/2000 [56:10<17:36,  1.98s/it]
 73%|#######3  | 1468/2000 [56:12<17:53,  2.02s/it]
 73%|#######3  | 1469/2000 [56:14<17:26,  1.97s/it]
 74%|#######3  | 1470/2000 [56:16<17:29,  1.98s/it]
 74%|#######3  | 1471/2000 [56:18<17:12,  1.95s/it]
 74%|#######3  | 1472/2000 [56:20<17:13,  1.96s/it]
 74%|#######3  | 1473/2000 [56:22<17:34,  2.00s/it]
 74%|#######3  | 1474/2000 [56:24<17:37,  2.01s/it]
 74%|#######3  | 1475/2000 [56:26<17:20,  1.98s/it]
                                                   

 74%|#######3  | 1475/2000 [56:26<17:20,  1.98s/it]
 74%|#######3  | 1476/2000 [56:28<17:16,  1.98s/it]
 74%|#######3  | 1477/2000 [56:30<17:13,  1.98s/it]
 74%|#######3  | 1478/2000 [56:32<17:05,  1.96s/it]
 74%|#######3  | 1479/2000 [56:34<17:03,  1.96s/it]
 74%|#######4  | 1480/2000 [56:36<17:30,  2.02s/it]
 74%|#######4  | 1481/2000 [56:38<17:41,  2.05s/it]
 74%|#######4  | 1482/2000 [56:40<17:49,  2.06s/it]
 74%|#######4  | 1483/2000 [56:42<17:55,  2.08s/it]
 74%|#######4  | 1484/2000 [56:44<17:44,  2.06s/it]
 74%|#######4  | 1485/2000 [56:46<17:48,  2.08s/it]
 74%|#######4  | 1486/2000 [56:48<17:22,  2.03s/it]
 74%|#######4  | 1487/2000 [56:50<17:19,  2.03s/it]
 74%|#######4  | 1488/2000 [56:52<17:10,  2.01s/it]
 74%|#######4  | 1489/2000 [56:54<17:19,  2.03s/it]
 74%|#######4  | 1490/2000 [56:56<17:15,  2.03s/it]
 75%|#######4  | 1491/2000 [56:58<17:05,  2.02s/it]
 75%|#######4  | 1492/2000 [57:00<17:08,  2.02s/it]
 75%|#######4  | 1493/2000 [57:02<17:27,  2.07s/it]
 75%|#######4  | 1494/2000 [57:04<17:31,  2.08s/it]
 75%|#######4  | 1495/2000 [57:06<17:02,  2.03s/it]
 75%|#######4  | 1496/2000 [57:08<16:39,  1.98s/it]
 75%|#######4  | 1497/2000 [57:10<16:33,  1.97s/it]
 75%|#######4  | 1498/2000 [57:12<17:00,  2.03s/it]
 75%|#######4  | 1499/2000 [57:14<16:54,  2.02s/it]
 75%|#######5  | 1500/2000 [57:16<16:46,  2.01s/it]
                                                   

{'loss': '3.425', 'grad_norm': '1.384', 'learning_rate': '8.405e-05', 'epoch': '0.2435'}
{'loss': '3.399', 'grad_norm': '1.205', 'learning_rate': '7.742e-05', 'epoch': '0.2478'}
{'loss': '3.434', 'grad_norm': '1.063', 'learning_rate': '7.099e-05', 'epoch': '0.2521'}
{'loss': '3.43', 'grad_norm': '1.086', 'learning_rate': '6.479e-05', 'epoch': '0.2563'}
 75%|#######5  | 1500/2000 [57:16<16:46,  2.01s/it]

  0%|          | 0/239 [00:00<?, ?it/s][A

  1%|1         | 3/239 [00:00<00:16, 14.54it/s][A

  2%|2         | 5/239 [00:00<00:19, 12.26it/s][A

  3%|2         | 7/239 [00:00<00:20, 11.53it/s][A

  4%|3         | 9/239 [00:00<00:18, 12.28it/s][A

  5%|4         | 11/239 [00:00<00:20, 11.25it/s][A

  5%|5         | 13/239 [00:01<00:19, 11.32it/s][A

  6%|6         | 15/239 [00:01<00:18, 12.07it/s][A

  7%|7         | 17/239 [00:01<00:18, 12.24it/s][A

  8%|7         | 19/239 [00:01<00:17, 12.36it/s][A

  9%|8         | 21/239 [00:01<00:17, 12.43it/s][A

 10%|9         | 23/239 [00:01<00:17, 12.12it/s][A

 10%|#         | 25/239 [00:02<00:17, 12.27it/s][A

 11%|#1        | 27/239 [00:02<00:17, 12.00it/s][A

 12%|#2        | 29/239 [00:02<00:17, 12.16it/s][A

 13%|#2        | 31/239 [00:02<00:18, 11.29it/s][A

 14%|#3        | 33/239 [00:02<00:17, 12.01it/s][A

 15%|#4        | 35/239 [00:02<00:16, 12.19it/s][A

 15%|#5        | 37/239 [00:03<00:16, 12.32it/s][A

 16%|#6        | 39/239 [00:03<00:16, 12.04it/s][A

 17%|#7        | 41/239 [00:03<00:16, 11.85it/s][A

 18%|#7        | 43/239 [00:03<00:15, 12.43it/s][A

 19%|#8        | 45/239 [00:03<00:16, 12.12it/s][A

 20%|#9        | 47/239 [00:03<00:16, 11.93it/s][A

 21%|##        | 49/239 [00:04<00:15, 12.49it/s][A

 21%|##1       | 51/239 [00:04<00:14, 12.54it/s][A

 22%|##2       | 53/239 [00:04<00:14, 12.56it/s][A

 23%|##3       | 55/239 [00:04<00:15, 12.21it/s][A

 24%|##3       | 57/239 [00:04<00:14, 12.33it/s][A

 25%|##4       | 59/239 [00:04<00:14, 12.40it/s][A

 26%|##5       | 61/239 [00:05<00:14, 12.47it/s][A

 26%|##6       | 63/239 [00:05<00:14, 12.35it/s][A

 27%|##7       | 65/239 [00:05<00:14, 12.21it/s][A

 28%|##8       | 67/239 [00:05<00:13, 12.70it/s][A

 29%|##8       | 69/239 [00:05<00:13, 12.31it/s][A

 30%|##9       | 71/239 [00:05<00:14, 11.68it/s][A

 31%|###       | 73/239 [00:06<00:14, 11.66it/s][A

 31%|###1      | 75/239 [00:06<00:14, 11.48it/s][A

 32%|###2      | 77/239 [00:06<00:13, 11.59it/s][A

 33%|###3      | 79/239 [00:06<00:13, 11.53it/s][A

 34%|###3      | 81/239 [00:06<00:13, 11.87it/s][A

 35%|###4      | 83/239 [00:06<00:12, 12.08it/s][A

 36%|###5      | 85/239 [00:07<00:13, 11.56it/s][A

 36%|###6      | 87/239 [00:07<00:13, 11.54it/s][A

 37%|###7      | 89/239 [00:07<00:12, 11.78it/s][A

 38%|###8      | 91/239 [00:07<00:12, 12.06it/s][A

 39%|###8      | 93/239 [00:07<00:12, 11.88it/s][A

 40%|###9      | 95/239 [00:07<00:12, 11.70it/s][A

 41%|####      | 97/239 [00:08<00:11, 12.02it/s][A

 41%|####1     | 99/239 [00:08<00:11, 11.83it/s][A

 42%|####2     | 101/239 [00:08<00:11, 11.84it/s][A

 43%|####3     | 103/239 [00:08<00:11, 11.59it/s][A

 44%|####3     | 105/239 [00:08<00:11, 11.56it/s][A

 45%|####4     | 107/239 [00:08<00:11, 11.54it/s][A

 46%|####5     | 109/239 [00:09<00:10, 11.84it/s][A

 46%|####6     | 111/239 [00:09<00:11, 11.11it/s][A

 47%|####7     | 113/239 [00:09<00:11, 11.35it/s][A

 48%|####8     | 115/239 [00:09<00:11, 11.24it/s][A

 49%|####8     | 117/239 [00:09<00:10, 11.30it/s][A

 50%|####9     | 119/239 [00:09<00:10, 11.33it/s][A

 51%|#####     | 121/239 [00:10<00:10, 11.37it/s][A

 51%|#####1    | 123/239 [00:10<00:10, 11.02it/s][A

 52%|#####2    | 125/239 [00:10<00:10, 10.99it/s][A

 53%|#####3    | 127/239 [00:10<00:10, 10.80it/s][A

 54%|#####3    | 129/239 [00:10<00:10, 10.44it/s][A

 55%|#####4    | 131/239 [00:11<00:10, 10.73it/s][A

 56%|#####5    | 133/239 [00:11<00:09, 11.22it/s][A

 56%|#####6    | 135/239 [00:11<00:09, 11.53it/s][A

 57%|#####7    | 137/239 [00:11<00:08, 11.60it/s][A

 58%|#####8    | 139/239 [00:11<00:08, 11.72it/s][A

 59%|#####8    | 141/239 [00:11<00:08, 11.19it/s][A

 60%|#####9    | 143/239 [00:12<00:08, 10.96it/s][A

 61%|######    | 145/239 [00:12<00:08, 11.41it/s][A

 62%|######1   | 147/239 [00:12<00:07, 11.75it/s][A

 62%|######2   | 149/239 [00:12<00:07, 12.35it/s][A

 63%|######3   | 151/239 [00:12<00:07, 12.08it/s][A

 64%|######4   | 153/239 [00:12<00:07, 12.24it/s][A

 65%|######4   | 155/239 [00:13<00:06, 12.36it/s][A

 66%|######5   | 157/239 [00:13<00:06, 12.45it/s][A

 67%|######6   | 159/239 [00:13<00:06, 11.80it/s][A

 67%|######7   | 161/239 [00:13<00:06, 12.02it/s][A

 68%|######8   | 163/239 [00:13<00:06, 12.06it/s][A

 69%|######9   | 165/239 [00:13<00:05, 12.36it/s][A

 70%|######9   | 167/239 [00:14<00:06, 11.73it/s][A

 71%|#######   | 169/239 [00:14<00:05, 12.70it/s][A

 72%|#######1  | 171/239 [00:14<00:05, 12.32it/s][A

 72%|#######2  | 173/239 [00:14<00:05, 12.41it/s][A

 73%|#######3  | 175/239 [00:14<00:05, 12.46it/s][A

 74%|#######4  | 177/239 [00:14<00:04, 12.52it/s][A

 75%|#######4  | 179/239 [00:15<00:04, 12.19it/s][A

 76%|#######5  | 181/239 [00:15<00:04, 12.32it/s][A

 77%|#######6  | 183/239 [00:15<00:04, 12.06it/s][A

 77%|#######7  | 185/239 [00:15<00:04, 12.60it/s][A

 78%|#######8  | 187/239 [00:15<00:04, 12.24it/s][A

 79%|#######9  | 189/239 [00:15<00:04, 12.37it/s][A

 80%|#######9  | 191/239 [00:16<00:03, 12.10it/s][A

 81%|########  | 193/239 [00:16<00:03, 12.61it/s][A

 82%|########1 | 195/239 [00:16<00:03, 12.12it/s][A

 82%|########2 | 197/239 [00:16<00:03, 12.40it/s][A

 83%|########3 | 199/239 [00:16<00:03, 12.47it/s][A

 84%|########4 | 201/239 [00:16<00:03, 11.72it/s][A

 85%|########4 | 203/239 [00:17<00:02, 12.43it/s][A

 86%|########5 | 205/239 [00:17<00:02, 12.47it/s][A

 87%|########6 | 207/239 [00:17<00:02, 12.30it/s][A

 87%|########7 | 209/239 [00:17<00:02, 12.23it/s][A

 88%|########8 | 211/239 [00:17<00:02, 12.72it/s][A

 89%|########9 | 213/239 [00:17<00:02, 12.32it/s][A

 90%|########9 | 215/239 [00:18<00:01, 12.05it/s][A

 91%|######### | 217/239 [00:18<00:01, 12.58it/s][A

 92%|#########1| 219/239 [00:18<00:01, 12.22it/s][A

 92%|#########2| 221/239 [00:18<00:01, 12.00it/s][A

 93%|#########3| 223/239 [00:18<00:01, 12.54it/s][A

 94%|#########4| 225/239 [00:18<00:01, 12.19it/s][A

 95%|#########4| 227/239 [00:18<00:00, 12.69it/s][A

 96%|#########5| 229/239 [00:19<00:00, 12.67it/s][A

 97%|#########6| 231/239 [00:19<00:00, 12.27it/s][A

 97%|#########7| 233/239 [00:19<00:00, 12.39it/s][A

 98%|#########8| 235/239 [00:19<00:00, 12.48it/s][A

 99%|#########9| 237/239 [00:19<00:00, 12.51it/s][A

100%|##########| 239/239 [00:19<00:00, 12.02it/s][A
                                                   


                                                 
[A
 75%|#######5  | 1500/2000 [57:36<16:46,  2.01s/it]

100%|##########| 239/239 [00:19<00:00, 12.02it/s][A

{'eval_loss': '2.888', 'eval_runtime': '20.03', 'eval_samples_per_second': '47.74', 'eval_steps_per_second': '11.94', 'epoch': '0.2563'}
                                                 [A

Writing model shards:   0%|          | 0/1 [00:00<?, ?it/s][A

Writing model shards: 100%|##########| 1/1 [00:00<00:00,  2.17it/s][A
Writing model shards: 100%|##########| 1/1 [00:00<00:00,  2.17it/s]

 75%|#######5  | 1501/2000 [57:40<1:09:54,  8.41s/it]
 75%|#######5  | 1502/2000 [57:42<53:42,  6.47s/it]  
 75%|#######5  | 1503/2000 [57:44<42:34,  5.14s/it]
 75%|#######5  | 1504/2000 [57:46<34:50,  4.22s/it]
 75%|#######5  | 1505/2000 [57:48<29:26,  3.57s/it]
 75%|#######5  | 1506/2000 [57:50<25:17,  3.07s/it]
 75%|#######5  | 1507/2000 [57:52<23:26,  2.85s/it]
 75%|#######5  | 1508/2000 [57:54<20:53,  2.55s/it]
 75%|#######5  | 1509/2000 [57:56<20:58,  2.56s/it]
 76%|#######5  | 1510/2000 [57:58<19:00,  2.33s/it]
 76%|#######5  | 1511/2000 [58:00<18:08,  2.23s/it]
 76%|#######5  | 1512/2000 [58:02<17:17,  2.13s/it]
 76%|#######5  | 1513/2000 [58:05<17:58,  2.22s/it]
 76%|#######5  | 1514/2000 [58:06<17:03,  2.11s/it]
 76%|#######5  | 1515/2000 [58:08<16:43,  2.07s/it]
 76%|#######5  | 1516/2000 [58:10<16:28,  2.04s/it]
 76%|#######5  | 1517/2000 [58:12<16:01,  1.99s/it]
 76%|#######5  | 1518/2000 [58:14<16:14,  2.02s/it]
 76%|#######5  | 1519/2000 [58:16<16:12,  2.02s/it]
 76%|#######6  | 1520/2000 [58:18<16:06,  2.01s/it]
 76%|#######6  | 1521/2000 [58:20<15:47,  1.98s/it]
 76%|#######6  | 1522/2000 [58:22<16:07,  2.02s/it]
 76%|#######6  | 1523/2000 [58:24<16:03,  2.02s/it]
 76%|#######6  | 1524/2000 [58:26<16:03,  2.02s/it]
 76%|#######6  | 1525/2000 [58:28<16:01,  2.02s/it]
                                                   

 76%|#######6  | 1525/2000 [58:28<16:01,  2.02s/it]
 76%|#######6  | 1526/2000 [58:30<15:57,  2.02s/it]
 76%|#######6  | 1527/2000 [58:32<15:54,  2.02s/it]
 76%|#######6  | 1528/2000 [58:34<15:26,  1.96s/it]
 76%|#######6  | 1529/2000 [58:36<15:38,  1.99s/it]
 76%|#######6  | 1530/2000 [58:38<15:21,  1.96s/it]
 77%|#######6  | 1531/2000 [58:40<15:10,  1.94s/it]
 77%|#######6  | 1532/2000 [58:42<15:15,  1.96s/it]
 77%|#######6  | 1533/2000 [58:44<15:48,  2.03s/it]
 77%|#######6  | 1534/2000 [58:46<15:55,  2.05s/it]
 77%|#######6  | 1535/2000 [58:48<15:30,  2.00s/it]
 77%|#######6  | 1536/2000 [58:50<15:14,  1.97s/it]
 77%|#######6  | 1537/2000 [58:52<14:59,  1.94s/it]
 77%|#######6  | 1538/2000 [58:54<15:12,  1.97s/it]
 77%|#######6  | 1539/2000 [58:56<15:11,  1.98s/it]
 77%|#######7  | 1540/2000 [58:58<15:14,  1.99s/it]
 77%|#######7  | 1541/2000 [59:00<15:13,  1.99s/it]
 77%|#######7  | 1542/2000 [59:03<16:22,  2.14s/it]
 77%|#######7  | 1543/2000 [59:04<15:38,  2.05s/it]
 77%|#######7  | 1544/2000 [59:06<15:17,  2.01s/it]
 77%|#######7  | 1545/2000 [59:08<14:57,  1.97s/it]
 77%|#######7  | 1546/2000 [59:10<14:47,  1.96s/it]
 77%|#######7  | 1547/2000 [59:12<14:50,  1.97s/it]
 77%|#######7  | 1548/2000 [59:14<14:46,  1.96s/it]
 77%|#######7  | 1549/2000 [59:16<14:45,  1.96s/it]
 78%|#######7  | 1550/2000 [59:18<14:44,  1.96s/it]
                                                   

 78%|#######7  | 1550/2000 [59:18<14:44,  1.96s/it]
 78%|#######7  | 1551/2000 [59:20<14:42,  1.96s/it]
 78%|#######7  | 1552/2000 [59:22<14:47,  1.98s/it]
 78%|#######7  | 1553/2000 [59:24<14:52,  2.00s/it]
 78%|#######7  | 1554/2000 [59:26<14:44,  1.98s/it]
 78%|#######7  | 1555/2000 [59:28<14:57,  2.02s/it]
 78%|#######7  | 1556/2000 [59:30<14:54,  2.01s/it]
 78%|#######7  | 1557/2000 [59:33<15:49,  2.14s/it]
 78%|#######7  | 1558/2000 [59:34<15:08,  2.06s/it]
 78%|#######7  | 1559/2000 [59:36<14:50,  2.02s/it]
 78%|#######8  | 1560/2000 [59:38<14:17,  1.95s/it]
 78%|#######8  | 1561/2000 [59:40<14:28,  1.98s/it]
 78%|#######8  | 1562/2000 [59:43<15:17,  2.10s/it]
 78%|#######8  | 1563/2000 [59:44<14:42,  2.02s/it]
 78%|#######8  | 1564/2000 [59:46<14:40,  2.02s/it]
 78%|#######8  | 1565/2000 [59:48<14:19,  1.98s/it]
 78%|#######8  | 1566/2000 [59:50<14:23,  1.99s/it]
 78%|#######8  | 1567/2000 [59:52<14:01,  1.94s/it]
 78%|#######8  | 1568/2000 [59:54<14:16,  1.98s/it]
 78%|#######8  | 1569/2000 [59:56<14:05,  1.96s/it]
 78%|#######8  | 1570/2000 [59:58<14:02,  1.96s/it]
 79%|#######8  | 1571/2000 [1:00:00<14:11,  1.99s/it]
 79%|#######8  | 1572/2000 [1:00:02<14:05,  1.97s/it]
 79%|#######8  | 1573/2000 [1:00:04<13:52,  1.95s/it]
 79%|#######8  | 1574/2000 [1:00:06<14:09,  1.99s/it]
 79%|#######8  | 1575/2000 [1:00:08<14:02,  1.98s/it]
                                                     

 79%|#######8  | 1575/2000 [1:00:08<14:02,  1.98s/it]
 79%|#######8  | 1576/2000 [1:00:10<14:06,  2.00s/it]
 79%|#######8  | 1577/2000 [1:00:12<14:02,  1.99s/it]
 79%|#######8  | 1578/2000 [1:00:14<14:01,  1.99s/it]
 79%|#######8  | 1579/2000 [1:00:16<13:50,  1.97s/it]
 79%|#######9  | 1580/2000 [1:00:18<13:41,  1.96s/it]
 79%|#######9  | 1581/2000 [1:00:20<13:34,  1.94s/it]
 79%|#######9  | 1582/2000 [1:00:22<13:51,  1.99s/it]
 79%|#######9  | 1583/2000 [1:00:24<13:56,  2.01s/it]
 79%|#######9  | 1584/2000 [1:00:26<14:01,  2.02s/it]
 79%|#######9  | 1585/2000 [1:00:28<14:03,  2.03s/it]
 79%|#######9  | 1586/2000 [1:00:31<14:54,  2.16s/it]
 79%|#######9  | 1587/2000 [1:00:33<14:42,  2.14s/it]
 79%|#######9  | 1588/2000 [1:00:34<13:59,  2.04s/it]
 79%|#######9  | 1589/2000 [1:00:36<13:27,  1.97s/it]
 80%|#######9  | 1590/2000 [1:00:38<13:32,  1.98s/it]
 80%|#######9  | 1591/2000 [1:00:40<13:19,  1.95s/it]
 80%|#######9  | 1592/2000 [1:00:42<13:03,  1.92s/it]
 80%|#######9  | 1593/2000 [1:00:44<13:15,  1.95s/it]
 80%|#######9  | 1594/2000 [1:00:46<13:21,  1.97s/it]
 80%|#######9  | 1595/2000 [1:00:48<13:23,  1.98s/it]
 80%|#######9  | 1596/2000 [1:00:50<13:24,  1.99s/it]
 80%|#######9  | 1597/2000 [1:00:52<13:22,  1.99s/it]
 80%|#######9  | 1598/2000 [1:00:54<13:23,  2.00s/it]
 80%|#######9  | 1599/2000 [1:00:56<13:21,  2.00s/it]
 80%|########  | 1600/2000 [1:00:58<13:08,  1.97s/it]
                                                     

{'loss': '3.322', 'grad_norm': '1.269', 'learning_rate': '5.881e-05', 'epoch': '0.2606'}
{'loss': '3.375', 'grad_norm': '1.196', 'learning_rate': '5.308e-05', 'epoch': '0.2649'}
{'loss': '3.37', 'grad_norm': '1.143', 'learning_rate': '4.76e-05', 'epoch': '0.2692'}
{'loss': '3.352', 'grad_norm': '0.9821', 'learning_rate': '4.238e-05', 'epoch': '0.2734'}
 80%|########  | 1600/2000 [1:00:58<13:08,  1.97s/it]

  0%|          | 0/239 [00:00<?, ?it/s][A

  1%|1         | 3/239 [00:00<00:15, 15.39it/s][A

  2%|2         | 5/239 [00:00<00:19, 11.74it/s][A

  3%|2         | 7/239 [00:00<00:20, 11.20it/s][A

  4%|3         | 9/239 [00:00<00:20, 11.34it/s][A

  5%|4         | 11/239 [00:00<00:20, 11.11it/s][A

  5%|5         | 13/239 [00:01<00:20, 11.03it/s][A

  6%|6         | 15/239 [00:01<00:19, 11.25it/s][A

  7%|7         | 17/239 [00:01<00:19, 11.40it/s][A

  8%|7         | 19/239 [00:01<00:19, 11.27it/s][A

  9%|8         | 21/239 [00:01<00:18, 11.49it/s][A

 10%|9         | 23/239 [00:01<00:17, 12.08it/s][A

 10%|#         | 25/239 [00:02<00:17, 12.36it/s][A

 11%|#1        | 27/239 [00:02<00:17, 12.44it/s][A

 12%|#2        | 29/239 [00:02<00:18, 11.51it/s][A

 13%|#2        | 31/239 [00:02<00:16, 12.50it/s][A

 14%|#3        | 33/239 [00:02<00:16, 12.54it/s][A

 15%|#4        | 35/239 [00:02<00:16, 12.53it/s][A

 15%|#5        | 37/239 [00:03<00:16, 12.23it/s][A

 16%|#6        | 39/239 [00:03<00:16, 12.37it/s][A

 17%|#7        | 41/239 [00:03<00:15, 12.46it/s][A

 18%|#7        | 43/239 [00:03<00:15, 12.32it/s][A

 19%|#8        | 45/239 [00:03<00:15, 12.61it/s][A

 20%|#9        | 47/239 [00:03<00:15, 12.26it/s][A

 21%|##        | 49/239 [00:04<00:15, 12.39it/s][A

 21%|##1       | 51/239 [00:04<00:15, 12.00it/s][A

 22%|##2       | 53/239 [00:04<00:15, 11.90it/s][A

 23%|##3       | 55/239 [00:04<00:15, 12.15it/s][A

 24%|##3       | 57/239 [00:04<00:15, 12.12it/s][A

 25%|##4       | 59/239 [00:04<00:14, 12.09it/s][A

 26%|##5       | 61/239 [00:05<00:14, 12.25it/s][A

 26%|##6       | 63/239 [00:05<00:14, 12.25it/s][A

 27%|##7       | 65/239 [00:05<00:14, 12.39it/s][A

 28%|##8       | 67/239 [00:05<00:13, 12.45it/s][A

 29%|##8       | 69/239 [00:05<00:13, 12.51it/s][A

 30%|##9       | 71/239 [00:05<00:13, 12.55it/s][A

 31%|###       | 73/239 [00:06<00:13, 12.18it/s][A

 31%|###1      | 75/239 [00:06<00:13, 12.22it/s][A

 32%|###2      | 77/239 [00:06<00:12, 12.48it/s][A

 33%|###3      | 79/239 [00:06<00:12, 12.53it/s][A

 34%|###3      | 81/239 [00:06<00:12, 12.57it/s][A

 35%|###4      | 83/239 [00:06<00:12, 12.60it/s][A

 36%|###5      | 85/239 [00:06<00:12, 12.64it/s][A

 36%|###6      | 87/239 [00:07<00:12, 12.27it/s][A

 37%|###7      | 89/239 [00:07<00:12, 12.33it/s][A

 38%|###8      | 91/239 [00:07<00:11, 12.47it/s][A

 39%|###8      | 93/239 [00:07<00:12, 11.35it/s][A

 40%|###9      | 95/239 [00:07<00:11, 12.17it/s][A

 41%|####      | 97/239 [00:07<00:11, 12.38it/s][A

 41%|####1     | 99/239 [00:08<00:12, 11.51it/s][A

 42%|####2     | 101/239 [00:08<00:11, 12.09it/s][A

 43%|####3     | 103/239 [00:08<00:11, 12.24it/s][A

 44%|####3     | 105/239 [00:08<00:10, 12.37it/s][A

 45%|####4     | 107/239 [00:08<00:10, 12.58it/s][A

 46%|####5     | 109/239 [00:08<00:10, 12.59it/s][A

 46%|####6     | 111/239 [00:09<00:10, 12.62it/s][A

 47%|####7     | 113/239 [00:09<00:09, 12.62it/s][A

 48%|####8     | 115/239 [00:09<00:10, 12.25it/s][A

 49%|####8     | 117/239 [00:09<00:10, 12.14it/s][A

 50%|####9     | 119/239 [00:09<00:09, 12.51it/s][A

 51%|#####     | 121/239 [00:09<00:09, 12.48it/s][A

 51%|#####1    | 123/239 [00:10<00:09, 11.96it/s][A

 52%|#####2    | 125/239 [00:10<00:09, 12.62it/s][A

 53%|#####3    | 127/239 [00:10<00:09, 12.20it/s][A

 54%|#####3    | 129/239 [00:10<00:08, 12.36it/s][A

 55%|#####4    | 131/239 [00:10<00:08, 12.45it/s][A

 56%|#####5    | 133/239 [00:10<00:08, 12.58it/s][A

 56%|#####6    | 135/239 [00:11<00:08, 12.61it/s][A

 57%|#####7    | 137/239 [00:11<00:08, 12.61it/s][A

 58%|#####8    | 139/239 [00:11<00:08, 11.93it/s][A

 59%|#####8    | 141/239 [00:11<00:07, 12.46it/s][A

 60%|#####9    | 143/239 [00:11<00:07, 12.16it/s][A

 61%|######    | 145/239 [00:11<00:07, 11.96it/s][A

 62%|######1   | 147/239 [00:12<00:07, 12.51it/s][A

 62%|######2   | 149/239 [00:12<00:07, 12.20it/s][A

 63%|######3   | 151/239 [00:12<00:07, 12.34it/s][A

 64%|######4   | 153/239 [00:12<00:06, 12.43it/s][A

 65%|######4   | 155/239 [00:12<00:06, 12.49it/s][A

 66%|######5   | 157/239 [00:12<00:06, 12.54it/s][A

 67%|######6   | 159/239 [00:12<00:06, 12.58it/s][A

 67%|######7   | 161/239 [00:13<00:06, 12.24it/s][A

 68%|######8   | 163/239 [00:13<00:06, 12.37it/s][A

 69%|######9   | 165/239 [00:13<00:06, 12.10it/s][A

 70%|######9   | 167/239 [00:13<00:05, 12.22it/s][A

 71%|#######   | 169/239 [00:13<00:05, 12.39it/s][A

 72%|#######1  | 171/239 [00:13<00:05, 12.46it/s][A

 72%|#######2  | 173/239 [00:14<00:05, 12.14it/s][A

 73%|#######3  | 175/239 [00:14<00:05, 12.17it/s][A

 74%|#######4  | 177/239 [00:14<00:05, 11.44it/s][A

 75%|#######4  | 179/239 [00:14<00:05, 11.73it/s][A

 76%|#######5  | 181/239 [00:14<00:05, 11.09it/s][A

 77%|#######6  | 183/239 [00:15<00:05, 10.19it/s][A

 77%|#######7  | 185/239 [00:15<00:05,  9.99it/s][A

 78%|#######8  | 187/239 [00:15<00:05, 10.16it/s][A

 79%|#######9  | 189/239 [00:15<00:04, 10.28it/s][A

 80%|#######9  | 191/239 [00:15<00:04, 10.63it/s][A

 81%|########  | 193/239 [00:16<00:04, 10.36it/s][A

 82%|########1 | 195/239 [00:16<00:04, 10.42it/s][A

 82%|########2 | 197/239 [00:16<00:03, 10.72it/s][A

 83%|########3 | 199/239 [00:16<00:03, 10.40it/s][A

 84%|########4 | 201/239 [00:16<00:03, 10.70it/s][A

 85%|########4 | 203/239 [00:16<00:03, 10.92it/s][A

 86%|########5 | 205/239 [00:17<00:03, 10.81it/s][A

 87%|########6 | 207/239 [00:17<00:02, 10.73it/s][A

 87%|########7 | 209/239 [00:17<00:02, 10.94it/s][A

 88%|########8 | 211/239 [00:17<00:02, 10.83it/s][A

 89%|########9 | 213/239 [00:17<00:02, 10.70it/s][A

 90%|########9 | 215/239 [00:18<00:02, 10.94it/s][A

 91%|######### | 217/239 [00:18<00:02, 10.82it/s][A

 92%|#########1| 219/239 [00:18<00:01, 10.72it/s][A

 92%|#########2| 221/239 [00:18<00:01, 10.65it/s][A

 93%|#########3| 223/239 [00:18<00:01, 10.36it/s][A

 94%|#########4| 225/239 [00:19<00:01, 10.94it/s][A

 95%|#########4| 227/239 [00:19<00:01, 10.81it/s][A

 96%|#########5| 229/239 [00:19<00:00, 10.74it/s][A

 97%|#########6| 231/239 [00:19<00:00, 10.69it/s][A

 97%|#########7| 233/239 [00:19<00:00, 10.64it/s][A

 98%|#########8| 235/239 [00:19<00:00, 10.89it/s][A

 99%|#########9| 237/239 [00:20<00:00, 10.65it/s][A

100%|##########| 239/239 [00:20<00:00, 10.77it/s][A
                                                     


                                                 
[A
 80%|########  | 1600/2000 [1:01:18<13:08,  1.97s/it]

100%|##########| 239/239 [00:20<00:00, 10.77it/s][A

{'eval_loss': '2.855', 'eval_runtime': '20.47', 'eval_samples_per_second': '46.7', 'eval_steps_per_second': '11.68', 'epoch': '0.2734'}
                                                 [A

Writing model shards:   0%|          | 0/1 [00:00<?, ?it/s][A

Writing model shards: 100%|##########| 1/1 [00:00<00:00,  2.35it/s][A
Writing model shards: 100%|##########| 1/1 [00:00<00:00,  2.35it/s]

 80%|########  | 1601/2000 [1:01:22<56:14,  8.46s/it]
 80%|########  | 1602/2000 [1:01:23<42:51,  6.46s/it]
 80%|########  | 1603/2000 [1:01:25<33:46,  5.11s/it]
 80%|########  | 1604/2000 [1:01:27<27:15,  4.13s/it]
 80%|########  | 1605/2000 [1:01:29<22:39,  3.44s/it]
 80%|########  | 1606/2000 [1:01:31<19:42,  3.00s/it]
 80%|########  | 1607/2000 [1:01:33<17:47,  2.72s/it]
 80%|########  | 1608/2000 [1:01:35<16:21,  2.50s/it]
 80%|########  | 1609/2000 [1:01:37<15:28,  2.38s/it]
 80%|########  | 1610/2000 [1:01:39<14:53,  2.29s/it]
 81%|########  | 1611/2000 [1:01:41<14:21,  2.22s/it]
 81%|########  | 1612/2000 [1:01:43<13:41,  2.12s/it]
 81%|########  | 1613/2000 [1:01:45<13:38,  2.12s/it]
 81%|########  | 1614/2000 [1:01:47<13:23,  2.08s/it]
 81%|########  | 1615/2000 [1:01:49<13:10,  2.05s/it]
 81%|########  | 1616/2000 [1:01:51<13:02,  2.04s/it]
 81%|########  | 1617/2000 [1:01:53<12:55,  2.02s/it]
 81%|########  | 1618/2000 [1:01:56<13:30,  2.12s/it]
 81%|########  | 1619/2000 [1:01:58<13:18,  2.10s/it]
 81%|########1 | 1620/2000 [1:01:59<12:46,  2.02s/it]
 81%|########1 | 1621/2000 [1:02:01<12:30,  1.98s/it]
 81%|########1 | 1622/2000 [1:02:03<12:41,  2.01s/it]
 81%|########1 | 1623/2000 [1:02:06<12:52,  2.05s/it]
 81%|########1 | 1624/2000 [1:02:08<12:41,  2.02s/it]
 81%|########1 | 1625/2000 [1:02:09<12:33,  2.01s/it]
                                                     

 81%|########1 | 1625/2000 [1:02:09<12:33,  2.01s/it]
 81%|########1 | 1626/2000 [1:02:11<12:29,  2.00s/it]
 81%|########1 | 1627/2000 [1:02:13<12:23,  1.99s/it]
 81%|########1 | 1628/2000 [1:02:15<12:23,  2.00s/it]
 81%|########1 | 1629/2000 [1:02:17<12:19,  1.99s/it]
 82%|########1 | 1630/2000 [1:02:19<12:22,  2.01s/it]
 82%|########1 | 1631/2000 [1:02:22<12:26,  2.02s/it]
 82%|########1 | 1632/2000 [1:02:24<12:23,  2.02s/it]
 82%|########1 | 1633/2000 [1:02:25<12:14,  2.00s/it]
 82%|########1 | 1634/2000 [1:02:27<12:04,  1.98s/it]
 82%|########1 | 1635/2000 [1:02:30<12:20,  2.03s/it]
 82%|########1 | 1636/2000 [1:02:31<12:03,  1.99s/it]
 82%|########1 | 1637/2000 [1:02:33<11:51,  1.96s/it]
 82%|########1 | 1638/2000 [1:02:35<12:07,  2.01s/it]
 82%|########1 | 1639/2000 [1:02:38<12:08,  2.02s/it]
 82%|########2 | 1640/2000 [1:02:40<12:06,  2.02s/it]
 82%|########2 | 1641/2000 [1:02:42<12:07,  2.03s/it]
 82%|########2 | 1642/2000 [1:02:44<12:05,  2.03s/it]
 82%|########2 | 1643/2000 [1:02:46<12:04,  2.03s/it]
 82%|########2 | 1644/2000 [1:02:48<12:03,  2.03s/it]
 82%|########2 | 1645/2000 [1:02:50<12:55,  2.18s/it]
 82%|########2 | 1646/2000 [1:02:52<12:20,  2.09s/it]
 82%|########2 | 1647/2000 [1:02:54<12:04,  2.05s/it]
 82%|########2 | 1648/2000 [1:02:56<11:59,  2.04s/it]
 82%|########2 | 1649/2000 [1:02:58<11:38,  1.99s/it]
 82%|########2 | 1650/2000 [1:03:00<11:38,  2.00s/it]
                                                     

 82%|########2 | 1650/2000 [1:03:00<11:38,  2.00s/it]
 83%|########2 | 1651/2000 [1:03:02<11:19,  1.95s/it]
 83%|########2 | 1652/2000 [1:03:04<12:11,  2.10s/it]
 83%|########2 | 1653/2000 [1:03:06<11:41,  2.02s/it]
 83%|########2 | 1654/2000 [1:03:08<11:22,  1.97s/it]
 83%|########2 | 1655/2000 [1:03:10<11:06,  1.93s/it]
 83%|########2 | 1656/2000 [1:03:12<10:59,  1.92s/it]
 83%|########2 | 1657/2000 [1:03:14<11:13,  1.96s/it]
 83%|########2 | 1658/2000 [1:03:16<11:54,  2.09s/it]
 83%|########2 | 1659/2000 [1:03:18<11:25,  2.01s/it]
 83%|########2 | 1660/2000 [1:03:20<11:31,  2.03s/it]
 83%|########3 | 1661/2000 [1:03:22<11:21,  2.01s/it]
 83%|########3 | 1662/2000 [1:03:24<11:13,  1.99s/it]
 83%|########3 | 1663/2000 [1:03:26<11:06,  1.98s/it]
 83%|########3 | 1664/2000 [1:03:28<11:02,  1.97s/it]
 83%|########3 | 1665/2000 [1:03:30<10:59,  1.97s/it]
 83%|########3 | 1666/2000 [1:03:32<10:56,  1.97s/it]
 83%|########3 | 1667/2000 [1:03:34<10:55,  1.97s/it]
 83%|########3 | 1668/2000 [1:03:36<10:58,  1.98s/it]
 83%|########3 | 1669/2000 [1:03:38<11:01,  2.00s/it]
 84%|########3 | 1670/2000 [1:03:40<10:51,  1.98s/it]
 84%|########3 | 1671/2000 [1:03:42<10:36,  1.94s/it]
 84%|########3 | 1672/2000 [1:03:44<10:56,  2.00s/it]
 84%|########3 | 1673/2000 [1:03:46<10:53,  2.00s/it]
 84%|########3 | 1674/2000 [1:03:48<10:54,  2.01s/it]
 84%|########3 | 1675/2000 [1:03:50<10:53,  2.01s/it]
                                                     

 84%|########3 | 1675/2000 [1:03:50<10:53,  2.01s/it]
 84%|########3 | 1676/2000 [1:03:52<10:59,  2.04s/it]
 84%|########3 | 1677/2000 [1:03:54<10:51,  2.02s/it]
 84%|########3 | 1678/2000 [1:03:56<10:49,  2.02s/it]
 84%|########3 | 1679/2000 [1:03:58<10:36,  1.98s/it]
 84%|########4 | 1680/2000 [1:04:00<10:32,  1.98s/it]
 84%|########4 | 1681/2000 [1:04:02<10:52,  2.04s/it]
 84%|########4 | 1682/2000 [1:04:04<10:45,  2.03s/it]
 84%|########4 | 1683/2000 [1:04:06<11:10,  2.11s/it]
 84%|########4 | 1684/2000 [1:04:08<10:58,  2.08s/it]
 84%|########4 | 1685/2000 [1:04:11<11:17,  2.15s/it]
 84%|########4 | 1686/2000 [1:04:13<11:22,  2.17s/it]
 84%|########4 | 1687/2000 [1:04:15<10:51,  2.08s/it]
 84%|########4 | 1688/2000 [1:04:17<10:35,  2.04s/it]
 84%|########4 | 1689/2000 [1:04:18<10:18,  1.99s/it]
 84%|########4 | 1690/2000 [1:04:20<10:06,  1.96s/it]
 85%|########4 | 1691/2000 [1:04:22<10:18,  2.00s/it]
 85%|########4 | 1692/2000 [1:04:24<10:13,  1.99s/it]
 85%|########4 | 1693/2000 [1:04:26<10:10,  1.99s/it]
 85%|########4 | 1694/2000 [1:04:28<10:11,  2.00s/it]
 85%|########4 | 1695/2000 [1:04:30<10:14,  2.02s/it]
 85%|########4 | 1696/2000 [1:04:32<10:01,  1.98s/it]
 85%|########4 | 1697/2000 [1:04:34<10:10,  2.02s/it]
 85%|########4 | 1698/2000 [1:04:36<10:03,  2.00s/it]
 85%|########4 | 1699/2000 [1:04:38<09:55,  1.98s/it]
 85%|########5 | 1700/2000 [1:04:40<09:53,  1.98s/it]
                                                     

{'loss': '3.368', 'grad_norm': '1.082', 'learning_rate': '3.742e-05', 'epoch': '0.2777'}
{'loss': '3.336', 'grad_norm': '1.081', 'learning_rate': '3.275e-05', 'epoch': '0.282'}
{'loss': '3.341', 'grad_norm': '1.093', 'learning_rate': '2.836e-05', 'epoch': '0.2863'}
{'loss': '3.371', 'grad_norm': '1.045', 'learning_rate': '2.426e-05', 'epoch': '0.2905'}
 85%|########5 | 1700/2000 [1:04:40<09:53,  1.98s/it]

  0%|          | 0/239 [00:00<?, ?it/s][A

  1%|1         | 3/239 [00:00<00:14, 15.90it/s][A

  2%|2         | 5/239 [00:00<00:18, 12.68it/s][A

  3%|2         | 7/239 [00:00<00:18, 12.66it/s][A

  4%|3         | 9/239 [00:00<00:18, 12.20it/s][A

  5%|4         | 11/239 [00:00<00:17, 12.80it/s][A

  5%|5         | 13/239 [00:01<00:17, 12.75it/s][A

  6%|6         | 15/239 [00:01<00:17, 12.48it/s][A

  7%|7         | 17/239 [00:01<00:18, 12.28it/s][A

  8%|7         | 19/239 [00:01<00:19, 11.40it/s][A

  9%|8         | 21/239 [00:01<00:20, 10.59it/s][A

 10%|9         | 23/239 [00:01<00:21, 10.05it/s][A

 10%|#         | 25/239 [00:02<00:21, 10.04it/s][A

 11%|#1        | 27/239 [00:02<00:21,  9.64it/s][A

 12%|#2        | 29/239 [00:02<00:20, 10.13it/s][A

 13%|#2        | 31/239 [00:02<00:19, 10.79it/s][A

 14%|#3        | 33/239 [00:02<00:19, 10.44it/s][A

 15%|#4        | 35/239 [00:03<00:19, 10.69it/s][A

 15%|#5        | 37/239 [00:03<00:18, 10.72it/s][A

 16%|#6        | 39/239 [00:03<00:18, 10.95it/s][A

 17%|#7        | 41/239 [00:03<00:17, 11.10it/s][A

 18%|#7        | 43/239 [00:03<00:17, 10.92it/s][A

 19%|#8        | 45/239 [00:04<00:17, 11.11it/s][A

 20%|#9        | 47/239 [00:04<00:16, 11.40it/s][A

 21%|##        | 49/239 [00:04<00:16, 11.25it/s][A

 21%|##1       | 51/239 [00:04<00:16, 11.64it/s][A

 22%|##2       | 53/239 [00:04<00:15, 11.91it/s][A

 23%|##3       | 55/239 [00:04<00:15, 12.11it/s][A

 24%|##3       | 57/239 [00:05<00:14, 12.27it/s][A

 25%|##4       | 59/239 [00:05<00:15, 11.62it/s][A

 26%|##5       | 61/239 [00:05<00:14, 12.27it/s][A

 26%|##6       | 63/239 [00:05<00:14, 12.50it/s][A

 27%|##7       | 65/239 [00:05<00:14, 11.79it/s][A

 28%|##8       | 67/239 [00:05<00:14, 11.76it/s][A

 29%|##8       | 69/239 [00:06<00:14, 11.67it/s][A

 30%|##9       | 71/239 [00:06<00:13, 12.20it/s][A

 31%|###       | 73/239 [00:06<00:14, 11.43it/s][A

 31%|###1      | 75/239 [00:06<00:13, 11.77it/s][A

 32%|###2      | 77/239 [00:06<00:14, 11.32it/s][A

 33%|###3      | 79/239 [00:06<00:13, 11.51it/s][A

 34%|###3      | 81/239 [00:07<00:13, 11.77it/s][A

 35%|###4      | 83/239 [00:07<00:13, 11.71it/s][A

 36%|###5      | 85/239 [00:07<00:13, 11.33it/s][A

 36%|###6      | 87/239 [00:07<00:15, 10.03it/s][A

 37%|###7      | 89/239 [00:07<00:14, 10.28it/s][A

 38%|###8      | 91/239 [00:08<00:14, 10.02it/s][A

 39%|###8      | 93/239 [00:08<00:14, 10.18it/s][A

 40%|###9      | 95/239 [00:08<00:14, 10.06it/s][A

 41%|####      | 97/239 [00:08<00:13, 10.64it/s][A

 41%|####1     | 99/239 [00:08<00:12, 11.21it/s][A

 42%|####2     | 101/239 [00:08<00:11, 11.65it/s][A

 43%|####3     | 103/239 [00:09<00:12, 11.30it/s][A

 44%|####3     | 105/239 [00:09<00:11, 11.68it/s][A

 45%|####4     | 107/239 [00:09<00:10, 12.33it/s][A

 46%|####5     | 109/239 [00:09<00:10, 12.79it/s][A

 46%|####6     | 111/239 [00:09<00:10, 12.63it/s][A

 47%|####7     | 113/239 [00:09<00:10, 12.38it/s][A

 48%|####8     | 115/239 [00:10<00:11, 11.01it/s][A

 49%|####8     | 117/239 [00:10<00:11, 10.94it/s][A

 50%|####9     | 119/239 [00:10<00:10, 11.17it/s][A

 51%|#####     | 121/239 [00:10<00:10, 11.27it/s][A

 51%|#####1    | 123/239 [00:10<00:10, 11.34it/s][A

 52%|#####2    | 125/239 [00:10<00:09, 11.70it/s][A

 53%|#####3    | 127/239 [00:11<00:09, 11.33it/s][A

 54%|#####3    | 129/239 [00:11<00:09, 11.69it/s][A

 55%|#####4    | 131/239 [00:11<00:09, 11.97it/s][A

 56%|#####5    | 133/239 [00:11<00:08, 11.83it/s][A

 56%|#####6    | 135/239 [00:11<00:08, 12.07it/s][A

 57%|#####7    | 137/239 [00:12<00:08, 11.89it/s][A

 58%|#####8    | 139/239 [00:12<00:08, 11.77it/s][A

 59%|#####8    | 141/239 [00:12<00:08, 11.00it/s][A

 60%|#####9    | 143/239 [00:12<00:08, 11.81it/s][A

 61%|######    | 145/239 [00:12<00:08, 10.99it/s][A

 62%|######1   | 147/239 [00:12<00:07, 11.89it/s][A

 62%|######2   | 149/239 [00:13<00:07, 12.10it/s][A

 63%|######3   | 151/239 [00:13<00:07, 11.92it/s][A

 64%|######4   | 153/239 [00:13<00:07, 11.80it/s][A

 65%|######4   | 155/239 [00:13<00:07, 11.66it/s][A

 66%|######5   | 157/239 [00:13<00:07, 11.64it/s][A

 67%|######6   | 159/239 [00:13<00:06, 11.96it/s][A

 67%|######7   | 161/239 [00:14<00:06, 11.32it/s][A

 68%|######8   | 163/239 [00:14<00:06, 11.56it/s][A

 69%|######9   | 165/239 [00:14<00:06, 11.86it/s][A

 70%|######9   | 167/239 [00:14<00:05, 12.09it/s][A

 71%|#######   | 169/239 [00:14<00:05, 11.91it/s][A

 72%|#######1  | 171/239 [00:14<00:05, 11.76it/s][A

 72%|#######2  | 173/239 [00:15<00:05, 11.70it/s][A

 73%|#######3  | 175/239 [00:15<00:05, 11.97it/s][A

 74%|#######4  | 177/239 [00:15<00:05, 11.82it/s][A

 75%|#######4  | 179/239 [00:15<00:04, 12.07it/s][A

 76%|#######5  | 181/239 [00:15<00:05, 11.34it/s][A

 77%|#######6  | 183/239 [00:15<00:04, 11.62it/s][A

 77%|#######7  | 185/239 [00:16<00:04, 11.27it/s][A

 78%|#######8  | 187/239 [00:16<00:04, 11.35it/s][A

 79%|#######9  | 189/239 [00:16<00:04, 11.39it/s][A

 80%|#######9  | 191/239 [00:16<00:04, 11.41it/s][A

 81%|########  | 193/239 [00:16<00:04, 10.86it/s][A

 82%|########1 | 195/239 [00:17<00:03, 11.35it/s][A

 82%|########2 | 197/239 [00:17<00:03, 11.70it/s][A

 83%|########3 | 199/239 [00:17<00:03, 11.25it/s][A

 84%|########4 | 201/239 [00:17<00:03, 11.41it/s][A

 85%|########4 | 203/239 [00:17<00:03, 11.13it/s][A

 86%|########5 | 205/239 [00:17<00:03, 10.96it/s][A

 87%|########6 | 207/239 [00:18<00:03, 10.59it/s][A

 87%|########7 | 209/239 [00:18<00:02, 11.12it/s][A

 88%|########8 | 211/239 [00:18<00:02, 11.51it/s][A

 89%|########9 | 213/239 [00:18<00:02, 11.51it/s][A

 90%|########9 | 215/239 [00:18<00:02, 11.51it/s][A

 91%|######### | 217/239 [00:18<00:01, 11.51it/s][A

 92%|#########1| 219/239 [00:19<00:01, 11.84it/s][A

 92%|#########2| 221/239 [00:19<00:01, 11.41it/s][A

 93%|#########3| 223/239 [00:19<00:01, 11.75it/s][A

 94%|#########4| 225/239 [00:19<00:01, 12.00it/s][A

 95%|#########4| 227/239 [00:19<00:01, 11.86it/s][A

 96%|#########5| 229/239 [00:19<00:00, 12.08it/s][A

 97%|#########6| 231/239 [00:20<00:00, 11.92it/s][A

 97%|#########7| 233/239 [00:20<00:00, 11.80it/s][A

 98%|#########8| 235/239 [00:20<00:00, 11.71it/s][A

 99%|#########9| 237/239 [00:20<00:00, 11.58it/s][A

100%|##########| 239/239 [00:20<00:00, 11.96it/s][A
                                                     


                                                 
[A
 85%|########5 | 1700/2000 [1:05:01<09:53,  1.98s/it]

100%|##########| 239/239 [00:20<00:00, 11.96it/s][A

{'eval_loss': '2.833', 'eval_runtime': '20.95', 'eval_samples_per_second': '45.63', 'eval_steps_per_second': '11.41', 'epoch': '0.2905'}
                                                 [A

Writing model shards:   0%|          | 0/1 [00:00<?, ?it/s][A

Writing model shards: 100%|##########| 1/1 [00:00<00:00,  1.89it/s][A
Writing model shards: 100%|##########| 1/1 [00:00<00:00,  1.89it/s]

 85%|########5 | 1701/2000 [1:05:05<43:35,  8.75s/it]
 85%|########5 | 1702/2000 [1:05:07<33:00,  6.65s/it]
 85%|########5 | 1703/2000 [1:05:08<25:51,  5.22s/it]
 85%|########5 | 1704/2000 [1:05:10<20:46,  4.21s/it]
 85%|########5 | 1705/2000 [1:05:12<17:13,  3.51s/it]
 85%|########5 | 1706/2000 [1:05:14<14:45,  3.01s/it]
 85%|########5 | 1707/2000 [1:05:16<13:00,  2.66s/it]
 85%|########5 | 1708/2000 [1:05:18<12:10,  2.50s/it]
 85%|########5 | 1709/2000 [1:05:20<11:29,  2.37s/it]
 86%|########5 | 1710/2000 [1:05:22<11:07,  2.30s/it]
 86%|########5 | 1711/2000 [1:05:24<10:42,  2.22s/it]
 86%|########5 | 1712/2000 [1:05:26<10:18,  2.15s/it]
 86%|########5 | 1713/2000 [1:05:28<10:06,  2.11s/it]
 86%|########5 | 1714/2000 [1:05:30<10:07,  2.12s/it]
 86%|########5 | 1715/2000 [1:05:33<10:02,  2.11s/it]
 86%|########5 | 1716/2000 [1:05:35<10:04,  2.13s/it]
 86%|########5 | 1717/2000 [1:05:37<09:59,  2.12s/it]
 86%|########5 | 1718/2000 [1:05:39<09:48,  2.09s/it]
 86%|########5 | 1719/2000 [1:05:41<09:38,  2.06s/it]
 86%|########6 | 1720/2000 [1:05:43<09:31,  2.04s/it]
 86%|########6 | 1721/2000 [1:05:45<09:28,  2.04s/it]
 86%|########6 | 1722/2000 [1:05:47<09:09,  1.98s/it]
 86%|########6 | 1723/2000 [1:05:49<09:12,  2.00s/it]
 86%|########6 | 1724/2000 [1:05:51<09:00,  1.96s/it]
 86%|########6 | 1725/2000 [1:05:53<09:10,  2.00s/it]
                                                     

 86%|########6 | 1725/2000 [1:05:53<09:10,  2.00s/it]
 86%|########6 | 1726/2000 [1:05:55<09:13,  2.02s/it]
 86%|########6 | 1727/2000 [1:05:57<09:11,  2.02s/it]
 86%|########6 | 1728/2000 [1:05:59<09:08,  2.02s/it]
 86%|########6 | 1729/2000 [1:06:01<09:03,  2.01s/it]
 86%|########6 | 1730/2000 [1:06:03<09:00,  2.00s/it]
 87%|########6 | 1731/2000 [1:06:05<08:58,  2.00s/it]
 87%|########6 | 1732/2000 [1:06:07<08:56,  2.00s/it]
 87%|########6 | 1733/2000 [1:06:09<09:08,  2.05s/it]
 87%|########6 | 1734/2000 [1:06:11<08:57,  2.02s/it]
 87%|########6 | 1735/2000 [1:06:13<08:46,  1.99s/it]
 87%|########6 | 1736/2000 [1:06:15<08:38,  1.97s/it]
 87%|########6 | 1737/2000 [1:06:17<08:51,  2.02s/it]
 87%|########6 | 1738/2000 [1:06:19<08:46,  2.01s/it]
 87%|########6 | 1739/2000 [1:06:21<08:35,  1.97s/it]
 87%|########7 | 1740/2000 [1:06:23<09:13,  2.13s/it]
 87%|########7 | 1741/2000 [1:06:25<09:00,  2.09s/it]
 87%|########7 | 1742/2000 [1:06:27<08:50,  2.06s/it]
 87%|########7 | 1743/2000 [1:06:29<08:41,  2.03s/it]
 87%|########7 | 1744/2000 [1:06:31<08:38,  2.02s/it]
 87%|########7 | 1745/2000 [1:06:33<08:34,  2.02s/it]
 87%|########7 | 1746/2000 [1:06:35<08:37,  2.04s/it]
 87%|########7 | 1747/2000 [1:06:37<08:34,  2.03s/it]
 87%|########7 | 1748/2000 [1:06:40<09:09,  2.18s/it]
 87%|########7 | 1749/2000 [1:06:42<08:58,  2.14s/it]
 88%|########7 | 1750/2000 [1:06:44<08:41,  2.09s/it]
                                                     

 88%|########7 | 1750/2000 [1:06:44<08:41,  2.09s/it]
 88%|########7 | 1751/2000 [1:06:46<08:25,  2.03s/it]
 88%|########7 | 1752/2000 [1:06:48<08:46,  2.12s/it]
 88%|########7 | 1753/2000 [1:06:50<08:36,  2.09s/it]
 88%|########7 | 1754/2000 [1:06:52<08:32,  2.08s/it]
 88%|########7 | 1755/2000 [1:06:54<08:33,  2.10s/it]
 88%|########7 | 1756/2000 [1:06:56<08:26,  2.08s/it]
 88%|########7 | 1757/2000 [1:06:58<08:23,  2.07s/it]
 88%|########7 | 1758/2000 [1:07:00<08:19,  2.07s/it]
 88%|########7 | 1759/2000 [1:07:02<08:10,  2.04s/it]
 88%|########8 | 1760/2000 [1:07:04<08:02,  2.01s/it]
 88%|########8 | 1761/2000 [1:07:06<07:58,  2.00s/it]
 88%|########8 | 1762/2000 [1:07:08<07:53,  1.99s/it]
 88%|########8 | 1763/2000 [1:07:10<07:57,  2.02s/it]
 88%|########8 | 1764/2000 [1:07:12<07:55,  2.02s/it]
 88%|########8 | 1765/2000 [1:07:14<07:48,  1.99s/it]
 88%|########8 | 1766/2000 [1:07:16<08:02,  2.06s/it]
 88%|########8 | 1767/2000 [1:07:18<07:52,  2.03s/it]
 88%|########8 | 1768/2000 [1:07:21<07:53,  2.04s/it]
 88%|########8 | 1769/2000 [1:07:23<08:10,  2.13s/it]
 88%|########8 | 1770/2000 [1:07:25<08:02,  2.10s/it]
 89%|########8 | 1771/2000 [1:07:27<07:56,  2.08s/it]
 89%|########8 | 1772/2000 [1:07:29<07:42,  2.03s/it]
 89%|########8 | 1773/2000 [1:07:31<07:49,  2.07s/it]
 89%|########8 | 1774/2000 [1:07:33<07:45,  2.06s/it]
 89%|########8 | 1775/2000 [1:07:35<07:42,  2.06s/it]
                                                     

 89%|########8 | 1775/2000 [1:07:35<07:42,  2.06s/it]
 89%|########8 | 1776/2000 [1:07:37<07:41,  2.06s/it]
 89%|########8 | 1777/2000 [1:07:39<07:38,  2.06s/it]
 89%|########8 | 1778/2000 [1:07:41<07:36,  2.06s/it]
 89%|########8 | 1779/2000 [1:07:43<07:33,  2.05s/it]
 89%|########9 | 1780/2000 [1:07:45<07:31,  2.05s/it]
 89%|########9 | 1781/2000 [1:07:47<07:28,  2.05s/it]
 89%|########9 | 1782/2000 [1:07:49<07:27,  2.05s/it]
 89%|########9 | 1783/2000 [1:07:52<07:25,  2.06s/it]
 89%|########9 | 1784/2000 [1:07:54<07:23,  2.05s/it]
 89%|########9 | 1785/2000 [1:07:56<07:22,  2.06s/it]
 89%|########9 | 1786/2000 [1:07:58<07:20,  2.06s/it]
 89%|########9 | 1787/2000 [1:08:00<07:19,  2.07s/it]
 89%|########9 | 1788/2000 [1:08:02<07:12,  2.04s/it]
 89%|########9 | 1789/2000 [1:08:04<07:06,  2.02s/it]
 90%|########9 | 1790/2000 [1:08:06<07:07,  2.03s/it]
 90%|########9 | 1791/2000 [1:08:08<07:06,  2.04s/it]
 90%|########9 | 1792/2000 [1:08:10<07:03,  2.03s/it]
 90%|########9 | 1793/2000 [1:08:12<07:06,  2.06s/it]
 90%|########9 | 1794/2000 [1:08:14<07:06,  2.07s/it]
 90%|########9 | 1795/2000 [1:08:16<06:57,  2.04s/it]
 90%|########9 | 1796/2000 [1:08:18<07:09,  2.11s/it]
 90%|########9 | 1797/2000 [1:08:20<06:59,  2.07s/it]
 90%|########9 | 1798/2000 [1:08:22<07:05,  2.10s/it]
 90%|########9 | 1799/2000 [1:08:24<06:52,  2.05s/it]
 90%|######### | 1800/2000 [1:08:26<06:50,  2.05s/it]
                                                     

{'loss': '3.328', 'grad_norm': '1.1', 'learning_rate': '2.047e-05', 'epoch': '0.2948'}
 90%|######### | 1800/2000 [1:08:26<06:50,  2.05s/it]
{'loss': '3.302', 'grad_norm': '1.044', 'learning_rate': '1.698e-05', 'epoch': '0.2991'}
{'loss': '3.259', 'grad_norm': '1.08', 'learning_rate': '1.38e-05', 'epoch': '0.3033'}
{'loss': '3.322', 'grad_norm': '1.293', 'learning_rate': '1.094e-05', 'epoch': '0.3076'}

  0%|          | 0/239 [00:00<?, ?it/s][A

  1%|1         | 3/239 [00:00<00:14, 15.81it/s][A

  2%|2         | 5/239 [00:00<00:16, 14.11it/s][A

  3%|2         | 7/239 [00:00<00:17, 13.51it/s][A

  4%|3         | 9/239 [00:00<00:18, 12.71it/s][A

  5%|4         | 11/239 [00:00<00:18, 12.29it/s][A

  5%|5         | 13/239 [00:01<00:18, 12.20it/s][A

  6%|6         | 15/239 [00:01<00:19, 11.60it/s][A

  7%|7         | 17/239 [00:01<00:18, 12.07it/s][A

  8%|7         | 19/239 [00:01<00:18, 11.62it/s][A

  9%|8         | 21/239 [00:01<00:18, 11.72it/s][A

 10%|9         | 23/239 [00:01<00:18, 11.76it/s][A

 10%|#         | 25/239 [00:02<00:17, 12.06it/s][A

 11%|#1        | 27/239 [00:02<00:18, 11.56it/s][A

 12%|#2        | 29/239 [00:02<00:19, 10.71it/s][A

 13%|#2        | 31/239 [00:02<00:18, 11.21it/s][A

 14%|#3        | 33/239 [00:02<00:17, 11.61it/s][A

 15%|#4        | 35/239 [00:02<00:17, 11.91it/s][A

 15%|#5        | 37/239 [00:03<00:17, 11.78it/s][A

 16%|#6        | 39/239 [00:03<00:17, 11.69it/s][A

 17%|#7        | 41/239 [00:03<00:16, 11.97it/s][A

 18%|#7        | 43/239 [00:03<00:16, 11.81it/s][A

 19%|#8        | 45/239 [00:03<00:16, 12.03it/s][A

 20%|#9        | 47/239 [00:03<00:15, 12.20it/s][A

 21%|##        | 49/239 [00:04<00:15, 12.14it/s][A

 21%|##1       | 51/239 [00:04<00:15, 12.29it/s][A

 22%|##2       | 53/239 [00:04<00:14, 12.54it/s][A

 23%|##3       | 55/239 [00:04<00:15, 12.16it/s][A

 24%|##3       | 57/239 [00:04<00:14, 12.35it/s][A

 25%|##4       | 59/239 [00:04<00:14, 12.41it/s][A

 26%|##5       | 61/239 [00:05<00:16, 10.58it/s][A

 26%|##6       | 63/239 [00:05<00:17,  9.81it/s][A

 27%|##7       | 65/239 [00:05<00:17,  9.72it/s][A

 28%|##8       | 67/239 [00:05<00:17, 10.01it/s][A

 29%|##8       | 69/239 [00:05<00:16, 10.41it/s][A

 30%|##9       | 71/239 [00:06<00:15, 10.59it/s][A

 31%|###       | 73/239 [00:06<00:15, 10.95it/s][A

 31%|###1      | 75/239 [00:06<00:14, 11.12it/s][A

 32%|###2      | 77/239 [00:06<00:14, 10.81it/s][A

 33%|###3      | 79/239 [00:06<00:14, 11.39it/s][A

 34%|###3      | 81/239 [00:06<00:13, 11.71it/s][A

 35%|###4      | 83/239 [00:07<00:13, 11.61it/s][A

 36%|###5      | 85/239 [00:07<00:12, 12.03it/s][A

 36%|###6      | 87/239 [00:07<00:12, 11.81it/s][A

 37%|###7      | 89/239 [00:07<00:12, 11.74it/s][A

 38%|###8      | 91/239 [00:07<00:12, 12.00it/s][A

 39%|###8      | 93/239 [00:08<00:12, 11.53it/s][A

 40%|###9      | 95/239 [00:08<00:12, 11.32it/s][A

 41%|####      | 97/239 [00:08<00:12, 11.38it/s][A

 41%|####1     | 99/239 [00:08<00:12, 11.04it/s][A

 42%|####2     | 101/239 [00:08<00:11, 11.75it/s][A

 43%|####3     | 103/239 [00:08<00:11, 11.99it/s][A

 44%|####3     | 105/239 [00:09<00:11, 11.83it/s][A

 45%|####4     | 107/239 [00:09<00:10, 12.05it/s][A

 46%|####5     | 109/239 [00:09<00:10, 11.86it/s][A

 46%|####6     | 111/239 [00:09<00:11, 11.49it/s][A

 47%|####7     | 113/239 [00:09<00:10, 11.71it/s][A

 48%|####8     | 115/239 [00:09<00:10, 11.97it/s][A

 49%|####8     | 117/239 [00:10<00:10, 11.69it/s][A

 50%|####9     | 119/239 [00:10<00:10, 11.72it/s][A

 51%|#####     | 121/239 [00:10<00:10, 11.30it/s][A

 51%|#####1    | 123/239 [00:10<00:09, 11.83it/s][A

 52%|#####2    | 125/239 [00:10<00:09, 11.96it/s][A

 53%|#####3    | 127/239 [00:10<00:09, 11.77it/s][A

 54%|#####3    | 129/239 [00:11<00:09, 12.04it/s][A

 55%|#####4    | 131/239 [00:11<00:09, 11.87it/s][A

 56%|#####5    | 133/239 [00:11<00:08, 12.07it/s][A

 56%|#####6    | 135/239 [00:11<00:08, 11.56it/s][A

 57%|#####7    | 137/239 [00:11<00:08, 11.40it/s][A

 58%|#####8    | 139/239 [00:11<00:08, 11.86it/s][A

 59%|#####8    | 141/239 [00:12<00:08, 11.48it/s][A

 60%|#####9    | 143/239 [00:12<00:08, 11.39it/s][A

 61%|######    | 145/239 [00:12<00:08, 11.17it/s][A

 62%|######1   | 147/239 [00:12<00:08, 11.25it/s][A

 62%|######2   | 149/239 [00:12<00:07, 11.64it/s][A

 63%|######3   | 151/239 [00:12<00:07, 11.60it/s][A

 64%|######4   | 153/239 [00:13<00:07, 11.47it/s][A

 65%|######4   | 155/239 [00:13<00:07, 11.58it/s][A

 66%|######5   | 157/239 [00:13<00:07, 11.55it/s][A

 67%|######6   | 159/239 [00:13<00:06, 11.84it/s][A

 67%|######7   | 161/239 [00:13<00:06, 11.97it/s][A

 68%|######8   | 163/239 [00:14<00:06, 11.58it/s][A

 69%|######9   | 165/239 [00:14<00:06, 11.53it/s][A

 70%|######9   | 167/239 [00:14<00:06, 11.47it/s][A

 71%|#######   | 169/239 [00:14<00:06, 11.03it/s][A

 72%|#######1  | 171/239 [00:14<00:05, 11.36it/s][A

 72%|#######2  | 173/239 [00:14<00:05, 11.12it/s][A

 73%|#######3  | 175/239 [00:15<00:05, 11.58it/s][A

 74%|#######4  | 177/239 [00:15<00:05, 11.55it/s][A

 75%|#######4  | 179/239 [00:15<00:05, 11.61it/s][A

 76%|#######5  | 181/239 [00:15<00:05, 11.43it/s][A

 77%|#######6  | 183/239 [00:15<00:04, 11.43it/s][A

 77%|#######7  | 185/239 [00:15<00:04, 11.63it/s][A

 78%|#######8  | 187/239 [00:16<00:04, 11.78it/s][A

 79%|#######9  | 189/239 [00:16<00:04, 11.90it/s][A

 80%|#######9  | 191/239 [00:16<00:04, 11.96it/s][A

 81%|########  | 193/239 [00:16<00:03, 11.81it/s][A

 82%|########1 | 195/239 [00:16<00:03, 12.03it/s][A

 82%|########2 | 197/239 [00:16<00:03, 11.56it/s][A

 83%|########3 | 199/239 [00:17<00:03, 11.83it/s][A

 84%|########4 | 201/239 [00:17<00:03, 11.41it/s][A

 85%|########4 | 203/239 [00:17<00:03, 11.91it/s][A

 86%|########5 | 205/239 [00:17<00:02, 12.28it/s][A

 87%|########6 | 207/239 [00:17<00:02, 12.02it/s][A

 87%|########7 | 209/239 [00:17<00:02, 11.44it/s][A

 88%|########8 | 211/239 [00:18<00:02, 11.57it/s][A

 89%|########9 | 213/239 [00:18<00:02, 11.88it/s][A

 90%|########9 | 215/239 [00:18<00:02, 11.75it/s][A

 91%|######### | 217/239 [00:18<00:01, 11.58it/s][A

 92%|#########1| 219/239 [00:18<00:01, 11.35it/s][A

 92%|#########2| 221/239 [00:18<00:01, 11.70it/s][A

 93%|#########3| 223/239 [00:19<00:01, 11.65it/s][A

 94%|#########4| 225/239 [00:19<00:01, 11.30it/s][A

 95%|#########4| 227/239 [00:19<00:01, 11.34it/s][A

 96%|#########5| 229/239 [00:19<00:00, 11.63it/s][A

 97%|#########6| 231/239 [00:19<00:00, 11.56it/s][A

 97%|#########7| 233/239 [00:20<00:00, 11.54it/s][A

 98%|#########8| 235/239 [00:20<00:00, 11.33it/s][A

 99%|#########9| 237/239 [00:20<00:00, 11.15it/s][A

100%|##########| 239/239 [00:20<00:00, 11.52it/s][A
                                                     


                                                 
[A
 90%|######### | 1800/2000 [1:08:47<06:50,  2.05s/it]

100%|##########| 239/239 [00:20<00:00, 11.52it/s][A

{'eval_loss': '2.818', 'eval_runtime': '20.65', 'eval_samples_per_second': '46.29', 'eval_steps_per_second': '11.57', 'epoch': '0.3076'}
                                                 [A

Writing model shards:   0%|          | 0/1 [00:00<?, ?it/s][A

Writing model shards: 100%|##########| 1/1 [00:00<00:00,  1.85it/s][A
Writing model shards: 100%|##########| 1/1 [00:00<00:00,  1.85it/s]

 90%|######### | 1801/2000 [1:08:50<28:37,  8.63s/it]
 90%|######### | 1802/2000 [1:08:53<22:01,  6.67s/it]
 90%|######### | 1803/2000 [1:08:54<17:15,  5.26s/it]
 90%|######### | 1804/2000 [1:08:57<14:06,  4.32s/it]
 90%|######### | 1805/2000 [1:08:59<11:43,  3.61s/it]
 90%|######### | 1806/2000 [1:09:01<10:16,  3.18s/it]
 90%|######### | 1807/2000 [1:09:03<09:00,  2.80s/it]
 90%|######### | 1808/2000 [1:09:05<08:16,  2.58s/it]
 90%|######### | 1809/2000 [1:09:07<07:40,  2.41s/it]
 90%|######### | 1810/2000 [1:09:09<07:19,  2.31s/it]
 91%|######### | 1811/2000 [1:09:11<07:10,  2.28s/it]
 91%|######### | 1812/2000 [1:09:13<06:59,  2.23s/it]
 91%|######### | 1813/2000 [1:09:16<07:13,  2.32s/it]
 91%|######### | 1814/2000 [1:09:18<06:55,  2.23s/it]
 91%|######### | 1815/2000 [1:09:20<06:40,  2.16s/it]
 91%|######### | 1816/2000 [1:09:22<06:31,  2.13s/it]
 91%|######### | 1817/2000 [1:09:24<06:22,  2.09s/it]
 91%|######### | 1818/2000 [1:09:26<06:27,  2.13s/it]
 91%|######### | 1819/2000 [1:09:28<06:13,  2.06s/it]
 91%|#########1| 1820/2000 [1:09:30<06:11,  2.06s/it]
 91%|#########1| 1821/2000 [1:09:32<06:10,  2.07s/it]
 91%|#########1| 1822/2000 [1:09:34<06:07,  2.06s/it]
 91%|#########1| 1823/2000 [1:09:36<06:07,  2.08s/it]
 91%|#########1| 1824/2000 [1:09:38<06:07,  2.09s/it]
 91%|#########1| 1825/2000 [1:09:40<06:03,  2.08s/it]
                                                     

 91%|#########1| 1825/2000 [1:09:40<06:03,  2.08s/it]
 91%|#########1| 1826/2000 [1:09:42<06:01,  2.08s/it]
 91%|#########1| 1827/2000 [1:09:45<06:02,  2.09s/it]
 91%|#########1| 1828/2000 [1:09:47<05:55,  2.07s/it]
 91%|#########1| 1829/2000 [1:09:48<05:44,  2.02s/it]
 92%|#########1| 1830/2000 [1:09:51<06:05,  2.15s/it]
 92%|#########1| 1831/2000 [1:09:54<06:33,  2.33s/it]
 92%|#########1| 1832/2000 [1:09:55<06:04,  2.17s/it]
 92%|#########1| 1833/2000 [1:09:57<05:52,  2.11s/it]
 92%|#########1| 1834/2000 [1:09:59<05:43,  2.07s/it]
 92%|#########1| 1835/2000 [1:10:01<05:39,  2.06s/it]
 92%|#########1| 1836/2000 [1:10:04<06:01,  2.20s/it]
 92%|#########1| 1837/2000 [1:10:06<05:43,  2.10s/it]
 92%|#########1| 1838/2000 [1:10:08<05:37,  2.08s/it]
 92%|#########1| 1839/2000 [1:10:10<05:34,  2.08s/it]
 92%|#########2| 1840/2000 [1:10:12<05:31,  2.07s/it]
 92%|#########2| 1841/2000 [1:10:14<05:28,  2.07s/it]
 92%|#########2| 1842/2000 [1:10:16<05:30,  2.09s/it]
 92%|#########2| 1843/2000 [1:10:18<05:22,  2.05s/it]
 92%|#########2| 1844/2000 [1:10:20<05:24,  2.08s/it]
 92%|#########2| 1845/2000 [1:10:22<05:16,  2.04s/it]
 92%|#########2| 1846/2000 [1:10:24<05:10,  2.02s/it]
 92%|#########2| 1847/2000 [1:10:27<05:22,  2.11s/it]
 92%|#########2| 1848/2000 [1:10:29<05:17,  2.09s/it]
 92%|#########2| 1849/2000 [1:10:31<05:20,  2.12s/it]
 92%|#########2| 1850/2000 [1:10:33<05:11,  2.07s/it]
                                                     

 92%|#########2| 1850/2000 [1:10:33<05:11,  2.07s/it]
 93%|#########2| 1851/2000 [1:10:35<05:12,  2.10s/it]
 93%|#########2| 1852/2000 [1:10:37<05:11,  2.10s/it]
 93%|#########2| 1853/2000 [1:10:39<05:09,  2.11s/it]
 93%|#########2| 1854/2000 [1:10:41<05:09,  2.12s/it]
 93%|#########2| 1855/2000 [1:10:43<05:10,  2.14s/it]
 93%|#########2| 1856/2000 [1:10:46<05:10,  2.16s/it]
 93%|#########2| 1857/2000 [1:10:48<04:56,  2.07s/it]
 93%|#########2| 1858/2000 [1:10:50<05:16,  2.23s/it]
 93%|#########2| 1859/2000 [1:10:52<05:06,  2.17s/it]
 93%|#########3| 1860/2000 [1:10:54<04:59,  2.14s/it]
 93%|#########3| 1861/2000 [1:10:56<04:47,  2.07s/it]
 93%|#########3| 1862/2000 [1:10:58<04:54,  2.14s/it]
 93%|#########3| 1863/2000 [1:11:01<04:51,  2.13s/it]
 93%|#########3| 1864/2000 [1:11:03<04:54,  2.16s/it]
 93%|#########3| 1865/2000 [1:11:05<04:50,  2.15s/it]
 93%|#########3| 1866/2000 [1:11:07<04:44,  2.12s/it]
 93%|#########3| 1867/2000 [1:11:09<04:40,  2.11s/it]
 93%|#########3| 1868/2000 [1:11:12<04:52,  2.22s/it]
 93%|#########3| 1869/2000 [1:11:14<04:44,  2.17s/it]
 94%|#########3| 1870/2000 [1:11:16<04:31,  2.09s/it]
 94%|#########3| 1871/2000 [1:11:17<04:23,  2.04s/it]
 94%|#########3| 1872/2000 [1:11:20<04:25,  2.08s/it]
 94%|#########3| 1873/2000 [1:11:22<04:19,  2.04s/it]
 94%|#########3| 1874/2000 [1:11:24<04:14,  2.02s/it]
 94%|#########3| 1875/2000 [1:11:25<04:09,  2.00s/it]
                                                     

 94%|#########3| 1875/2000 [1:11:25<04:09,  2.00s/it]
 94%|#########3| 1876/2000 [1:11:28<04:16,  2.07s/it]
 94%|#########3| 1877/2000 [1:11:30<04:13,  2.06s/it]
 94%|#########3| 1878/2000 [1:11:32<04:10,  2.06s/it]
 94%|#########3| 1879/2000 [1:11:34<04:07,  2.05s/it]
 94%|#########3| 1880/2000 [1:11:36<04:12,  2.10s/it]
 94%|#########4| 1881/2000 [1:11:38<04:10,  2.11s/it]
 94%|#########4| 1882/2000 [1:11:40<04:06,  2.09s/it]
 94%|#########4| 1883/2000 [1:11:42<04:03,  2.09s/it]
 94%|#########4| 1884/2000 [1:11:44<04:02,  2.09s/it]
 94%|#########4| 1885/2000 [1:11:46<03:55,  2.05s/it]
 94%|#########4| 1886/2000 [1:11:49<04:01,  2.12s/it]
 94%|#########4| 1887/2000 [1:11:51<04:00,  2.13s/it]
 94%|#########4| 1888/2000 [1:11:53<03:58,  2.13s/it]
 94%|#########4| 1889/2000 [1:11:55<03:50,  2.07s/it]
 94%|#########4| 1890/2000 [1:11:57<03:50,  2.10s/it]
 95%|#########4| 1891/2000 [1:11:59<03:49,  2.11s/it]
 95%|#########4| 1892/2000 [1:12:01<03:48,  2.12s/it]
 95%|#########4| 1893/2000 [1:12:03<03:46,  2.11s/it]
 95%|#########4| 1894/2000 [1:12:05<03:40,  2.08s/it]
 95%|#########4| 1895/2000 [1:12:07<03:37,  2.07s/it]
 95%|#########4| 1896/2000 [1:12:10<03:38,  2.10s/it]
 95%|#########4| 1897/2000 [1:12:12<03:32,  2.07s/it]
 95%|#########4| 1898/2000 [1:12:14<03:29,  2.06s/it]
 95%|#########4| 1899/2000 [1:12:16<03:26,  2.04s/it]
 95%|#########5| 1900/2000 [1:12:18<03:24,  2.04s/it]
                                                     

{'loss': '3.236', 'grad_norm': '1.006', 'learning_rate': '8.409e-06', 'epoch': '0.3119'}
{'loss': '3.288', 'grad_norm': '1.087', 'learning_rate': '6.201e-06', 'epoch': '0.3162'}
{'loss': '3.246', 'grad_norm': '1.17', 'learning_rate': '4.325e-06', 'epoch': '0.3204'}
{'loss': '3.285', 'grad_norm': '0.9856', 'learning_rate': '2.782e-06', 'epoch': '0.3247'}
 95%|#########5| 1900/2000 [1:12:18<03:24,  2.04s/it]

  0%|          | 0/239 [00:00<?, ?it/s][A

  1%|          | 2/239 [00:00<00:12, 18.95it/s][A

  2%|1         | 4/239 [00:00<00:22, 10.61it/s][A

  3%|2         | 6/239 [00:00<00:22, 10.35it/s][A

  3%|3         | 8/239 [00:00<00:21, 10.62it/s][A

  4%|4         | 10/239 [00:00<00:20, 11.23it/s][A

  5%|5         | 12/239 [00:01<00:20, 11.26it/s][A

  6%|5         | 14/239 [00:01<00:19, 11.52it/s][A

  7%|6         | 16/239 [00:01<00:19, 11.52it/s][A

  8%|7         | 18/239 [00:01<00:19, 11.41it/s][A

  8%|8         | 20/239 [00:01<00:19, 11.41it/s][A

  9%|9         | 22/239 [00:01<00:18, 11.42it/s][A

 10%|#         | 24/239 [00:02<00:18, 11.52it/s][A

 11%|#         | 26/239 [00:02<00:18, 11.45it/s][A

 12%|#1        | 28/239 [00:02<00:18, 11.48it/s][A

 13%|#2        | 30/239 [00:02<00:18, 11.11it/s][A

 13%|#3        | 32/239 [00:02<00:18, 11.12it/s][A

 14%|#4        | 34/239 [00:02<00:17, 11.40it/s][A

 15%|#5        | 36/239 [00:03<00:17, 11.57it/s][A

 16%|#5        | 38/239 [00:03<00:17, 11.62it/s][A

 17%|#6        | 40/239 [00:03<00:17, 11.48it/s][A

 18%|#7        | 42/239 [00:03<00:17, 11.55it/s][A

 18%|#8        | 44/239 [00:03<00:17, 11.30it/s][A

 19%|#9        | 46/239 [00:04<00:16, 11.49it/s][A

 20%|##        | 48/239 [00:04<00:16, 11.32it/s][A

 21%|##        | 50/239 [00:04<00:16, 11.54it/s][A

 22%|##1       | 52/239 [00:04<00:16, 11.36it/s][A

 23%|##2       | 54/239 [00:04<00:15, 11.59it/s][A

 23%|##3       | 56/239 [00:04<00:16, 11.05it/s][A

 24%|##4       | 58/239 [00:05<00:15, 11.56it/s][A

 25%|##5       | 60/239 [00:05<00:15, 11.48it/s][A

 26%|##5       | 62/239 [00:05<00:15, 11.63it/s][A

 27%|##6       | 64/239 [00:05<00:15, 11.41it/s][A

 28%|##7       | 66/239 [00:05<00:14, 11.66it/s][A

 28%|##8       | 68/239 [00:05<00:14, 11.46it/s][A

 29%|##9       | 70/239 [00:06<00:14, 11.47it/s][A

 30%|###       | 72/239 [00:06<00:14, 11.43it/s][A

 31%|###       | 74/239 [00:06<00:14, 11.40it/s][A

 32%|###1      | 76/239 [00:06<00:14, 11.37it/s][A

 33%|###2      | 78/239 [00:06<00:14, 11.26it/s][A

 33%|###3      | 80/239 [00:07<00:14, 11.16it/s][A

 34%|###4      | 82/239 [00:07<00:13, 11.39it/s][A

 35%|###5      | 84/239 [00:07<00:13, 11.54it/s][A

 36%|###5      | 86/239 [00:07<00:13, 11.36it/s][A

 37%|###6      | 88/239 [00:07<00:13, 11.36it/s][A

 38%|###7      | 90/239 [00:07<00:13, 11.42it/s][A

 38%|###8      | 92/239 [00:08<00:12, 11.36it/s][A

 39%|###9      | 94/239 [00:08<00:12, 11.43it/s][A

 40%|####      | 96/239 [00:08<00:12, 11.43it/s][A

 41%|####1     | 98/239 [00:08<00:12, 11.58it/s][A

 42%|####1     | 100/239 [00:08<00:11, 11.66it/s][A

 43%|####2     | 102/239 [00:08<00:11, 11.43it/s][A

 44%|####3     | 104/239 [00:09<00:11, 11.26it/s][A

 44%|####4     | 106/239 [00:09<00:11, 11.24it/s][A

 45%|####5     | 108/239 [00:09<00:11, 11.25it/s][A

 46%|####6     | 110/239 [00:09<00:11, 11.22it/s][A

 47%|####6     | 112/239 [00:09<00:11, 11.38it/s][A

 48%|####7     | 114/239 [00:10<00:10, 11.37it/s][A

 49%|####8     | 116/239 [00:10<00:10, 11.49it/s][A

 49%|####9     | 118/239 [00:10<00:10, 11.48it/s][A

 50%|#####     | 120/239 [00:10<00:10, 11.33it/s][A

 51%|#####1    | 122/239 [00:10<00:10, 10.79it/s][A

 52%|#####1    | 124/239 [00:10<00:10, 10.91it/s][A

 53%|#####2    | 126/239 [00:11<00:09, 11.33it/s][A

 54%|#####3    | 128/239 [00:11<00:10, 10.93it/s][A

 54%|#####4    | 130/239 [00:11<00:09, 11.37it/s][A

 55%|#####5    | 132/239 [00:11<00:09, 11.14it/s][A

 56%|#####6    | 134/239 [00:11<00:09, 10.99it/s][A

 57%|#####6    | 136/239 [00:12<00:09, 10.71it/s][A

 58%|#####7    | 138/239 [00:12<00:09, 10.88it/s][A

 59%|#####8    | 140/239 [00:12<00:08, 11.27it/s][A

 59%|#####9    | 142/239 [00:12<00:08, 11.16it/s][A

 60%|######    | 144/239 [00:12<00:08, 10.90it/s][A

 61%|######1   | 146/239 [00:12<00:08, 11.22it/s][A

 62%|######1   | 148/239 [00:13<00:08, 11.33it/s][A

 63%|######2   | 150/239 [00:13<00:07, 11.20it/s][A

 64%|######3   | 152/239 [00:13<00:07, 11.08it/s][A

 64%|######4   | 154/239 [00:13<00:07, 10.92it/s][A

 65%|######5   | 156/239 [00:13<00:07, 11.42it/s][A

 66%|######6   | 158/239 [00:13<00:07, 11.21it/s][A

 67%|######6   | 160/239 [00:14<00:07, 11.19it/s][A

 68%|######7   | 162/239 [00:14<00:06, 11.34it/s][A

 69%|######8   | 164/239 [00:14<00:06, 11.53it/s][A

 69%|######9   | 166/239 [00:14<00:06, 11.00it/s][A

 70%|#######   | 168/239 [00:14<00:06, 11.33it/s][A

 71%|#######1  | 170/239 [00:15<00:06, 11.26it/s][A

 72%|#######1  | 172/239 [00:15<00:05, 11.37it/s][A

 73%|#######2  | 174/239 [00:15<00:05, 11.03it/s][A

 74%|#######3  | 176/239 [00:15<00:05, 11.04it/s][A

 74%|#######4  | 178/239 [00:15<00:05, 11.11it/s][A

 75%|#######5  | 180/239 [00:15<00:05, 11.10it/s][A

 76%|#######6  | 182/239 [00:16<00:05, 11.13it/s][A

 77%|#######6  | 184/239 [00:16<00:04, 11.22it/s][A

 78%|#######7  | 186/239 [00:16<00:04, 11.28it/s][A

 79%|#######8  | 188/239 [00:16<00:04, 11.19it/s][A

 79%|#######9  | 190/239 [00:16<00:04, 10.94it/s][A

 80%|########  | 192/239 [00:17<00:04, 11.07it/s][A

 81%|########1 | 194/239 [00:17<00:03, 11.43it/s][A

 82%|########2 | 196/239 [00:17<00:04, 10.64it/s][A

 83%|########2 | 198/239 [00:17<00:03, 11.08it/s][A

 84%|########3 | 200/239 [00:17<00:03, 11.01it/s][A

 85%|########4 | 202/239 [00:17<00:03, 11.26it/s][A

 85%|########5 | 204/239 [00:18<00:03, 11.41it/s][A

 86%|########6 | 206/239 [00:18<00:02, 11.34it/s][A

 87%|########7 | 208/239 [00:18<00:02, 11.50it/s][A

 88%|########7 | 210/239 [00:18<00:02, 11.50it/s][A

 89%|########8 | 212/239 [00:18<00:02, 11.50it/s][A

 90%|########9 | 214/239 [00:18<00:02, 11.43it/s][A

 90%|######### | 216/239 [00:19<00:01, 11.53it/s][A

 91%|#########1| 218/239 [00:19<00:01, 11.52it/s][A

 92%|#########2| 220/239 [00:19<00:01, 11.40it/s][A

 93%|#########2| 222/239 [00:19<00:01, 11.00it/s][A

 94%|#########3| 224/239 [00:19<00:01, 11.40it/s][A

 95%|#########4| 226/239 [00:20<00:01, 10.97it/s][A

 95%|#########5| 228/239 [00:20<00:00, 11.28it/s][A

 96%|#########6| 230/239 [00:20<00:00, 11.67it/s][A

 97%|#########7| 232/239 [00:20<00:00, 11.62it/s][A

 98%|#########7| 234/239 [00:20<00:00, 11.59it/s][A

 99%|#########8| 236/239 [00:20<00:00, 11.33it/s][A

100%|#########9| 238/239 [00:21<00:00, 11.62it/s][A
                                                     


                                                 
[A
 95%|#########5| 1900/2000 [1:12:39<03:24,  2.04s/it]

100%|##########| 239/239 [00:21<00:00, 11.62it/s][A

{'eval_loss': '2.812', 'eval_runtime': '21.23', 'eval_samples_per_second': '45.03', 'eval_steps_per_second': '11.26', 'epoch': '0.3247'}
                                                 [A

Writing model shards:   0%|          | 0/1 [00:00<?, ?it/s][A

Writing model shards: 100%|##########| 1/1 [00:00<00:00,  2.17it/s][A
Writing model shards: 100%|##########| 1/1 [00:00<00:00,  2.17it/s]

 95%|#########5| 1901/2000 [1:12:42<14:34,  8.83s/it]
 95%|#########5| 1902/2000 [1:12:44<11:02,  6.76s/it]
 95%|#########5| 1903/2000 [1:12:46<08:35,  5.32s/it]
 95%|#########5| 1904/2000 [1:12:48<06:58,  4.36s/it]
 95%|#########5| 1905/2000 [1:12:50<05:48,  3.67s/it]
 95%|#########5| 1906/2000 [1:12:52<04:58,  3.18s/it]
 95%|#########5| 1907/2000 [1:12:55<04:25,  2.86s/it]
 95%|#########5| 1908/2000 [1:12:57<04:01,  2.63s/it]
 95%|#########5| 1909/2000 [1:12:59<03:44,  2.47s/it]
 96%|#########5| 1910/2000 [1:13:01<03:31,  2.35s/it]
 96%|#########5| 1911/2000 [1:13:03<03:24,  2.29s/it]
 96%|#########5| 1912/2000 [1:13:05<03:16,  2.23s/it]
 96%|#########5| 1913/2000 [1:13:07<03:10,  2.19s/it]
 96%|#########5| 1914/2000 [1:13:09<03:02,  2.12s/it]
 96%|#########5| 1915/2000 [1:13:11<03:03,  2.16s/it]
 96%|#########5| 1916/2000 [1:13:13<02:59,  2.13s/it]
 96%|#########5| 1917/2000 [1:13:15<02:54,  2.11s/it]
 96%|#########5| 1918/2000 [1:13:18<02:51,  2.09s/it]
 96%|#########5| 1919/2000 [1:13:20<02:48,  2.08s/it]
 96%|#########6| 1920/2000 [1:13:22<02:46,  2.08s/it]
 96%|#########6| 1921/2000 [1:13:24<02:44,  2.08s/it]
 96%|#########6| 1922/2000 [1:13:26<02:44,  2.10s/it]
 96%|#########6| 1923/2000 [1:13:28<02:40,  2.09s/it]
 96%|#########6| 1924/2000 [1:13:30<02:37,  2.07s/it]
 96%|#########6| 1925/2000 [1:13:32<02:36,  2.09s/it]
                                                     

 96%|#########6| 1925/2000 [1:13:32<02:36,  2.09s/it]
 96%|#########6| 1926/2000 [1:13:34<02:36,  2.11s/it]
 96%|#########6| 1927/2000 [1:13:36<02:31,  2.07s/it]
 96%|#########6| 1928/2000 [1:13:38<02:30,  2.08s/it]
 96%|#########6| 1929/2000 [1:13:40<02:28,  2.09s/it]
 96%|#########6| 1930/2000 [1:13:43<02:26,  2.09s/it]
 97%|#########6| 1931/2000 [1:13:45<02:24,  2.09s/it]
 97%|#########6| 1932/2000 [1:13:47<02:32,  2.24s/it]
 97%|#########6| 1933/2000 [1:13:49<02:24,  2.16s/it]
 97%|#########6| 1934/2000 [1:13:51<02:18,  2.10s/it]
 97%|#########6| 1935/2000 [1:13:53<02:13,  2.05s/it]
 97%|#########6| 1936/2000 [1:13:55<02:12,  2.08s/it]
 97%|#########6| 1937/2000 [1:13:57<02:09,  2.05s/it]
 97%|#########6| 1938/2000 [1:13:59<02:09,  2.08s/it]
 97%|#########6| 1939/2000 [1:14:01<02:03,  2.03s/it]
 97%|#########7| 1940/2000 [1:14:03<02:05,  2.09s/it]
 97%|#########7| 1941/2000 [1:14:06<02:03,  2.10s/it]
 97%|#########7| 1942/2000 [1:14:08<02:01,  2.09s/it]
 97%|#########7| 1943/2000 [1:14:10<02:01,  2.13s/it]
 97%|#########7| 1944/2000 [1:14:12<01:58,  2.12s/it]
 97%|#########7| 1945/2000 [1:14:14<01:54,  2.08s/it]
 97%|#########7| 1946/2000 [1:14:16<01:55,  2.13s/it]
 97%|#########7| 1947/2000 [1:14:18<01:51,  2.11s/it]
 97%|#########7| 1948/2000 [1:14:20<01:48,  2.09s/it]
 97%|#########7| 1949/2000 [1:14:22<01:45,  2.07s/it]
 98%|#########7| 1950/2000 [1:14:24<01:43,  2.06s/it]
                                                     

 98%|#########7| 1950/2000 [1:14:24<01:43,  2.06s/it]
 98%|#########7| 1951/2000 [1:14:26<01:40,  2.05s/it]
 98%|#########7| 1952/2000 [1:14:29<01:46,  2.22s/it]
 98%|#########7| 1953/2000 [1:14:31<01:40,  2.13s/it]
 98%|#########7| 1954/2000 [1:14:33<01:36,  2.10s/it]
 98%|#########7| 1955/2000 [1:14:35<01:36,  2.14s/it]
 98%|#########7| 1956/2000 [1:14:37<01:33,  2.12s/it]
 98%|#########7| 1957/2000 [1:14:39<01:28,  2.07s/it]
 98%|#########7| 1958/2000 [1:14:41<01:25,  2.03s/it]
 98%|#########7| 1959/2000 [1:14:43<01:24,  2.06s/it]
 98%|#########8| 1960/2000 [1:14:45<01:23,  2.08s/it]
 98%|#########8| 1961/2000 [1:14:48<01:21,  2.08s/it]
 98%|#########8| 1962/2000 [1:14:50<01:17,  2.05s/it]
 98%|#########8| 1963/2000 [1:14:52<01:15,  2.05s/it]
 98%|#########8| 1964/2000 [1:14:54<01:13,  2.04s/it]
 98%|#########8| 1965/2000 [1:14:56<01:11,  2.04s/it]
 98%|#########8| 1966/2000 [1:14:58<01:09,  2.04s/it]
 98%|#########8| 1967/2000 [1:15:00<01:07,  2.04s/it]
 98%|#########8| 1968/2000 [1:15:02<01:04,  2.03s/it]
 98%|#########8| 1969/2000 [1:15:04<01:03,  2.04s/it]
 98%|#########8| 1970/2000 [1:15:06<01:01,  2.03s/it]
 99%|#########8| 1971/2000 [1:15:08<00:59,  2.04s/it]
 99%|#########8| 1972/2000 [1:15:10<00:57,  2.05s/it]
 99%|#########8| 1973/2000 [1:15:12<00:55,  2.06s/it]
 99%|#########8| 1974/2000 [1:15:14<00:53,  2.06s/it]
 99%|#########8| 1975/2000 [1:15:16<00:51,  2.05s/it]
                                                     

 99%|#########8| 1975/2000 [1:15:16<00:51,  2.05s/it]
 99%|#########8| 1976/2000 [1:15:18<00:49,  2.05s/it]
 99%|#########8| 1977/2000 [1:15:20<00:47,  2.05s/it]
 99%|#########8| 1978/2000 [1:15:22<00:45,  2.05s/it]
 99%|#########8| 1979/2000 [1:15:24<00:42,  2.05s/it]
 99%|#########9| 1980/2000 [1:15:26<00:40,  2.04s/it]
 99%|#########9| 1981/2000 [1:15:28<00:38,  2.04s/it]
 99%|#########9| 1982/2000 [1:15:30<00:36,  2.04s/it]
 99%|#########9| 1983/2000 [1:15:32<00:34,  2.04s/it]
 99%|#########9| 1984/2000 [1:15:34<00:32,  2.04s/it]
 99%|#########9| 1985/2000 [1:15:37<00:30,  2.04s/it]
 99%|#########9| 1986/2000 [1:15:39<00:28,  2.04s/it]
 99%|#########9| 1987/2000 [1:15:41<00:26,  2.04s/it]
 99%|#########9| 1988/2000 [1:15:43<00:24,  2.07s/it]
 99%|#########9| 1989/2000 [1:15:45<00:22,  2.04s/it]
100%|#########9| 1990/2000 [1:15:47<00:20,  2.04s/it]
100%|#########9| 1991/2000 [1:15:49<00:18,  2.04s/it]
100%|#########9| 1992/2000 [1:15:51<00:17,  2.19s/it]
100%|#########9| 1993/2000 [1:15:53<00:15,  2.15s/it]
100%|#########9| 1994/2000 [1:15:55<00:12,  2.12s/it]
100%|#########9| 1995/2000 [1:15:57<00:10,  2.10s/it]
100%|#########9| 1996/2000 [1:16:00<00:08,  2.19s/it]
100%|#########9| 1997/2000 [1:16:02<00:06,  2.15s/it]
100%|#########9| 1998/2000 [1:16:04<00:04,  2.16s/it]
100%|#########9| 1999/2000 [1:16:06<00:02,  2.10s/it]
100%|##########| 2000/2000 [1:16:08<00:00,  2.19s/it]
                                                     

{'loss': '3.246', 'grad_norm': '1.107', 'learning_rate': '1.577e-06', 'epoch': '0.329'}
{'loss': '3.396', 'grad_norm': '1.082', 'learning_rate': '7.107e-07', 'epoch': '0.3332'}
{'loss': '3.24', 'grad_norm': '1.118', 'learning_rate': '1.848e-07', 'epoch': '0.3375'}
{'loss': '3.313', 'grad_norm': '1.079', 'learning_rate': '2.734e-10', 'epoch': '0.3418'}
100%|##########| 2000/2000 [1:16:08<00:00,  2.19s/it]

  0%|          | 0/239 [00:00<?, ?it/s][A

  1%|1         | 3/239 [00:00<00:13, 17.11it/s][A

  2%|2         | 5/239 [00:00<00:15, 14.64it/s][A

  3%|2         | 7/239 [00:00<00:17, 13.40it/s][A

  4%|3         | 9/239 [00:00<00:19, 11.89it/s][A

  5%|4         | 11/239 [00:00<00:19, 11.90it/s][A

  5%|5         | 13/239 [00:01<00:18, 12.16it/s][A

  6%|6         | 15/239 [00:01<00:18, 11.89it/s][A

  7%|7         | 17/239 [00:01<00:18, 12.20it/s][A

  8%|7         | 19/239 [00:01<00:17, 12.40it/s][A

  9%|8         | 21/239 [00:01<00:18, 11.74it/s][A

 10%|9         | 23/239 [00:01<00:18, 11.58it/s][A

 10%|#         | 25/239 [00:02<00:18, 11.38it/s][A

 11%|#1        | 27/239 [00:02<00:19, 11.13it/s][A

 12%|#2        | 29/239 [00:02<00:18, 11.07it/s][A

 13%|#2        | 31/239 [00:02<00:19, 10.83it/s][A

 14%|#3        | 33/239 [00:02<00:19, 10.76it/s][A

 15%|#4        | 35/239 [00:03<00:18, 10.81it/s][A

 15%|#5        | 37/239 [00:03<00:19, 10.34it/s][A

 16%|#6        | 39/239 [00:03<00:18, 10.56it/s][A

 17%|#7        | 41/239 [00:03<00:18, 10.52it/s][A

 18%|#7        | 43/239 [00:03<00:18, 10.79it/s][A

 19%|#8        | 45/239 [00:03<00:18, 10.60it/s][A

 20%|#9        | 47/239 [00:04<00:18, 10.35it/s][A

 21%|##        | 49/239 [00:04<00:18, 10.48it/s][A

 21%|##1       | 51/239 [00:04<00:18, 10.34it/s][A

 22%|##2       | 53/239 [00:04<00:17, 10.64it/s][A

 23%|##3       | 55/239 [00:04<00:17, 10.46it/s][A

 24%|##3       | 57/239 [00:05<00:18, 10.10it/s][A

 25%|##4       | 59/239 [00:05<00:17, 10.18it/s][A

 26%|##5       | 61/239 [00:05<00:16, 10.73it/s][A

 26%|##6       | 63/239 [00:05<00:17,  9.96it/s][A

 27%|##7       | 65/239 [00:05<00:17, 10.00it/s][A

 28%|##8       | 67/239 [00:06<00:16, 10.74it/s][A

 29%|##8       | 69/239 [00:06<00:15, 10.87it/s][A

 30%|##9       | 71/239 [00:06<00:14, 11.40it/s][A

 31%|###       | 73/239 [00:06<00:14, 11.66it/s][A

 31%|###1      | 75/239 [00:06<00:15, 10.85it/s][A

 32%|###2      | 77/239 [00:06<00:14, 11.30it/s][A

 33%|###3      | 79/239 [00:07<00:13, 11.57it/s][A

 34%|###3      | 81/239 [00:07<00:13, 11.30it/s][A

 35%|###4      | 83/239 [00:07<00:13, 11.66it/s][A

 36%|###5      | 85/239 [00:07<00:13, 11.48it/s][A

 36%|###6      | 87/239 [00:07<00:13, 11.41it/s][A

 37%|###7      | 89/239 [00:07<00:13, 11.40it/s][A

 38%|###8      | 91/239 [00:08<00:12, 11.90it/s][A

 39%|###8      | 93/239 [00:08<00:12, 11.56it/s][A

 40%|###9      | 95/239 [00:08<00:12, 11.52it/s][A

 41%|####      | 97/239 [00:08<00:11, 11.92it/s][A

 41%|####1     | 99/239 [00:08<00:11, 11.90it/s][A

 42%|####2     | 101/239 [00:08<00:11, 12.46it/s][A

 43%|####3     | 103/239 [00:09<00:11, 11.66it/s][A

 44%|####3     | 105/239 [00:09<00:11, 11.58it/s][A

 45%|####4     | 107/239 [00:09<00:11, 11.95it/s][A

 46%|####5     | 109/239 [00:09<00:10, 12.07it/s][A

 46%|####6     | 111/239 [00:09<00:10, 11.82it/s][A

 47%|####7     | 113/239 [00:10<00:10, 11.76it/s][A

 48%|####8     | 115/239 [00:10<00:10, 12.32it/s][A

 49%|####8     | 117/239 [00:10<00:10, 11.94it/s][A

 50%|####9     | 119/239 [00:10<00:10, 11.79it/s][A

 51%|#####     | 121/239 [00:10<00:09, 12.38it/s][A

 51%|#####1    | 123/239 [00:10<00:09, 12.20it/s][A

 52%|#####2    | 125/239 [00:10<00:09, 11.87it/s][A

 53%|#####3    | 127/239 [00:11<00:09, 11.86it/s][A

 54%|#####3    | 129/239 [00:11<00:09, 11.57it/s][A

 55%|#####4    | 131/239 [00:11<00:09, 11.75it/s][A

 56%|#####5    | 133/239 [00:11<00:08, 11.93it/s][A

 56%|#####6    | 135/239 [00:11<00:08, 11.76it/s][A

 57%|#####7    | 137/239 [00:11<00:08, 12.30it/s][A

 58%|#####8    | 139/239 [00:12<00:08, 11.40it/s][A

 59%|#####8    | 141/239 [00:12<00:08, 11.80it/s][A

 60%|#####9    | 143/239 [00:12<00:08, 11.43it/s][A

 61%|######    | 145/239 [00:12<00:08, 11.41it/s][A

 62%|######1   | 147/239 [00:12<00:07, 11.77it/s][A

 62%|######2   | 149/239 [00:13<00:07, 11.74it/s][A

 63%|######3   | 151/239 [00:13<00:07, 11.74it/s][A

 64%|######4   | 153/239 [00:13<00:07, 12.03it/s][A

 65%|######4   | 155/239 [00:13<00:07, 11.85it/s][A

 66%|######5   | 157/239 [00:13<00:07, 11.29it/s][A

 67%|######6   | 159/239 [00:13<00:06, 11.71it/s][A

 67%|######7   | 161/239 [00:14<00:06, 11.73it/s][A

 68%|######8   | 163/239 [00:14<00:06, 12.13it/s][A

 69%|######9   | 165/239 [00:14<00:06, 12.08it/s][A

 70%|######9   | 167/239 [00:14<00:05, 12.03it/s][A

 71%|#######   | 169/239 [00:14<00:05, 12.08it/s][A

 72%|#######1  | 171/239 [00:14<00:05, 12.45it/s][A

 72%|#######2  | 173/239 [00:15<00:05, 12.20it/s][A

 73%|#######3  | 175/239 [00:15<00:05, 11.94it/s][A

 74%|#######4  | 177/239 [00:15<00:05, 11.82it/s][A

 75%|#######4  | 179/239 [00:15<00:04, 12.08it/s][A

 76%|#######5  | 181/239 [00:15<00:04, 12.09it/s][A

 77%|#######6  | 183/239 [00:15<00:04, 12.07it/s][A

 77%|#######7  | 185/239 [00:16<00:04, 11.80it/s][A

 78%|#######8  | 187/239 [00:16<00:04, 12.04it/s][A

 79%|#######9  | 189/239 [00:16<00:04, 12.02it/s][A

 80%|#######9  | 191/239 [00:16<00:03, 12.08it/s][A

 81%|########  | 193/239 [00:16<00:03, 11.77it/s][A

 82%|########1 | 195/239 [00:16<00:03, 11.91it/s][A

 82%|########2 | 197/239 [00:17<00:03, 12.13it/s][A

 83%|########3 | 199/239 [00:17<00:03, 12.09it/s][A

 84%|########4 | 201/239 [00:17<00:03, 12.05it/s][A

 85%|########4 | 203/239 [00:17<00:02, 12.02it/s][A

 86%|########5 | 205/239 [00:17<00:02, 12.36it/s][A

 87%|########6 | 207/239 [00:17<00:02, 12.33it/s][A

 87%|########7 | 209/239 [00:18<00:02, 12.17it/s][A

 88%|########8 | 211/239 [00:18<00:02, 11.96it/s][A

 89%|########9 | 213/239 [00:18<00:02, 12.19it/s][A

 90%|########9 | 215/239 [00:18<00:02, 11.83it/s][A

 91%|######### | 217/239 [00:18<00:01, 12.05it/s][A

 92%|#########1| 219/239 [00:18<00:01, 11.98it/s][A

 92%|#########2| 221/239 [00:19<00:01, 12.06it/s][A

 93%|#########3| 223/239 [00:19<00:01, 12.01it/s][A

 94%|#########4| 225/239 [00:19<00:01, 12.21it/s][A

 95%|#########4| 227/239 [00:19<00:00, 12.18it/s][A

 96%|#########5| 229/239 [00:19<00:00, 12.51it/s][A

 97%|#########6| 231/239 [00:19<00:00, 12.21it/s][A

 97%|#########7| 233/239 [00:20<00:00, 12.19it/s][A

 98%|#########8| 235/239 [00:20<00:00, 11.41it/s][A

 99%|#########9| 237/239 [00:20<00:00, 11.30it/s][A

100%|##########| 239/239 [00:20<00:00, 11.96it/s][A
                                                     


                                                 
[A
100%|##########| 2000/2000 [1:16:29<00:00,  2.19s/it]

100%|##########| 239/239 [00:20<00:00, 11.96it/s][A

{'eval_loss': '2.81', 'eval_runtime': '20.63', 'eval_samples_per_second': '46.34', 'eval_steps_per_second': '11.58', 'epoch': '0.3418'}
                                                 [A

Writing model shards:   0%|          | 0/1 [00:00<?, ?it/s][A

Writing model shards: 100%|##########| 1/1 [00:00<00:00,  1.81it/s][A
Writing model shards: 100%|##########| 1/1 [00:00<00:00,  1.81it/s]

                                                     

100%|##########| 2000/2000 [1:16:31<00:00,  2.19s/it][transformers] There were missing keys in the checkpoint model loaded: ['lm_head.weight'].

100%|##########| 2000/2000 [1:16:31<00:00,  2.30s/it]
{'train_runtime': '4591', 'train_samples_per_second': '3.485', 'train_steps_per_second': '0.436', 'train_loss': '4.45', 'epoch': '0.3418'}

Writing model shards:   0%|          | 0/1 [00:00<?, ?it/s]
Writing model shards: 100%|##########| 1/1 [00:00<00:00,  2.14it/s]
Writing model shards: 100%|##########| 1/1 [00:00<00:00,  2.14it/s]

  0%|          | 0/239 [00:00<?, ?it/s]
  1%|          | 2/239 [00:00<00:20, 11.73it/s]
  2%|1         | 4/239 [00:00<00:22, 10.47it/s]
  3%|2         | 6/239 [00:00<00:19, 11.98it/s]
  3%|3         | 8/239 [00:00<00:18, 12.50it/s]
  4%|4         | 10/239 [00:00<00:17, 12.79it/s]
  5%|5         | 12/239 [00:00<00:18, 12.41it/s]
  6%|5         | 14/239 [00:01<00:17, 12.83it/s]
  7%|6         | 16/239 [00:01<00:17, 12.55it/s]
  8%|7         | 18/239 [00:01<00:17, 12.74it/s]
  8%|8         | 20/239 [00:01<00:16, 12.93it/s]
  9%|9         | 22/239 [00:01<00:16, 12.91it/s]
 10%|#         | 24/239 [00:01<00:17, 12.44it/s]
 11%|#         | 26/239 [00:02<00:16, 12.63it/s]
 12%|#1        | 28/239 [00:02<00:18, 11.59it/s]
 13%|#2        | 30/239 [00:02<00:17, 11.88it/s]
 13%|#3        | 32/239 [00:02<00:17, 11.80it/s]
 14%|#4        | 34/239 [00:02<00:16, 12.32it/s]
 15%|#5        | 36/239 [00:02<00:16, 12.03it/s]
 16%|#5        | 38/239 [00:03<00:16, 11.84it/s]
 17%|#6        | 40/239 [00:03<00:16, 12.19it/s]
 18%|#7        | 42/239 [00:03<00:16, 12.30it/s]
 18%|#8        | 44/239 [00:03<00:17, 10.84it/s]
 19%|#9        | 46/239 [00:03<00:17, 11.10it/s]
 20%|##        | 48/239 [00:03<00:16, 11.70it/s]
 21%|##        | 50/239 [00:04<00:16, 11.61it/s]
 22%|##1       | 52/239 [00:04<00:15, 12.05it/s]
 23%|##2       | 54/239 [00:04<00:15, 11.91it/s]
 23%|##3       | 56/239 [00:04<00:14, 12.21it/s]
 24%|##4       | 58/239 [00:04<00:14, 12.35it/s]
 25%|##5       | 60/239 [00:04<00:14, 12.48it/s]
 26%|##5       | 62/239 [00:05<00:14, 12.50it/s]
 27%|##6       | 64/239 [00:05<00:13, 12.86it/s]
 28%|##7       | 66/239 [00:05<00:13, 12.92it/s]
 28%|##8       | 68/239 [00:05<00:13, 12.77it/s]
 29%|##9       | 70/239 [00:05<00:13, 12.51it/s]
 30%|###       | 72/239 [00:05<00:12, 13.06it/s]
 31%|###       | 74/239 [00:06<00:13, 12.66it/s]
 32%|###1      | 76/239 [00:06<00:12, 12.94it/s]
 33%|###2      | 78/239 [00:06<00:12, 12.78it/s]
 33%|###3      | 80/239 [00:06<00:12, 12.79it/s]
 34%|###4      | 82/239 [00:06<00:12, 12.45it/s]
 35%|###5      | 84/239 [00:06<00:12, 12.39it/s]
 36%|###5      | 86/239 [00:06<00:11, 13.00it/s]
 37%|###6      | 88/239 [00:07<00:11, 12.87it/s]
 38%|###7      | 90/239 [00:07<00:11, 13.14it/s]
 38%|###8      | 92/239 [00:07<00:12, 11.70it/s]
 39%|###9      | 94/239 [00:07<00:13, 10.81it/s]
 40%|####      | 96/239 [00:07<00:13, 10.68it/s]
 41%|####1     | 98/239 [00:08<00:13, 10.67it/s]
 42%|####1     | 100/239 [00:08<00:12, 10.86it/s]
 43%|####2     | 102/239 [00:08<00:12, 11.15it/s]
 44%|####3     | 104/239 [00:08<00:12, 10.98it/s]
 44%|####4     | 106/239 [00:08<00:11, 11.11it/s]
 45%|####5     | 108/239 [00:08<00:11, 11.17it/s]
 46%|####6     | 110/239 [00:09<00:11, 10.93it/s]
 47%|####6     | 112/239 [00:09<00:11, 11.07it/s]
 48%|####7     | 114/239 [00:09<00:11, 11.28it/s]
 49%|####8     | 116/239 [00:09<00:10, 11.34it/s]
 49%|####9     | 118/239 [00:09<00:10, 11.01it/s]
 50%|#####     | 120/239 [00:10<00:10, 10.98it/s]
 51%|#####1    | 122/239 [00:10<00:10, 11.24it/s]
 52%|#####1    | 124/239 [00:10<00:10, 10.86it/s]
 53%|#####2    | 126/239 [00:10<00:10, 11.09it/s]
 54%|#####3    | 128/239 [00:10<00:09, 11.19it/s]
 54%|#####4    | 130/239 [00:10<00:09, 11.44it/s]
 55%|#####5    | 132/239 [00:11<00:08, 11.91it/s]
 56%|#####6    | 134/239 [00:11<00:08, 11.74it/s]
 57%|#####6    | 136/239 [00:11<00:08, 11.95it/s]
 58%|#####7    | 138/239 [00:11<00:08, 11.94it/s]
 59%|#####8    | 140/239 [00:11<00:08, 12.29it/s]
 59%|#####9    | 142/239 [00:11<00:08, 12.04it/s]
 60%|######    | 144/239 [00:12<00:07, 12.41it/s]
 61%|######1   | 146/239 [00:12<00:08, 11.56it/s]
 62%|######1   | 148/239 [00:12<00:07, 11.72it/s]
 63%|######2   | 150/239 [00:12<00:07, 11.71it/s]
 64%|######3   | 152/239 [00:12<00:07, 11.72it/s]
 64%|######4   | 154/239 [00:12<00:07, 12.00it/s]
 65%|######5   | 156/239 [00:13<00:07, 11.67it/s]
 66%|######6   | 158/239 [00:13<00:07, 11.31it/s]
 67%|######6   | 160/239 [00:13<00:07, 10.76it/s]
 68%|######7   | 162/239 [00:13<00:07, 10.54it/s]
 69%|######8   | 164/239 [00:13<00:07, 10.59it/s]
 69%|######9   | 166/239 [00:14<00:06, 10.94it/s]
 70%|#######   | 168/239 [00:14<00:06, 11.08it/s]
 71%|#######1  | 170/239 [00:14<00:06, 11.22it/s]
 72%|#######1  | 172/239 [00:14<00:05, 11.80it/s]
 73%|#######2  | 174/239 [00:14<00:05, 11.89it/s]
 74%|#######3  | 176/239 [00:14<00:05, 12.06it/s]
 74%|#######4  | 178/239 [00:15<00:05, 12.15it/s]
 75%|#######5  | 180/239 [00:15<00:04, 11.91it/s]
 76%|#######6  | 182/239 [00:15<00:04, 12.45it/s]
 77%|#######6  | 184/239 [00:15<00:04, 12.39it/s]
 78%|#######7  | 186/239 [00:15<00:04, 11.91it/s]
 79%|#######8  | 188/239 [00:15<00:04, 12.22it/s]
 79%|#######9  | 190/239 [00:16<00:04, 11.85it/s]
 80%|########  | 192/239 [00:16<00:03, 12.24it/s]
 81%|########1 | 194/239 [00:16<00:03, 12.01it/s]
 82%|########2 | 196/239 [00:16<00:04, 10.59it/s]
 83%|########2 | 198/239 [00:16<00:04,  9.79it/s]
 84%|########3 | 200/239 [00:17<00:04,  9.69it/s]
 85%|########4 | 202/239 [00:17<00:03,  9.96it/s]
 85%|########5 | 204/239 [00:17<00:03, 10.22it/s]
 86%|########6 | 206/239 [00:17<00:03,  9.86it/s]
 87%|########7 | 208/239 [00:17<00:02, 10.44it/s]
 88%|########7 | 210/239 [00:18<00:02, 10.29it/s]
 89%|########8 | 212/239 [00:18<00:02, 10.52it/s]
 90%|########9 | 214/239 [00:18<00:02, 10.81it/s]
 90%|######### | 216/239 [00:18<00:02, 10.85it/s]
 91%|#########1| 218/239 [00:18<00:01, 11.35it/s]
 92%|#########2| 220/239 [00:18<00:01, 11.43it/s]
 93%|#########2| 222/239 [00:19<00:01, 11.69it/s]
 94%|#########3| 224/239 [00:19<00:01, 11.40it/s]
 95%|#########4| 226/239 [00:19<00:01, 11.24it/s]
 95%|#########5| 228/239 [00:19<00:00, 11.50it/s]
 96%|#########6| 230/239 [00:19<00:00, 11.32it/s]
 97%|#########7| 232/239 [00:19<00:00, 11.57it/s]
 98%|#########7| 234/239 [00:20<00:00, 11.54it/s]
 99%|#########8| 236/239 [00:20<00:00, 11.82it/s]
100%|#########9| 238/239 [00:20<00:00, 11.45it/s]
100%|##########| 239/239 [00:20<00:00, 11.61it/s]
[final] summary: {"phase": "kd-t2p-kd-skew", "kd_teacher": "runs/target/final", "kd_tau": 1.0, "kd_alpha": 0.5, "kd_skew": 0.1, "student_params_m": 100.68, "teacher_params_m": 226.53, "best_eval_loss": 2.8104279041290283, "best_checkpoint": "E:\\python projects\\nano_SLMs\\runs\\kd-t2p-kd-skew\\checkpoint-2000", "final_eval": {"eval_loss": 2.8104279041290283, "eval_runtime": 20.6246, "eval_samples_per_second": 46.353, "eval_steps_per_second": 11.588, "epoch": 0.3417927027257968}, "resumed_from": null}
