task,split,step,loss
control,train,50,3.4016683101654053
control,train,100,2.400164842605591
control,train,150,2.184211015701294
control,train,200,2.0466620922088623
control,train,250,1.9097017049789429
control,train,300,1.8322608470916748
control,train,350,1.7819076776504517
control,train,400,1.7666635513305664
control,train,450,1.7185856103897095
control,train,500,1.7179814577102661
control,train,550,1.7022500038146973
control,train,600,1.673913836479187
control,train,650,1.6877970695495605
control,train,700,1.6622984409332275
control,train,750,1.655792236328125
control,train,800,1.6438162326812744
control,train,850,1.6609784364700317
control,train,900,1.627045750617981
control,train,950,1.6008491516113281
control,train,1000,1.6268521547317505
control,train,1050,1.6122984886169434
control,train,1100,1.587287425994873
control,train,1150,1.5806493759155273
control,train,1200,1.5686177015304565
control,train,1250,1.5862362384796143
control,train,1300,1.597191572189331
control,train,1350,1.5531710386276245
control,train,1400,1.559507131576538
control,train,1450,1.5378479957580566
control,train,1500,1.5700525045394897
control,train,1550,1.5544906854629517
control,train,1600,1.5576328039169312
control,train,1650,1.5305285453796387
control,train,1700,1.540797472000122
control,train,1750,1.5088728666305542
control,train,1800,1.5121115446090698
control,train,1850,1.530064582824707
control,train,1900,1.5096927881240845
control,train,1950,1.5310226678848267
control,train,2000,1.54485285282135
control,train,2050,1.519838571548462
control,train,2100,1.512515664100647
control,train,2150,1.5200326442718506
control,train,2200,1.4882129430770874
control,train,2250,1.5005309581756592
control,train,2300,1.5082573890686035
control,train,2350,1.4797732830047607
control,train,2400,1.4846084117889404
control,train,2450,1.4895920753479004
control,train,2500,1.4905402660369873
control,train,2550,1.4879933595657349
control,train,2600,1.4748692512512207
control,train,2650,1.4858511686325073
control,train,2700,1.479790210723877
control,train,2750,1.4818514585494995
control,train,2800,1.4757391214370728
control,train,2850,1.4589518308639526
control,train,2900,1.4572868347167969
control,train,2950,1.4718742370605469
control,train,3000,1.4560240507125854
control,train,3050,1.4533758163452148
control,train,3100,1.4688174724578857
control,train,3150,1.4530746936798096
control,train,3200,1.4718528985977173
control,train,3250,1.4489272832870483
control,train,3300,1.448781132698059
control,train,3350,1.451813817024231
control,train,3400,1.4420976638793945
control,train,3450,1.4374912977218628
control,train,3500,1.4491052627563477
control,train,3550,1.44106125831604
control,train,3600,1.4492998123168945
control,train,3650,1.4290248155593872
control,train,3700,1.433302402496338
control,train,3750,1.428836703300476
control,train,3800,1.4258936643600464
control,train,3850,1.4149647951126099
control,train,3900,1.4122555255889893
control,train,3950,1.4233598709106445
control,train,4000,1.4212844371795654
control,train,4050,1.4080315828323364
control,train,4100,1.4156951904296875
control,train,4150,1.3950440883636475
control,train,4200,1.3948217630386353
control,train,4250,1.3809266090393066
control,train,4300,1.378931999206543
control,train,4350,1.3486942052841187
control,train,4400,1.3603988885879517
control,train,4450,1.3600318431854248
control,train,4500,1.3611197471618652
control,train,4550,1.3518495559692383
control,train,4600,1.3603408336639404
control,train,4650,1.3450053930282593
control,train,4700,1.3497133255004883
control,train,4750,1.3518413305282593
control,train,4800,1.3464393615722656
control,train,4850,1.3493762016296387
control,train,4900,1.3441985845565796
control,train,4950,1.3426737785339355
control,train,5000,1.3539541959762573
control,train,5050,1.3378362655639648
control,train,5100,1.3364967107772827
control,train,5150,1.3320826292037964
control,train,5200,1.3403140306472778
control,train,5250,1.3344459533691406
control,train,5300,1.3482422828674316
control,train,5350,1.3565950393676758
control,train,5400,1.3313549757003784
control,train,5450,1.3323062658309937
control,train,5500,1.3165748119354248
control,train,5550,1.3239924907684326
control,train,5600,1.3278311491012573
control,train,5650,1.316023826599121
control,train,5700,1.3196628093719482
control,train,5750,1.315443992614746
control,train,5800,1.331028699874878
control,train,5850,1.3227331638336182
control,train,5900,1.3200722932815552
control,train,5950,1.3342317342758179
control,train,6000,1.3201640844345093
control,train,6050,1.3153817653656006
control,train,6100,1.3088860511779785
control,train,6150,1.3145079612731934
control,train,6200,1.3150748014450073
control,train,6250,1.3184819221496582
control,train,6300,1.327022910118103
control,train,6350,1.3179391622543335
control,train,6400,1.3197909593582153
control,train,6450,1.3158830404281616
control,train,6500,1.3082375526428223
control,train,6550,1.2916029691696167
control,train,6600,1.3082880973815918
control,train,6650,1.3098489046096802
control,train,6700,1.2990778684616089
control,train,6750,1.3073303699493408
control,train,6800,1.3106809854507446
control,train,6850,1.3079712390899658
control,train,6900,1.2955315113067627
control,train,6950,1.311735987663269
control,train,7000,1.305740475654602
control,train,7050,1.2985703945159912
control,train,7100,1.3132338523864746
control,train,7150,1.297184944152832
control,train,7200,1.3040062189102173
control,train,7250,1.296044111251831
control,train,7300,1.31471586227417
control,train,7350,1.3084251880645752
control,train,7400,1.304957628250122
control,train,7450,1.2997585535049438
control,train,7500,1.3064298629760742
control,train,7550,1.288304328918457
control,train,7600,1.286055564880371
control,train,7650,1.2984287738800049
control,train,7700,1.2913192510604858
control,train,7750,1.299402117729187
control,train,7800,1.2973496913909912
control,train,7850,1.2921152114868164
control,train,7900,1.30098557472229
control,train,7950,1.292802095413208
control,train,8000,1.2910199165344238
control,train,8050,1.2886320352554321
control,train,8100,1.2901932001113892
control,train,8150,1.2917765378952026
control,train,8200,1.2988733053207397
control,train,8250,1.2880386114120483
control,train,8300,1.2938810586929321
control,train,8350,1.2969776391983032
control,train,8400,1.284475564956665
control,train,8450,1.292107343673706
control,train,8500,1.282749891281128
control,train,8550,1.2903248071670532
control,train,8600,1.2949497699737549
control,train,8650,1.2813791036605835
control,train,8700,1.2740802764892578
control,train,8750,1.2778077125549316
control,train,8800,1.2753665447235107
control,train,8850,1.2882717847824097
control,train,8900,1.279557466506958
control,train,8950,1.2939692735671997
control,train,9000,1.2705578804016113
control,train,9050,1.287143349647522
control,train,9100,1.2884820699691772
control,train,9150,1.2883702516555786
control,train,9200,1.2838599681854248
control,train,9250,1.2733166217803955
control,train,9300,1.2846705913543701
control,train,9350,1.2864917516708374
control,train,9400,1.2883059978485107
control,train,9450,1.2812941074371338
control,train,9500,1.2812836170196533
control,train,9550,1.2705823183059692
control,train,9600,1.2939965724945068
control,train,9650,1.282566785812378
control,train,9700,1.269688606262207
control,train,9750,1.2765525579452515
control,train,9800,1.2672489881515503
control,train,9850,1.2737839221954346
control,train,9900,1.2621347904205322
control,train,9950,1.2680580615997314
control,train,10000,1.2789634466171265
control,train,10050,1.284986138343811
control,train,10100,1.275006651878357
control,train,10150,1.2779340744018555
control,train,10200,1.2759959697723389
control,train,10250,1.2719392776489258
control,train,10300,1.2774068117141724
control,train,10350,1.2752972841262817
control,train,10400,1.2625865936279297
control,train,10450,1.2690528631210327
control,train,10500,1.282543659210205
control,train,10550,1.2747448682785034
control,train,10600,1.270017147064209
control,train,10650,1.269731879234314
control,train,10700,1.2720005512237549
control,train,10750,1.2679166793823242
control,train,10800,1.257501482963562
control,train,10850,1.2554795742034912
control,train,10900,1.2625840902328491
control,train,10950,1.2671962976455688
control,train,11000,1.258195161819458
control,train,11050,1.2737466096878052
control,train,11100,1.258925437927246
control,train,11150,1.2774873971939087
control,train,11200,1.276564359664917
control,train,11250,1.2668883800506592
control,train,11300,1.2701364755630493
control,train,11350,1.2644492387771606
control,train,11400,1.2580054998397827
control,train,11450,1.2638084888458252
control,train,11500,1.2567218542099
control,train,11550,1.264478325843811
control,train,11600,1.2624143362045288
control,train,11650,1.2740397453308105
control,train,11700,1.2599588632583618
control,train,11750,1.2690534591674805
control,train,11800,1.2655491828918457
control,train,11850,1.2496609687805176
control,train,11900,1.2511903047561646
control,train,11950,1.2544825077056885
control,train,12000,1.2618743181228638
control,train,12050,1.2472262382507324
control,train,12100,1.2615395784378052
control,train,12150,1.2598477602005005
control,train,12200,1.2633967399597168
control,train,12250,1.259883999824524
control,train,12300,1.2587881088256836
control,train,12350,1.2637978792190552
control,train,12400,1.2567788362503052
control,train,12450,1.2622970342636108
control,train,12500,1.2653138637542725
control,train,12550,1.2629611492156982
control,train,12600,1.2529995441436768
control,train,12650,1.255834698677063
control,train,12700,1.253687858581543
control,train,12750,1.2549020051956177
control,train,12800,1.2597355842590332
control,train,12850,1.2596464157104492
control,train,12900,1.2518349885940552
control,train,12950,1.2363132238388062
control,train,13000,1.2416982650756836
control,train,13050,1.2524398565292358
control,train,13100,1.255335807800293
control,train,13150,1.2552483081817627
control,train,13200,1.246037244796753
control,train,13250,1.2461363077163696
control,train,13300,1.253159999847412
control,train,13350,1.2487289905548096
control,train,13400,1.248834490776062
control,train,13450,1.247909426689148
control,train,13500,1.2547353506088257
control,train,13550,1.2649859189987183
control,train,13600,1.262763261795044
control,train,13650,1.2508909702301025
control,train,13700,1.2498886585235596
control,train,13750,1.250817060470581
control,train,13800,1.2512595653533936
control,train,13850,1.2591956853866577
control,train,13900,1.2562947273254395
control,train,13950,1.2509125471115112
control,train,14000,1.2429687976837158
control,train,14050,1.2430698871612549
control,train,14100,1.2505611181259155
control,train,14150,1.2350887060165405
control,train,14200,1.2388849258422852
control,train,14250,1.243550419807434
control,train,14300,1.241745948791504
control,train,14350,1.2435640096664429
control,train,14400,1.238695502281189
control,train,14450,1.241278052330017
control,train,14500,1.2501020431518555
control,train,14550,1.2562179565429688
control,train,14600,1.2499489784240723
control,train,14650,1.248559594154358
control,train,14700,1.2549138069152832
control,train,14750,1.2476959228515625
control,train,14800,1.2401448488235474
control,train,14850,1.2528537511825562
control,train,14900,1.2549666166305542
control,train,14950,1.255232334136963
control,train,15000,1.2475905418395996
control,train,15050,1.2375693321228027
control,train,15100,1.230521321296692
control,train,15150,1.2478619813919067
control,train,15200,1.236405372619629
control,train,15250,1.237135410308838
control,train,15300,1.2318364381790161
control,train,15350,1.2436307668685913
control,train,15400,1.2530540227890015
control,train,15450,1.2558155059814453
control,train,15500,1.2394778728485107
control,train,15550,1.233766794204712
control,train,15600,1.2482855319976807
control,train,15650,1.2491532564163208
control,train,15700,1.2364232540130615
control,train,15750,1.2408562898635864
control,train,15800,1.2427936792373657
control,train,15850,1.251410722732544
control,train,15900,1.2404588460922241
control,train,15950,1.243219017982483
control,train,16000,1.245219349861145
control,train,16050,1.2483892440795898
control,train,16100,1.240460991859436
control,train,16150,1.2262121438980103
control,train,16200,1.2260327339172363
control,train,16250,1.2315901517868042
control,train,16300,1.235405683517456
control,train,16350,1.2355477809906006
control,train,16400,1.2467998266220093
control,train,16450,1.225601077079773
control,train,16500,1.244827151298523
control,train,16550,1.2468578815460205
control,train,16600,1.2373546361923218
control,train,16650,1.2363040447235107
control,train,16700,1.2433664798736572
control,train,16750,1.2435388565063477
control,train,16800,1.247868537902832
control,train,16850,1.2321373224258423
control,train,16900,1.2441411018371582
control,train,16950,1.2328681945800781
control,train,17000,1.2460365295410156
control,train,17050,1.233978033065796
control,train,17100,1.2414743900299072
control,train,17150,1.2530804872512817
control,train,17200,1.226089596748352
control,train,17250,1.2227296829223633
control,train,17300,1.2274971008300781
control,train,17350,1.2349549531936646
control,train,17400,1.2306634187698364
control,train,17450,1.230972409248352
control,train,17500,1.2332377433776855
control,train,17550,1.2310841083526611
control,train,17600,1.2518885135650635
control,train,17650,1.227604627609253
control,train,17700,1.2402124404907227
control,train,17750,1.2465863227844238
control,train,17800,1.233596920967102
control,train,17850,1.238559365272522
control,train,17900,1.2337288856506348
control,train,17950,1.239271640777588
control,train,18000,1.2383012771606445
control,train,18050,1.2337876558303833
control,train,18100,1.2421491146087646
control,train,18150,1.2393956184387207
control,train,18200,1.2303881645202637
control,train,18250,1.2340903282165527
control,train,18300,1.2207984924316406
control,train,18350,1.224591851234436
control,train,18400,1.2281278371810913
control,train,18450,1.2235100269317627
control,train,18500,1.2399511337280273
control,train,18550,1.2251030206680298
control,train,18600,1.2315154075622559
control,train,18650,1.2210556268692017
control,train,18700,1.227116346359253
control,train,18750,1.2292544841766357
control,train,18800,1.232194185256958
control,train,18850,1.243330955505371
control,train,18900,1.2378870248794556
control,train,18950,1.241490125656128
control,train,19000,1.2296017408370972
control,train,19050,1.2316116094589233
control,train,19100,1.2416054010391235
control,train,19150,1.2309296131134033
control,train,19200,1.2359431982040405
control,train,19250,1.2277408838272095
control,train,19300,1.244879961013794
control,train,19350,1.211850643157959
control,train,19400,1.213148832321167
control,train,19450,1.2292629480361938
control,train,19500,1.2274606227874756
control,train,19550,1.2286087274551392
control,train,19600,1.2270846366882324
control,train,19650,1.23065984249115
control,train,19700,1.226151704788208
control,train,19750,1.2336952686309814
control,train,19800,1.2277805805206299
control,train,19850,1.2346729040145874
control,train,19900,1.2339659929275513
control,train,19950,1.2346595525741577
control,train,20000,1.2361174821853638
control,train,20050,1.2233127355575562
control,train,20100,1.2297520637512207
control,train,20150,1.2228399515151978
control,train,20200,1.2318648099899292
control,train,20250,1.2330933809280396
control,train,20300,1.2286584377288818
control,train,20350,1.2401846647262573
control,train,20400,1.2253656387329102
control,train,20450,1.1998814344406128
control,train,20500,1.2103112936019897
control,train,20550,1.2262272834777832
control,train,20600,1.2099642753601074
control,train,20650,1.228564739227295
control,train,20700,1.2242040634155273
control,train,20750,1.2228751182556152
control,train,20800,1.2283225059509277
control,train,20850,1.2278151512145996
control,train,20900,1.2343335151672363
control,train,20950,1.2181793451309204
control,train,21000,1.2338988780975342
control,train,21050,1.2389442920684814
control,train,21100,1.2221225500106812
control,train,21150,1.230859637260437
control,train,21200,1.2307019233703613
control,train,21250,1.2207703590393066
control,train,21300,1.2354838848114014
control,train,21350,1.2259583473205566
control,train,21400,1.2362792491912842
control,train,21450,1.2285093069076538
control,train,21500,1.2152782678604126
control,train,21550,1.2200264930725098
control,train,21600,1.2167298793792725
control,train,21650,1.2119717597961426
control,train,21700,1.2202630043029785
control,train,21750,1.2144221067428589
control,train,21800,1.22108793258667
control,train,21850,1.2223927974700928
control,train,21900,1.2254786491394043
control,train,21950,1.2177143096923828
control,train,22000,1.222985863685608
control,train,22050,1.2309643030166626
control,train,22100,1.21977961063385
control,train,22150,1.2297053337097168
control,train,22200,1.225366473197937
control,train,22250,1.216583013534546
control,train,22300,1.221785306930542
control,train,22350,1.2267909049987793
control,train,22400,1.2353304624557495
control,train,22450,1.2339165210723877
control,train,22500,1.2292122840881348
control,train,22550,1.2194926738739014
control,train,22600,1.2068965435028076
control,train,22650,1.2111215591430664
control,train,22700,1.2160652875900269
control,train,22750,1.203557014465332
control,train,22800,1.2105470895767212
control,train,22850,1.2193868160247803
control,train,22900,1.2169842720031738
control,train,22950,1.2256150245666504
control,train,23000,1.2165247201919556
control,train,23050,1.2175389528274536
control,train,23100,1.2159024477005005
control,train,23150,1.2277991771697998
control,train,23200,1.2275867462158203
control,train,23250,1.2226097583770752
control,train,23300,1.23199462890625
control,train,23350,1.2201119661331177
control,train,23400,1.2330315113067627
control,train,23450,1.2234184741973877
control,train,23500,1.2357257604599
control,train,23550,1.2269470691680908
control,train,23600,1.2253925800323486
control,train,23650,1.199987769126892
control,train,23700,1.2016319036483765
control,train,23750,1.2067255973815918
control,train,23800,1.2125365734100342
control,train,23850,1.219337821006775
control,train,23900,1.2191996574401855
control,train,23950,1.217026948928833
control,train,24000,1.2171932458877563
control,train,24050,1.2279636859893799
control,train,24100,1.213149905204773
control,train,24150,1.2164198160171509
control,train,24200,1.2276206016540527
control,train,24250,1.2185343503952026
control,train,24300,1.2195134162902832
control,train,24350,1.2157056331634521
control,train,24400,1.2221940755844116
control,train,24450,1.2243728637695312
control,train,24500,1.2278034687042236
control,train,24550,1.230054497718811
control,train,24600,1.2191020250320435
control,train,24650,1.2230759859085083
control,train,24700,1.2229397296905518
control,train,24750,1.2047635316848755
control,train,24800,1.2036943435668945
control,train,24850,1.2112590074539185
control,train,24900,1.2178621292114258
control,train,24950,1.2023272514343262
control,train,25000,1.2241798639297485
control,train,25050,1.2155792713165283
control,train,25100,1.2132084369659424
control,train,25150,1.2143903970718384
control,train,25200,1.2080291509628296
control,train,25250,1.209762692451477
control,train,25300,1.2179797887802124
control,train,25350,1.2204890251159668
control,train,25400,1.2247387170791626
control,train,25450,1.212314248085022
control,train,25500,1.2254232168197632
control,train,25550,1.2194594144821167
control,train,25600,1.2300364971160889
control,train,25650,1.2172163724899292
control,train,25700,1.2146352529525757
control,train,25750,1.2208331823349
control,train,25800,1.207392930984497
control,train,25850,1.1935557126998901
control,train,25900,1.215410828590393
control,train,25950,1.2023087739944458
control,train,26000,1.2259529829025269
control,train,26050,1.2065471410751343
control,train,26100,1.2168515920639038
control,train,26150,1.201311707496643
control,train,26200,1.2240595817565918
control,train,26250,1.2097175121307373
control,train,26300,1.2165662050247192
control,train,26350,1.2153773307800293
control,train,26400,1.2164747714996338
control,train,26450,1.213236927986145
control,train,26500,1.2172867059707642
control,train,26550,1.2085275650024414
control,train,26600,1.2229228019714355
control,train,26650,1.2227634191513062
control,train,26700,1.2154902219772339
control,train,26750,1.2184031009674072
control,train,26800,1.220932960510254
control,train,26850,1.2060168981552124
control,train,26900,1.1865613460540771
control,train,26950,1.2034709453582764
control,train,27000,1.1979507207870483
control,train,27050,1.2090966701507568
control,train,27100,1.2119061946868896
control,train,27150,1.2063995599746704
control,train,27200,1.2101962566375732
control,train,27250,1.2127773761749268
control,train,27300,1.2143349647521973
control,train,27350,1.218113899230957
control,train,27400,1.207220196723938
control,train,27450,1.2124497890472412
control,train,27500,1.2219288349151611
control,train,27550,1.2121877670288086
control,train,27600,1.2191307544708252
control,train,27650,1.214124083518982
control,train,27700,1.2216825485229492
control,train,27750,1.2171027660369873
control,train,27800,1.2118654251098633
control,train,27850,1.2205617427825928
control,train,27900,1.2239686250686646
control,train,27950,1.190134048461914
control,train,28000,1.1945304870605469
control,train,28050,1.202530860900879
control,train,28100,1.200016736984253
control,train,28150,1.2044811248779297
control,train,28200,1.2202482223510742
control,train,28250,1.2031073570251465
control,train,28300,1.2045905590057373
control,train,28350,1.2058517932891846
control,train,28400,1.2197107076644897
control,train,28450,1.2077828645706177
control,train,28500,1.211166501045227
control,train,28550,1.2101755142211914
control,train,28600,1.2147669792175293
control,train,28650,1.2138251066207886
control,train,28700,1.2106696367263794
control,train,28750,1.2164130210876465
control,train,28800,1.2182658910751343
control,train,28850,1.2073264122009277
control,train,28900,1.2235372066497803
control,train,28950,1.2121092081069946
control,train,29000,1.206384539604187
control,train,29050,1.2003222703933716
control,train,29100,1.203221321105957
control,train,29150,1.204074740409851
control,train,29200,1.2034239768981934
control,train,29250,1.2003962993621826
control,train,29300,1.2006231546401978
control,train,29350,1.205767035484314
control,train,29400,1.203791856765747
control,train,29450,1.2084696292877197
control,train,29500,1.2117573022842407
control,train,29550,1.2094638347625732
control,train,29600,1.2030645608901978
control,train,29650,1.2221922874450684
control,train,29700,1.2055706977844238
control,train,29750,1.2102370262145996
control,train,29800,1.210182785987854
control,train,29850,1.219865322113037
control,train,29900,1.2105629444122314
control,train,29950,1.2071185111999512
control,train,30000,1.2177085876464844
control,train,30050,1.2034491300582886
control,train,30100,1.196843147277832
control,train,30150,1.1992084980010986
control,train,30200,1.1981606483459473
control,train,30250,1.201849341392517
control,train,30300,1.197304129600525
control,train,30350,1.2021838426589966
control,train,30400,1.2039484977722168
control,train,30450,1.2081081867218018
control,train,30500,1.2095203399658203
control,train,30550,1.2046457529067993
control,train,30600,1.2064695358276367
control,train,30650,1.2050682306289673
control,train,30700,1.2087745666503906
control,train,30750,1.2063409090042114
control,train,30800,1.207769513130188
control,train,30850,1.212701678276062
control,train,30900,1.2072316408157349
control,train,30950,1.2184094190597534
control,train,31000,1.2063380479812622
control,train,31050,1.2138094902038574
control,train,31100,1.212316632270813
control,train,31150,1.1991714239120483
control,train,31200,1.1812089681625366
control,train,31250,1.1966856718063354
control,train,31300,1.1990594863891602
control,train,31350,1.1991204023361206
control,train,31400,1.197832465171814
control,train,31450,1.1960868835449219
control,train,31500,1.2056357860565186
control,train,31550,1.2144818305969238
control,train,31600,1.197755217552185
control,train,31650,1.202858567237854
control,train,31700,1.2049750089645386
control,train,31750,1.2061529159545898
control,train,31800,1.2019381523132324
control,train,31850,1.2126294374465942
control,train,31900,1.2059248685836792
control,train,31950,1.205277442932129
control,train,32000,1.2010695934295654
control,train,32050,1.2176885604858398
control,train,32100,1.2148864269256592
control,train,32150,1.2087534666061401
control,train,32200,1.2036937475204468
control,train,32250,1.1915591955184937
control,train,32300,1.1899781227111816
control,train,32350,1.201927661895752
control,train,32400,1.195319414138794
control,train,32450,1.1937799453735352
control,train,32500,1.1942663192749023
control,train,32550,1.205423355102539
control,train,32600,1.1924545764923096
control,train,32650,1.1989696025848389
control,train,32700,1.2012724876403809
control,train,32750,1.2032463550567627
control,train,32800,1.1963999271392822
control,train,32850,1.1901448965072632
control,train,32900,1.212561011314392
control,train,32950,1.2129454612731934
control,train,33000,1.2005302906036377
control,train,33050,1.2077586650848389
control,train,33100,1.2084298133850098
control,train,33150,1.2043325901031494
control,train,33200,1.2116659879684448
control,train,33250,1.2186771631240845
control,train,33300,1.1949790716171265
control,train,33350,1.1833481788635254
control,train,33400,1.1859934329986572
control,train,33450,1.1936538219451904
control,train,33500,1.1941330432891846
control,train,33550,1.1980701684951782
control,train,33600,1.1890602111816406
control,train,33650,1.2007969617843628
control,train,33700,1.1953412294387817
control,train,33750,1.204531192779541
control,train,33800,1.2033344507217407
control,train,33850,1.202099323272705
control,train,33900,1.199406623840332
control,train,33950,1.1968283653259277
control,train,34000,1.2096128463745117
control,train,34050,1.2080668210983276
control,train,34100,1.2074333429336548
control,train,34150,1.2131884098052979
control,train,34200,1.2015788555145264
control,train,34250,1.201804757118225
control,train,34300,1.2076300382614136
control,train,34350,1.2001371383666992
control,train,34400,1.1836574077606201
control,train,34450,1.1799544095993042
control,train,34500,1.1902903318405151
control,train,34550,1.1821032762527466
control,train,34600,1.2011522054672241
control,train,34650,1.193326711654663
control,train,34700,1.201419472694397
control,train,34750,1.1888641119003296
control,train,34800,1.1913173198699951
control,train,34850,1.1903332471847534
control,train,34900,1.2060469388961792
control,train,34950,1.2006378173828125
control,train,35000,1.202041506767273
control,train,35050,1.210479974746704
control,train,35100,1.206587314605713
control,train,35150,1.2132400274276733
control,train,35200,1.1923667192459106
control,train,35250,1.204620361328125
control,train,35300,1.2077176570892334
control,train,35350,1.1987148523330688
control,train,35400,1.2144643068313599
control,train,35450,1.1847811937332153
control,train,35500,1.187226414680481
control,train,35550,1.1904124021530151
control,train,35600,1.1877422332763672
control,train,35650,1.1934926509857178
control,train,35700,1.1884410381317139
control,train,35750,1.190432071685791
control,train,35800,1.1864063739776611
control,train,35850,1.200557827949524
control,train,35900,1.1975603103637695
control,train,35950,1.2033861875534058
control,train,36000,1.2002516984939575
control,train,36050,1.1926389932632446
control,train,36100,1.2059687376022339
control,train,36150,1.2034461498260498
control,train,36200,1.200478196144104
control,train,36250,1.2138465642929077
control,train,36300,1.191818118095398
control,train,36350,1.1973958015441895
control,train,36400,1.1966252326965332
control,train,36450,1.1996393203735352
control,train,36500,1.1922441720962524
control,train,36550,1.1787042617797852
control,train,36600,1.1924175024032593
control,train,36650,1.1863750219345093
control,train,36700,1.1893731355667114
control,train,36750,1.1965540647506714
control,train,36800,1.1868623495101929
control,train,36850,1.1941107511520386
control,train,36900,1.200942873954773
control,train,36950,1.201504111289978
control,train,37000,1.1965559720993042
control,train,37050,1.1915299892425537
control,train,37100,1.1847965717315674
control,train,37150,1.1963374614715576
control,train,37200,1.2048366069793701
control,train,37250,1.1991311311721802
control,train,37300,1.1991024017333984
control,train,37350,1.195106029510498
control,train,37400,1.200920820236206
control,train,37450,1.191754937171936
control,train,37500,1.2002615928649902
control,train,37550,1.1997716426849365
control,train,37600,1.181654930114746
control,train,37650,1.1761144399642944
control,train,37700,1.181572437286377
control,train,37750,1.181683897972107
control,train,37800,1.1838865280151367
control,train,37850,1.191440224647522
control,train,37900,1.188970923423767
control,train,37950,1.1856671571731567
control,train,38000,1.199428677558899
control,train,38050,1.187786340713501
control,train,38100,1.1866403818130493
control,train,38150,1.1954436302185059
control,train,38200,1.1913405656814575
control,train,38250,1.1909228563308716
control,train,38300,1.2020717859268188
control,train,38350,1.2060909271240234
control,train,38400,1.2076053619384766
control,train,38450,1.1946637630462646
control,train,38500,1.1969627141952515
control,train,38550,1.19536554813385
control,train,38600,1.205162525177002
control,train,38650,1.1932806968688965
control,train,38700,1.1756213903427124
control,train,38750,1.1898516416549683
control,train,38800,1.1883493661880493
control,train,38850,1.1815894842147827
control,train,38900,1.1896486282348633
control,train,38950,1.1867550611495972
control,train,39000,1.1781917810440063
control,train,39050,1.1814947128295898
control,train,39100,1.1894704103469849
control,train,39150,1.1755836009979248
control,train,39200,1.191355586051941
control,train,39250,1.1930543184280396
control,train,39300,1.1923915147781372
control,train,39350,1.203073263168335
control,train,39400,1.189908742904663
control,train,39450,1.205887794494629
control,train,39500,1.1959967613220215
control,train,39550,1.1985487937927246
control,train,39600,1.2024320363998413
control,train,39650,1.194902777671814
control,train,39700,1.1926409006118774
control,train,39750,1.1852004528045654
control,train,39800,1.1698857545852661
control,train,39850,1.1762486696243286
control,train,39900,1.1829391717910767
control,train,39950,1.179521918296814
control,train,40000,1.1831097602844238
control,train,40050,1.1779074668884277
control,train,40100,1.1805566549301147
control,train,40150,1.1829651594161987
control,train,40200,1.1990408897399902
control,train,40250,1.1932966709136963
control,train,40300,1.189238429069519
control,train,40350,1.1914446353912354
control,train,40400,1.202009677886963
control,train,40450,1.1845604181289673
control,train,40500,1.1875836849212646
control,train,40550,1.1983766555786133
control,train,40600,1.194867730140686
control,train,40650,1.190621018409729
control,train,40700,1.201424241065979
control,train,40750,1.2041370868682861
control,train,40800,1.1876823902130127
control,train,40850,1.1706461906433105
control,train,40900,1.1804041862487793
control,train,40950,1.1798255443572998
control,train,41000,1.1787521839141846
control,train,41050,1.1786638498306274
control,train,41100,1.1935219764709473
control,train,41150,1.182997703552246
control,train,41200,1.1850593090057373
control,train,41250,1.1862530708312988
control,train,41300,1.1808111667633057
control,train,41350,1.2003687620162964
control,train,41400,1.1842705011367798
control,train,41450,1.1826577186584473
control,train,41500,1.1890870332717896
control,train,41550,1.1918261051177979
control,train,41600,1.1867364645004272
control,train,41650,1.1877630949020386
control,train,41700,1.1893603801727295
control,train,41750,1.1929428577423096
control,train,41800,1.196869134902954
control,train,41850,1.194501280784607
control,train,41900,1.167431354522705
control,train,41950,1.177140235900879
control,train,42000,1.1641170978546143
control,train,42050,1.1713929176330566
control,train,42100,1.1837509870529175
control,train,42150,1.1900900602340698
control,train,42200,1.1792863607406616
control,train,42250,1.1871097087860107
control,train,42300,1.1790356636047363
control,train,42350,1.1832051277160645
control,train,42400,1.185408115386963
control,train,42450,1.1863234043121338
control,train,42500,1.1838312149047852
control,train,42550,1.1986435651779175
control,train,42600,1.1897376775741577
control,train,42650,1.1946213245391846
control,train,42700,1.197508692741394
control,train,42750,1.1927261352539062
control,train,42800,1.1910744905471802
control,train,42850,1.1846119165420532
control,train,42900,1.1870025396347046
control,train,42950,1.1796954870224
control,train,43000,1.1798042058944702
control,train,43050,1.168924331665039
control,train,43100,1.1770265102386475
control,train,43150,1.1781532764434814
control,train,43200,1.175837755203247
control,train,43250,1.1767127513885498
control,train,43300,1.1906050443649292
control,train,43350,1.1780527830123901
control,train,43400,1.1709376573562622
control,train,43450,1.193536400794983
control,train,43500,1.1773701906204224
control,train,43550,1.1890177726745605
control,train,43600,1.179627776145935
control,train,43650,1.1937174797058105
control,train,43700,1.1781055927276611
control,train,43750,1.1891270875930786
control,train,43800,1.189197063446045
control,train,43850,1.1839346885681152
control,train,43900,1.1928390264511108
control,train,43950,1.191164255142212
control,train,44000,1.18378746509552
control,train,44050,1.1625890731811523
control,train,44100,1.1610078811645508
control,train,44150,1.1699001789093018
control,train,44200,1.1679930686950684
control,train,44250,1.1742244958877563
control,train,44300,1.1889946460723877
control,train,44350,1.1781593561172485
control,train,44400,1.1791564226150513
control,train,44450,1.1847840547561646
control,train,44500,1.1711214780807495
control,train,44550,1.1874215602874756
control,train,44600,1.1942776441574097
control,train,44650,1.1796138286590576
control,train,44700,1.182499647140503
control,train,44750,1.1908607482910156
control,train,44800,1.188855528831482
control,train,44850,1.1889886856079102
control,train,44900,1.1893606185913086
control,train,44950,1.184780240058899
control,train,45000,1.1832560300827026
control,train,45050,1.187576413154602
control,train,45100,1.1746000051498413
control,train,45150,1.1650171279907227
control,train,45200,1.1746169328689575
control,train,45250,1.1594796180725098
control,train,45300,1.1715977191925049
control,train,45350,1.1805946826934814
control,train,45400,1.1839561462402344
control,train,45450,1.1708205938339233
control,train,45500,1.1668986082077026
control,train,45550,1.1834412813186646
control,train,45600,1.1813758611679077
control,train,45650,1.1816715002059937
control,train,45700,1.177365779876709
control,train,45750,1.1821136474609375
control,train,45800,1.1832971572875977
control,train,45850,1.1821823120117188
control,train,45900,1.177520751953125
control,train,45950,1.1827062368392944
control,train,46000,1.1767910718917847
control,train,46050,1.1913197040557861
control,train,46100,1.199312448501587
control,train,46150,1.1856205463409424
control,train,46200,1.1636606454849243
control,train,46250,1.1627278327941895
control,train,46300,1.1704431772232056
control,train,46350,1.1655046939849854
control,train,46400,1.1703492403030396
control,train,46450,1.1692062616348267
control,train,46500,1.1776398420333862
control,train,46550,1.1742370128631592
control,train,46600,1.1744083166122437
control,train,46650,1.1904374361038208
control,train,46700,1.1711277961730957
control,train,46750,1.186647653579712
control,train,46800,1.1754330396652222
control,train,46850,1.17424476146698
control,train,46900,1.1804314851760864
control,train,46950,1.182080864906311
control,train,47000,1.187768816947937
control,train,47050,1.181044578552246
control,train,47100,1.1796742677688599
control,train,47150,1.188615083694458
control,train,47200,1.1872453689575195
control,train,47250,1.1693137884140015
control,train,47300,1.1675721406936646
control,train,47350,1.159549593925476
control,train,47400,1.1808279752731323
control,train,47450,1.1666206121444702
control,train,47500,1.16912841796875
control,train,47550,1.1727497577667236
control,train,47600,1.1705948114395142
control,train,47650,1.1794642210006714
control,train,47700,1.1724990606307983
control,train,47750,1.1679970026016235
control,train,47800,1.176191806793213
control,train,47850,1.1836435794830322
control,train,47900,1.171527624130249
control,train,47950,1.1695334911346436
control,train,48000,1.1729106903076172
control,train,48050,1.178454041481018
control,train,48100,1.1919742822647095
control,train,48150,1.1776114702224731
control,train,48200,1.1878260374069214
control,train,48250,1.1815237998962402
control,train,48300,1.1730608940124512
control,train,48350,1.1463745832443237
control,train,48400,1.1567888259887695
control,train,48450,1.1634726524353027
control,train,48500,1.1569156646728516
control,train,48550,1.1721291542053223
control,train,48600,1.1717884540557861
control,train,48650,1.1706255674362183
control,train,48700,1.1738173961639404
control,train,48750,1.170432448387146
control,train,48800,1.1686863899230957
control,train,48850,1.1808595657348633
control,train,48900,1.1793255805969238
control,train,48950,1.1802736520767212
control,train,49000,1.1752079725265503
control,train,49050,1.1842814683914185
control,train,49100,1.1648541688919067
control,train,49150,1.1777851581573486
control,train,49200,1.1723216772079468
control,train,49250,1.179492473602295
control,train,49300,1.1785147190093994
control,train,49350,1.1969103813171387
control,train,49400,1.1786348819732666
control,train,49450,1.1559393405914307
control,train,49500,1.1540414094924927
control,train,49550,1.167060375213623
control,train,49600,1.1594433784484863
control,train,49650,1.1663769483566284
control,train,49700,1.1798845529556274
control,train,49750,1.1697121858596802
control,train,49800,1.1766879558563232
control,train,49850,1.1704463958740234
control,train,49900,1.1688870191574097
control,train,49950,1.1706039905548096
control,train,50000,1.1735705137252808
control,train,50050,1.1696312427520752
control,train,50100,1.1726114749908447
control,train,50150,1.1751056909561157
control,train,50200,1.1813851594924927
control,train,50250,1.177120327949524
control,train,50300,1.1734254360198975
control,train,50350,1.1685817241668701
control,train,50400,1.182593822479248
control,train,50450,1.160934329032898
control,train,50500,1.1509207487106323
control,train,50550,1.1594661474227905
control,train,50600,1.1623551845550537
control,train,50650,1.1608158349990845
control,train,50700,1.1666829586029053
control,train,50750,1.1653008460998535
control,train,50800,1.1618640422821045
control,train,50850,1.1667097806930542
control,train,50900,1.1733604669570923
control,train,50950,1.1592583656311035
control,train,51000,1.1665505170822144
control,train,51050,1.1667704582214355
control,train,51100,1.16768479347229
control,train,51150,1.1760687828063965
control,train,51200,1.1759623289108276
control,train,51250,1.1690162420272827
control,train,51300,1.1739815473556519
control,train,51350,1.177223801612854
control,train,51400,1.1731667518615723
control,train,51450,1.1775867938995361
control,train,51500,1.1881864070892334
control,train,51550,1.1442984342575073
control,train,51600,1.146660566329956
control,train,51650,1.1580467224121094
control,train,51700,1.1728798151016235
control,train,51750,1.1500539779663086
control,train,51800,1.1712673902511597
control,train,51850,1.1695157289505005
control,train,51900,1.1565282344818115
control,train,51950,1.1661720275878906
control,train,52000,1.1615828275680542
control,train,52050,1.1744229793548584
control,train,52100,1.1627084016799927
control,train,52150,1.175196647644043
control,train,52200,1.1693439483642578
control,train,52250,1.169883370399475
control,train,52300,1.1695464849472046
control,train,52350,1.1740164756774902
control,train,52400,1.1655913591384888
control,train,52450,1.1734626293182373
control,train,52500,1.1763399839401245
control,train,52550,1.1785283088684082
control,train,52600,1.164395809173584
control,train,52650,1.1588271856307983
control,train,52700,1.151390552520752
control,train,52750,1.1499286890029907
control,train,52800,1.1634193658828735
control,train,52850,1.1515673398971558
control,train,52900,1.166041374206543
control,train,52950,1.172411322593689
control,train,53000,1.1670987606048584
control,train,53050,1.157605767250061
control,train,53100,1.170924186706543
control,train,53150,1.1796302795410156
control,train,53200,1.1639091968536377
control,train,53250,1.168663501739502
control,train,53300,1.164969801902771
control,train,53350,1.1541507244110107
control,train,53400,1.1810288429260254
control,train,53450,1.1559752225875854
control,train,53500,1.1683911085128784
control,train,53550,1.165074110031128
control,train,53600,1.1675751209259033
control,train,53650,1.1749728918075562
control,train,53700,1.1347973346710205
control,train,53750,1.1453535556793213
control,train,53800,1.158349871635437
control,train,53850,1.1528617143630981
control,train,53900,1.153578519821167
control,train,53950,1.1570109128952026
control,train,54000,1.158514142036438
control,train,54050,1.1588821411132812
control,train,54100,1.1629081964492798
control,train,54150,1.1658579111099243
control,train,54200,1.1602730751037598
control,train,54250,1.1687805652618408
control,train,54300,1.1739728450775146
control,train,54350,1.1681348085403442
control,train,54400,1.1752208471298218
control,train,54450,1.168473243713379
control,train,54500,1.1663700342178345
control,train,54550,1.1619465351104736
control,train,54600,1.1616830825805664
control,train,54650,1.163313865661621
control,train,54700,1.170183539390564
control,train,54750,1.1631760597229004
control,train,54800,1.150140643119812
control,train,54850,1.153638243675232
control,train,54900,1.1516716480255127
control,train,54950,1.1485347747802734
control,train,55000,1.1506956815719604
control,train,55050,1.1493258476257324
control,train,55100,1.1557304859161377
control,train,55150,1.1572109460830688
control,train,55200,1.166225790977478
control,train,55250,1.154151439666748
control,train,55300,1.1543569564819336
control,train,55350,1.158196210861206
control,train,55400,1.1705859899520874
control,train,55450,1.1590288877487183
control,train,55500,1.1599096059799194
control,train,55550,1.1640983819961548
control,train,55600,1.1654349565505981
control,train,55650,1.1663517951965332
control,train,55700,1.177635669708252
control,train,55750,1.1669528484344482
control,train,55800,1.1746212244033813
control,train,55850,1.1352709531784058
control,train,55900,1.1387823820114136
control,train,55950,1.1527429819107056
control,train,56000,1.149492621421814
control,train,56050,1.153001070022583
control,train,56100,1.167765498161316
control,train,56150,1.1442862749099731
control,train,56200,1.1543666124343872
control,train,56250,1.156502366065979
control,train,56300,1.1578612327575684
control,train,56350,1.167425274848938
control,train,56400,1.1609160900115967
control,train,56450,1.1566264629364014
control,train,56500,1.164334774017334
control,train,56550,1.1556490659713745
control,train,56600,1.1701740026474
control,train,56650,1.157960295677185
control,train,56700,1.1609073877334595
control,train,56750,1.163550853729248
control,train,56800,1.1648931503295898
control,train,56850,1.1659960746765137
control,train,56900,1.1449916362762451
control,train,56950,1.1385592222213745
control,train,57000,1.14229154586792
control,train,57050,1.151502013206482
control,train,57100,1.1507651805877686
control,train,57150,1.1512283086776733
control,train,57200,1.150669813156128
control,train,57250,1.149767279624939
control,train,57300,1.1590911149978638
control,train,57350,1.150436282157898
control,train,57400,1.151742935180664
control,train,57450,1.16141939163208
control,train,57500,1.1642882823944092
control,train,57550,1.148667335510254
control,train,57600,1.1679725646972656
control,train,57650,1.1522629261016846
control,train,57700,1.1522656679153442
control,train,57750,1.1641513109207153
control,train,57800,1.1658419370651245
control,train,57850,1.160876989364624
control,train,57900,1.153207778930664
control,train,57950,1.1668297052383423
control,train,58000,1.1470452547073364
control,train,58050,1.141937494277954
control,train,58100,1.1300005912780762
control,train,58150,1.152908205986023
control,train,58200,1.1564315557479858
control,train,58250,1.152329683303833
control,train,58300,1.1474591493606567
control,train,58350,1.1467785835266113
control,train,58400,1.1466577053070068
control,train,58450,1.1455388069152832
control,train,58500,1.1584711074829102
control,train,58550,1.1490974426269531
control,train,58600,1.1633648872375488
control,train,58650,1.1498560905456543
control,train,58700,1.147426962852478
control,train,58750,1.168696641921997
control,train,58800,1.1505637168884277
control,train,58850,1.162095308303833
control,train,58900,1.159571647644043
control,train,58950,1.1547737121582031
control,train,59000,1.165745496749878
control,train,59050,1.1324336528778076
control,train,59100,1.1291981935501099
control,train,59150,1.1465694904327393
control,train,59200,1.1452186107635498
control,train,59250,1.135656714439392
control,train,59300,1.142412543296814
control,train,59350,1.1443413496017456
control,train,59400,1.148085117340088
control,train,59450,1.1512551307678223
control,train,59500,1.1451430320739746
control,train,59550,1.1507914066314697
control,train,59600,1.1508760452270508
control,train,59650,1.1621415615081787
control,train,59700,1.1546978950500488
control,train,59750,1.1580626964569092
control,train,59800,1.153265118598938
control,train,59850,1.156936764717102
control,train,59900,1.163053035736084
control,train,59950,1.1562854051589966
control,train,60000,1.1565735340118408
control,train,60050,1.1535868644714355
control,train,60100,1.1617039442062378
control,train,60150,1.130712628364563
control,train,60200,1.1219775676727295
control,train,60250,1.1407647132873535
control,train,60300,1.1348458528518677
control,train,60350,1.1397885084152222
control,train,60400,1.143672227859497
control,train,60450,1.1377829313278198
control,train,60500,1.132609486579895
control,train,60550,1.1445393562316895
control,train,60600,1.1515806913375854
control,train,60650,1.1540597677230835
control,train,60700,1.139716386795044
control,train,60750,1.1575742959976196
control,train,60800,1.1534392833709717
control,train,60850,1.1574432849884033
control,train,60900,1.1502951383590698
control,train,60950,1.1542836427688599
control,train,61000,1.1640018224716187
control,train,61050,1.1520651578903198
control,train,61100,1.1622586250305176
control,train,61150,1.1619988679885864
control,train,61200,1.1288098096847534
control,train,61250,1.1261341571807861
control,train,61300,1.1336441040039062
control,train,61350,1.136189579963684
control,train,61400,1.1401747465133667
control,train,61450,1.1419658660888672
control,train,61500,1.1394838094711304
control,train,61550,1.1457487344741821
control,train,61600,1.128731369972229
control,train,61650,1.1420689821243286
control,train,61700,1.1305063962936401
control,train,61750,1.1467472314834595
control,train,61800,1.1323790550231934
control,train,61850,1.1448869705200195
control,train,61900,1.1558305025100708
control,train,61950,1.1531049013137817
control,train,62000,1.1502848863601685
control,train,62050,1.156864881515503
control,train,62100,1.1657295227050781
control,train,62150,1.1601730585098267
control,train,62200,1.1587004661560059
control,train,62250,1.1392998695373535
control,train,62300,1.122025728225708
control,train,62350,1.137560486793518
control,train,62400,1.1223294734954834
control,train,62450,1.1303901672363281
control,train,62500,1.1285556554794312
control,train,62550,1.145878553390503
control,train,62600,1.1318572759628296
control,train,62650,1.1422412395477295
control,train,62700,1.1391844749450684
control,train,62750,1.1413365602493286
control,train,62800,1.1458412408828735
control,train,62850,1.1380928754806519
control,train,62900,1.1511006355285645
control,train,62950,1.1457523107528687
control,train,63000,1.1580820083618164
control,train,63050,1.1537957191467285
control,train,63100,1.142390251159668
control,train,63150,1.1477731466293335
control,train,63200,1.1530016660690308
control,train,63250,1.1563010215759277
control,train,63300,1.1483433246612549
control,train,63350,1.1238703727722168
control,train,63400,1.1249017715454102
control,train,63450,1.1231048107147217
control,train,63500,1.1286559104919434
control,train,63550,1.1200635433197021
control,train,63600,1.1351927518844604
control,train,63650,1.134075403213501
control,train,63700,1.1366053819656372
control,train,63750,1.1294455528259277
control,train,63800,1.1437052488327026
control,train,63850,1.1460769176483154
control,train,63900,1.1457473039627075
control,train,63950,1.1544643640518188
control,train,64000,1.137905240058899
control,train,64050,1.1441861391067505
control,train,64100,1.1466506719589233
control,train,64150,1.1403169631958008
control,train,64200,1.1452932357788086
control,train,64250,1.1468932628631592
control,train,64300,1.1453907489776611
control,train,64350,1.1542874574661255
control,train,64400,1.1423362493515015
control,train,64450,1.1172014474868774
control,train,64500,1.1374210119247437
control,train,64550,1.1124932765960693
control,train,64600,1.1241263151168823
control,train,64650,1.1308437585830688
control,train,64700,1.1327769756317139
control,train,64750,1.1330941915512085
control,train,64800,1.1353362798690796
control,train,64850,1.1438310146331787
control,train,64900,1.132778286933899
control,train,64950,1.130758285522461
control,train,65000,1.1366894245147705
control,train,65050,1.1458632946014404
control,train,65100,1.1419055461883545
control,train,65150,1.1372746229171753
control,train,65200,1.1426396369934082
control,train,65250,1.1477508544921875
control,train,65300,1.1383098363876343
control,train,65350,1.1494747400283813
control,train,65400,1.1505322456359863
control,train,65450,1.1424301862716675
control,train,65500,1.1116034984588623
control,train,65550,1.1156611442565918
control,train,65600,1.115220546722412
control,train,65650,1.1260093450546265
control,train,65700,1.1244560480117798
control,train,65750,1.1279054880142212
control,train,65800,1.1155644655227661
control,train,65850,1.1411796808242798
control,train,65900,1.1403042078018188
control,train,65950,1.141082763671875
control,train,66000,1.1308780908584595
control,train,66050,1.1262935400009155
control,train,66100,1.1364588737487793
control,train,66150,1.1383417844772339
control,train,66200,1.1418397426605225
control,train,66250,1.1384353637695312
control,train,66300,1.1452397108078003
control,train,66350,1.1411018371582031
control,train,66400,1.1509517431259155
control,train,66450,1.1474521160125732
control,train,66500,1.1416821479797363
control,train,66550,1.124821662902832
control,train,66600,1.1132514476776123
control,train,66650,1.1219230890274048
control,train,66700,1.1287630796432495
control,train,66750,1.1102943420410156
control,train,66800,1.1265475749969482
control,train,66850,1.128962516784668
control,train,66900,1.1280205249786377
control,train,66950,1.1446212530136108
control,train,67000,1.1402268409729004
control,train,67050,1.1289727687835693
control,train,67100,1.134769082069397
control,train,67150,1.128190517425537
control,train,67200,1.139163613319397
control,train,67250,1.1400154829025269
control,train,67300,1.1374989748001099
control,train,67350,1.1424051523208618
control,train,67400,1.1301988363265991
control,train,67450,1.122806429862976
control,train,67500,1.135535717010498
control,train,67550,1.1366521120071411
control,train,67600,1.1321847438812256
control,train,67650,1.1068720817565918
control,train,67700,1.1121609210968018
control,train,67750,1.1034636497497559
control,train,67800,1.1145983934402466
control,train,67850,1.1180704832077026
control,train,67900,1.1337580680847168
control,train,67950,1.1266669034957886
control,train,68000,1.1178562641143799
control,train,68050,1.1341488361358643
control,train,68100,1.128904938697815
control,train,68150,1.1292349100112915
control,train,68200,1.1370314359664917
control,train,68250,1.1356524229049683
control,train,68300,1.1299324035644531
control,train,68350,1.1353017091751099
control,train,68400,1.1386433839797974
control,train,68450,1.1282304525375366
control,train,68500,1.1283432245254517
control,train,68550,1.1405853033065796
control,train,68600,1.1423008441925049
control,train,68650,1.1297106742858887
control,train,68700,1.1181598901748657
control,train,68750,1.1156907081604004
control,train,68800,1.10646390914917
control,train,68850,1.1036505699157715
control,train,68900,1.1127965450286865
control,train,68950,1.1240204572677612
control,train,69000,1.1285185813903809
control,train,69050,1.1119742393493652
control,train,69100,1.124259352684021
control,train,69150,1.1143534183502197
control,train,69200,1.1210726499557495
control,train,69250,1.1459441184997559
control,train,69300,1.1365183591842651
control,train,69350,1.1288864612579346
control,train,69400,1.1359829902648926
control,train,69450,1.1273298263549805
control,train,69500,1.1263378858566284
control,train,69550,1.1340296268463135
control,train,69600,1.1338133811950684
control,train,69650,1.1223806142807007
control,train,69700,1.1275523900985718
control,train,69750,1.1293723583221436
control,train,69800,1.1022095680236816
control,train,69850,1.0985660552978516
control,train,69900,1.111474633216858
control,train,69950,1.1038604974746704
control,train,70000,1.122138500213623
control,train,70050,1.1074519157409668
control,train,70100,1.1230388879776
control,train,70150,1.1153178215026855
control,train,70200,1.1114070415496826
control,train,70250,1.1157089471817017
control,train,70300,1.1342122554779053
control,train,70350,1.1184611320495605
control,train,70400,1.118524432182312
control,train,70450,1.1198176145553589
control,train,70500,1.1353353261947632
control,train,70550,1.1331044435501099
control,train,70600,1.126468539237976
control,train,70650,1.1397757530212402
control,train,70700,1.125732183456421
control,train,70750,1.139805555343628
control,train,70800,1.138858437538147
control,train,70850,1.1148115396499634
control,train,70900,1.1103675365447998
control,train,70950,1.1050056219100952
control,train,71000,1.1097387075424194
control,train,71050,1.1019376516342163
control,train,71100,1.113497018814087
control,train,71150,1.117382526397705
control,train,71200,1.120973825454712
control,train,71250,1.114850401878357
control,train,71300,1.1235202550888062
control,train,71350,1.1247758865356445
control,train,71400,1.1137391328811646
control,train,71450,1.1306955814361572
control,train,71500,1.1183936595916748
control,train,71550,1.1176072359085083
control,train,71600,1.120737075805664
control,train,71650,1.1247426271438599
control,train,71700,1.1173144578933716
control,train,71750,1.1237200498580933
control,train,71800,1.1273993253707886
control,train,71850,1.1304641962051392
control,train,71900,1.114426612854004
control,train,71950,1.0907639265060425
control,train,72000,1.105603814125061
control,train,72050,1.1074728965759277
control,train,72100,1.105711579322815
control,train,72150,1.1031055450439453
control,train,72200,1.106075644493103
control,train,72250,1.1078743934631348
control,train,72300,1.1107525825500488
control,train,72350,1.1053781509399414
control,train,72400,1.114863634109497
control,train,72450,1.1123113632202148
control,train,72500,1.1136698722839355
control,train,72550,1.128859043121338
control,train,72600,1.1156456470489502
control,train,72650,1.1148996353149414
control,train,72700,1.135545015335083
control,train,72750,1.128471851348877
control,train,72800,1.1188825368881226
control,train,72850,1.1276971101760864
control,train,72900,1.1178333759307861
control,train,72950,1.13314688205719
control,train,73000,1.0981857776641846
control,train,73050,1.0989608764648438
control,train,73100,1.1010310649871826
control,train,73150,1.1056791543960571
control,train,73200,1.1027758121490479
control,train,73250,1.106783151626587
control,train,73300,1.1072078943252563
control,train,73350,1.1089621782302856
control,train,73400,1.1006736755371094
control,train,73450,1.1078957319259644
control,train,73500,1.10066819190979
control,train,73550,1.1173397302627563
control,train,73600,1.1203428506851196
control,train,73650,1.1115055084228516
control,train,73700,1.1227580308914185
control,train,73750,1.118576169013977
control,train,73800,1.1239476203918457
control,train,73850,1.127945065498352
control,train,73900,1.1168936491012573
control,train,73950,1.1197235584259033
control,train,74000,1.1166584491729736
control,train,74050,1.1077016592025757
control,train,74100,1.0821945667266846
control,train,74150,1.0942890644073486
control,train,74200,1.0874253511428833
control,train,74250,1.0938948392868042
control,train,74300,1.107994556427002
control,train,74350,1.095588207244873
control,train,74400,1.107503056526184
control,train,74450,1.1028547286987305
control,train,74500,1.101313591003418
control,train,74550,1.1049950122833252
control,train,74600,1.113868236541748
control,train,74650,1.1199373006820679
control,train,74700,1.1150689125061035
control,train,74750,1.1194908618927002
control,train,74800,1.1197209358215332
control,train,74850,1.1146584749221802
control,train,74900,1.1035047769546509
control,train,74950,1.1290733814239502
control,train,75000,1.1136829853057861
control,train,75050,1.1206309795379639
control,train,75100,1.1270779371261597
control,train,75150,1.0906610488891602
control,train,75200,1.0778199434280396
control,train,75250,1.0932272672653198
control,train,75300,1.094312071800232
control,train,75350,1.1076089143753052
control,train,75400,1.0984561443328857
control,train,75450,1.0969388484954834
control,train,75500,1.0948349237442017
control,train,75550,1.1054797172546387
control,train,75600,1.1105453968048096
control,train,75650,1.102166771888733
control,train,75700,1.1106160879135132
control,train,75750,1.1100702285766602
control,train,75800,1.1116814613342285
control,train,75850,1.1152805089950562
control,train,75900,1.109761118888855
control,train,75950,1.115582823753357
control,train,76000,1.112191081047058
control,train,76050,1.1132999658584595
control,train,76100,1.1101188659667969
control,train,76150,1.1216011047363281
control,train,76200,1.0894488096237183
control,train,76250,1.0811724662780762
control,train,76300,1.08225679397583
control,train,76350,1.0953317880630493
control,train,76400,1.0938628911972046
control,train,76450,1.0980634689331055
control,train,76500,1.0959755182266235
control,train,76550,1.0923981666564941
control,train,76600,1.088342308998108
control,train,76650,1.0907056331634521
control,train,76700,1.1102286577224731
control,train,76750,1.0910667181015015
control,train,76800,1.1085824966430664
control,train,76850,1.0938881635665894
control,train,76900,1.1052205562591553
control,train,76950,1.1133874654769897
control,train,77000,1.1108009815216064
control,train,77050,1.1070621013641357
control,train,77100,1.117614507675171
control,train,77150,1.102749228477478
control,train,77200,1.1198235750198364
control,train,77250,1.12223482131958
control,train,77300,1.0716766119003296
control,train,77350,1.0741260051727295
control,train,77400,1.0955100059509277
control,train,77450,1.091722011566162
control,train,77500,1.0810338258743286
control,train,77550,1.088783621788025
control,train,77600,1.0968908071517944
control,train,77650,1.086716651916504
control,train,77700,1.0955612659454346
control,train,77750,1.0982650518417358
control,train,77800,1.1023602485656738
control,train,77850,1.0863324403762817
control,train,77900,1.1091163158416748
control,train,77950,1.1050097942352295
control,train,78000,1.101849913597107
control,train,78050,1.103104591369629
control,train,78100,1.110716462135315
control,train,78150,1.1068023443222046
control,train,78200,1.106990933418274
control,train,78250,1.108250617980957
control,train,78300,1.1108677387237549
control,train,78350,1.1058621406555176
control,train,78400,1.0625332593917847
control,train,78450,1.0752636194229126
control,train,78500,1.0748043060302734
control,train,78550,1.0819485187530518
control,train,78600,1.084370732307434
control,train,78650,1.0926191806793213
control,train,78700,1.0906670093536377
control,train,78750,1.103501558303833
control,train,78800,1.1005135774612427
control,train,78850,1.0830895900726318
control,train,78900,1.0980397462844849
control,train,78950,1.099926471710205
control,train,79000,1.1024446487426758
control,train,79050,1.0962443351745605
control,train,79100,1.0903382301330566
control,train,79150,1.1038124561309814
control,train,79200,1.0960346460342407
control,train,79250,1.1067302227020264
control,train,79300,1.1178419589996338
control,train,79350,1.1001715660095215
control,train,79400,1.103514313697815
control,train,79450,1.0730808973312378
control,train,79500,1.0715919733047485
control,train,79550,1.0756405591964722
control,train,79600,1.073369026184082
control,train,79650,1.0796518325805664
control,train,79700,1.0890048742294312
control,train,79750,1.0859050750732422
control,train,79800,1.0905113220214844
control,train,79850,1.0833207368850708
control,train,79900,1.0890167951583862
control,train,79950,1.0931764841079712
control,train,80000,1.0917130708694458
control,train,80050,1.097334623336792
control,train,80100,1.0912572145462036
control,train,80150,1.0974699258804321
control,train,80200,1.1034550666809082
control,train,80250,1.0930886268615723
control,train,80300,1.1076892614364624
control,train,80350,1.0933834314346313
control,train,80400,1.108564019203186
control,train,80450,1.0934406518936157
control,train,80500,1.083142876625061
control,train,80550,1.0616458654403687
control,train,80600,1.084970474243164
control,train,80650,1.0796687602996826
control,train,80700,1.0930076837539673
control,train,80750,1.099229097366333
control,train,80800,1.0767531394958496
control,train,80850,1.0802276134490967
control,train,80900,1.0910632610321045
control,train,80950,1.075828194618225
control,train,81000,1.086442470550537
control,train,81050,1.0937165021896362
control,train,81100,1.0817583799362183
control,train,81150,1.0774338245391846
control,train,81200,1.091221809387207
control,train,81250,1.094871997833252
control,train,81300,1.094347357749939
control,train,81350,1.0898798704147339
control,train,81400,1.0851625204086304
control,train,81450,1.0966129302978516
control,train,81500,1.0917166471481323
control,train,81550,1.097222924232483
control,train,81600,1.0673112869262695
control,train,81650,1.0733455419540405
control,train,81700,1.0699235200881958
control,train,81750,1.055854320526123
control,train,81800,1.0732946395874023
control,train,81850,1.071536660194397
control,train,81900,1.0846253633499146
control,train,81950,1.080846905708313
control,train,82000,1.0924490690231323
control,train,82050,1.0741742849349976
control,train,82100,1.0773918628692627
control,train,82150,1.091976523399353
control,train,82200,1.084989070892334
control,train,82250,1.0851496458053589
control,train,82300,1.0872035026550293
control,train,82350,1.0879937410354614
control,train,82400,1.0944418907165527
control,train,82450,1.0917209386825562
control,train,82500,1.0981783866882324
control,train,82550,1.0940109491348267
control,train,82600,1.0861921310424805
control,train,82650,1.0826172828674316
control,train,82700,1.0643962621688843
control,train,82750,1.0592732429504395
control,train,82800,1.0778052806854248
control,train,82850,1.0699388980865479
control,train,82900,1.0698468685150146
control,train,82950,1.0672794580459595
control,train,83000,1.075952410697937
control,train,83050,1.067733645439148
control,train,83100,1.0713156461715698
control,train,83150,1.0984668731689453
control,train,83200,1.0801477432250977
control,train,83250,1.0819307565689087
control,train,83300,1.0785030126571655
control,train,83350,1.0806459188461304
control,train,83400,1.0896365642547607
control,train,83450,1.0839815139770508
control,train,83500,1.0801615715026855
control,train,83550,1.0859456062316895
control,train,83600,1.0928555727005005
control,train,83650,1.0889495611190796
control,train,83700,1.082008719444275
control,train,83750,1.0585006475448608
control,train,83800,1.0475795269012451
control,train,83850,1.0625386238098145
control,train,83900,1.0631414651870728
control,train,83950,1.0708935260772705
control,train,84000,1.066085934638977
control,train,84050,1.0623376369476318
control,train,84100,1.0787383317947388
control,train,84150,1.0822837352752686
control,train,84200,1.0690292119979858
control,train,84250,1.073869228363037
control,train,84300,1.0777544975280762
control,train,84350,1.073875069618225
control,train,84400,1.078044056892395
control,train,84450,1.0853668451309204
control,train,84500,1.074097990989685
control,train,84550,1.0885636806488037
control,train,84600,1.0828518867492676
control,train,84650,1.095106601715088
control,train,84700,1.0853618383407593
control,train,84750,1.086442232131958
control,train,84800,1.0693148374557495
control,train,84850,1.0540353059768677
control,train,84900,1.0489426851272583
control,train,84950,1.0659291744232178
control,train,85000,1.0697590112686157
control,train,85050,1.0720248222351074
control,train,85100,1.0537657737731934
control,train,85150,1.0651271343231201
control,train,85200,1.0697451829910278
control,train,85250,1.0680049657821655
control,train,85300,1.0694113969802856
control,train,85350,1.0697665214538574
control,train,85400,1.078722357749939
control,train,85450,1.075493574142456
control,train,85500,1.07427978515625
control,train,85550,1.072041392326355
control,train,85600,1.0819908380508423
control,train,85650,1.0875509977340698
control,train,85700,1.0725337266921997
control,train,85750,1.0740066766738892
control,train,85800,1.0848264694213867
control,train,85850,1.0771052837371826
control,train,85900,1.0420860052108765
control,train,85950,1.0507490634918213
control,train,86000,1.0593863725662231
control,train,86050,1.0500317811965942
control,train,86100,1.0569941997528076
control,train,86150,1.067740559577942
control,train,86200,1.0628739595413208
control,train,86250,1.0666382312774658
control,train,86300,1.0474865436553955
control,train,86350,1.0604037046432495
control,train,86400,1.0640099048614502
control,train,86450,1.0712658166885376
control,train,86500,1.0902141332626343
control,train,86550,1.076828956604004
control,train,86600,1.0635497570037842
control,train,86650,1.0802772045135498
control,train,86700,1.0784296989440918
control,train,86750,1.0818583965301514
control,train,86800,1.0749163627624512
control,train,86850,1.0796674489974976
control,train,86900,1.0719428062438965
control,train,86950,1.0618386268615723
control,train,87000,1.0508017539978027
control,train,87050,1.0447969436645508
control,train,87100,1.0669437646865845
control,train,87150,1.0490959882736206
control,train,87200,1.0633010864257812
control,train,87250,1.0486969947814941
control,train,87300,1.0669862031936646
control,train,87350,1.0628148317337036
control,train,87400,1.0586521625518799
control,train,87450,1.0667856931686401
control,train,87500,1.0734268426895142
control,train,87550,1.0646394491195679
control,train,87600,1.0749298334121704
control,train,87650,1.0643614530563354
control,train,87700,1.064129114151001
control,train,87750,1.068843960762024
control,train,87800,1.071947455406189
control,train,87850,1.0620335340499878
control,train,87900,1.0641366243362427
control,train,87950,1.0605918169021606
control,train,88000,1.0685745477676392
control,train,88050,1.038597583770752
control,train,88100,1.0522724390029907
control,train,88150,1.0525437593460083
control,train,88200,1.049341082572937
control,train,88250,1.045790195465088
control,train,88300,1.0586421489715576
control,train,88350,1.0505037307739258
control,train,88400,1.0433976650238037
control,train,88450,1.0583183765411377
control,train,88500,1.0692873001098633
control,train,88550,1.055293321609497
control,train,88600,1.0669763088226318
control,train,88650,1.0510681867599487
control,train,88700,1.0588515996932983
control,train,88750,1.0707529783248901
control,train,88800,1.0694477558135986
control,train,88850,1.0623053312301636
control,train,88900,1.0712369680404663
control,train,88950,1.0770570039749146
control,train,89000,1.0601842403411865
control,train,89050,1.070778489112854
control,train,89100,1.0483049154281616
control,train,89150,1.0408798456192017
control,train,89200,1.0411697626113892
control,train,89250,1.0437101125717163
control,train,89300,1.0425565242767334
control,train,89350,1.0585490465164185
control,train,89400,1.0492156744003296
control,train,89450,1.0478432178497314
control,train,89500,1.0463682413101196
control,train,89550,1.0545138120651245
control,train,89600,1.061151385307312
control,train,89650,1.058436393737793
control,train,89700,1.0510506629943848
control,train,89750,1.0493743419647217
control,train,89800,1.0656352043151855
control,train,89850,1.0606025457382202
control,train,89900,1.0597563982009888
control,train,89950,1.0638978481292725
control,train,90000,1.067520260810852
control,train,90050,1.0790518522262573
control,train,90100,1.0609203577041626
control,train,90150,1.0479974746704102
control,train,90200,1.033601999282837
control,train,90250,1.0394384860992432
control,train,90300,1.0416568517684937
control,train,90350,1.0376181602478027
control,train,90400,1.0550775527954102
control,train,90450,1.0585463047027588
control,train,90500,1.0445163249969482
control,train,90550,1.0476038455963135
control,train,90600,1.0384304523468018
control,train,90650,1.0534309148788452
control,train,90700,1.0580836534500122
control,train,90750,1.0481994152069092
control,train,90800,1.0650521516799927
control,train,90850,1.0482803583145142
control,train,90900,1.0607969760894775
control,train,90950,1.0451525449752808
control,train,91000,1.077803373336792
control,train,91050,1.0425297021865845
control,train,91100,1.0476062297821045
control,train,91150,1.0638445615768433
control,train,91200,1.0607306957244873
control,train,91250,1.0244040489196777
control,train,91300,1.0400283336639404
control,train,91350,1.0368503332138062
control,train,91400,1.0303210020065308
control,train,91450,1.0467402935028076
control,train,91500,1.0397148132324219
control,train,91550,1.0505884885787964
control,train,91600,1.0385241508483887
control,train,91650,1.0340101718902588
control,train,91700,1.0449507236480713
control,train,91750,1.0651382207870483
control,train,91800,1.0487858057022095
control,train,91850,1.0506982803344727
control,train,91900,1.052232265472412
control,train,91950,1.044519305229187
control,train,92000,1.0504902601242065
control,train,92050,1.067950963973999
control,train,92100,1.058581829071045
control,train,92150,1.0419933795928955
control,train,92200,1.053603172302246
control,train,92250,1.0557291507720947
control,train,92300,1.040236234664917
control,train,92350,1.0271130800247192
control,train,92400,1.0161560773849487
control,train,92450,1.0428895950317383
control,train,92500,1.041020393371582
control,train,92550,1.0353904962539673
control,train,92600,1.0350499153137207
control,train,92650,1.0409650802612305
control,train,92700,1.041635513305664
control,train,92750,1.0398727655410767
control,train,92800,1.0458794832229614
control,train,92850,1.0550167560577393
control,train,92900,1.0417590141296387
control,train,92950,1.0491048097610474
control,train,93000,1.0397063493728638
control,train,93050,1.049719214439392
control,train,93100,1.0573017597198486
control,train,93150,1.0568431615829468
control,train,93200,1.032914400100708
control,train,93250,1.0675101280212402
control,train,93300,1.0362497568130493
control,train,93350,1.0526759624481201
control,train,93400,1.029451847076416
control,train,93450,1.0153260231018066
control,train,93500,1.0195367336273193
control,train,93550,1.0293512344360352
control,train,93600,1.0350745916366577
control,train,93650,1.0265891551971436
control,train,93700,1.0379902124404907
control,train,93750,1.038846492767334
control,train,93800,1.0335612297058105
control,train,93850,1.02968168258667
control,train,93900,1.047084927558899
control,train,93950,1.0370498895645142
control,train,94000,1.0514600276947021
control,train,94050,1.040757179260254
control,train,94100,1.0257009267807007
control,train,94150,1.0605337619781494
control,train,94200,1.0432461500167847
control,train,94250,1.0561823844909668
control,train,94300,1.0462307929992676
control,train,94350,1.0514464378356934
control,train,94400,1.0546748638153076
control,train,94450,1.0325841903686523
control,train,94500,1.0236214399337769
control,train,94550,1.0362008810043335
control,train,94600,1.0216097831726074
control,train,94650,1.0277221202850342
control,train,94700,1.0262515544891357
control,train,94750,1.0312098264694214
control,train,94800,1.0455766916275024
control,train,94850,1.035622239112854
control,train,94900,1.0356168746948242
control,train,94950,1.0325651168823242
control,train,95000,1.0392591953277588
control,train,95050,1.0386074781417847
control,train,95100,1.0261781215667725
control,train,95150,1.0349867343902588
control,train,95200,1.0430479049682617
control,train,95250,1.0408828258514404
control,train,95300,1.0495119094848633
control,train,95350,1.038211464881897
control,train,95400,1.0382267236709595
control,train,95450,1.0435593128204346
control,train,95500,1.036027431488037
control,train,95550,1.0124287605285645
control,train,95600,1.0161415338516235
control,train,95650,1.0280086994171143
control,train,95700,1.0263692140579224
control,train,95750,1.0161360502243042
control,train,95800,1.0318907499313354
control,train,95850,1.0382896661758423
control,train,95900,1.0266488790512085
control,train,95950,1.0284875631332397
control,train,96000,1.0312397480010986
control,train,96050,1.037021279335022
control,train,96100,1.0323201417922974
control,train,96150,1.0365495681762695
control,train,96200,1.033626914024353
control,train,96250,1.0345802307128906
control,train,96300,1.0247960090637207
control,train,96350,1.0364501476287842
control,train,96400,1.0329316854476929
control,train,96450,1.0526580810546875
control,train,96500,1.031836748123169
control,train,96550,1.0448206663131714
control,train,96600,1.0319520235061646
control,train,96650,1.0097742080688477
control,train,96700,1.008598804473877
control,train,96750,1.0210844278335571
control,train,96800,1.0123317241668701
control,train,96850,1.0217540264129639
control,train,96900,1.0237411260604858
control,train,96950,1.005818486213684
control,train,97000,1.0335171222686768
control,train,97050,1.0193812847137451
control,train,97100,1.0304512977600098
control,train,97150,1.0330376625061035
control,train,97200,1.0327354669570923
control,train,97250,1.0470621585845947
control,train,97300,1.0390217304229736
control,train,97350,1.0377824306488037
control,train,97400,1.0216803550720215
control,train,97450,1.0335111618041992
control,train,97500,1.0374655723571777
control,train,97550,1.0290322303771973
control,train,97600,1.0523180961608887
control,train,97650,1.0253839492797852
control,train,97700,1.0051400661468506
control,train,97750,0.9990427494049072
control,train,97800,1.0108897686004639
control,train,97850,1.027714729309082
control,train,97900,1.017948865890503
control,train,97950,1.0166616439819336
control,train,98000,1.0255722999572754
control,train,98050,1.0087361335754395
control,train,98100,1.0179622173309326
control,train,98150,1.0316767692565918
control,train,98200,1.0325087308883667
control,train,98250,1.0262874364852905
control,train,98300,1.0363993644714355
control,train,98350,1.022663950920105
control,train,98400,1.0165245532989502
control,train,98450,1.0325342416763306
control,train,98500,1.0302844047546387
control,train,98550,1.0379414558410645
control,train,98600,1.032638430595398
control,train,98650,1.0395574569702148
control,train,98700,1.0369315147399902
control,train,98750,1.0172384977340698
control,train,98800,1.017540693283081
control,train,98850,1.014491319656372
control,train,98900,1.0022621154785156
control,train,98950,1.0117201805114746
control,train,99000,1.0128451585769653
control,train,99050,1.0084402561187744
control,train,99100,1.0091540813446045
control,train,99150,1.0133028030395508
control,train,99200,1.0208510160446167
control,train,99250,1.0152654647827148
control,train,99300,1.0279260873794556
control,train,99350,1.0232387781143188
control,train,99400,1.0362218618392944
control,train,99450,1.0295008420944214
control,train,99500,1.0254145860671997
control,train,99550,1.0259342193603516
control,train,99600,1.0228514671325684
control,train,99650,1.0268769264221191
control,train,99700,1.0247329473495483
control,train,99750,1.038307547569275
control,train,99800,1.0180158615112305
control,train,99850,1.014774203300476
control,train,99900,1.0058835744857788
control,train,99950,1.009139895439148
control,train,100000,1.0178834199905396
control,train,100050,1.0104583501815796
control,train,100100,1.0113438367843628
control,train,100150,1.0127204656600952
control,train,100200,1.0162076950073242
control,train,100250,1.0095983743667603
control,train,100300,1.0063989162445068
control,train,100350,1.008710503578186
control,train,100400,1.031113624572754
control,train,100450,1.0286641120910645
control,train,100500,1.0273597240447998
control,train,100550,1.0201977491378784
control,train,100600,1.0149184465408325
control,train,100650,1.0158767700195312
control,train,100700,1.0313514471054077
control,train,100750,1.0218837261199951
control,train,100800,1.0170292854309082
control,train,100850,1.0210405588150024
control,train,100900,1.0232619047164917
control,train,100950,1.0160975456237793
control,train,101000,1.0140224695205688
control,train,101050,1.0023270845413208
control,train,101100,1.0035992860794067
control,train,101150,1.0095200538635254
control,train,101200,1.010865569114685
control,train,101250,0.9940553903579712
control,train,101300,1.014417052268982
control,train,101350,1.0164134502410889
control,train,101400,1.0190315246582031
control,train,101450,1.0241925716400146
control,train,101500,1.003864049911499
control,train,101550,1.019099473953247
control,train,101600,1.008542776107788
control,train,101650,1.0208373069763184
control,train,101700,1.0164384841918945
control,train,101750,1.0182065963745117
control,train,101800,1.0223616361618042
control,train,101850,1.0218212604522705
control,train,101900,1.0237736701965332
control,train,101950,1.004817247390747
control,train,102000,1.0051968097686768
control,train,102050,0.9935367703437805
control,train,102100,1.0047434568405151
control,train,102150,1.0012249946594238
control,train,102200,1.0102580785751343
control,train,102250,1.0135325193405151
control,train,102300,1.010807752609253
control,train,102350,1.0083239078521729
control,train,102400,1.0095243453979492
control,train,102450,1.008453369140625
control,train,102500,1.0053317546844482
control,train,102550,1.013738989830017
control,train,102600,1.0174195766448975
control,train,102650,1.0173189640045166
control,train,102700,1.0052767992019653
control,train,102750,1.023120641708374
control,train,102800,1.0215823650360107
control,train,102850,1.0130469799041748
control,train,102900,1.0115631818771362
control,train,102950,1.0233392715454102
control,train,103000,1.0110419988632202
control,train,103050,0.9927493929862976
control,train,103100,0.9910915493965149
control,train,103150,0.9939337968826294
control,train,103200,1.0018521547317505
control,train,103250,1.0073370933532715
control,train,103300,1.0127649307250977
control,train,103350,0.997424304485321
control,train,103400,1.0101958513259888
control,train,103450,0.9989795684814453
control,train,103500,1.0212621688842773
control,train,103550,1.013515591621399
control,train,103600,1.013871669769287
control,train,103650,0.9988806247711182
control,train,103700,1.0000102519989014
control,train,103750,1.0028841495513916
control,train,103800,1.0149863958358765
control,train,103850,1.0046825408935547
control,train,103900,1.0082499980926514
control,train,103950,1.0202412605285645
control,train,104000,1.0209444761276245
control,train,104050,1.0263279676437378
control,train,104100,1.0115971565246582
control,train,104150,0.9936640858650208
control,train,104200,0.9988399744033813
control,train,104250,1.0026369094848633
control,train,104300,0.9966046214103699
control,train,104350,1.0072311162948608
control,train,104400,1.0016391277313232
control,train,104450,1.0051875114440918
control,train,104500,1.0008023977279663
control,train,104550,1.0033307075500488
control,train,104600,1.0032578706741333
control,train,104650,0.9949471950531006
control,train,104700,1.0147299766540527
control,train,104750,1.00382399559021
control,train,104800,1.019100546836853
control,train,104850,1.0139609575271606
control,train,104900,1.0063151121139526
control,train,104950,1.0020760297775269
control,train,105000,1.006141185760498
control,train,105050,0.9985712170600891
control,train,105100,1.008702039718628
control,train,105150,1.0194798707962036
control,train,105200,0.9939679503440857
control,train,105250,0.9905678629875183
control,train,105300,0.9943329095840454
control,train,105350,0.986254096031189
control,train,105400,1.0040779113769531
control,train,105450,0.994779109954834
control,train,105500,0.9934403896331787
control,train,105550,0.993238091468811
control,train,105600,0.9956923127174377
control,train,105650,1.0041680335998535
control,train,105700,1.0030467510223389
control,train,105750,1.0089715719223022
control,train,105800,0.996928334236145
control,train,105850,1.0107979774475098
control,train,105900,1.0200176239013672
control,train,105950,1.0083540678024292
control,train,106000,1.0071526765823364
control,train,106050,1.0059465169906616
control,train,106100,1.0143961906433105
control,train,106150,0.9974989295005798
control,train,106200,1.0130228996276855
control,train,106250,1.0001533031463623
control,train,106300,0.9928860664367676
control,train,106350,0.9900282025337219
control,train,106400,0.9932798147201538
control,train,106450,1.0036749839782715
control,train,106500,1.0081932544708252
control,train,106550,1.0019323825836182
control,train,106600,1.0001192092895508
control,train,106650,1.0014634132385254
control,train,106700,1.0055509805679321
control,train,106750,0.9873641133308411
control,train,106800,0.9854413866996765
control,train,106850,0.993194580078125
control,train,106900,1.0003851652145386
control,train,106950,1.0012140274047852
control,train,107000,1.0019489526748657
control,train,107050,1.0181044340133667
control,train,107100,0.9952354431152344
control,train,107150,1.0200825929641724
control,train,107200,0.9907807111740112
control,train,107250,1.0046038627624512
control,train,107300,1.0021182298660278
control,train,107350,0.9872689247131348
control,train,107400,0.9741463661193848
control,train,107450,0.9963763952255249
control,train,107500,0.9954463839530945
control,train,107550,0.9862737059593201
control,train,107600,1.0044341087341309
control,train,107650,0.9994106888771057
control,train,107700,1.003972053527832
control,train,107750,1.0013597011566162
control,train,107800,0.9961826205253601
control,train,107850,0.9940547943115234
control,train,107900,0.9879453778266907
control,train,107950,0.9982205033302307
control,train,108000,0.9951125979423523
control,train,108050,1.0062891244888306
control,train,108100,1.0012123584747314
control,train,108150,1.0002614259719849
control,train,108200,1.014125108718872
control,train,108250,1.000372052192688
control,train,108300,0.9974808692932129
control,train,108350,1.0092471837997437
control,train,108400,0.9810649156570435
control,train,108450,0.9765947461128235
control,train,108500,0.9840670228004456
control,train,108550,0.9930692315101624
control,train,108600,0.9840542674064636
control,train,108650,0.9939457774162292
control,train,108700,0.9953784942626953
control,train,108750,0.9941952228546143
control,train,108800,0.9968594312667847
control,train,108850,0.9996387958526611
control,train,108900,0.9949663281440735
control,train,108950,0.9988398551940918
control,train,109000,1.0030298233032227
control,train,109050,1.000503420829773
control,train,109100,0.9896066784858704
control,train,109150,1.0028959512710571
control,train,109200,0.9968793392181396
control,train,109250,0.9941540360450745
control,train,109300,0.9902713298797607
control,train,109350,0.9919941425323486
control,train,109400,1.0105773210525513
control,train,109450,1.0099210739135742
control,train,109500,0.993727445602417
control,train,109550,0.9889252185821533
control,train,109600,0.9799423217773438
control,train,109650,0.9913485646247864
control,train,109700,0.9940894246101379
control,train,109750,0.9841905236244202
control,train,109800,0.9999351501464844
control,train,109850,0.9991401433944702
control,train,109900,0.9965002536773682
control,train,109950,1.0031734704971313
control,train,110000,0.9958484172821045
control,train,110050,0.996563196182251
control,train,110100,0.9880156517028809
control,train,110150,0.9911317229270935
control,train,110200,0.9889135956764221
control,train,110250,0.991725742816925
control,train,110300,0.9995105266571045
control,train,110350,1.000093936920166
control,train,110400,0.9883486032485962
control,train,110450,0.9954191446304321
control,train,110500,0.9965441226959229
control,train,110550,0.9751033186912537
control,train,110600,0.9841079711914062
control,train,110650,0.9830920696258545
control,train,110700,0.9834238290786743
control,train,110750,1.0017011165618896
control,train,110800,0.9905850887298584
control,train,110850,0.9853390455245972
control,train,110900,0.9871178269386292
control,train,110950,0.9985982775688171
control,train,111000,0.992801308631897
control,train,111050,0.9946070313453674
control,train,111100,0.9980553984642029
control,train,111150,0.9952792525291443
control,train,111200,0.9932467937469482
control,train,111250,0.9994624853134155
control,train,111300,0.9978765249252319
control,train,111350,0.9907990097999573
control,train,111400,1.0058501958847046
control,train,111450,0.9848728775978088
control,train,111500,0.9804376363754272
control,train,111550,1.0021202564239502
control,train,111600,0.9763414859771729
control,train,111650,0.9802842736244202
control,train,111700,0.99187833070755
control,train,111750,0.9814472198486328
control,train,111800,0.9939175248146057
control,train,111850,1.0021401643753052
control,train,111900,0.9722396731376648
control,train,111950,0.986531674861908
control,train,112000,0.9903292655944824
control,train,112050,0.9739704132080078
control,train,112100,0.9968303442001343
control,train,112150,0.9951270818710327
control,train,112200,0.9883065819740295
control,train,112250,0.9727143049240112
control,train,112300,0.9912416338920593
control,train,112350,0.9889918565750122
control,train,112400,0.9921256899833679
control,train,112450,0.9949346780776978
control,train,112500,1.0112072229385376
control,train,112550,0.995535671710968
control,train,112600,0.9950991272926331
control,train,112650,0.9896261692047119
control,train,112700,0.9881485104560852
control,train,112750,0.9874147176742554
control,train,112800,0.9806559681892395
control,train,112850,0.9896619915962219
control,train,112900,0.974641740322113
control,train,112950,0.9820701479911804
control,train,113000,0.9960838556289673
control,train,113050,0.988444447517395
control,train,113100,0.9779333472251892
control,train,113150,0.9991475939750671
control,train,113200,0.9877485632896423
control,train,113250,0.9996700882911682
control,train,113300,0.9902381896972656
control,train,113350,0.977291464805603
control,train,113400,0.9810858368873596
control,train,113450,0.994401216506958
control,train,113500,0.9932471513748169
control,train,113550,0.9881222248077393
control,train,113600,1.0099719762802124
control,train,113650,0.9864091277122498
control,train,113700,0.9879850149154663
control,train,113750,0.9860988855361938
control,train,113800,0.9718570709228516
control,train,113850,0.9695484638214111
control,train,113900,0.9797463417053223
control,train,113950,0.9767879247665405
control,train,114000,0.987388014793396
control,train,114050,0.9920297861099243
control,train,114100,0.9914984107017517
control,train,114150,0.9653285145759583
control,train,114200,0.991914689540863
control,train,114250,0.9931278824806213
control,train,114300,0.9747612476348877
control,train,114350,0.9923050403594971
control,train,114400,0.9942225813865662
control,train,114450,0.99234938621521
control,train,114500,1.0018410682678223
control,train,114550,0.9955664873123169
control,train,114600,0.9977282881736755
control,train,114650,0.9844481945037842
control,train,114700,1.0015796422958374
control,train,114750,0.9867596626281738
control,train,114800,0.9877487421035767
control,train,114850,0.9892981052398682
control,train,114900,0.9924297332763672
control,train,114950,0.986868143081665
control,train,115000,0.9975659251213074
control,train,115050,0.9750538468360901
control,train,115100,0.988264262676239
control,train,115150,0.9905771613121033
control,train,115200,0.9829154014587402
control,train,115250,0.9789061546325684
control,train,115300,0.9821071028709412
control,train,115350,0.9788444638252258
control,train,115400,0.9768142104148865
control,train,115450,0.9989547729492188
control,train,115500,0.9945130348205566
control,train,115550,0.9759513735771179
control,train,115600,0.9849594235420227
control,train,115650,0.9927926063537598
control,train,115700,0.9779489636421204
control,train,115750,0.9982842803001404
control,train,115800,0.9986688494682312
control,train,115850,0.9690194725990295
control,train,115900,0.984177827835083
control,train,115950,0.983468770980835
control,train,116000,0.9746407270431519
control,train,116050,0.986919641494751
control,train,116100,0.9823669195175171
control,train,116150,0.9831092357635498
control,train,116200,0.9909597635269165
control,train,116250,0.9856030344963074
control,train,116300,0.9851745367050171
control,train,116350,1.0020955801010132
control,train,116400,0.9777103662490845
control,train,116450,0.9818997979164124
control,train,116500,0.9799595475196838
control,train,116550,0.9981880784034729
control,train,116600,0.9861101508140564
control,train,116650,0.9798025488853455
control,train,116700,0.998598575592041
control,train,116750,0.9763054847717285
control,train,116800,0.9860649108886719
control,train,116850,0.9896653890609741
control,train,116900,0.976732611656189
control,train,116950,0.9886302351951599
control,train,117000,0.9855705499649048
control,train,117050,0.9897952079772949
control,train,117100,0.982673704624176
control,train,117150,0.9708952903747559
control,train,117200,0.9813775420188904
control,train,117250,0.9843071103096008
control,train,117300,0.9725856184959412
control,train,117350,0.9905150532722473
control,train,117400,0.987351655960083
control,train,117450,0.9789780378341675
control,train,117500,0.983795702457428
control,train,117550,0.9869149923324585
control,train,117600,0.9812204837799072
control,train,117650,0.9752984046936035
control,train,117700,0.9861196279525757
control,train,117750,0.9681611657142639
control,train,117800,0.9843287467956543
control,train,117850,0.9935455322265625
control,train,117900,0.9896823763847351
control,train,117950,1.011338710784912
control,train,118000,0.9917198419570923
control,train,118050,0.9856205582618713
control,train,118100,0.9714412093162537
control,train,118150,0.980172336101532
control,train,118200,0.9847238063812256
control,train,118250,0.9859495759010315
control,train,118300,0.9849534630775452
control,train,118350,0.9994482398033142
control,train,118400,0.9818561673164368
control,train,118450,0.9948998093605042
control,train,118500,0.9857771396636963
control,train,118550,0.9792848229408264
control,train,118600,0.9800589084625244
control,train,118650,0.9857063889503479
control,train,118700,0.9710221290588379
control,train,118750,0.9908912181854248
control,train,118800,0.9923701286315918
control,train,118850,0.9978381395339966
control,train,118900,0.9876853227615356
control,train,118950,0.9822232723236084
control,train,119000,0.9910351037979126
control,train,119050,0.9739601612091064
control,train,119100,0.976956844329834
control,train,119150,0.9989977478981018
control,train,119200,0.9865977764129639
control,train,119250,0.975160539150238
control,train,119300,0.9819914102554321
control,train,119350,0.9806386828422546
control,train,119400,0.994900643825531
control,train,119450,0.9844501614570618
control,train,119500,0.9818146228790283
control,train,119550,0.9814333319664001
control,train,119600,0.9872379899024963
control,train,119650,0.9911983013153076
control,train,119700,1.0002799034118652
control,train,119750,0.9825025796890259
control,train,119800,0.9659991264343262
control,train,119850,0.9831725358963013
control,train,119900,0.9804739356040955
control,train,119950,0.9734041690826416
control,train,120000,0.9861350059509277
control,eval,250,1.8108747005462646
control,eval,500,1.5911825895309448
control,eval,750,1.5364068746566772
control,eval,1000,1.4868836402893066
control,eval,1250,1.454608678817749
control,eval,1500,1.4374585151672363
control,eval,1750,1.4207205772399902
control,eval,2000,1.398131251335144
control,eval,2250,1.3890187740325928
control,eval,2500,1.3681713342666626
control,eval,2750,1.355699062347412
control,eval,3000,1.3493220806121826
control,eval,3250,1.3360099792480469
control,eval,3500,1.3364026546478271
control,eval,3750,1.3181498050689697
control,eval,4000,1.3118361234664917
control,eval,4250,1.2927148342132568
control,eval,4500,1.2781651020050049
control,eval,4750,1.269559383392334
control,eval,5000,1.2703654766082764
control,eval,5250,1.2627192735671997
control,eval,5500,1.260085940361023
control,eval,5750,1.256804347038269
control,eval,6000,1.2562295198440552
control,eval,6250,1.25458824634552
control,eval,6500,1.2431560754776
control,eval,6750,1.241802453994751
control,eval,7000,1.2407068014144897
control,eval,7250,1.241982102394104
control,eval,7500,1.2360107898712158
control,eval,7750,1.2287676334381104
control,eval,8000,1.2273370027542114
control,eval,8250,1.2259948253631592
control,eval,8500,1.2264535427093506
control,eval,8750,1.225868582725525
control,eval,9000,1.2210099697113037
control,eval,9250,1.2161370515823364
control,eval,9500,1.2153565883636475
control,eval,9750,1.2107911109924316
control,eval,10000,1.2112942934036255
control,eval,10250,1.207348346710205
control,eval,10500,1.2112208604812622
control,eval,10750,1.2059568166732788
control,eval,11000,1.20420503616333
control,eval,11250,1.2013273239135742
control,eval,11500,1.201149582862854
control,eval,11750,1.1999526023864746
control,eval,12000,1.2018723487854004
control,eval,12250,1.1955287456512451
control,eval,12500,1.1933561563491821
control,eval,12750,1.19695246219635
control,eval,13000,1.1930217742919922
control,eval,13250,1.1959245204925537
control,eval,13500,1.1898996829986572
control,eval,13750,1.1896623373031616
control,eval,14000,1.1869559288024902
control,eval,14250,1.182077169418335
control,eval,14500,1.17692232131958
control,eval,14750,1.1832364797592163
control,eval,15000,1.186266541481018
control,eval,15250,1.1838922500610352
control,eval,15500,1.181014895439148
control,eval,15750,1.1788880825042725
control,eval,16000,1.1786024570465088
control,eval,16250,1.1786385774612427
control,eval,16500,1.1766465902328491
control,eval,16750,1.176649570465088
control,eval,17000,1.1776535511016846
control,eval,17250,1.1697391271591187
control,eval,17500,1.1786874532699585
control,eval,17750,1.1732383966445923
control,eval,18000,1.1719210147857666
control,eval,18250,1.1769616603851318
control,eval,18500,1.1734747886657715
control,eval,18750,1.1756385564804077
control,eval,19000,1.1668137311935425
control,eval,19250,1.164894700050354
control,eval,19500,1.1691608428955078
control,eval,19750,1.1659715175628662
control,eval,20000,1.1684596538543701
control,eval,20250,1.1629903316497803
control,eval,20500,1.164379358291626
control,eval,20750,1.1649919748306274
control,eval,21000,1.1654653549194336
control,eval,21250,1.1607234477996826
control,eval,21500,1.15860915184021
control,eval,21750,1.1591219902038574
control,eval,22000,1.1613577604293823
control,eval,22250,1.1603870391845703
control,eval,22500,1.1612101793289185
control,eval,22750,1.1565680503845215
control,eval,23000,1.1578044891357422
control,eval,23250,1.1562875509262085
control,eval,23500,1.1588366031646729
control,eval,23750,1.1523808240890503
control,eval,24000,1.159074306488037
control,eval,24250,1.1556237936019897
control,eval,24500,1.1537349224090576
control,eval,24750,1.1577121019363403
control,eval,25000,1.1558012962341309
control,eval,25250,1.1513404846191406
control,eval,25500,1.1513830423355103
control,eval,25750,1.150306224822998
control,eval,26000,1.1528147459030151
control,eval,26250,1.1507256031036377
control,eval,26500,1.1481367349624634
control,eval,26750,1.1493104696273804
control,eval,27000,1.1486656665802002
control,eval,27250,1.1450715065002441
control,eval,27500,1.14896821975708
control,eval,27750,1.1501120328903198
control,eval,28000,1.1460195779800415
control,eval,28250,1.143513798713684
control,eval,28500,1.1411621570587158
control,eval,28750,1.1505640745162964
control,eval,29000,1.1457850933074951
control,eval,29250,1.1487575769424438
control,eval,29500,1.1457021236419678
control,eval,29750,1.146752119064331
control,eval,30000,1.1394778490066528
control,eval,30250,1.1494566202163696
control,eval,30500,1.1437360048294067
control,eval,30750,1.140350103378296
control,eval,31000,1.1406804323196411
control,eval,31250,1.136708378791809
control,eval,31500,1.1357132196426392
control,eval,31750,1.1405514478683472
control,eval,32000,1.1443017721176147
control,eval,32250,1.1376696825027466
control,eval,32500,1.1387230157852173
control,eval,32750,1.1453490257263184
control,eval,33000,1.1328831911087036
control,eval,33250,1.136765480041504
control,eval,33500,1.133038878440857
control,eval,33750,1.137848973274231
control,eval,34000,1.1338448524475098
control,eval,34250,1.1358991861343384
control,eval,34500,1.1362463235855103
control,eval,34750,1.1300917863845825
control,eval,35000,1.1352077722549438
control,eval,35250,1.132920742034912
control,eval,35500,1.1321141719818115
control,eval,35750,1.1356993913650513
control,eval,36000,1.1370394229888916
control,eval,36250,1.1384059190750122
control,eval,36500,1.1290984153747559
control,eval,36750,1.1307824850082397
control,eval,37000,1.1309034824371338
control,eval,37250,1.1280169486999512
control,eval,37500,1.1335173845291138
control,eval,37750,1.135279893875122
control,eval,38000,1.1313767433166504
control,eval,38250,1.13059663772583
control,eval,38500,1.1270506381988525
control,eval,38750,1.128355860710144
control,eval,39000,1.1270639896392822
control,eval,39250,1.133772850036621
control,eval,39500,1.1255487203598022
control,eval,39750,1.1278995275497437
control,eval,40000,1.1324217319488525
control,eval,40250,1.1241375207901
control,eval,40500,1.1256006956100464
control,eval,40750,1.1264686584472656
control,eval,41000,1.1260230541229248
control,eval,41250,1.1276423931121826
control,eval,41500,1.126220703125
control,eval,41750,1.124534249305725
control,eval,42000,1.1237882375717163
control,eval,42250,1.1300337314605713
control,eval,42500,1.1301475763320923
control,eval,42750,1.1237703561782837
control,eval,43000,1.1254421472549438
control,eval,43250,1.1140450239181519
control,eval,43500,1.1195734739303589
control,eval,43750,1.1173269748687744
control,eval,44000,1.1227059364318848
control,eval,44250,1.1236494779586792
control,eval,44500,1.1234514713287354
control,eval,44750,1.1172816753387451
control,eval,45000,1.1184519529342651
control,eval,45250,1.1241991519927979
control,eval,45500,1.1150708198547363
control,eval,45750,1.119499921798706
control,eval,46000,1.1165828704833984
control,eval,46250,1.1140495538711548
control,eval,46500,1.1158937215805054
control,eval,46750,1.116415023803711
control,eval,47000,1.1166481971740723
control,eval,47250,1.1163420677185059
control,eval,47500,1.118578314781189
control,eval,47750,1.1052777767181396
control,eval,48000,1.112038254737854
control,eval,48250,1.1121716499328613
control,eval,48500,1.1194541454315186
control,eval,48750,1.111444354057312
control,eval,49000,1.1132233142852783
control,eval,49250,1.1082234382629395
control,eval,49500,1.1132782697677612
control,eval,49750,1.1092240810394287
control,eval,50000,1.1094214916229248
control,eval,50250,1.1067578792572021
control,eval,50500,1.1092182397842407
control,eval,50750,1.1111825704574585
control,eval,51000,1.112428069114685
control,eval,51250,1.1075823307037354
control,eval,51500,1.110080599784851
control,eval,51750,1.1072096824645996
control,eval,52000,1.1103429794311523
control,eval,52250,1.110199213027954
control,eval,52500,1.1081817150115967
control,eval,52750,1.1089786291122437
control,eval,53000,1.1079565286636353
control,eval,53250,1.1059123277664185
control,eval,53500,1.107278823852539
control,eval,53750,1.1093813180923462
control,eval,54000,1.1064327955245972
control,eval,54250,1.1095951795578003
control,eval,54500,1.104848861694336
control,eval,54750,1.1047884225845337
control,eval,55000,1.1080402135849
control,eval,55250,1.1045788526535034
control,eval,55500,1.1023187637329102
control,eval,55750,1.1032041311264038
control,eval,56000,1.1027618646621704
control,eval,56250,1.1032980680465698
control,eval,56500,1.099335789680481
control,eval,56750,1.1034305095672607
control,eval,57000,1.1034959554672241
control,eval,57250,1.1020146608352661
control,eval,57500,1.1023138761520386
control,eval,57750,1.0995473861694336
control,eval,58000,1.0971540212631226
control,eval,58250,1.1049249172210693
control,eval,58500,1.1011863946914673
control,eval,58750,1.0982557535171509
control,eval,59000,1.0965142250061035
control,eval,59250,1.1008415222167969
control,eval,59500,1.097407579421997
control,eval,59750,1.0945364236831665
control,eval,60000,1.1002154350280762
control,eval,60250,1.0998796224594116
control,eval,60500,1.0998561382293701
control,eval,60750,1.0956779718399048
control,eval,61000,1.0957542657852173
control,eval,61250,1.0974774360656738
control,eval,61500,1.0982041358947754
control,eval,61750,1.0985661745071411
control,eval,62000,1.0929423570632935
control,eval,62250,1.0911378860473633
control,eval,62500,1.0942572355270386
control,eval,62750,1.0929138660430908
control,eval,63000,1.090556263923645
control,eval,63250,1.091633915901184
control,eval,63500,1.0970996618270874
control,eval,63750,1.0902597904205322
control,eval,64000,1.0874181985855103
control,eval,64250,1.0886223316192627
control,eval,64500,1.0943182706832886
control,eval,64750,1.0929940938949585
control,eval,65000,1.0897718667984009
control,eval,65250,1.0848056077957153
control,eval,65500,1.0903578996658325
control,eval,65750,1.093720555305481
control,eval,66000,1.0908876657485962
control,eval,66250,1.087364673614502
control,eval,66500,1.0822430849075317
control,eval,66750,1.088043212890625
control,eval,67000,1.087087631225586
control,eval,67250,1.0895272493362427
control,eval,67500,1.0798803567886353
control,eval,67750,1.0863993167877197
control,eval,68000,1.0948963165283203
control,eval,68250,1.086219072341919
control,eval,68500,1.0790866613388062
control,eval,68750,1.0870484113693237
control,eval,69000,1.080564022064209
control,eval,69250,1.0882480144500732
control,eval,69500,1.083270788192749
control,eval,69750,1.0803537368774414
control,eval,70000,1.0844722986221313
control,eval,70250,1.0883084535598755
control,eval,70500,1.0785282850265503
control,eval,70750,1.074709415435791
control,eval,71000,1.084726095199585
control,eval,71250,1.0811870098114014
control,eval,71500,1.0881001949310303
control,eval,71750,1.0754634141921997
control,eval,72000,1.0793110132217407
control,eval,72250,1.0922380685806274
control,eval,72500,1.0814385414123535
control,eval,72750,1.076771855354309
control,eval,73000,1.0740658044815063
control,eval,73250,1.0794519186019897
control,eval,73500,1.0799108743667603
control,eval,73750,1.0750572681427002
control,eval,74000,1.0770072937011719
control,eval,74250,1.0861284732818604
control,eval,74500,1.0839347839355469
control,eval,74750,1.0744805335998535
control,eval,75000,1.0716406106948853
control,eval,75250,1.0844756364822388
control,eval,75500,1.083669900894165
control,eval,75750,1.072811484336853
control,eval,76000,1.0711954832077026
control,eval,76250,1.0816258192062378
control,eval,76500,1.0789518356323242
control,eval,76750,1.0743557214736938
control,eval,77000,1.0698429346084595
control,eval,77250,1.0709469318389893
control,eval,77500,1.074827790260315
control,eval,77750,1.0709354877471924
control,eval,78000,1.0733698606491089
control,eval,78250,1.0716344118118286
control,eval,78500,1.0747337341308594
control,eval,78750,1.0705972909927368
control,eval,79000,1.0751926898956299
control,eval,79250,1.070232629776001
control,eval,79500,1.0757713317871094
control,eval,79750,1.0765751600265503
control,eval,80000,1.0760722160339355
control,eval,80250,1.0668654441833496
control,eval,80500,1.0730185508728027
control,eval,80750,1.0744624137878418
control,eval,81000,1.0738043785095215
control,eval,81250,1.0721325874328613
control,eval,81500,1.0634740591049194
control,eval,81750,1.0666370391845703
control,eval,82000,1.0742841958999634
control,eval,82250,1.0713624954223633
control,eval,82500,1.0671223402023315
control,eval,82750,1.0765061378479004
control,eval,83000,1.0708664655685425
control,eval,83250,1.069692611694336
control,eval,83500,1.0682591199874878
control,eval,83750,1.0740317106246948
control,eval,84000,1.070709466934204
control,eval,84250,1.0674654245376587
control,eval,84500,1.0644845962524414
control,eval,84750,1.0666751861572266
control,eval,85000,1.0713661909103394
control,eval,85250,1.069821834564209
control,eval,85500,1.065055251121521
control,eval,85750,1.0609378814697266
control,eval,86000,1.06891667842865
control,eval,86250,1.0695669651031494
control,eval,86500,1.070609450340271
control,eval,86750,1.0667208433151245
control,eval,87000,1.0729037523269653
control,eval,87250,1.0711255073547363
control,eval,87500,1.07058846950531
control,eval,87750,1.060052514076233
control,eval,88000,1.0666528940200806
control,eval,88250,1.0729618072509766
control,eval,88500,1.0738701820373535
control,eval,88750,1.0643724203109741
control,eval,89000,1.0604729652404785
control,eval,89250,1.067957878112793
control,eval,89500,1.0680011510849
control,eval,89750,1.0631651878356934
control,eval,90000,1.063666820526123
control,eval,90250,1.06990385055542
control,eval,90500,1.0715177059173584
control,eval,90750,1.0661131143569946
control,eval,91000,1.0653495788574219
control,eval,91250,1.071323275566101
control,eval,91500,1.068651795387268
control,eval,91750,1.0705541372299194
control,eval,92000,1.0707212686538696
control,eval,92250,1.0632855892181396
control,eval,92500,1.0730451345443726
control,eval,92750,1.0733445882797241
control,eval,93000,1.066130518913269
control,eval,93250,1.0673723220825195
control,eval,93500,1.0721495151519775
control,eval,93750,1.071676254272461
control,eval,94000,1.0690175294876099
control,eval,94250,1.0685672760009766
control,eval,94500,1.0704530477523804
control,eval,94750,1.0687655210494995
control,eval,95000,1.0728521347045898
control,eval,95250,1.0654789209365845
control,eval,95500,1.0650544166564941
control,eval,95750,1.0730258226394653
control,eval,96000,1.0713465213775635
control,eval,96250,1.066678524017334
control,eval,96500,1.065954566001892
control,eval,96750,1.0755329132080078
control,eval,97000,1.0711549520492554
control,eval,97250,1.069881558418274
control,eval,97500,1.0687702894210815
control,eval,97750,1.0714303255081177
control,eval,98000,1.0731432437896729
control,eval,98250,1.0701353549957275
control,eval,98500,1.0705218315124512
control,eval,98750,1.0734761953353882
control,eval,99000,1.0730020999908447
control,eval,99250,1.0733070373535156
control,eval,99500,1.0723546743392944
control,eval,99750,1.0686440467834473
control,eval,100000,1.0765875577926636
control,eval,100250,1.075317144393921
control,eval,100500,1.0728248357772827
control,eval,100750,1.0707688331604004
control,eval,101000,1.0756100416183472
control,eval,101250,1.0766669511795044
control,eval,101500,1.0733046531677246
control,eval,101750,1.071992039680481
control,eval,102000,1.0792365074157715
control,eval,102250,1.0782419443130493
control,eval,102500,1.077876329421997
control,eval,102750,1.0757579803466797
control,eval,103000,1.0723720788955688
control,eval,103250,1.0791083574295044
control,eval,103500,1.0779047012329102
control,eval,103750,1.0772472620010376
control,eval,104000,1.0759479999542236
control,eval,104250,1.0813078880310059
control,eval,104500,1.080100655555725
control,eval,104750,1.0804216861724854
control,eval,105000,1.078237533569336
control,eval,105250,1.0821609497070312
control,eval,105500,1.082328200340271
control,eval,105750,1.0819380283355713
control,eval,106000,1.078808069229126
control,eval,106250,1.0798054933547974
control,eval,106500,1.082588791847229
control,eval,106750,1.0825023651123047
control,eval,107000,1.0829815864562988
control,eval,107250,1.0816410779953003
control,eval,107500,1.084096908569336
control,eval,107750,1.083620548248291
control,eval,108000,1.0814623832702637
control,eval,108250,1.0820399522781372
control,eval,108500,1.0842338800430298
control,eval,108750,1.0855542421340942
control,eval,109000,1.083790898323059
control,eval,109250,1.0831173658370972
control,eval,109500,1.0846467018127441
control,eval,109750,1.0857845544815063
control,eval,110000,1.0856976509094238
control,eval,110250,1.0833055973052979
control,eval,110500,1.0836588144302368
control,eval,110750,1.0862780809402466
control,eval,111000,1.085552453994751
control,eval,111250,1.0860451459884644
control,eval,111500,1.0846710205078125
control,eval,111750,1.0870928764343262
control,eval,112000,1.0871427059173584
control,eval,112250,1.086309790611267
control,eval,112500,1.0854618549346924
control,eval,112750,1.0877621173858643
control,eval,113000,1.0877645015716553
control,eval,113250,1.0879592895507812
control,eval,113500,1.0874431133270264
control,eval,113750,1.0866600275039673
control,eval,114000,1.087922215461731
control,eval,114250,1.0885212421417236
control,eval,114500,1.088521957397461
control,eval,114750,1.0881812572479248
control,eval,115000,1.088409423828125
control,eval,115250,1.088281273841858
control,eval,115500,1.088651180267334
control,eval,115750,1.0884367227554321
control,eval,116000,1.088423728942871
control,eval,116250,1.0887516736984253
control,eval,116500,1.0886844396591187
control,eval,116750,1.0886609554290771
control,eval,117000,1.0885673761367798
control,eval,117250,1.0888326168060303
control,eval,117500,1.088819146156311
control,eval,117750,1.0889182090759277
control,eval,118000,1.088984489440918
control,eval,118250,1.0890014171600342
control,eval,118500,1.0889785289764404
control,eval,118750,1.0889893770217896
control,eval,119000,1.0890707969665527
control,eval,119250,1.0890979766845703
control,eval,119500,1.0890671014785767
control,eval,119750,1.0891022682189941
control,eval,120000,1.060052514076233
x1,train,50,3.7604196071624756
x1,train,100,2.830440044403076
x1,train,150,2.4220170974731445
x1,train,200,2.1880719661712646
x1,train,250,1.8826173543930054
x1,train,300,1.6955175399780273
x1,train,350,1.5987123250961304
x1,train,400,1.531498670578003
x1,train,450,1.4720332622528076
x1,train,500,1.4377806186676025
x1,train,550,1.4145258665084839
x1,train,600,1.3870774507522583
x1,train,650,1.3738168478012085
x1,train,700,1.359107494354248
x1,train,750,1.3420732021331787
x1,train,800,1.3250091075897217
x1,train,850,1.3141508102416992
x1,train,900,1.3022860288619995
x1,train,950,1.299269199371338
x1,train,1000,1.2971705198287964
x1,train,1050,1.2857656478881836
x1,train,1100,1.2764108180999756
x1,train,1150,1.2762867212295532
x1,train,1200,1.2657378911972046
x1,train,1250,1.2612440586090088
x1,train,1300,1.2501431703567505
x1,train,1350,1.2473543882369995
x1,train,1400,1.2459263801574707
x1,train,1450,1.2465916872024536
x1,train,1500,1.2415900230407715
x1,train,1550,1.2402101755142212
x1,train,1600,1.2306933403015137
x1,train,1650,1.2189228534698486
x1,train,1700,1.2195863723754883
x1,train,1750,1.2220780849456787
x1,train,1800,1.2140016555786133
x1,train,1850,1.2166342735290527
x1,train,1900,1.2117030620574951
x1,train,1950,1.21397864818573
x1,train,2000,1.2118860483169556
x1,train,2050,1.1944842338562012
x1,train,2100,1.2020153999328613
x1,train,2150,1.19697904586792
x1,train,2200,1.1923738718032837
x1,train,2250,1.1943976879119873
x1,train,2300,1.1950825452804565
x1,train,2350,1.1927340030670166
x1,train,2400,1.1940914392471313
x1,train,2450,1.168595790863037
x1,train,2500,1.1796948909759521
x1,train,2550,1.1803154945373535
x1,train,2600,1.1783931255340576
x1,train,2650,1.1803030967712402
x1,train,2700,1.177377700805664
x1,train,2750,1.1805577278137207
x1,train,2800,1.179436445236206
x1,train,2850,1.157607913017273
x1,train,2900,1.1668781042099
x1,train,2950,1.1629936695098877
x1,train,3000,1.1652650833129883
x1,train,3050,1.165828824043274
x1,train,3100,1.1622532606124878
x1,train,3150,1.1664670705795288
x1,train,3200,1.1685285568237305
x1,train,3250,1.1459308862686157
x1,train,3300,1.151923418045044
x1,train,3350,1.1545639038085938
x1,train,3400,1.1573033332824707
x1,train,3450,1.1450344324111938
x1,train,3500,1.1524773836135864
x1,train,3550,1.162657618522644
x1,train,3600,1.153455376625061
x1,train,3650,1.1326805353164673
x1,train,3700,1.1371409893035889
x1,train,3750,1.1457382440567017
x1,train,3800,1.1409263610839844
x1,train,3850,1.1447199583053589
x1,train,3900,1.1413902044296265
x1,train,3950,1.1453728675842285
x1,train,4000,1.147976279258728
x1,train,4050,1.125270128250122
x1,train,4100,1.1265524625778198
x1,train,4150,1.1319149732589722
x1,train,4200,1.1396220922470093
x1,train,4250,1.1368975639343262
x1,train,4300,1.1327320337295532
x1,train,4350,1.1361865997314453
x1,train,4400,1.141830563545227
x1,train,4450,1.111518383026123
x1,train,4500,1.1251113414764404
x1,train,4550,1.1302450895309448
x1,train,4600,1.1280865669250488
x1,train,4650,1.1273199319839478
x1,train,4700,1.1263755559921265
x1,train,4750,1.1267387866973877
x1,train,4800,1.1326549053192139
x1,train,4850,1.110787034034729
x1,train,4900,1.118556261062622
x1,train,4950,1.1194148063659668
x1,train,5000,1.119813084602356
x1,train,5050,1.1243586540222168
x1,train,5100,1.11985182762146
x1,train,5150,1.1168502569198608
x1,train,5200,1.1197072267532349
x1,train,5250,1.0995187759399414
x1,train,5300,1.1108314990997314
x1,train,5350,1.1107414960861206
x1,train,5400,1.1133663654327393
x1,train,5450,1.1195951700210571
x1,train,5500,1.1160151958465576
x1,train,5550,1.1129111051559448
x1,train,5600,1.1207213401794434
x1,train,5650,1.0969239473342896
x1,train,5700,1.106507420539856
x1,train,5750,1.1031033992767334
x1,train,5800,1.1051890850067139
x1,train,5850,1.1117780208587646
x1,train,5900,1.1114420890808105
x1,train,5950,1.1127660274505615
x1,train,6000,1.1155797243118286
x1,train,6050,1.0878584384918213
x1,train,6100,1.09967839717865
x1,train,6150,1.1024680137634277
x1,train,6200,1.1039810180664062
x1,train,6250,1.099075198173523
x1,train,6300,1.1036381721496582
x1,train,6350,1.1086887121200562
x1,train,6400,1.110856533050537
x1,train,6450,1.0899004936218262
x1,train,6500,1.0919729471206665
x1,train,6550,1.0963444709777832
x1,train,6600,1.096290946006775
x1,train,6650,1.1061683893203735
x1,train,6700,1.0980552434921265
x1,train,6750,1.0980278253555298
x1,train,6800,1.100460171699524
x1,train,6850,1.0789077281951904
x1,train,6900,1.0844578742980957
x1,train,6950,1.090452790260315
x1,train,7000,1.0939220190048218
x1,train,7050,1.100881814956665
x1,train,7100,1.0991841554641724
x1,train,7150,1.0946701765060425
x1,train,7200,1.1006802320480347
x1,train,7250,1.071447730064392
x1,train,7300,1.0780388116836548
x1,train,7350,1.0912110805511475
x1,train,7400,1.0886051654815674
x1,train,7450,1.0920370817184448
x1,train,7500,1.094639778137207
x1,train,7550,1.0993951559066772
x1,train,7600,1.0942492485046387
x1,train,7650,1.0758360624313354
x1,train,7700,1.0784684419631958
x1,train,7750,1.0845305919647217
x1,train,7800,1.0857949256896973
x1,train,7850,1.0877928733825684
x1,train,7900,1.0903657674789429
x1,train,7950,1.085118293762207
x1,train,8000,1.0922565460205078
x1,train,8050,1.0728954076766968
x1,train,8100,1.07317316532135
x1,train,8150,1.0793981552124023
x1,train,8200,1.0826120376586914
x1,train,8250,1.0856883525848389
x1,train,8300,1.0850892066955566
x1,train,8350,1.0830626487731934
x1,train,8400,1.0929863452911377
x1,train,8450,1.067150592803955
x1,train,8500,1.0755330324172974
x1,train,8550,1.0774787664413452
x1,train,8600,1.0812493562698364
x1,train,8650,1.0742796659469604
x1,train,8700,1.0832370519638062
x1,train,8750,1.0862798690795898
x1,train,8800,1.0864920616149902
x1,train,8850,1.0612901449203491
x1,train,8900,1.0684540271759033
x1,train,8950,1.0722837448120117
x1,train,9000,1.0729410648345947
x1,train,9050,1.0799155235290527
x1,train,9100,1.0806711912155151
x1,train,9150,1.0880553722381592
x1,train,9200,1.0831961631774902
x1,train,9250,1.056343674659729
x1,train,9300,1.065098524093628
x1,train,9350,1.071143627166748
x1,train,9400,1.0787417888641357
x1,train,9450,1.0753651857376099
x1,train,9500,1.0758671760559082
x1,train,9550,1.0813676118850708
x1,train,9600,1.0792286396026611
x1,train,9650,1.0536922216415405
x1,train,9700,1.0681090354919434
x1,train,9750,1.068252444267273
x1,train,9800,1.0704410076141357
x1,train,9850,1.075624942779541
x1,train,9900,1.075239896774292
x1,train,9950,1.0778234004974365
x1,train,10000,1.0732791423797607
x1,train,10050,1.0540159940719604
x1,train,10100,1.0632710456848145
x1,train,10150,1.0625954866409302
x1,train,10200,1.072231411933899
x1,train,10250,1.0687037706375122
x1,train,10300,1.0759869813919067
x1,train,10350,1.074374794960022
x1,train,10400,1.0745196342468262
x1,train,10450,1.0501567125320435
x1,train,10500,1.0605295896530151
x1,train,10550,1.0657639503479004
x1,train,10600,1.0656609535217285
x1,train,10650,1.0691447257995605
x1,train,10700,1.0690970420837402
x1,train,10750,1.0701050758361816
x1,train,10800,1.0788148641586304
x1,train,10850,1.047571063041687
x1,train,10900,1.0585806369781494
x1,train,10950,1.0638418197631836
x1,train,11000,1.064307689666748
x1,train,11050,1.0663566589355469
x1,train,11100,1.0698493719100952
x1,train,11150,1.0693467855453491
x1,train,11200,1.0736031532287598
x1,train,11250,1.045335292816162
x1,train,11300,1.052809238433838
x1,train,11350,1.0599743127822876
x1,train,11400,1.063906192779541
x1,train,11450,1.0638030767440796
x1,train,11500,1.0685161352157593
x1,train,11550,1.068881869316101
x1,train,11600,1.072285532951355
x1,train,11650,1.0480868816375732
x1,train,11700,1.0573949813842773
x1,train,11750,1.0591455698013306
x1,train,11800,1.059584379196167
x1,train,11850,1.06198251247406
x1,train,11900,1.063126802444458
x1,train,11950,1.0672837495803833
x1,train,12000,1.0610615015029907
x1,train,12050,1.0366050004959106
x1,train,12100,1.051038384437561
x1,train,12150,1.0585713386535645
x1,train,12200,1.0575000047683716
x1,train,12250,1.0590580701828003
x1,train,12300,1.0670734643936157
x1,train,12350,1.067671775817871
x1,train,12400,1.0664433240890503
x1,train,12450,1.044246792793274
x1,train,12500,1.0492825508117676
x1,train,12550,1.0506263971328735
x1,train,12600,1.0532106161117554
x1,train,12650,1.063867211341858
x1,train,12700,1.0606045722961426
x1,train,12750,1.064059853553772
x1,train,12800,1.0622658729553223
x1,train,12850,1.0401811599731445
x1,train,12900,1.0488409996032715
x1,train,12950,1.0514168739318848
x1,train,13000,1.0555609464645386
x1,train,13050,1.0574307441711426
x1,train,13100,1.0542832612991333
x1,train,13150,1.0659377574920654
x1,train,13200,1.0640679597854614
x1,train,13250,1.0398885011672974
x1,train,13300,1.0441081523895264
x1,train,13350,1.0554451942443848
x1,train,13400,1.051255702972412
x1,train,13450,1.053501009941101
x1,train,13500,1.059301733970642
x1,train,13550,1.059789776802063
x1,train,13600,1.0613206624984741
x1,train,13650,1.0399988889694214
x1,train,13700,1.0407732725143433
x1,train,13750,1.0460923910140991
x1,train,13800,1.0515146255493164
x1,train,13850,1.0531214475631714
x1,train,13900,1.0618993043899536
x1,train,13950,1.055152177810669
x1,train,14000,1.062688946723938
x1,train,14050,1.0328501462936401
x1,train,14100,1.0397661924362183
x1,train,14150,1.0493874549865723
x1,train,14200,1.0472527742385864
x1,train,14250,1.0559890270233154
x1,train,14300,1.057507038116455
x1,train,14350,1.0584938526153564
x1,train,14400,1.063056230545044
x1,train,14450,1.0318907499313354
x1,train,14500,1.0406805276870728
x1,train,14550,1.0456525087356567
x1,train,14600,1.0452903509140015
x1,train,14650,1.0464658737182617
x1,train,14700,1.0568478107452393
x1,train,14750,1.0623875856399536
x1,train,14800,1.0586140155792236
x1,train,14850,1.0355645418167114
x1,train,14900,1.036272406578064
x1,train,14950,1.0444657802581787
x1,train,15000,1.0477946996688843
x1,train,15050,1.0508179664611816
x1,train,15100,1.0537986755371094
x1,train,15150,1.0546536445617676
x1,train,15200,1.0549473762512207
x1,train,15250,1.0292484760284424
x1,train,15300,1.0314180850982666
x1,train,15350,1.0439833402633667
x1,train,15400,1.0457874536514282
x1,train,15450,1.0522350072860718
x1,train,15500,1.0519709587097168
x1,train,15550,1.0561603307724
x1,train,15600,1.0579428672790527
x1,train,15650,1.0316225290298462
x1,train,15700,1.0380539894104004
x1,train,15750,1.0383785963058472
x1,train,15800,1.0429438352584839
x1,train,15850,1.0536072254180908
x1,train,15900,1.051350712776184
x1,train,15950,1.0530585050582886
x1,train,16000,1.0509291887283325
x1,train,16050,1.0228458642959595
x1,train,16100,1.0354540348052979
x1,train,16150,1.0505650043487549
x1,train,16200,1.043358564376831
x1,train,16250,1.0454010963439941
x1,train,16300,1.0508320331573486
x1,train,16350,1.048830270767212
x1,train,16400,1.0573824644088745
x1,train,16450,1.02566659450531
x1,train,16500,1.0347791910171509
x1,train,16550,1.043346643447876
x1,train,16600,1.0440053939819336
x1,train,16650,1.0425351858139038
x1,train,16700,1.048540711402893
x1,train,16750,1.048368215560913
x1,train,16800,1.05232834815979
x1,train,16850,1.02388334274292
x1,train,16900,1.033423662185669
x1,train,16950,1.037617802619934
x1,train,17000,1.0411286354064941
x1,train,17050,1.0409711599349976
x1,train,17100,1.0463764667510986
x1,train,17150,1.0514410734176636
x1,train,17200,1.052962303161621
x1,train,17250,1.0183383226394653
x1,train,17300,1.0311452150344849
x1,train,17350,1.0407862663269043
x1,train,17400,1.0389683246612549
x1,train,17450,1.0447295904159546
x1,train,17500,1.0471031665802002
x1,train,17550,1.049687385559082
x1,train,17600,1.05207359790802
x1,train,17650,1.0168706178665161
x1,train,17700,1.0319924354553223
x1,train,17750,1.0365208387374878
x1,train,17800,1.0383896827697754
x1,train,17850,1.04411780834198
x1,train,17900,1.0513169765472412
x1,train,17950,1.0483711957931519
x1,train,18000,1.046634554862976
x1,train,18050,1.0215773582458496
x1,train,18100,1.028969168663025
x1,train,18150,1.033369541168213
x1,train,18200,1.0392509698867798
x1,train,18250,1.041656255722046
x1,train,18300,1.049483060836792
x1,train,18350,1.043084979057312
x1,train,18400,1.0506999492645264
x1,train,18450,1.0241405963897705
x1,train,18500,1.0284125804901123
x1,train,18550,1.0296915769577026
x1,train,18600,1.0408501625061035
x1,train,18650,1.0408313274383545
x1,train,18700,1.0422701835632324
x1,train,18750,1.0421026945114136
x1,train,18800,1.0488773584365845
x1,train,18850,1.0206081867218018
x1,train,18900,1.0269869565963745
x1,train,18950,1.0339995622634888
x1,train,19000,1.0359305143356323
x1,train,19050,1.0415818691253662
x1,train,19100,1.041507363319397
x1,train,19150,1.0423909425735474
x1,train,19200,1.047650933265686
x1,train,19250,1.0214537382125854
x1,train,19300,1.025902509689331
x1,train,19350,1.0333640575408936
x1,train,19400,1.0408486127853394
x1,train,19450,1.0376635789871216
x1,train,19500,1.041341781616211
x1,train,19550,1.0379056930541992
x1,train,19600,1.0446146726608276
x1,train,19650,1.014936089515686
x1,train,19700,1.022395372390747
x1,train,19750,1.0266847610473633
x1,train,19800,1.0406826734542847
x1,train,19850,1.0361528396606445
x1,train,19900,1.0399327278137207
x1,train,19950,1.044040560722351
x1,train,20000,1.0494612455368042
x1,train,20050,1.0153553485870361
x1,train,20100,1.0242592096328735
x1,train,20150,1.0310611724853516
x1,train,20200,1.035351276397705
x1,train,20250,1.038838505744934
x1,train,20300,1.0383377075195312
x1,train,20350,1.036367416381836
x1,train,20400,1.0495121479034424
x1,train,20450,1.0127507448196411
x1,train,20500,1.026777744293213
x1,train,20550,1.027184009552002
x1,train,20600,1.034816861152649
x1,train,20650,1.036538004875183
x1,train,20700,1.0393351316452026
x1,train,20750,1.0410438776016235
x1,train,20800,1.0453346967697144
x1,train,20850,1.0125148296356201
x1,train,20900,1.0279313325881958
x1,train,20950,1.0274142026901245
x1,train,21000,1.032575249671936
x1,train,21050,1.033674716949463
x1,train,21100,1.0369563102722168
x1,train,21150,1.0441778898239136
x1,train,21200,1.0406373739242554
x1,train,21250,1.014775037765503
x1,train,21300,1.0265594720840454
x1,train,21350,1.0292847156524658
x1,train,21400,1.032178521156311
x1,train,21450,1.0354562997817993
x1,train,21500,1.038543462753296
x1,train,21550,1.034852385520935
x1,train,21600,1.035344123840332
x1,train,21650,1.0179659128189087
x1,train,21700,1.0232399702072144
x1,train,21750,1.022761583328247
x1,train,21800,1.0276076793670654
x1,train,21850,1.0344353914260864
x1,train,21900,1.034664273262024
x1,train,21950,1.0393770933151245
x1,train,22000,1.0463734865188599
x1,train,22050,1.009423851966858
x1,train,22100,1.024109959602356
x1,train,22150,1.0231934785842896
x1,train,22200,1.0269821882247925
x1,train,22250,1.0353672504425049
x1,train,22300,1.0390276908874512
x1,train,22350,1.0373932123184204
x1,train,22400,1.0413326025009155
x1,train,22450,1.0116004943847656
x1,train,22500,1.0228328704833984
x1,train,22550,1.0272870063781738
x1,train,22600,1.0252550840377808
x1,train,22650,1.035516381263733
x1,train,22700,1.0347636938095093
x1,train,22750,1.031439185142517
x1,train,22800,1.041874647140503
x1,train,22850,1.0091288089752197
x1,train,22900,1.015924096107483
x1,train,22950,1.026333212852478
x1,train,23000,1.027622103691101
x1,train,23050,1.0326288938522339
x1,train,23100,1.0334749221801758
x1,train,23150,1.041995882987976
x1,train,23200,1.0390400886535645
x1,train,23250,1.0153226852416992
x1,train,23300,1.016634464263916
x1,train,23350,1.020552635192871
x1,train,23400,1.029691457748413
x1,train,23450,1.0298058986663818
x1,train,23500,1.0348089933395386
x1,train,23550,1.036961555480957
x1,train,23600,1.0324496030807495
x1,train,23650,1.0070326328277588
x1,train,23700,1.0219347476959229
x1,train,23750,1.0225036144256592
x1,train,23800,1.02558171749115
x1,train,23850,1.0285987854003906
x1,train,23900,1.0352482795715332
x1,train,23950,1.035125494003296
x1,train,24000,1.0360957384109497
x1,train,24050,1.0100764036178589
x1,train,24100,1.015328288078308
x1,train,24150,1.0270452499389648
x1,train,24200,1.022403359413147
x1,train,24250,1.0303329229354858
x1,train,24300,1.02748441696167
x1,train,24350,1.035893201828003
x1,train,24400,1.0344789028167725
x1,train,24450,1.0047976970672607
x1,train,24500,1.0160435438156128
x1,train,24550,1.0164122581481934
x1,train,24600,1.0241947174072266
x1,train,24650,1.0329676866531372
x1,train,24700,1.0342130661010742
x1,train,24750,1.0314143896102905
x1,train,24800,1.0369664430618286
x1,train,24850,1.0064300298690796
x1,train,24900,1.013710379600525
x1,train,24950,1.018668293952942
x1,train,25000,1.023078441619873
x1,train,25050,1.031571388244629
x1,train,25100,1.0303113460540771
x1,train,25150,1.0340346097946167
x1,train,25200,1.0362350940704346
x1,train,25250,1.0076309442520142
x1,train,25300,1.0137087106704712
x1,train,25350,1.0179877281188965
x1,train,25400,1.0224589109420776
x1,train,25450,1.03153657913208
x1,train,25500,1.0292384624481201
x1,train,25550,1.0299901962280273
x1,train,25600,1.0325161218643188
x1,train,25650,1.0049015283584595
x1,train,25700,1.0131679773330688
x1,train,25750,1.0216219425201416
x1,train,25800,1.02197265625
x1,train,25850,1.027966022491455
x1,train,25900,1.028043508529663
x1,train,25950,1.0322822332382202
x1,train,26000,1.03590726852417
x1,train,26050,1.0006471872329712
x1,train,26100,1.015383243560791
x1,train,26150,1.0184235572814941
x1,train,26200,1.0224297046661377
x1,train,26250,1.0308266878128052
x1,train,26300,1.0277676582336426
x1,train,26350,1.0252344608306885
x1,train,26400,1.0332670211791992
x1,train,26450,1.0008621215820312
x1,train,26500,1.0138438940048218
x1,train,26550,1.0176283121109009
x1,train,26600,1.0251312255859375
x1,train,26650,1.0216708183288574
x1,train,26700,1.0297634601593018
x1,train,26750,1.0296574831008911
x1,train,26800,1.0312443971633911
x1,train,26850,1.0057685375213623
x1,train,26900,1.0124177932739258
x1,train,26950,1.0127689838409424
x1,train,27000,1.0213572978973389
x1,train,27050,1.0264618396759033
x1,train,27100,1.0278575420379639
x1,train,27150,1.0295623540878296
x1,train,27200,1.0296967029571533
x1,train,27250,1.0000431537628174
x1,train,27300,1.0100674629211426
x1,train,27350,1.017411708831787
x1,train,27400,1.0201419591903687
x1,train,27450,1.0296521186828613
x1,train,27500,1.0252642631530762
x1,train,27550,1.0286206007003784
x1,train,27600,1.0315163135528564
x1,train,27650,0.9981861710548401
x1,train,27700,1.013152837753296
x1,train,27750,1.0184866189956665
x1,train,27800,1.0206458568572998
x1,train,27850,1.0249978303909302
x1,train,27900,1.0221283435821533
x1,train,27950,1.025968074798584
x1,train,28000,1.0332812070846558
x1,train,28050,0.9978561401367188
x1,train,28100,1.0103199481964111
x1,train,28150,1.0159227848052979
x1,train,28200,1.0153567790985107
x1,train,28250,1.0254117250442505
x1,train,28300,1.0246937274932861
x1,train,28350,1.0326342582702637
x1,train,28400,1.0292850732803345
x1,train,28450,0.9986156225204468
x1,train,28500,1.0047664642333984
x1,train,28550,1.0190978050231934
x1,train,28600,1.017640471458435
x1,train,28650,1.0211304426193237
x1,train,28700,1.0251299142837524
x1,train,28750,1.027644157409668
x1,train,28800,1.0305522680282593
x1,train,28850,0.9982158541679382
x1,train,28900,1.0065494775772095
x1,train,28950,1.0091418027877808
x1,train,29000,1.0206165313720703
x1,train,29050,1.0248048305511475
x1,train,29100,1.0252861976623535
x1,train,29150,1.025185227394104
x1,train,29200,1.0295356512069702
x1,train,29250,0.999559223651886
x1,train,29300,1.0090900659561157
x1,train,29350,1.0146558284759521
x1,train,29400,1.01802396774292
x1,train,29450,1.0204148292541504
x1,train,29500,1.0244534015655518
x1,train,29550,1.0233185291290283
x1,train,29600,1.027360439300537
x1,train,29650,1.0008124113082886
x1,train,29700,1.0061265230178833
x1,train,29750,1.0114548206329346
x1,train,29800,1.0135319232940674
x1,train,29850,1.0232110023498535
x1,train,29900,1.0249049663543701
x1,train,29950,1.0189661979675293
x1,train,30000,1.0303034782409668
x1,train,30050,0.9975259900093079
x1,train,30100,1.0068787336349487
x1,train,30150,1.0118820667266846
x1,train,30200,1.0174771547317505
x1,train,30250,1.0227859020233154
x1,train,30300,1.018389105796814
x1,train,30350,1.02420973777771
x1,train,30400,1.022299885749817
x1,train,30450,1.0005929470062256
x1,train,30500,1.0071336030960083
x1,train,30550,1.0123646259307861
x1,train,30600,1.0120011568069458
x1,train,30650,1.017950177192688
x1,train,30700,1.0234851837158203
x1,train,30750,1.020275354385376
x1,train,30800,1.0256445407867432
x1,train,30850,0.9985555410385132
x1,train,30900,1.002582311630249
x1,train,30950,1.0083746910095215
x1,train,31000,1.0163081884384155
x1,train,31050,1.0187417268753052
x1,train,31100,1.0177574157714844
x1,train,31150,1.0285347700119019
x1,train,31200,1.0226413011550903
x1,train,31250,0.9927436709403992
x1,train,31300,1.0009177923202515
x1,train,31350,1.011888027191162
x1,train,31400,1.0165797472000122
x1,train,31450,1.0198160409927368
x1,train,31500,1.0196537971496582
x1,train,31550,1.0235261917114258
x1,train,31600,1.0237716436386108
x1,train,31650,0.9929689168930054
x1,train,31700,1.0061500072479248
x1,train,31750,1.0074371099472046
x1,train,31800,1.0107793807983398
x1,train,31850,1.0226818323135376
x1,train,31900,1.0206187963485718
x1,train,31950,1.0245070457458496
x1,train,32000,1.0214232206344604
x1,train,32050,0.9972430467605591
x1,train,32100,0.9980413913726807
x1,train,32150,1.008607029914856
x1,train,32200,1.0128923654556274
x1,train,32250,1.018957495689392
x1,train,32300,1.019313931465149
x1,train,32350,1.0251317024230957
x1,train,32400,1.0219260454177856
x1,train,32450,0.991168737411499
x1,train,32500,0.9994462728500366
x1,train,32550,1.0092363357543945
x1,train,32600,1.0146397352218628
x1,train,32650,1.0129743814468384
x1,train,32700,1.020965576171875
x1,train,32750,1.0229493379592896
x1,train,32800,1.0247617959976196
x1,train,32850,0.9970376491546631
x1,train,32900,0.9969508647918701
x1,train,32950,1.0073049068450928
x1,train,33000,1.0078294277191162
x1,train,33050,1.0169943571090698
x1,train,33100,1.0190731287002563
x1,train,33150,1.0204886198043823
x1,train,33200,1.0215672254562378
x1,train,33250,0.9916782975196838
x1,train,33300,0.9984925985336304
x1,train,33350,1.0054746866226196
x1,train,33400,1.0117062330245972
x1,train,33450,1.015124797821045
x1,train,33500,1.0183451175689697
x1,train,33550,1.022286057472229
x1,train,33600,1.020053744316101
x1,train,33650,0.9929155111312866
x1,train,33700,0.9987701177597046
x1,train,33750,1.0075284242630005
x1,train,33800,1.0139003992080688
x1,train,33850,1.0139507055282593
x1,train,33900,1.0141681432724
x1,train,33950,1.019081473350525
x1,train,34000,1.022568941116333
x1,train,34050,0.9898218512535095
x1,train,34100,0.9983171820640564
x1,train,34150,1.0099022388458252
x1,train,34200,1.0082298517227173
x1,train,34250,1.0151002407073975
x1,train,34300,1.017520546913147
x1,train,34350,1.015669345855713
x1,train,34400,1.0232988595962524
x1,train,34450,0.988429844379425
x1,train,34500,1.0035496950149536
x1,train,34550,1.006143569946289
x1,train,34600,1.0067412853240967
x1,train,34650,1.009499430656433
x1,train,34700,1.0158910751342773
x1,train,34750,1.0194536447525024
x1,train,34800,1.0219508409500122
x1,train,34850,0.9910008311271667
x1,train,34900,1.0028295516967773
x1,train,34950,1.0044106245040894
x1,train,35000,1.00486421585083
x1,train,35050,1.0138599872589111
x1,train,35100,1.0194461345672607
x1,train,35150,1.0133013725280762
x1,train,35200,1.0150994062423706
x1,train,35250,0.9880246520042419
x1,train,35300,1.0004658699035645
x1,train,35350,1.006900668144226
x1,train,35400,1.0094578266143799
x1,train,35450,1.009250521659851
x1,train,35500,1.0160168409347534
x1,train,35550,1.0159863233566284
x1,train,35600,1.0174167156219482
x1,train,35650,0.9862957000732422
x1,train,35700,0.9991224408149719
x1,train,35750,1.0045859813690186
x1,train,35800,1.0081664323806763
x1,train,35850,1.0104974508285522
x1,train,35900,1.0101802349090576
x1,train,35950,1.0163575410842896
x1,train,36000,1.0217571258544922
x1,train,36050,0.9881795644760132
x1,train,36100,0.9994930028915405
x1,train,36150,1.005105972290039
x1,train,36200,1.0020031929016113
x1,train,36250,1.0114750862121582
x1,train,36300,1.0131067037582397
x1,train,36350,1.0137617588043213
x1,train,36400,1.0200532674789429
x1,train,36450,0.9840510487556458
x1,train,36500,0.9981585144996643
x1,train,36550,0.9988190531730652
x1,train,36600,1.0056439638137817
x1,train,36650,1.0138534307479858
x1,train,36700,1.0082051753997803
x1,train,36750,1.0157849788665771
x1,train,36800,1.0218240022659302
x1,train,36850,0.9820903539657593
x1,train,36900,0.9976673126220703
x1,train,36950,1.0068668127059937
x1,train,37000,1.0065289735794067
x1,train,37050,1.0075844526290894
x1,train,37100,1.0132043361663818
x1,train,37150,1.0110893249511719
x1,train,37200,1.0199625492095947
x1,train,37250,0.984280526638031
x1,train,37300,0.9971944689750671
x1,train,37350,1.000919222831726
x1,train,37400,0.9994885921478271
x1,train,37450,1.0085188150405884
x1,train,37500,1.0153672695159912
x1,train,37550,1.0137457847595215
x1,train,37600,1.0204641819000244
x1,train,37650,0.982058048248291
x1,train,37700,0.9947378039360046
x1,train,37750,1.0023717880249023
x1,train,37800,1.0067427158355713
x1,train,37850,1.015249252319336
x1,train,37900,1.0087153911590576
x1,train,37950,1.0140018463134766
x1,train,38000,1.012470006942749
x1,train,38050,0.9807381629943848
x1,train,38100,0.9920542240142822
x1,train,38150,0.9992950558662415
x1,train,38200,1.0072287321090698
x1,train,38250,1.0113871097564697
x1,train,38300,1.008886694908142
x1,train,38350,1.0110799074172974
x1,train,38400,1.0182007551193237
x1,train,38450,0.9817763566970825
x1,train,38500,0.993258535861969
x1,train,38550,1.000759243965149
x1,train,38600,0.9990116953849792
x1,train,38650,1.008022665977478
x1,train,38700,1.014224648475647
x1,train,38750,1.010632038116455
x1,train,38800,1.0156948566436768
x1,train,38850,0.9795337915420532
x1,train,38900,0.9913215041160583
x1,train,38950,0.9995672702789307
x1,train,39000,1.0009628534317017
x1,train,39050,1.0103323459625244
x1,train,39100,1.0073093175888062
x1,train,39150,1.0149717330932617
x1,train,39200,1.0143077373504639
x1,train,39250,0.9833210110664368
x1,train,39300,0.9928897619247437
x1,train,39350,0.9980098009109497
x1,train,39400,1.0013316869735718
x1,train,39450,1.0064847469329834
x1,train,39500,1.006504774093628
x1,train,39550,1.0120224952697754
x1,train,39600,1.0165668725967407
x1,train,39650,0.9793846607208252
x1,train,39700,0.9963030815124512
x1,train,39750,0.994605541229248
x1,train,39800,1.0047439336776733
x1,train,39850,1.0049335956573486
x1,train,39900,1.0087445974349976
x1,train,39950,1.007096767425537
x1,train,40000,1.0142676830291748
x1,train,40050,0.9827024340629578
x1,train,40100,0.9903831481933594
x1,train,40150,1.0007429122924805
x1,train,40200,0.998190701007843
x1,train,40250,1.002480149269104
x1,train,40300,1.012380838394165
x1,train,40350,1.0074326992034912
x1,train,40400,1.0096490383148193
x1,train,40450,0.9831733703613281
x1,train,40500,0.9913640022277832
x1,train,40550,0.9963066577911377
x1,train,40600,1.0010640621185303
x1,train,40650,1.0027821063995361
x1,train,40700,1.0087921619415283
x1,train,40750,1.0027058124542236
x1,train,40800,1.0140044689178467
x1,train,40850,0.9812725186347961
x1,train,40900,0.9895811676979065
x1,train,40950,0.994713306427002
x1,train,41000,0.9967897534370422
x1,train,41050,1.006412386894226
x1,train,41100,1.0070884227752686
x1,train,41150,1.0100418329238892
x1,train,41200,1.0097349882125854
x1,train,41250,0.9815391302108765
x1,train,41300,0.9864873290061951
x1,train,41350,0.9923883676528931
x1,train,41400,1.0010989904403687
x1,train,41450,0.9986469149589539
x1,train,41500,1.0127427577972412
x1,train,41550,1.0082027912139893
x1,train,41600,1.009535789489746
x1,train,41650,0.9828172326087952
x1,train,41700,0.9872924089431763
x1,train,41750,1.0026241540908813
x1,train,41800,1.001015067100525
x1,train,41850,1.0002602338790894
x1,train,41900,1.001013994216919
x1,train,41950,1.0050908327102661
x1,train,42000,1.0095359086990356
x1,train,42050,0.9795859456062317
x1,train,42100,0.9902417063713074
x1,train,42150,0.9967942833900452
x1,train,42200,0.9967901706695557
x1,train,42250,1.000274419784546
x1,train,42300,1.005679965019226
x1,train,42350,1.006972312927246
x1,train,42400,1.008035659790039
x1,train,42450,0.977016806602478
x1,train,42500,0.9860881567001343
x1,train,42550,0.9948005080223083
x1,train,42600,0.9969975352287292
x1,train,42650,1.0013185739517212
x1,train,42700,1.0109962224960327
x1,train,42750,1.0046712160110474
x1,train,42800,1.0053681135177612
x1,train,42850,0.9785709381103516
x1,train,42900,0.9835336208343506
x1,train,42950,0.9883090257644653
x1,train,43000,0.9998185038566589
x1,train,43050,1.0035609006881714
x1,train,43100,1.0069854259490967
x1,train,43150,1.0025582313537598
x1,train,43200,1.0088286399841309
x1,train,43250,0.9783309698104858
x1,train,43300,0.9793196320533752
x1,train,43350,0.9915558695793152
x1,train,43400,0.9961637854576111
x1,train,43450,1.0054705142974854
x1,train,43500,1.0008556842803955
x1,train,43550,1.0076197385787964
x1,train,43600,1.0104100704193115
x1,train,43650,0.9752562642097473
x1,train,43700,0.9878044128417969
x1,train,43750,0.9867924451828003
x1,train,43800,0.9975289106369019
x1,train,43850,1.001232624053955
x1,train,43900,1.000918984413147
x1,train,43950,1.0076576471328735
x1,train,44000,1.008728265762329
x1,train,44050,0.9695702195167542
x1,train,44100,0.9887529611587524
x1,train,44150,0.9890799522399902
x1,train,44200,1.0008753538131714
x1,train,44250,1.002497673034668
x1,train,44300,1.000231146812439
x1,train,44350,1.0040159225463867
x1,train,44400,1.0036935806274414
x1,train,44450,0.9733150601387024
x1,train,44500,0.9873400330543518
x1,train,44550,0.988376796245575
x1,train,44600,0.9894458055496216
x1,train,44650,0.9985141158103943
x1,train,44700,1.0052090883255005
x1,train,44750,1.0013914108276367
x1,train,44800,1.0069725513458252
x1,train,44850,0.9765350818634033
x1,train,44900,0.9829792976379395
x1,train,44950,0.987511157989502
x1,train,45000,0.9927202463150024
x1,train,45050,0.9967738389968872
x1,train,45100,0.9958487153053284
x1,train,45150,1.0066128969192505
x1,train,45200,1.0078673362731934
x1,train,45250,0.9700877666473389
x1,train,45300,0.9803159832954407
x1,train,45350,0.9878169298171997
x1,train,45400,0.9945604801177979
x1,train,45450,0.9971596002578735
x1,train,45500,1.0028469562530518
x1,train,45550,1.0037709474563599
x1,train,45600,1.0071966648101807
x1,train,45650,0.9772719740867615
x1,train,45700,0.9859088063240051
x1,train,45750,0.9870774149894714
x1,train,45800,0.9902732968330383
x1,train,45850,0.9946215748786926
x1,train,45900,0.9994277954101562
x1,train,45950,1.0041823387145996
x1,train,46000,0.9993885159492493
x1,train,46050,0.9726671576499939
x1,train,46100,0.9784586429595947
x1,train,46150,0.9863521456718445
x1,train,46200,0.9874524474143982
x1,train,46250,0.9974479675292969
x1,train,46300,0.998451828956604
x1,train,46350,1.0067718029022217
x1,train,46400,1.0061129331588745
x1,train,46450,0.968753457069397
x1,train,46500,0.980747401714325
x1,train,46550,0.9897292256355286
x1,train,46600,0.9898039102554321
x1,train,46650,0.9938597083091736
x1,train,46700,1.0009170770645142
x1,train,46750,1.0040087699890137
x1,train,46800,1.001437783241272
x1,train,46850,0.9729840159416199
x1,train,46900,0.9781142473220825
x1,train,46950,0.9850196242332458
x1,train,47000,0.9874253869056702
x1,train,47050,0.9962765574455261
x1,train,47100,0.9988769292831421
x1,train,47150,1.0011054277420044
x1,train,47200,1.0024815797805786
x1,train,47250,0.9677586555480957
x1,train,47300,0.9801232814788818
x1,train,47350,0.9907988905906677
x1,train,47400,0.9915695786476135
x1,train,47450,0.9898317456245422
x1,train,47500,0.9988418817520142
x1,train,47550,1.0002440214157104
x1,train,47600,1.001051664352417
x1,train,47650,0.9641295075416565
x1,train,47700,0.9811801314353943
x1,train,47750,0.9878804087638855
x1,train,47800,0.9914119243621826
x1,train,47850,0.9954795241355896
x1,train,47900,0.9963892102241516
x1,train,47950,0.9965723156929016
x1,train,48000,0.9976388812065125
x1,train,48050,0.9658259749412537
x1,train,48100,0.977934718132019
x1,train,48150,0.9854440093040466
x1,train,48200,0.9883409142494202
x1,train,48250,0.991934597492218
x1,train,48300,0.9969106912612915
x1,train,48350,0.997546374797821
x1,train,48400,1.0053882598876953
x1,train,48450,0.9718981981277466
x1,train,48500,0.9768227934837341
x1,train,48550,0.9887462854385376
x1,train,48600,0.9875189065933228
x1,train,48650,0.9893036484718323
x1,train,48700,0.9950220584869385
x1,train,48750,0.9908932447433472
x1,train,48800,1.0013537406921387
x1,train,48850,0.9663748145103455
x1,train,48900,0.9786260724067688
x1,train,48950,0.9851504564285278
x1,train,49000,0.9873112440109253
x1,train,49050,0.9916325211524963
x1,train,49100,0.9944131374359131
x1,train,49150,0.9929641485214233
x1,train,49200,0.9981335401535034
x1,train,49250,0.9680682420730591
x1,train,49300,0.9774289727210999
x1,train,49350,0.9839841723442078
x1,train,49400,0.9860523343086243
x1,train,49450,0.9917916059494019
x1,train,49500,0.9929103255271912
x1,train,49550,0.9972242116928101
x1,train,49600,0.9974600076675415
x1,train,49650,0.9683796167373657
x1,train,49700,0.9723475575447083
x1,train,49750,0.9786232113838196
x1,train,49800,0.9876710772514343
x1,train,49850,0.9893330931663513
x1,train,49900,0.9951806664466858
x1,train,49950,1.0010056495666504
x1,train,50000,0.9955775737762451
x1,train,50050,0.9666886925697327
x1,train,50100,0.9778785705566406
x1,train,50150,0.9847257733345032
x1,train,50200,0.9865673780441284
x1,train,50250,0.9883158802986145
x1,train,50300,0.9932854175567627
x1,train,50350,0.9918664693832397
x1,train,50400,0.9924324154853821
x1,train,50450,0.962492048740387
x1,train,50500,0.9752227663993835
x1,train,50550,0.9806126952171326
x1,train,50600,0.9876092672348022
x1,train,50650,0.9887840747833252
x1,train,50700,0.9947130084037781
x1,train,50750,0.9935427308082581
x1,train,50800,0.9951477646827698
x1,train,50850,0.9649137258529663
x1,train,50900,0.9735023975372314
x1,train,50950,0.9818475842475891
x1,train,51000,0.9835649728775024
x1,train,51050,0.9879016876220703
x1,train,51100,0.9909036755561829
x1,train,51150,0.993988037109375
x1,train,51200,0.9953104257583618
x1,train,51250,0.9618716239929199
x1,train,51300,0.9713178873062134
x1,train,51350,0.9812930226325989
x1,train,51400,0.9836046099662781
x1,train,51450,0.9902907013893127
x1,train,51500,0.9919332265853882
x1,train,51550,0.9933879971504211
x1,train,51600,0.9928316473960876
x1,train,51650,0.9618762135505676
x1,train,51700,0.9707921743392944
x1,train,51750,0.9777317643165588
x1,train,51800,0.984235405921936
x1,train,51850,0.9829085469245911
x1,train,51900,0.9901022911071777
x1,train,51950,0.9966120719909668
x1,train,52000,0.9968605637550354
x1,train,52050,0.9631146192550659
x1,train,52100,0.9727118015289307
x1,train,52150,0.9781985282897949
x1,train,52200,0.9815967679023743
x1,train,52250,0.9892695546150208
x1,train,52300,0.9858096837997437
x1,train,52350,0.9879454970359802
x1,train,52400,0.996310830116272
x1,train,52450,0.9594625234603882
x1,train,52500,0.9711354970932007
x1,train,52550,0.9783227443695068
x1,train,52600,0.9831920862197876
x1,train,52650,0.9844424724578857
x1,train,52700,0.98743736743927
x1,train,52750,0.9919278025627136
x1,train,52800,0.9940084218978882
x1,train,52850,0.9574337005615234
x1,train,52900,0.9700449109077454
x1,train,52950,0.9765798449516296
x1,train,53000,0.9832047820091248
x1,train,53050,0.9884807467460632
x1,train,53100,0.9846539497375488
x1,train,53150,0.9911646246910095
x1,train,53200,0.9958909749984741
x1,train,53250,0.9599933624267578
x1,train,53300,0.9726982116699219
x1,train,53350,0.9706867337226868
x1,train,53400,0.9860536456108093
x1,train,53450,0.9802354574203491
x1,train,53500,0.9832606315612793
x1,train,53550,0.9933452606201172
x1,train,53600,0.9944473505020142
x1,train,53650,0.9584407210350037
x1,train,53700,0.9663597345352173
x1,train,53750,0.9787399172782898
x1,train,53800,0.9770025610923767
x1,train,53850,0.9857662916183472
x1,train,53900,0.9867373704910278
x1,train,53950,0.987491250038147
x1,train,54000,0.9928510189056396
x1,train,54050,0.9600753784179688
x1,train,54100,0.9668886065483093
x1,train,54150,0.9745548367500305
x1,train,54200,0.9795616865158081
x1,train,54250,0.980634331703186
x1,train,54300,0.9882166981697083
x1,train,54350,0.9860220551490784
x1,train,54400,0.9917664527893066
x1,train,54450,0.9579715728759766
x1,train,54500,0.9676366448402405
x1,train,54550,0.9763674139976501
x1,train,54600,0.9734543561935425
x1,train,54650,0.9833693504333496
x1,train,54700,0.9903743863105774
x1,train,54750,0.9850894808769226
x1,train,54800,0.9875207543373108
x1,train,54850,0.9588803052902222
x1,train,54900,0.9630021452903748
x1,train,54950,0.9760107398033142
x1,train,55000,0.9760846495628357
x1,train,55050,0.9801526069641113
x1,train,55100,0.9808158278465271
x1,train,55150,0.9904643893241882
x1,train,55200,0.991767168045044
x1,train,55250,0.9553588032722473
x1,train,55300,0.9675875306129456
x1,train,55350,0.9731424450874329
x1,train,55400,0.9770106673240662
x1,train,55450,0.9815188050270081
x1,train,55500,0.9855358600616455
x1,train,55550,0.9854044318199158
x1,train,55600,0.9891106486320496
x1,train,55650,0.9556933045387268
x1,train,55700,0.9674941897392273
x1,train,55750,0.9744035601615906
x1,train,55800,0.9746177196502686
x1,train,55850,0.9781091213226318
x1,train,55900,0.9818622469902039
x1,train,55950,0.9884779453277588
x1,train,56000,0.985462486743927
x1,train,56050,0.952686607837677
x1,train,56100,0.9632828235626221
x1,train,56150,0.9700233340263367
x1,train,56200,0.9751733541488647
x1,train,56250,0.9789087176322937
x1,train,56300,0.9864696264266968
x1,train,56350,0.9836387038230896
x1,train,56400,0.9892468452453613
x1,train,56450,0.9549922943115234
x1,train,56500,0.9604209065437317
x1,train,56550,0.9678246378898621
x1,train,56600,0.9778509736061096
x1,train,56650,0.9806609153747559
x1,train,56700,0.9839208126068115
x1,train,56750,0.985579252243042
x1,train,56800,0.987125039100647
x1,train,56850,0.9580534100532532
x1,train,56900,0.9641148447990417
x1,train,56950,0.966381311416626
x1,train,57000,0.9760267734527588
x1,train,57050,0.973275363445282
x1,train,57100,0.9802687764167786
x1,train,57150,0.9829835295677185
x1,train,57200,0.9874074459075928
x1,train,57250,0.955975353717804
x1,train,57300,0.9647434949874878
x1,train,57350,0.9654470086097717
x1,train,57400,0.9730930328369141
x1,train,57450,0.9795505404472351
x1,train,57500,0.9794414043426514
x1,train,57550,0.9846731424331665
x1,train,57600,0.9810819029808044
x1,train,57650,0.9563839435577393
x1,train,57700,0.9625386595726013
x1,train,57750,0.9682004451751709
x1,train,57800,0.970207929611206
x1,train,57850,0.9759763479232788
x1,train,57900,0.9802027940750122
x1,train,57950,0.9831645488739014
x1,train,58000,0.9798130989074707
x1,train,58050,0.9499947428703308
x1,train,58100,0.9623699188232422
x1,train,58150,0.9659570455551147
x1,train,58200,0.9725435376167297
x1,train,58250,0.9739643335342407
x1,train,58300,0.9808051586151123
x1,train,58350,0.9840622544288635
x1,train,58400,0.9822248816490173
x1,train,58450,0.9500381350517273
x1,train,58500,0.9636190533638
x1,train,58550,0.9682282209396362
x1,train,58600,0.9723888635635376
x1,train,58650,0.9754302501678467
x1,train,58700,0.9787689447402954
x1,train,58750,0.9766972064971924
x1,train,58800,0.9815603494644165
x1,train,58850,0.9468215703964233
x1,train,58900,0.9622001051902771
x1,train,58950,0.9700031876564026
x1,train,59000,0.9690813422203064
x1,train,59050,0.9749075174331665
x1,train,59100,0.9784278869628906
x1,train,59150,0.9798378944396973
x1,train,59200,0.9800503253936768
x1,train,59250,0.949586033821106
x1,train,59300,0.9570264220237732
x1,train,59350,0.9679244160652161
x1,train,59400,0.9654300808906555
x1,train,59450,0.9731513261795044
x1,train,59500,0.9803342223167419
x1,train,59550,0.9776975512504578
x1,train,59600,0.9832120537757874
x1,train,59650,0.950319230556488
x1,train,59700,0.9573240876197815
x1,train,59750,0.9634683132171631
x1,train,59800,0.970955491065979
x1,train,59850,0.9720889925956726
x1,train,59900,0.9781640768051147
x1,train,59950,0.9750610589981079
x1,train,60000,0.9815927147865295
x1,train,60050,0.950667142868042
x1,train,60100,0.9544863104820251
x1,train,60150,0.9633467793464661
x1,train,60200,0.9693532586097717
x1,train,60250,0.9742986559867859
x1,train,60300,0.9699134826660156
x1,train,60350,0.9792503118515015
x1,train,60400,0.9839536547660828
x1,train,60450,0.9508291482925415
x1,train,60500,0.9546413421630859
x1,train,60550,0.9638630151748657
x1,train,60600,0.9658597707748413
x1,train,60650,0.976137101650238
x1,train,60700,0.9740718007087708
x1,train,60750,0.9732677936553955
x1,train,60800,0.9779916405677795
x1,train,60850,0.947396457195282
x1,train,60900,0.9563087224960327
x1,train,60950,0.9641392230987549
x1,train,61000,0.9685774445533752
x1,train,61050,0.9660148024559021
x1,train,61100,0.9728600382804871
x1,train,61150,0.9759557843208313
x1,train,61200,0.9763858318328857
x1,train,61250,0.9449010491371155
x1,train,61300,0.9538918137550354
x1,train,61350,0.9637467861175537
x1,train,61400,0.9639019966125488
x1,train,61450,0.9696401953697205
x1,train,61500,0.9730562567710876
x1,train,61550,0.9758875370025635
x1,train,61600,0.9784714579582214
x1,train,61650,0.9452534317970276
x1,train,61700,0.9551123976707458
x1,train,61750,0.961335301399231
x1,train,61800,0.967689573764801
x1,train,61850,0.9664974808692932
x1,train,61900,0.9716575145721436
x1,train,61950,0.9746905565261841
x1,train,62000,0.9757147431373596
x1,train,62050,0.9450938701629639
x1,train,62100,0.9560397267341614
x1,train,62150,0.9574939012527466
x1,train,62200,0.9697616696357727
x1,train,62250,0.9663306474685669
x1,train,62300,0.9715591669082642
x1,train,62350,0.9722065925598145
x1,train,62400,0.973134458065033
x1,train,62450,0.9434206485748291
x1,train,62500,0.954823911190033
x1,train,62550,0.9572464227676392
x1,train,62600,0.9604455828666687
x1,train,62650,0.9682886004447937
x1,train,62700,0.9708502292633057
x1,train,62750,0.9755651354789734
x1,train,62800,0.9770091772079468
x1,train,62850,0.9392505884170532
x1,train,62900,0.9515233635902405
x1,train,62950,0.9617278575897217
x1,train,63000,0.9626093506813049
x1,train,63050,0.9712510108947754
x1,train,63100,0.9694064855575562
x1,train,63150,0.9746381640434265
x1,train,63200,0.9700572490692139
x1,train,63250,0.9460476040840149
x1,train,63300,0.9535288214683533
x1,train,63350,0.9568652510643005
x1,train,63400,0.9639875292778015
x1,train,63450,0.9680818915367126
x1,train,63500,0.9644384980201721
x1,train,63550,0.9720690846443176
x1,train,63600,0.9685492515563965
x1,train,63650,0.9395151734352112
x1,train,63700,0.9466301202774048
x1,train,63750,0.9584901928901672
x1,train,63800,0.9630328416824341
x1,train,63850,0.9679513573646545
x1,train,63900,0.9685637950897217
x1,train,63950,0.9694374203681946
x1,train,64000,0.9750982522964478
x1,train,64050,0.9405187964439392
x1,train,64100,0.9499950408935547
x1,train,64150,0.9590260982513428
x1,train,64200,0.9609691500663757
x1,train,64250,0.9647710919380188
x1,train,64300,0.9691537618637085
x1,train,64350,0.9663867354393005
x1,train,64400,0.9721322655677795
x1,train,64450,0.9425820112228394
x1,train,64500,0.9533498883247375
x1,train,64550,0.9538280367851257
x1,train,64600,0.9580212235450745
x1,train,64650,0.9631802439689636
x1,train,64700,0.9680448174476624
x1,train,64750,0.966071605682373
x1,train,64800,0.9692928194999695
x1,train,64850,0.9371751546859741
x1,train,64900,0.9516822695732117
x1,train,64950,0.9523745775222778
x1,train,65000,0.9600503444671631
x1,train,65050,0.9679587483406067
x1,train,65100,0.9622868895530701
x1,train,65150,0.9704450368881226
x1,train,65200,0.9666599035263062
x1,train,65250,0.9357520937919617
x1,train,65300,0.944953441619873
x1,train,65350,0.9516823291778564
x1,train,65400,0.9629535675048828
x1,train,65450,0.9672662615776062
x1,train,65500,0.9629024267196655
x1,train,65550,0.9685409069061279
x1,train,65600,0.967751681804657
x1,train,65650,0.9393265247344971
x1,train,65700,0.9486642479896545
x1,train,65750,0.9536006450653076
x1,train,65800,0.9565277099609375
x1,train,65850,0.9627478718757629
x1,train,65900,0.9589440226554871
x1,train,65950,0.9679273366928101
x1,train,66000,0.9699952602386475
x1,train,66050,0.9370765089988708
x1,train,66100,0.9468594193458557
x1,train,66150,0.9532372951507568
x1,train,66200,0.9508879780769348
x1,train,66250,0.9619086384773254
x1,train,66300,0.9632386565208435
x1,train,66350,0.9660560488700867
x1,train,66400,0.9704089164733887
x1,train,66450,0.9417468905448914
x1,train,66500,0.9419779777526855
x1,train,66550,0.9512509703636169
x1,train,66600,0.9607993364334106
x1,train,66650,0.9537789821624756
x1,train,66700,0.9672062397003174
x1,train,66750,0.9637525081634521
x1,train,66800,0.963888943195343
x1,train,66850,0.9345204830169678
x1,train,66900,0.948061466217041
x1,train,66950,0.9481083750724792
x1,train,67000,0.9515132308006287
x1,train,67050,0.9613040089607239
x1,train,67100,0.9644802808761597
x1,train,67150,0.9643625020980835
x1,train,67200,0.9682208895683289
x1,train,67250,0.9359224438667297
x1,train,67300,0.946381151676178
x1,train,67350,0.949063777923584
x1,train,67400,0.9532806277275085
x1,train,67450,0.956495463848114
x1,train,67500,0.9602771997451782
x1,train,67550,0.9649808406829834
x1,train,67600,0.9625743627548218
x1,train,67650,0.9302573204040527
x1,train,67700,0.9418119788169861
x1,train,67750,0.9490272402763367
x1,train,67800,0.9510040879249573
x1,train,67850,0.9608920216560364
x1,train,67900,0.9618984460830688
x1,train,67950,0.967409074306488
x1,train,68000,0.9621697068214417
x1,train,68050,0.9355105757713318
x1,train,68100,0.9396518468856812
x1,train,68150,0.9473334550857544
x1,train,68200,0.9505171179771423
x1,train,68250,0.9533885717391968
x1,train,68300,0.9657151699066162
x1,train,68350,0.9638285040855408
x1,train,68400,0.9610371589660645
x1,train,68450,0.9375132918357849
x1,train,68500,0.9451001882553101
x1,train,68550,0.9485813975334167
x1,train,68600,0.9528965950012207
x1,train,68650,0.9520748853683472
x1,train,68700,0.9574940204620361
x1,train,68750,0.9585214853286743
x1,train,68800,0.9609771966934204
x1,train,68850,0.932446300983429
x1,train,68900,0.9397913217544556
x1,train,68950,0.9470951557159424
x1,train,69000,0.9531673192977905
x1,train,69050,0.9543029069900513
x1,train,69100,0.9592156410217285
x1,train,69150,0.9578331708908081
x1,train,69200,0.9622071981430054
x1,train,69250,0.9319877028465271
x1,train,69300,0.9404526352882385
x1,train,69350,0.9486656785011292
x1,train,69400,0.952633798122406
x1,train,69450,0.9550541043281555
x1,train,69500,0.9529203176498413
x1,train,69550,0.9574131965637207
x1,train,69600,0.9605669975280762
x1,train,69650,0.9291858673095703
x1,train,69700,0.9378417730331421
x1,train,69750,0.9460608959197998
x1,train,69800,0.9508947730064392
x1,train,69850,0.9499069452285767
x1,train,69900,0.9575610160827637
x1,train,69950,0.9586639404296875
x1,train,70000,0.9614246487617493
x1,train,70050,0.9280604720115662
x1,train,70100,0.9392949938774109
x1,train,70150,0.940960705280304
x1,train,70200,0.9466981291770935
x1,train,70250,0.9504576325416565
x1,train,70300,0.9557873010635376
x1,train,70350,0.9596026539802551
x1,train,70400,0.9626626372337341
x1,train,70450,0.9281883835792542
x1,train,70500,0.932431697845459
x1,train,70550,0.948930025100708
x1,train,70600,0.9478399753570557
x1,train,70650,0.9472476243972778
x1,train,70700,0.9569053053855896
x1,train,70750,0.9587889313697815
x1,train,70800,0.9582581520080566
x1,train,70850,0.9279522895812988
x1,train,70900,0.938301146030426
x1,train,70950,0.9425000548362732
x1,train,71000,0.9479174017906189
x1,train,71050,0.9500933885574341
x1,train,71100,0.9520670175552368
x1,train,71150,0.9553235769271851
x1,train,71200,0.9573571085929871
x1,train,71250,0.9252074360847473
x1,train,71300,0.9311099052429199
x1,train,71350,0.9441224932670593
x1,train,71400,0.9476182460784912
x1,train,71450,0.9507988095283508
x1,train,71500,0.9522846937179565
x1,train,71550,0.9592711925506592
x1,train,71600,0.9561419486999512
x1,train,71650,0.9295265674591064
x1,train,71700,0.9355210065841675
x1,train,71750,0.9431250691413879
x1,train,71800,0.9467124342918396
x1,train,71850,0.9437392354011536
x1,train,71900,0.9470062255859375
x1,train,71950,0.9539192914962769
x1,train,72000,0.9586731195449829
x1,train,72050,0.923963725566864
x1,train,72100,0.931191623210907
x1,train,72150,0.943332850933075
x1,train,72200,0.9473105669021606
x1,train,72250,0.9502124786376953
x1,train,72300,0.9512471556663513
x1,train,72350,0.9533360004425049
x1,train,72400,0.9518618583679199
x1,train,72450,0.9240928888320923
x1,train,72500,0.9299646019935608
x1,train,72550,0.9375867247581482
x1,train,72600,0.944926917552948
x1,train,72650,0.9486551880836487
x1,train,72700,0.9530283212661743
x1,train,72750,0.9501949548721313
x1,train,72800,0.956978976726532
x1,train,72850,0.918539822101593
x1,train,72900,0.9298946261405945
x1,train,72950,0.9428784847259521
x1,train,73000,0.9448516964912415
x1,train,73050,0.9480636119842529
x1,train,73100,0.949688196182251
x1,train,73150,0.9528325796127319
x1,train,73200,0.9521452188491821
x1,train,73250,0.9242565035820007
x1,train,73300,0.9299288988113403
x1,train,73350,0.9409430027008057
x1,train,73400,0.9413931369781494
x1,train,73450,0.94548499584198
x1,train,73500,0.9449639916419983
x1,train,73550,0.9500201940536499
x1,train,73600,0.9542590379714966
x1,train,73650,0.9227403402328491
x1,train,73700,0.930479109287262
x1,train,73750,0.9361187219619751
x1,train,73800,0.9432666301727295
x1,train,73850,0.9428074359893799
x1,train,73900,0.9488123059272766
x1,train,73950,0.9452648162841797
x1,train,74000,0.9533697366714478
x1,train,74050,0.9235966205596924
x1,train,74100,0.9285059571266174
x1,train,74150,0.9368381500244141
x1,train,74200,0.9394288659095764
x1,train,74250,0.9437621831893921
x1,train,74300,0.9465379118919373
x1,train,74350,0.9476950764656067
x1,train,74400,0.9500613212585449
x1,train,74450,0.9218207597732544
x1,train,74500,0.9311161637306213
x1,train,74550,0.9339687824249268
x1,train,74600,0.9380853772163391
x1,train,74650,0.9421400427818298
x1,train,74700,0.9445846080780029
x1,train,74750,0.9471750855445862
x1,train,74800,0.9508340358734131
x1,train,74850,0.9206428527832031
x1,train,74900,0.9294338226318359
x1,train,74950,0.9308407306671143
x1,train,75000,0.9422501921653748
x1,train,75050,0.937950849533081
x1,train,75100,0.9441157579421997
x1,train,75150,0.946811854839325
x1,train,75200,0.9500976800918579
x1,train,75250,0.9163185954093933
x1,train,75300,0.9258357882499695
x1,train,75350,0.9324172735214233
x1,train,75400,0.9382532238960266
x1,train,75450,0.9410866498947144
x1,train,75500,0.945364773273468
x1,train,75550,0.9453000426292419
x1,train,75600,0.9506800174713135
x1,train,75650,0.9195069670677185
x1,train,75700,0.9264965057373047
x1,train,75750,0.9343462586402893
x1,train,75800,0.9365559220314026
x1,train,75850,0.9368157982826233
x1,train,75900,0.9419832825660706
x1,train,75950,0.9474279284477234
x1,train,76000,0.9459410905838013
x1,train,76050,0.917691171169281
x1,train,76100,0.9268270134925842
x1,train,76150,0.932565450668335
x1,train,76200,0.9354010820388794
x1,train,76250,0.9421303272247314
x1,train,76300,0.9382895827293396
x1,train,76350,0.9454139471054077
x1,train,76400,0.9429185390472412
x1,train,76450,0.9179393649101257
x1,train,76500,0.9240462779998779
x1,train,76550,0.9279457330703735
x1,train,76600,0.9381833076477051
x1,train,76650,0.9387174248695374
x1,train,76700,0.9439277648925781
x1,train,76750,0.9442023634910583
x1,train,76800,0.9394280910491943
x1,train,76850,0.9168906211853027
x1,train,76900,0.9270108938217163
x1,train,76950,0.9307558536529541
x1,train,77000,0.9354070425033569
x1,train,77050,0.9343793392181396
x1,train,77100,0.937732458114624
x1,train,77150,0.9428173303604126
x1,train,77200,0.9426516890525818
x1,train,77250,0.9160970449447632
x1,train,77300,0.9231671094894409
x1,train,77350,0.9317163228988647
x1,train,77400,0.9329351186752319
x1,train,77450,0.9339600205421448
x1,train,77500,0.9376195669174194
x1,train,77550,0.9416506290435791
x1,train,77600,0.9436530470848083
x1,train,77650,0.9115486145019531
x1,train,77700,0.9215215444564819
x1,train,77750,0.9237975478172302
x1,train,77800,0.9390155673027039
x1,train,77850,0.936916708946228
x1,train,77900,0.9414236545562744
x1,train,77950,0.936154305934906
x1,train,78000,0.9438473582267761
x1,train,78050,0.9131907820701599
x1,train,78100,0.9190415143966675
x1,train,78150,0.9273635149002075
x1,train,78200,0.9323199987411499
x1,train,78250,0.9380704760551453
x1,train,78300,0.9389156103134155
x1,train,78350,0.9359771013259888
x1,train,78400,0.9410566091537476
x1,train,78450,0.9131744503974915
x1,train,78500,0.9229774475097656
x1,train,78550,0.9206575751304626
x1,train,78600,0.930683970451355
x1,train,78650,0.9319726824760437
x1,train,78700,0.9387290477752686
x1,train,78750,0.9369240403175354
x1,train,78800,0.9446170330047607
x1,train,78850,0.9143478274345398
x1,train,78900,0.9175367951393127
x1,train,78950,0.9247535467147827
x1,train,79000,0.9291443824768066
x1,train,79050,0.932999849319458
x1,train,79100,0.9372242093086243
x1,train,79150,0.9355304837226868
x1,train,79200,0.9372853636741638
x1,train,79250,0.9143137335777283
x1,train,79300,0.9168074727058411
x1,train,79350,0.9240389466285706
x1,train,79400,0.9260839223861694
x1,train,79450,0.9338873028755188
x1,train,79500,0.9330152869224548
x1,train,79550,0.9338507056236267
x1,train,79600,0.9419293403625488
x1,train,79650,0.9140474200248718
x1,train,79700,0.9205963611602783
x1,train,79750,0.9202621579170227
x1,train,79800,0.9316653609275818
x1,train,79850,0.9235174059867859
x1,train,79900,0.9295752048492432
x1,train,79950,0.9355259537696838
x1,train,80000,0.9404302835464478
x1,train,80050,0.9090335965156555
x1,train,80100,0.9178932309150696
x1,train,80150,0.9224715232849121
x1,train,80200,0.9247512221336365
x1,train,80250,0.9292874932289124
x1,train,80300,0.9364802837371826
x1,train,80350,0.9351921081542969
x1,train,80400,0.9329503774642944
x1,train,80450,0.9103367328643799
x1,train,80500,0.9136579036712646
x1,train,80550,0.9234586954116821
x1,train,80600,0.926383912563324
x1,train,80650,0.9259495735168457
x1,train,80700,0.9307032823562622
x1,train,80750,0.9335792660713196
x1,train,80800,0.938382625579834
x1,train,80850,0.9040496945381165
x1,train,80900,0.918684720993042
x1,train,80950,0.925225019454956
x1,train,81000,0.9267927408218384
x1,train,81050,0.9265569448471069
x1,train,81100,0.9307249188423157
x1,train,81150,0.9287760853767395
x1,train,81200,0.934201717376709
x1,train,81250,0.9067829251289368
x1,train,81300,0.9119665622711182
x1,train,81350,0.9224197268486023
x1,train,81400,0.92543625831604
x1,train,81450,0.9293097853660583
x1,train,81500,0.9290875792503357
x1,train,81550,0.9308993816375732
x1,train,81600,0.9324270486831665
x1,train,81650,0.9046210646629333
x1,train,81700,0.9136192202568054
x1,train,81750,0.919898509979248
x1,train,81800,0.9238057732582092
x1,train,81850,0.9250540137290955
x1,train,81900,0.9269790053367615
x1,train,81950,0.9328351020812988
x1,train,82000,0.934580385684967
x1,train,82050,0.9041491746902466
x1,train,82100,0.914085865020752
x1,train,82150,0.917614221572876
x1,train,82200,0.9210948944091797
x1,train,82250,0.9289565086364746
x1,train,82300,0.927611768245697
x1,train,82350,0.9286925792694092
x1,train,82400,0.9297691583633423
x1,train,82450,0.9020661115646362
x1,train,82500,0.9105336666107178
x1,train,82550,0.9186923503875732
x1,train,82600,0.9245744943618774
x1,train,82650,0.9206060767173767
x1,train,82700,0.9232569336891174
x1,train,82750,0.9304999709129333
x1,train,82800,0.9359525442123413
x1,train,82850,0.9033636450767517
x1,train,82900,0.9118226766586304
x1,train,82950,0.9111674427986145
x1,train,83000,0.9219151139259338
x1,train,83050,0.9213136434555054
x1,train,83100,0.9307401776313782
x1,train,83150,0.9275175333023071
x1,train,83200,0.9305797815322876
x1,train,83250,0.9010352492332458
x1,train,83300,0.9096775650978088
x1,train,83350,0.915164589881897
x1,train,83400,0.9195929169654846
x1,train,83450,0.9233080148696899
x1,train,83500,0.9243366718292236
x1,train,83550,0.9263787269592285
x1,train,83600,0.9329725503921509
x1,train,83650,0.900413453578949
x1,train,83700,0.9117655158042908
x1,train,83750,0.9156390428543091
x1,train,83800,0.9180588722229004
x1,train,83850,0.919446587562561
x1,train,83900,0.9201266765594482
x1,train,83950,0.9314681887626648
x1,train,84000,0.927377462387085
x1,train,84050,0.9045172929763794
x1,train,84100,0.9088099002838135
x1,train,84150,0.9098597764968872
x1,train,84200,0.9168969988822937
x1,train,84250,0.9202466607093811
x1,train,84300,0.9197036623954773
x1,train,84350,0.925017774105072
x1,train,84400,0.9302874803543091
x1,train,84450,0.8992037773132324
x1,train,84500,0.9038960933685303
x1,train,84550,0.9131213426589966
x1,train,84600,0.9145224690437317
x1,train,84650,0.921638548374176
x1,train,84700,0.9229448437690735
x1,train,84750,0.9284208416938782
x1,train,84800,0.9252875447273254
x1,train,84850,0.9026473760604858
x1,train,84900,0.908030092716217
x1,train,84950,0.9135643243789673
x1,train,85000,0.912909984588623
x1,train,85050,0.9171030521392822
x1,train,85100,0.9178359508514404
x1,train,85150,0.9269558191299438
x1,train,85200,0.9232814311981201
x1,train,85250,0.9001232981681824
x1,train,85300,0.9045595526695251
x1,train,85350,0.9137561321258545
x1,train,85400,0.9089637994766235
x1,train,85450,0.9175629615783691
x1,train,85500,0.9203409552574158
x1,train,85550,0.9250035285949707
x1,train,85600,0.9248777031898499
x1,train,85650,0.8950677514076233
x1,train,85700,0.9088284969329834
x1,train,85750,0.9083854556083679
x1,train,85800,0.9104143381118774
x1,train,85850,0.9155271649360657
x1,train,85900,0.919802725315094
x1,train,85950,0.9223881363868713
x1,train,86000,0.9289359450340271
x1,train,86050,0.900509238243103
x1,train,86100,0.9068759083747864
x1,train,86150,0.9099514484405518
x1,train,86200,0.9116795063018799
x1,train,86250,0.9164736866950989
x1,train,86300,0.9111030101776123
x1,train,86350,0.9186859130859375
x1,train,86400,0.9246875047683716
x1,train,86450,0.8929288983345032
x1,train,86500,0.9022037982940674
x1,train,86550,0.9110094308853149
x1,train,86600,0.9067404270172119
x1,train,86650,0.9158542156219482
x1,train,86700,0.9224027395248413
x1,train,86750,0.9207789897918701
x1,train,86800,0.9202172756195068
x1,train,86850,0.8954175710678101
x1,train,86900,0.9018266797065735
x1,train,86950,0.9071967601776123
x1,train,87000,0.9122501611709595
x1,train,87050,0.9147695302963257
x1,train,87100,0.9158337116241455
x1,train,87150,0.922096848487854
x1,train,87200,0.9167186617851257
x1,train,87250,0.8912301063537598
x1,train,87300,0.905021607875824
x1,train,87350,0.9048511385917664
x1,train,87400,0.9112246632575989
x1,train,87450,0.9166001081466675
x1,train,87500,0.9139827489852905
x1,train,87550,0.9191669225692749
x1,train,87600,0.9173434972763062
x1,train,87650,0.8947617411613464
x1,train,87700,0.8940045833587646
x1,train,87750,0.9063416123390198
x1,train,87800,0.9125731587409973
x1,train,87850,0.9130592942237854
x1,train,87900,0.9168676137924194
x1,train,87950,0.9153508543968201
x1,train,88000,0.9201003909111023
x1,train,88050,0.8966419696807861
x1,train,88100,0.9016505479812622
x1,train,88150,0.9024308919906616
x1,train,88200,0.9078256487846375
x1,train,88250,0.9118592143058777
x1,train,88300,0.9136907458305359
x1,train,88350,0.9160077571868896
x1,train,88400,0.9158357977867126
x1,train,88450,0.8934547305107117
x1,train,88500,0.8984524011611938
x1,train,88550,0.9008641839027405
x1,train,88600,0.9092241525650024
x1,train,88650,0.9161230325698853
x1,train,88700,0.9100663065910339
x1,train,88750,0.9143354296684265
x1,train,88800,0.9144930243492126
x1,train,88850,0.88887619972229
x1,train,88900,0.8988513350486755
x1,train,88950,0.9035089612007141
x1,train,89000,0.9097684621810913
x1,train,89050,0.9117096662521362
x1,train,89100,0.9059568643569946
x1,train,89150,0.9150395393371582
x1,train,89200,0.917462944984436
x1,train,89250,0.8903388977050781
x1,train,89300,0.8979013562202454
x1,train,89350,0.9031189680099487
x1,train,89400,0.9048548936843872
x1,train,89450,0.9061321020126343
x1,train,89500,0.9075894951820374
x1,train,89550,0.918578028678894
x1,train,89600,0.9159262180328369
x1,train,89650,0.8936942219734192
x1,train,89700,0.8911647200584412
x1,train,89750,0.899931788444519
x1,train,89800,0.90349942445755
x1,train,89850,0.9083576798439026
x1,train,89900,0.9084591865539551
x1,train,89950,0.9129347205162048
x1,train,90000,0.9170646667480469
x1,train,90050,0.8914110660552979
x1,train,90100,0.8916645050048828
x1,train,90150,0.9006244540214539
x1,train,90200,0.9058570861816406
x1,train,90250,0.9072394371032715
x1,train,90300,0.9073798656463623
x1,train,90350,0.9095696210861206
x1,train,90400,0.9148273468017578
x1,train,90450,0.8887956738471985
x1,train,90500,0.8945216536521912
x1,train,90550,0.9000225067138672
x1,train,90600,0.9041770100593567
x1,train,90650,0.9049960374832153
x1,train,90700,0.9046499133110046
x1,train,90750,0.9127967953681946
x1,train,90800,0.9118573665618896
x1,train,90850,0.8869379162788391
x1,train,90900,0.8917843699455261
x1,train,90950,0.9014518857002258
x1,train,91000,0.9030499458312988
x1,train,91050,0.9053968787193298
x1,train,91100,0.90509432554245
x1,train,91150,0.9115319848060608
x1,train,91200,0.9099109172821045
x1,train,91250,0.8858391046524048
x1,train,91300,0.8975769877433777
x1,train,91350,0.8975812792778015
x1,train,91400,0.8997745513916016
x1,train,91450,0.9025061726570129
x1,train,91500,0.9070322513580322
x1,train,91550,0.9085477590560913
x1,train,91600,0.9101311564445496
x1,train,91650,0.8843528032302856
x1,train,91700,0.8937592506408691
x1,train,91750,0.8991091251373291
x1,train,91800,0.9019594788551331
x1,train,91850,0.8996445536613464
x1,train,91900,0.9065268635749817
x1,train,91950,0.905805230140686
x1,train,92000,0.9102399945259094
x1,train,92050,0.880582332611084
x1,train,92100,0.8907825946807861
x1,train,92150,0.9015535712242126
x1,train,92200,0.9002832174301147
x1,train,92250,0.8993521928787231
x1,train,92300,0.9070404767990112
x1,train,92350,0.9059079885482788
x1,train,92400,0.9084161520004272
x1,train,92450,0.8874542713165283
x1,train,92500,0.8891351819038391
x1,train,92550,0.8946696519851685
x1,train,92600,0.8979570865631104
x1,train,92650,0.9010328054428101
x1,train,92700,0.9045981764793396
x1,train,92750,0.9060530662536621
x1,train,92800,0.9069100022315979
x1,train,92850,0.8843642473220825
x1,train,92900,0.889767050743103
x1,train,92950,0.8990447521209717
x1,train,93000,0.8939868807792664
x1,train,93050,0.9002631902694702
x1,train,93100,0.9036921858787537
x1,train,93150,0.9031826853752136
x1,train,93200,0.9055498242378235
x1,train,93250,0.887065589427948
x1,train,93300,0.8864912390708923
x1,train,93350,0.8922001719474792
x1,train,93400,0.8951120972633362
x1,train,93450,0.8998985886573792
x1,train,93500,0.8997742533683777
x1,train,93550,0.9050694108009338
x1,train,93600,0.9079494476318359
x1,train,93650,0.8825923204421997
x1,train,93700,0.8894814848899841
x1,train,93750,0.8901490569114685
x1,train,93800,0.8961138129234314
x1,train,93850,0.8995322585105896
x1,train,93900,0.9024419188499451
x1,train,93950,0.9026428461074829
x1,train,94000,0.9044699668884277
x1,train,94050,0.8797184228897095
x1,train,94100,0.8897262811660767
x1,train,94150,0.8937388062477112
x1,train,94200,0.8964797258377075
x1,train,94250,0.8942640423774719
x1,train,94300,0.9004473686218262
x1,train,94350,0.9019442200660706
x1,train,94400,0.9042303562164307
x1,train,94450,0.8834282755851746
x1,train,94500,0.884115993976593
x1,train,94550,0.8919743299484253
x1,train,94600,0.8937469720840454
x1,train,94650,0.8985375165939331
x1,train,94700,0.8986844420433044
x1,train,94750,0.8994566202163696
x1,train,94800,0.9032044410705566
x1,train,94850,0.8825094699859619
x1,train,94900,0.8892448544502258
x1,train,94950,0.8863273859024048
x1,train,95000,0.8952163457870483
x1,train,95050,0.8952385783195496
x1,train,95100,0.896023154258728
x1,train,95150,0.8992587327957153
x1,train,95200,0.9022355675697327
x1,train,95250,0.8789294958114624
x1,train,95300,0.8896335363388062
x1,train,95350,0.8885440826416016
x1,train,95400,0.8901759386062622
x1,train,95450,0.8949735164642334
x1,train,95500,0.9023006558418274
x1,train,95550,0.8998664021492004
x1,train,95600,0.8950108289718628
x1,train,95650,0.8810169696807861
x1,train,95700,0.884732723236084
x1,train,95750,0.8874154686927795
x1,train,95800,0.8918492794036865
x1,train,95850,0.8947960734367371
x1,train,95900,0.8967158794403076
x1,train,95950,0.8995383381843567
x1,train,96000,0.8985862135887146
x1,train,96050,0.8792144656181335
x1,train,96100,0.8839111924171448
x1,train,96150,0.8870612382888794
x1,train,96200,0.8939814567565918
x1,train,96250,0.8917040824890137
x1,train,96300,0.8940738439559937
x1,train,96350,0.8968377113342285
x1,train,96400,0.8998339772224426
x1,train,96450,0.8829615712165833
x1,train,96500,0.8804454207420349
x1,train,96550,0.8883240222930908
x1,train,96600,0.8883950710296631
x1,train,96650,0.8916204571723938
x1,train,96700,0.896737813949585
x1,train,96750,0.8976837992668152
x1,train,96800,0.8949843645095825
x1,train,96850,0.8800818920135498
x1,train,96900,0.8850147128105164
x1,train,96950,0.8863106369972229
x1,train,97000,0.8883979916572571
x1,train,97050,0.8888574242591858
x1,train,97100,0.892741322517395
x1,train,97150,0.8944936394691467
x1,train,97200,0.8981385827064514
x1,train,97250,0.8819633722305298
x1,train,97300,0.8819600939750671
x1,train,97350,0.8853415846824646
x1,train,97400,0.885752260684967
x1,train,97450,0.8930535912513733
x1,train,97500,0.8898135423660278
x1,train,97550,0.8953244090080261
x1,train,97600,0.8948236107826233
x1,train,97650,0.8807909488677979
x1,train,97700,0.8791787624359131
x1,train,97750,0.8834614753723145
x1,train,97800,0.8904364705085754
x1,train,97850,0.8873285055160522
x1,train,97900,0.8943334817886353
x1,train,97950,0.8953462839126587
x1,train,98000,0.8908066749572754
x1,train,98050,0.8771507143974304
x1,train,98100,0.8833768367767334
x1,train,98150,0.8807294368743896
x1,train,98200,0.8883059024810791
x1,train,98250,0.8900701999664307
x1,train,98300,0.8920515179634094
x1,train,98350,0.8925606608390808
x1,train,98400,0.8922394514083862
x1,train,98450,0.8755981922149658
x1,train,98500,0.8792334198951721
x1,train,98550,0.8833154439926147
x1,train,98600,0.8858538269996643
x1,train,98650,0.8883200287818909
x1,train,98700,0.8916837573051453
x1,train,98750,0.8935050964355469
x1,train,98800,0.8915990591049194
x1,train,98850,0.8791307806968689
x1,train,98900,0.880720853805542
x1,train,98950,0.8841819763183594
x1,train,99000,0.8809956908226013
x1,train,99050,0.8846759796142578
x1,train,99100,0.8902056813240051
x1,train,99150,0.8898968696594238
x1,train,99200,0.8930352926254272
x1,train,99250,0.8746444582939148
x1,train,99300,0.880581259727478
x1,train,99350,0.879372775554657
x1,train,99400,0.8827220797538757
x1,train,99450,0.8866704702377319
x1,train,99500,0.8858312964439392
x1,train,99550,0.8947691917419434
x1,train,99600,0.8921886682510376
x1,train,99650,0.8729026913642883
x1,train,99700,0.8765898942947388
x1,train,99750,0.885967493057251
x1,train,99800,0.8816544413566589
x1,train,99850,0.8859569430351257
x1,train,99900,0.8869828581809998
x1,train,99950,0.8896081447601318
x1,train,100000,0.8928963541984558
x1,train,100050,0.8695977926254272
x1,train,100100,0.8792489767074585
x1,train,100150,0.8852180242538452
x1,train,100200,0.8821880221366882
x1,train,100250,0.8891680836677551
x1,train,100300,0.8865863084793091
x1,train,100350,0.8878167867660522
x1,train,100400,0.8862124681472778
x1,train,100450,0.8755794763565063
x1,train,100500,0.879128634929657
x1,train,100550,0.8789334893226624
x1,train,100600,0.8807095289230347
x1,train,100650,0.8851609826087952
x1,train,100700,0.8854358196258545
x1,train,100750,0.8837195634841919
x1,train,100800,0.8914596438407898
x1,train,100850,0.8753049373626709
x1,train,100900,0.877383291721344
x1,train,100950,0.8752509355545044
x1,train,101000,0.8783762454986572
x1,train,101050,0.8860953450202942
x1,train,101100,0.8853196501731873
x1,train,101150,0.8875530958175659
x1,train,101200,0.8889852166175842
x1,train,101250,0.8709411025047302
x1,train,101300,0.8766055107116699
x1,train,101350,0.8832566738128662
x1,train,101400,0.8793065547943115
x1,train,101450,0.880888044834137
x1,train,101500,0.882943332195282
x1,train,101550,0.8857520222663879
x1,train,101600,0.8894109129905701
x1,train,101650,0.8717799186706543
x1,train,101700,0.8738062977790833
x1,train,101750,0.8763381242752075
x1,train,101800,0.8795785307884216
x1,train,101850,0.8808258771896362
x1,train,101900,0.8831908702850342
x1,train,101950,0.8868749737739563
x1,train,102000,0.8908584117889404
x1,train,102050,0.873731791973114
x1,train,102100,0.8750618696212769
x1,train,102150,0.871975839138031
x1,train,102200,0.8820505738258362
x1,train,102250,0.8782106041908264
x1,train,102300,0.8840760588645935
x1,train,102350,0.8867154717445374
x1,train,102400,0.8866573572158813
x1,train,102450,0.8692899346351624
x1,train,102500,0.8750569224357605
x1,train,102550,0.8744449615478516
x1,train,102600,0.8811163306236267
x1,train,102650,0.8826766014099121
x1,train,102700,0.8817072510719299
x1,train,102750,0.8826429843902588
x1,train,102800,0.8855351209640503
x1,train,102850,0.8681446313858032
x1,train,102900,0.8677547574043274
x1,train,102950,0.8785262107849121
x1,train,103000,0.8801406621932983
x1,train,103050,0.8817748427391052
x1,train,103100,0.8791899681091309
x1,train,103150,0.8853293657302856
x1,train,103200,0.8866779804229736
x1,train,103250,0.8708294034004211
x1,train,103300,0.8772066235542297
x1,train,103350,0.872548520565033
x1,train,103400,0.8783901333808899
x1,train,103450,0.8809410333633423
x1,train,103500,0.8779996633529663
x1,train,103550,0.8792576789855957
x1,train,103600,0.8851795792579651
x1,train,103650,0.8688917756080627
x1,train,103700,0.8721634745597839
x1,train,103750,0.8730726838111877
x1,train,103800,0.8805279731750488
x1,train,103850,0.8816708326339722
x1,train,103900,0.8789985775947571
x1,train,103950,0.8826484084129333
x1,train,104000,0.8796010613441467
x1,train,104050,0.8700501322746277
x1,train,104100,0.8676683306694031
x1,train,104150,0.8770308494567871
x1,train,104200,0.8774375319480896
x1,train,104250,0.8804801106452942
x1,train,104300,0.8825994729995728
x1,train,104350,0.8796486854553223
x1,train,104400,0.8771628737449646
x1,train,104450,0.8630976676940918
x1,train,104500,0.8737518787384033
x1,train,104550,0.8752357363700867
x1,train,104600,0.8738293647766113
x1,train,104650,0.8805208802223206
x1,train,104700,0.8777347803115845
x1,train,104750,0.8803725242614746
x1,train,104800,0.8827022314071655
x1,train,104850,0.8670627474784851
x1,train,104900,0.8712871074676514
x1,train,104950,0.8720929026603699
x1,train,105000,0.8756055235862732
x1,train,105050,0.8825154304504395
x1,train,105100,0.8783400058746338
x1,train,105150,0.880460262298584
x1,train,105200,0.8752383589744568
x1,train,105250,0.8687697649002075
x1,train,105300,0.8712068200111389
x1,train,105350,0.8748711347579956
x1,train,105400,0.8768887519836426
x1,train,105450,0.877916157245636
x1,train,105500,0.8744761943817139
x1,train,105550,0.8760207295417786
x1,train,105600,0.8777757883071899
x1,train,105650,0.8721074461936951
x1,train,105700,0.8695021867752075
x1,train,105750,0.8729220628738403
x1,train,105800,0.871999979019165
x1,train,105850,0.875206470489502
x1,train,105900,0.8769420385360718
x1,train,105950,0.8756816387176514
x1,train,106000,0.8790184855461121
x1,train,106050,0.8644471764564514
x1,train,106100,0.8683924674987793
x1,train,106150,0.8737238049507141
x1,train,106200,0.8731086850166321
x1,train,106250,0.8783594369888306
x1,train,106300,0.8761518001556396
x1,train,106350,0.8762634992599487
x1,train,106400,0.8787331581115723
x1,train,106450,0.8682937026023865
x1,train,106500,0.8683095574378967
x1,train,106550,0.8674107193946838
x1,train,106600,0.8729541897773743
x1,train,106650,0.8753024339675903
x1,train,106700,0.8730878233909607
x1,train,106750,0.8793138265609741
x1,train,106800,0.8798050880432129
x1,train,106850,0.8606231808662415
x1,train,106900,0.8734161853790283
x1,train,106950,0.8680327534675598
x1,train,107000,0.8742932081222534
x1,train,107050,0.8740906715393066
x1,train,107100,0.8769893050193787
x1,train,107150,0.8735650777816772
x1,train,107200,0.8795416355133057
x1,train,107250,0.8687912225723267
x1,train,107300,0.8715021014213562
x1,train,107350,0.8689188957214355
x1,train,107400,0.8716217875480652
x1,train,107450,0.8704178333282471
x1,train,107500,0.8730787634849548
x1,train,107550,0.8746962547302246
x1,train,107600,0.8772568702697754
x1,train,107650,0.8687597513198853
x1,train,107700,0.8693188428878784
x1,train,107750,0.8668406009674072
x1,train,107800,0.8760248422622681
x1,train,107850,0.8713907599449158
x1,train,107900,0.8751615285873413
x1,train,107950,0.8733684420585632
x1,train,108000,0.8713375329971313
x1,train,108050,0.8620896935462952
x1,train,108100,0.8683168888092041
x1,train,108150,0.8713858127593994
x1,train,108200,0.8734157681465149
x1,train,108250,0.8699520230293274
x1,train,108300,0.8701158165931702
x1,train,108350,0.873552680015564
x1,train,108400,0.8793929219245911
x1,train,108450,0.8638367652893066
x1,train,108500,0.867857038974762
x1,train,108550,0.8705836534500122
x1,train,108600,0.8698030114173889
x1,train,108650,0.8688278794288635
x1,train,108700,0.8735397458076477
x1,train,108750,0.8751744031906128
x1,train,108800,0.8748612999916077
x1,train,108850,0.8700748682022095
x1,train,108900,0.8661158084869385
x1,train,108950,0.8669574856758118
x1,train,109000,0.8718224167823792
x1,train,109050,0.865997314453125
x1,train,109100,0.8745065927505493
x1,train,109150,0.8694412708282471
x1,train,109200,0.8757231831550598
x1,train,109250,0.8658766746520996
x1,train,109300,0.8661007881164551
x1,train,109350,0.8691390752792358
x1,train,109400,0.8684120178222656
x1,train,109450,0.8719565868377686
x1,train,109500,0.8734599947929382
x1,train,109550,0.8686690330505371
x1,train,109600,0.8735399842262268
x1,train,109650,0.8623092770576477
x1,train,109700,0.8687067627906799
x1,train,109750,0.8646299242973328
x1,train,109800,0.8705453276634216
x1,train,109850,0.8697431087493896
x1,train,109900,0.8756384253501892
x1,train,109950,0.8701331615447998
x1,train,110000,0.8715567588806152
x1,train,110050,0.8644725680351257
x1,train,110100,0.8680082559585571
x1,train,110150,0.8652147054672241
x1,train,110200,0.8697268962860107
x1,train,110250,0.8668673634529114
x1,train,110300,0.8730275630950928
x1,train,110350,0.8686164617538452
x1,train,110400,0.8741885423660278
x1,train,110450,0.8626354336738586
x1,train,110500,0.8662570118904114
x1,train,110550,0.8655387163162231
x1,train,110600,0.8641234040260315
x1,train,110650,0.8698254227638245
x1,train,110700,0.8729015588760376
x1,train,110750,0.8703482747077942
x1,train,110800,0.8752934336662292
x1,train,110850,0.8627212643623352
x1,train,110900,0.8691856265068054
x1,train,110950,0.8685727715492249
x1,train,111000,0.8685482144355774
x1,train,111050,0.8694663047790527
x1,train,111100,0.868940532207489
x1,train,111150,0.8680118322372437
x1,train,111200,0.8682392835617065
x1,train,111250,0.8644726276397705
x1,train,111300,0.8679273128509521
x1,train,111350,0.8651188015937805
x1,train,111400,0.8689202666282654
x1,train,111450,0.86689293384552
x1,train,111500,0.8673086762428284
x1,train,111550,0.8697232604026794
x1,train,111600,0.8702517151832581
x1,train,111650,0.863760232925415
x1,train,111700,0.8642019629478455
x1,train,111750,0.8655880689620972
x1,train,111800,0.8659043312072754
x1,train,111850,0.8704948425292969
x1,train,111900,0.8678829073905945
x1,train,111950,0.869743824005127
x1,train,112000,0.8699409365653992
x1,train,112050,0.8633782267570496
x1,train,112100,0.8675696849822998
x1,train,112150,0.8652336597442627
x1,train,112200,0.8689596056938171
x1,train,112250,0.8684871196746826
x1,train,112300,0.868455708026886
x1,train,112350,0.8676908612251282
x1,train,112400,0.8651272058486938
x1,train,112450,0.8690357804298401
x1,train,112500,0.86490797996521
x1,train,112550,0.866350531578064
x1,train,112600,0.8633356690406799
x1,train,112650,0.8652596473693848
x1,train,112700,0.8638158440589905
x1,train,112750,0.8703809976577759
x1,train,112800,0.8692959547042847
x1,train,112850,0.8639283776283264
x1,train,112900,0.8659782409667969
x1,train,112950,0.8678193092346191
x1,train,113000,0.863157331943512
x1,train,113050,0.8680808544158936
x1,train,113100,0.8672868609428406
x1,train,113150,0.8677720427513123
x1,train,113200,0.8656603097915649
x1,train,113250,0.8673523664474487
x1,train,113300,0.8686741590499878
x1,train,113350,0.8636480569839478
x1,train,113400,0.865816593170166
x1,train,113450,0.8629252910614014
x1,train,113500,0.8670196533203125
x1,train,113550,0.8668355345726013
x1,train,113600,0.8650697469711304
x1,train,113650,0.863715648651123
x1,train,113700,0.8620319962501526
x1,train,113750,0.863487720489502
x1,train,113800,0.8644648194313049
x1,train,113850,0.8686043620109558
x1,train,113900,0.8676092624664307
x1,train,113950,0.8663169741630554
x1,train,114000,0.8687158226966858
x1,train,114050,0.8660798668861389
x1,train,114100,0.8674004077911377
x1,train,114150,0.8657755851745605
x1,train,114200,0.865043044090271
x1,train,114250,0.8657225966453552
x1,train,114300,0.8670535087585449
x1,train,114350,0.8613272905349731
x1,train,114400,0.8643145561218262
x1,train,114450,0.8615080118179321
x1,train,114500,0.8653504252433777
x1,train,114550,0.8697660565376282
x1,train,114600,0.8639713525772095
x1,train,114650,0.8654709458351135
x1,train,114700,0.8642904758453369
x1,train,114750,0.8671813011169434
x1,train,114800,0.863203763961792
x1,train,114850,0.8630670309066772
x1,train,114900,0.8657501935958862
x1,train,114950,0.8624677062034607
x1,train,115000,0.8659642934799194
x1,train,115050,0.8666503429412842
x1,train,115100,0.8654129505157471
x1,train,115150,0.8646323680877686
x1,train,115200,0.8649262189865112
x1,train,115250,0.8635927438735962
x1,train,115300,0.8649353981018066
x1,train,115350,0.8627898693084717
x1,train,115400,0.8635438680648804
x1,train,115450,0.8667526841163635
x1,train,115500,0.8650643825531006
x1,train,115550,0.8687313795089722
x1,train,115600,0.8616509437561035
x1,train,115650,0.8647993206977844
x1,train,115700,0.8657150268554688
x1,train,115750,0.8635967969894409
x1,train,115800,0.8681318163871765
x1,train,115850,0.8635719418525696
x1,train,115900,0.8609267473220825
x1,train,115950,0.8631727695465088
x1,train,116000,0.865571916103363
x1,train,116050,0.863250732421875
x1,train,116100,0.8637859225273132
x1,train,116150,0.864982008934021
x1,train,116200,0.8659664988517761
x1,train,116250,0.8655189275741577
x1,train,116300,0.8623407483100891
x1,train,116350,0.862267017364502
x1,train,116400,0.8658308982849121
x1,train,116450,0.8616921305656433
x1,train,116500,0.8618521094322205
x1,train,116550,0.8595883250236511
x1,train,116600,0.8642777800559998
x1,train,116650,0.8676936626434326
x1,train,116700,0.8680265545845032
x1,train,116750,0.8617933392524719
x1,train,116800,0.86765456199646
x1,train,116850,0.8655151128768921
x1,train,116900,0.8646828532218933
x1,train,116950,0.8650346994400024
x1,train,117000,0.8629070520401001
x1,train,117050,0.8610290288925171
x1,train,117100,0.8627939820289612
x1,train,117150,0.862480103969574
x1,train,117200,0.866945207118988
x1,train,117250,0.8636080026626587
x1,train,117300,0.8623197674751282
x1,train,117350,0.8630286455154419
x1,train,117400,0.8646750450134277
x1,train,117450,0.8611624836921692
x1,train,117500,0.8631808757781982
x1,train,117550,0.8650557994842529
x1,train,117600,0.8672845959663391
x1,train,117650,0.8639565110206604
x1,train,117700,0.8668594360351562
x1,train,117750,0.862087070941925
x1,train,117800,0.8614926934242249
x1,train,117850,0.8621336221694946
x1,train,117900,0.8664278984069824
x1,train,117950,0.8644256591796875
x1,train,118000,0.8619884252548218
x1,train,118050,0.8626911640167236
x1,train,118100,0.8642488718032837
x1,train,118150,0.865645170211792
x1,train,118200,0.8666648268699646
x1,train,118250,0.8604916334152222
x1,train,118300,0.8617689609527588
x1,train,118350,0.8611901998519897
x1,train,118400,0.8659071922302246
x1,train,118450,0.8637314438819885
x1,train,118500,0.865672767162323
x1,train,118550,0.8623745441436768
x1,train,118600,0.8629728555679321
x1,train,118650,0.8641882538795471
x1,train,118700,0.8649468421936035
x1,train,118750,0.8629517555236816
x1,train,118800,0.8611040711402893
x1,train,118850,0.86268150806427
x1,train,118900,0.8636537194252014
x1,train,118950,0.8655251860618591
x1,train,119000,0.8616145253181458
x1,train,119050,0.8636996746063232
x1,train,119100,0.86273193359375
x1,train,119150,0.8629158139228821
x1,train,119200,0.8646422624588013
x1,train,119250,0.8607550263404846
x1,train,119300,0.8572543859481812
x1,train,119350,0.8685466051101685
x1,train,119400,0.8656300902366638
x1,train,119450,0.86537766456604
x1,train,119500,0.8640232086181641
x1,train,119550,0.8648025989532471
x1,train,119600,0.8606894016265869
x1,train,119650,0.8623310327529907
x1,train,119700,0.8652011752128601
x1,train,119750,0.8621202707290649
x1,train,119800,0.8641393780708313
x1,train,119850,0.8649746179580688
x1,train,119900,0.862173318862915
x1,train,119950,0.8658062219619751
x1,train,120000,0.8601229190826416
x1,eval,250,1.785080909729004
x1,eval,500,1.4319044351577759
x1,eval,750,1.3358246088027954
x1,eval,1000,1.288041114807129
x1,eval,1250,1.260116696357727
x1,eval,1500,1.2403403520584106
x1,eval,1750,1.2215626239776611
x1,eval,2000,1.2096205949783325
x1,eval,2250,1.1960066556930542
x1,eval,2500,1.1873067617416382
x1,eval,2750,1.1791106462478638
x1,eval,3000,1.1718690395355225
x1,eval,3250,1.1700369119644165
x1,eval,3500,1.1618622541427612
x1,eval,3750,1.1568737030029297
x1,eval,4000,1.1571112871170044
x1,eval,4250,1.1572444438934326
x1,eval,4500,1.1475284099578857
x1,eval,4750,1.145294427871704
x1,eval,5000,1.1491254568099976
x1,eval,5250,1.1462571620941162
x1,eval,5500,1.141086220741272
x1,eval,5750,1.1360808610916138
x1,eval,6000,1.133825421333313
x1,eval,6250,1.1372644901275635
x1,eval,6500,1.1435863971710205
x1,eval,6750,1.1353551149368286
x1,eval,7000,1.135282039642334
x1,eval,7250,1.1309257745742798
x1,eval,7500,1.1299538612365723
x1,eval,7750,1.136244773864746
x1,eval,8000,1.1292885541915894
x1,eval,8250,1.131438970565796
x1,eval,8500,1.1332122087478638
x1,eval,8750,1.1298524141311646
x1,eval,9000,1.1357126235961914
x1,eval,9250,1.132333517074585
x1,eval,9500,1.1339818239212036
x1,eval,9750,1.13945472240448
x1,eval,10000,1.1328692436218262
x1,eval,10250,1.1297718286514282
x1,eval,10500,1.1369543075561523
x1,eval,10750,1.1297394037246704
x1,eval,11000,1.1346335411071777
x1,eval,11250,1.1360191106796265
x1,eval,11500,1.130882740020752
x1,eval,11750,1.1385470628738403
x1,eval,12000,1.1316850185394287
x1,eval,12250,1.131394624710083
x1,eval,12500,1.1397624015808105
x1,eval,12750,1.1347357034683228
x1,eval,13000,1.1386326551437378
x1,eval,13250,1.1439825296401978
x1,eval,13500,1.1348930597305298
x1,eval,13750,1.13980233669281
x1,eval,14000,1.1307803392410278
x1,eval,14250,1.136935830116272
x1,eval,14500,1.1408734321594238
x1,eval,14750,1.1321834325790405
x1,eval,15000,1.137536644935608
x1,eval,15250,1.1458994150161743
x1,eval,15500,1.1363873481750488
x1,eval,15750,1.1400090456008911
x1,eval,16000,1.132588267326355
x1,eval,16250,1.1377854347229004
x1,eval,16500,1.1442569494247437
x1,eval,16750,1.1400305032730103
x1,eval,17000,1.1351313591003418
x1,eval,17250,1.1416451930999756
x1,eval,17500,1.137401819229126
x1,eval,17750,1.1369315385818481
x1,eval,18000,1.1328598260879517
x1,eval,18250,1.1417306661605835
x1,eval,18500,1.1425046920776367
x1,eval,18750,1.1391199827194214
x1,eval,19000,1.1414744853973389
x1,eval,19250,1.1433496475219727
x1,eval,19500,1.1416016817092896
x1,eval,19750,1.1424978971481323
x1,eval,20000,1.1381945610046387
x1,eval,20250,1.1427618265151978
x1,eval,20500,1.1462223529815674
x1,eval,20750,1.135801911354065
x1,eval,21000,1.1356573104858398
x1,eval,21250,1.1416807174682617
x1,eval,21500,1.1397125720977783
x1,eval,21750,1.1448606252670288
x1,eval,22000,1.13424551486969
x1,eval,22250,1.1320111751556396
x1,eval,22500,1.1451776027679443
x1,eval,22750,1.1359730958938599
x1,eval,23000,1.1434245109558105
x1,eval,23250,1.142202615737915
x1,eval,23500,1.1362195014953613
x1,eval,23750,1.142655372619629
x1,eval,24000,1.1361156702041626
x1,eval,24250,1.1401724815368652
x1,eval,24500,1.1438828706741333
x1,eval,24750,1.137246012687683
x1,eval,25000,1.142069697380066
x1,eval,25250,1.147102952003479
x1,eval,25500,1.1388170719146729
x1,eval,25750,1.146103858947754
x1,eval,26000,1.1416953802108765
x1,eval,26250,1.138897180557251
x1,eval,26500,1.1452369689941406
x1,eval,26750,1.142095685005188
x1,eval,27000,1.1443583965301514
x1,eval,27250,1.14675772190094
x1,eval,27500,1.1423711776733398
x1,eval,27750,1.1405669450759888
x1,eval,28000,1.1383439302444458
x1,eval,28250,1.1468391418457031
x1,eval,28500,1.1467751264572144
x1,eval,28750,1.1388962268829346
x1,eval,29000,1.1493607759475708
x1,eval,29250,1.1515254974365234
x1,eval,29500,1.1411547660827637
x1,eval,29750,1.1471025943756104
x1,eval,30000,1.142401099205017
x1,eval,30250,1.1452198028564453
x1,eval,30500,1.151930332183838
x1,eval,30750,1.1462303400039673
x1,eval,31000,1.1455931663513184
x1,eval,31250,1.1494520902633667
x1,eval,31500,1.1497938632965088
x1,eval,31750,1.14557683467865
x1,eval,32000,1.1390894651412964
x1,eval,32250,1.1425102949142456
x1,eval,32500,1.149051547050476
x1,eval,32750,1.140299916267395
x1,eval,33000,1.1490837335586548
x1,eval,33250,1.1565930843353271
x1,eval,33500,1.142806887626648
x1,eval,33750,1.1468244791030884
x1,eval,34000,1.1419073343276978
x1,eval,34250,1.1451058387756348
x1,eval,34500,1.1529730558395386
x1,eval,34750,1.1463816165924072
x1,eval,35000,1.1481260061264038
x1,eval,35250,1.1580208539962769
x1,eval,35500,1.1484910249710083
x1,eval,35750,1.1544270515441895
x1,eval,36000,1.1411453485488892
x1,eval,36250,1.1460227966308594
x1,eval,36500,1.154298186302185
x1,eval,36750,1.1463720798492432
x1,eval,37000,1.1519649028778076
x1,eval,37250,1.1497505903244019
x1,eval,37500,1.1416493654251099
x1,eval,37750,1.1504175662994385
x1,eval,38000,1.1430176496505737
x1,eval,38250,1.1519238948822021
x1,eval,38500,1.157759666442871
x1,eval,38750,1.1449142694473267
x1,eval,39000,1.1488227844238281
x1,eval,39250,1.151552677154541
x1,eval,39500,1.1543437242507935
x1,eval,39750,1.158955693244934
x1,eval,40000,1.1468660831451416
x1,eval,40250,1.1536381244659424
x1,eval,40500,1.1503493785858154
x1,eval,40750,1.151023030281067
x1,eval,41000,1.1544572114944458
x1,eval,41250,1.151297926902771
x1,eval,41500,1.1466443538665771
x1,eval,41750,1.1592473983764648
x1,eval,42000,1.1449652910232544
x1,eval,42250,1.1503422260284424
x1,eval,42500,1.1611872911453247
x1,eval,42750,1.1509876251220703
x1,eval,43000,1.1496385335922241
x1,eval,43250,1.1612640619277954
x1,eval,43500,1.152101993560791
x1,eval,43750,1.1583725214004517
x1,eval,44000,1.144425630569458
x1,eval,44250,1.1466407775878906
x1,eval,44500,1.1566526889801025
x1,eval,44750,1.1499264240264893
x1,eval,45000,1.1563547849655151
x1,eval,45250,1.161821722984314
x1,eval,45500,1.1537288427352905
x1,eval,45750,1.1575219631195068
x1,eval,46000,1.1530961990356445
x1,eval,46250,1.1516691446304321
x1,eval,46500,1.1620339155197144
x1,eval,46750,1.1497411727905273
x1,eval,47000,1.1595364809036255
x1,eval,47250,1.1615312099456787
x1,eval,47500,1.157094120979309
x1,eval,47750,1.157762885093689
x1,eval,48000,1.1505049467086792
x1,eval,48250,1.1531860828399658
x1,eval,48500,1.163223385810852
x1,eval,48750,1.1538652181625366
x1,eval,49000,1.1546090841293335
x1,eval,49250,1.16597318649292
x1,eval,49500,1.1600455045700073
x1,eval,49750,1.154223918914795
x1,eval,50000,1.1511703729629517
x1,eval,50250,1.1583622694015503
x1,eval,50500,1.1634407043457031
x1,eval,50750,1.1607252359390259
x1,eval,51000,1.1528784036636353
x1,eval,51250,1.1585859060287476
x1,eval,51500,1.1550534963607788
x1,eval,51750,1.1598305702209473
x1,eval,52000,1.1502435207366943
x1,eval,52250,1.1603584289550781
x1,eval,52500,1.1643813848495483
x1,eval,52750,1.1539616584777832
x1,eval,53000,1.1664886474609375
x1,eval,53250,1.1622647047042847
x1,eval,53500,1.1623138189315796
x1,eval,53750,1.1647871732711792
x1,eval,54000,1.148454189300537
x1,eval,54250,1.1610407829284668
x1,eval,54500,1.1656248569488525
x1,eval,54750,1.1554282903671265
x1,eval,55000,1.1655566692352295
x1,eval,55250,1.1635385751724243
x1,eval,55500,1.1582907438278198
x1,eval,55750,1.160334825515747
x1,eval,56000,1.1540350914001465
x1,eval,56250,1.1635853052139282
x1,eval,56500,1.1697888374328613
x1,eval,56750,1.159049153327942
x1,eval,57000,1.1606645584106445
x1,eval,57250,1.1696820259094238
x1,eval,57500,1.1633906364440918
x1,eval,57750,1.169308066368103
x1,eval,58000,1.1581597328186035
x1,eval,58250,1.1631042957305908
x1,eval,58500,1.1743183135986328
x1,eval,58750,1.1598882675170898
x1,eval,59000,1.167083740234375
x1,eval,59250,1.1739639043807983
x1,eval,59500,1.1649670600891113
x1,eval,59750,1.1621289253234863
x1,eval,60000,1.159048318862915
x1,eval,60250,1.161566138267517
x1,eval,60500,1.1715351343154907
x1,eval,60750,1.164454460144043
x1,eval,61000,1.167373776435852
x1,eval,61250,1.1738348007202148
x1,eval,61500,1.1605181694030762
x1,eval,61750,1.167812466621399
x1,eval,62000,1.160074234008789
x1,eval,62250,1.1667643785476685
x1,eval,62500,1.1691651344299316
x1,eval,62750,1.1653865575790405
x1,eval,63000,1.1757181882858276
x1,eval,63250,1.178405523300171
x1,eval,63500,1.1705156564712524
x1,eval,63750,1.1759556531906128
x1,eval,64000,1.1640015840530396
x1,eval,64250,1.1744470596313477
x1,eval,64500,1.1743718385696411
x1,eval,64750,1.164106011390686
x1,eval,65000,1.1767151355743408
x1,eval,65250,1.1810200214385986
x1,eval,65500,1.1714597940444946
x1,eval,65750,1.1825892925262451
x1,eval,66000,1.1692651510238647
x1,eval,66250,1.1727420091629028
x1,eval,66500,1.1809577941894531
x1,eval,66750,1.1744283437728882
x1,eval,67000,1.1771507263183594
x1,eval,67250,1.1808618307113647
x1,eval,67500,1.173575520515442
x1,eval,67750,1.1815369129180908
x1,eval,68000,1.1699881553649902
x1,eval,68250,1.177175521850586
x1,eval,68500,1.1817481517791748
x1,eval,68750,1.1749058961868286
x1,eval,69000,1.18182373046875
x1,eval,69250,1.1850920915603638
x1,eval,69500,1.1745021343231201
x1,eval,69750,1.1822173595428467
x1,eval,70000,1.1759696006774902
x1,eval,70250,1.1858242750167847
x1,eval,70500,1.1891720294952393
x1,eval,70750,1.1736146211624146
x1,eval,71000,1.1837794780731201
x1,eval,71250,1.1886661052703857
x1,eval,71500,1.1832244396209717
x1,eval,71750,1.1861555576324463
x1,eval,72000,1.1776728630065918
x1,eval,72250,1.1935642957687378
x1,eval,72500,1.1918396949768066
x1,eval,72750,1.185537576675415
x1,eval,73000,1.1836740970611572
x1,eval,73250,1.1948065757751465
x1,eval,73500,1.1870784759521484
x1,eval,73750,1.1917145252227783
x1,eval,74000,1.1821105480194092
x1,eval,74250,1.1887805461883545
x1,eval,74500,1.1976172924041748
x1,eval,74750,1.1848951578140259
x1,eval,75000,1.194047451019287
x1,eval,75250,1.198350429534912
x1,eval,75500,1.1888453960418701
x1,eval,75750,1.1978917121887207
x1,eval,76000,1.1852327585220337
x1,eval,76250,1.1889755725860596
x1,eval,76500,1.1975716352462769
x1,eval,76750,1.1915812492370605
x1,eval,77000,1.1979701519012451
x1,eval,77250,1.1974326372146606
x1,eval,77500,1.191904067993164
x1,eval,77750,1.19797682762146
x1,eval,78000,1.1884888410568237
x1,eval,78250,1.1956984996795654
x1,eval,78500,1.1999069452285767
x1,eval,78750,1.1936458349227905
x1,eval,79000,1.2011406421661377
x1,eval,79250,1.2043788433074951
x1,eval,79500,1.1986337900161743
x1,eval,79750,1.208443284034729
x1,eval,80000,1.1934332847595215
x1,eval,80250,1.2024599313735962
x1,eval,80500,1.2105495929718018
x1,eval,80750,1.2011550664901733
x1,eval,81000,1.202345848083496
x1,eval,81250,1.2122129201889038
x1,eval,81500,1.207496166229248
x1,eval,81750,1.207972764968872
x1,eval,82000,1.2007434368133545
x1,eval,82250,1.2021054029464722
x1,eval,82500,1.2101123332977295
x1,eval,82750,1.1997414827346802
x1,eval,83000,1.2141410112380981
x1,eval,83250,1.214656949043274
x1,eval,83500,1.20486319065094
x1,eval,83750,1.2132285833358765
x1,eval,84000,1.205585241317749
x1,eval,84250,1.2123703956604004
x1,eval,84500,1.2218154668807983
x1,eval,84750,1.209377408027649
x1,eval,85000,1.2116690874099731
x1,eval,85250,1.218197226524353
x1,eval,85500,1.2144137620925903
x1,eval,85750,1.212639331817627
x1,eval,86000,1.2110190391540527
x1,eval,86250,1.2151269912719727
x1,eval,86500,1.224550724029541
x1,eval,86750,1.2191718816757202
x1,eval,87000,1.2230795621871948
x1,eval,87250,1.224767804145813
x1,eval,87500,1.2156388759613037
x1,eval,87750,1.2254912853240967
x1,eval,88000,1.2199214696884155
x1,eval,88250,1.2235071659088135
x1,eval,88500,1.2296056747436523
x1,eval,88750,1.2195155620574951
x1,eval,89000,1.2267662286758423
x1,eval,89250,1.2293099164962769
x1,eval,89500,1.2223433256149292
x1,eval,89750,1.2298030853271484
x1,eval,90000,1.2231779098510742
x1,eval,90250,1.2274175882339478
x1,eval,90500,1.2330559492111206
x1,eval,90750,1.2298758029937744
x1,eval,91000,1.2335416078567505
x1,eval,91250,1.2332390546798706
x1,eval,91500,1.2319270372390747
x1,eval,91750,1.2360907793045044
x1,eval,92000,1.2297916412353516
x1,eval,92250,1.2324224710464478
x1,eval,92500,1.2380143404006958
x1,eval,92750,1.2304128408432007
x1,eval,93000,1.2370766401290894
x1,eval,93250,1.243034839630127
x1,eval,93500,1.23386812210083
x1,eval,93750,1.2396256923675537
x1,eval,94000,1.2345296144485474
x1,eval,94250,1.2382479906082153
x1,eval,94500,1.2420293092727661
x1,eval,94750,1.2415474653244019
x1,eval,95000,1.245283842086792
x1,eval,95250,1.2485026121139526
x1,eval,95500,1.2417933940887451
x1,eval,95750,1.249370813369751
x1,eval,96000,1.241939902305603
x1,eval,96250,1.2467072010040283
x1,eval,96500,1.2474522590637207
x1,eval,96750,1.2465581893920898
x1,eval,97000,1.2502117156982422
x1,eval,97250,1.2495710849761963
x1,eval,97500,1.2481236457824707
x1,eval,97750,1.2487843036651611
x1,eval,98000,1.248748540878296
x1,eval,98250,1.2514431476593018
x1,eval,98500,1.2549940347671509
x1,eval,98750,1.2503715753555298
x1,eval,99000,1.2556934356689453
x1,eval,99250,1.2584350109100342
x1,eval,99500,1.253016710281372
x1,eval,99750,1.2581844329833984
x1,eval,100000,1.253536581993103
x1,eval,100250,1.2554447650909424
x1,eval,100500,1.2596224546432495
x1,eval,100750,1.2573473453521729
x1,eval,101000,1.2610996961593628
x1,eval,101250,1.2587333917617798
x1,eval,101500,1.258159875869751
x1,eval,101750,1.2635512351989746
x1,eval,102000,1.255507230758667
x1,eval,102250,1.2640680074691772
x1,eval,102500,1.2655411958694458
x1,eval,102750,1.263688087463379
x1,eval,103000,1.262593150138855
x1,eval,103250,1.2654906511306763
x1,eval,103500,1.2652673721313477
x1,eval,103750,1.2681334018707275
x1,eval,104000,1.265014410018921
x1,eval,104250,1.2695064544677734
x1,eval,104500,1.2687736749649048
x1,eval,104750,1.2686697244644165
x1,eval,105000,1.2705022096633911
x1,eval,105250,1.270263671875
x1,eval,105500,1.270450234413147
x1,eval,105750,1.2718420028686523
x1,eval,106000,1.2705178260803223
x1,eval,106250,1.270829200744629
x1,eval,106500,1.2722816467285156
x1,eval,106750,1.271214246749878
x1,eval,107000,1.2726922035217285
x1,eval,107250,1.2739100456237793
x1,eval,107500,1.2740412950515747
x1,eval,107750,1.2765271663665771
x1,eval,108000,1.2723069190979004
x1,eval,108250,1.274422287940979
x1,eval,108500,1.276199460029602
x1,eval,108750,1.2747138738632202
x1,eval,109000,1.2772350311279297
x1,eval,109250,1.27724289894104
x1,eval,109500,1.275476336479187
x1,eval,109750,1.2779477834701538
x1,eval,110000,1.2763084173202515
x1,eval,110250,1.2779815196990967
x1,eval,110500,1.2786227464675903
x1,eval,110750,1.2774744033813477
x1,eval,111000,1.2790672779083252
x1,eval,111250,1.279798984527588
x1,eval,111500,1.2794524431228638
x1,eval,111750,1.280165672302246
x1,eval,112000,1.2787249088287354
x1,eval,112250,1.2800368070602417
x1,eval,112500,1.280396819114685
x1,eval,112750,1.2811022996902466
x1,eval,113000,1.2801891565322876
x1,eval,113250,1.2808631658554077
x1,eval,113500,1.2812899351119995
x1,eval,113750,1.2815842628479004
x1,eval,114000,1.2815617322921753
x1,eval,114250,1.2817280292510986
x1,eval,114500,1.282719373703003
x1,eval,114750,1.2816022634506226
x1,eval,115000,1.282226324081421
x1,eval,115250,1.2820879220962524
x1,eval,115500,1.282145619392395
x1,eval,115750,1.2824403047561646
x1,eval,116000,1.282443881034851
x1,eval,116250,1.2827610969543457
x1,eval,116500,1.282813549041748
x1,eval,116750,1.2825994491577148
x1,eval,117000,1.282886266708374
x1,eval,117250,1.2827873229980469
x1,eval,117500,1.2827479839324951
x1,eval,117750,1.2829548120498657
x1,eval,118000,1.2829551696777344
x1,eval,118250,1.2829678058624268
x1,eval,118500,1.2830126285552979
x1,eval,118750,1.2829310894012451
x1,eval,119000,1.2829864025115967
x1,eval,119250,1.283055067062378
x1,eval,119500,1.2830288410186768
x1,eval,119750,1.283029556274414
x1,eval,120000,1.1292885541915894
x2,train,50,3.3009207248687744
x2,train,100,2.0117483139038086
x2,train,150,1.7556853294372559
x2,train,200,1.7075996398925781
x2,train,250,1.6860638856887817
x2,train,300,1.6607770919799805
x2,train,350,1.6345630884170532
x2,train,400,1.6156630516052246
x2,train,450,1.5968503952026367
x2,train,500,1.5851690769195557
x2,train,550,1.5773104429244995
x2,train,600,1.567662000656128
x2,train,650,1.560128927230835
x2,train,700,1.5523524284362793
x2,train,750,1.5523114204406738
x2,train,800,1.5397639274597168
x2,train,850,1.5323525667190552
x2,train,900,1.5241743326187134
x2,train,950,1.5071455240249634
x2,train,1000,1.5003738403320312
x2,train,1050,1.4924753904342651
x2,train,1100,1.4657996892929077
x2,train,1150,1.4517346620559692
x2,train,1200,1.4369378089904785
x2,train,1250,1.4269354343414307
x2,train,1300,1.416749119758606
x2,train,1350,1.3884730339050293
x2,train,1400,1.367251992225647
x2,train,1450,1.3286879062652588
x2,train,1500,1.3037306070327759
x2,train,1550,1.2925137281417847
x2,train,1600,1.2826943397521973
x2,train,1650,1.280510663986206
x2,train,1700,1.2744855880737305
x2,train,1750,1.2687662839889526
x2,train,1800,1.265040636062622
x2,train,1850,1.2603511810302734
x2,train,1900,1.2556068897247314
x2,train,1950,1.2490068674087524
x2,train,2000,1.2485119104385376
x2,train,2050,1.2451927661895752
x2,train,2100,1.2396724224090576
x2,train,2150,1.2394663095474243
x2,train,2200,1.2342275381088257
x2,train,2250,1.2358037233352661
x2,train,2300,1.2317545413970947
x2,train,2350,1.229434609413147
x2,train,2400,1.225752353668213
x2,train,2450,1.2276469469070435
x2,train,2500,1.2279393672943115
x2,train,2550,1.2233402729034424
x2,train,2600,1.2209380865097046
x2,train,2650,1.220954418182373
x2,train,2700,1.2171710729599
x2,train,2750,1.2143522500991821
x2,train,2800,1.2078598737716675
x2,train,2850,1.213282823562622
x2,train,2900,1.2095452547073364
x2,train,2950,1.209460735321045
x2,train,3000,1.2034655809402466
x2,train,3050,1.207716464996338
x2,train,3100,1.2006415128707886
x2,train,3150,1.2016452550888062
x2,train,3200,1.2000236511230469
x2,train,3250,1.1983437538146973
x2,train,3300,1.1980128288269043
x2,train,3350,1.193544864654541
x2,train,3400,1.1926336288452148
x2,train,3450,1.1941192150115967
x2,train,3500,1.19184148311615
x2,train,3550,1.1928601264953613
x2,train,3600,1.1891748905181885
x2,train,3650,1.1903738975524902
x2,train,3700,1.1885417699813843
x2,train,3750,1.191490650177002
x2,train,3800,1.1883279085159302
x2,train,3850,1.1875889301300049
x2,train,3900,1.1854333877563477
x2,train,3950,1.1858148574829102
x2,train,4000,1.1852843761444092
x2,train,4050,1.1840002536773682
x2,train,4100,1.1858875751495361
x2,train,4150,1.181654930114746
x2,train,4200,1.1823047399520874
x2,train,4250,1.1833795309066772
x2,train,4300,1.1781868934631348
x2,train,4350,1.184686541557312
x2,train,4400,1.1801785230636597
x2,train,4450,1.1799794435501099
x2,train,4500,1.1811320781707764
x2,train,4550,1.1800198554992676
x2,train,4600,1.1775007247924805
x2,train,4650,1.1813552379608154
x2,train,4700,1.177167296409607
x2,train,4750,1.1778110265731812
x2,train,4800,1.1785308122634888
x2,train,4850,1.175313115119934
x2,train,4900,1.176804542541504
x2,train,4950,1.1790598630905151
x2,train,5000,1.1790590286254883
x2,train,5050,1.1747121810913086
x2,train,5100,1.175303339958191
x2,train,5150,1.1780240535736084
x2,train,5200,1.1775145530700684
x2,train,5250,1.1756601333618164
x2,train,5300,1.1759289503097534
x2,train,5350,1.1742584705352783
x2,train,5400,1.1721339225769043
x2,train,5450,1.1765267848968506
x2,train,5500,1.1773991584777832
x2,train,5550,1.1755746603012085
x2,train,5600,1.1733709573745728
x2,train,5650,1.1741907596588135
x2,train,5700,1.173651933670044
x2,train,5750,1.1746301651000977
x2,train,5800,1.1732553243637085
x2,train,5850,1.1720792055130005
x2,train,5900,1.1767606735229492
x2,train,5950,1.172893762588501
x2,train,6000,1.1733123064041138
x2,train,6050,1.1725062131881714
x2,train,6100,1.1739246845245361
x2,train,6150,1.1729375123977661
x2,train,6200,1.1713749170303345
x2,train,6250,1.1737923622131348
x2,train,6300,1.1713217496871948
x2,train,6350,1.1721690893173218
x2,train,6400,1.168798804283142
x2,train,6450,1.1727056503295898
x2,train,6500,1.172624945640564
x2,train,6550,1.1724470853805542
x2,train,6600,1.1717541217803955
x2,train,6650,1.1684876680374146
x2,train,6700,1.1727641820907593
x2,train,6750,1.1716980934143066
x2,train,6800,1.17051362991333
x2,train,6850,1.1703197956085205
x2,train,6900,1.1698395013809204
x2,train,6950,1.1697680950164795
x2,train,7000,1.171502947807312
x2,train,7050,1.1695791482925415
x2,train,7100,1.1696230173110962
x2,train,7150,1.1695952415466309
x2,train,7200,1.1691316366195679
x2,train,7250,1.1720995903015137
x2,train,7300,1.168655276298523
x2,train,7350,1.1691974401474
x2,train,7400,1.1709200143814087
x2,train,7450,1.1690802574157715
x2,train,7500,1.1701909303665161
x2,train,7550,1.1697927713394165
x2,train,7600,1.1684637069702148
x2,train,7650,1.1676470041275024
x2,train,7700,1.1692771911621094
x2,train,7750,1.1698462963104248
x2,train,7800,1.1667225360870361
x2,train,7850,1.1683876514434814
x2,train,7900,1.1686123609542847
x2,train,7950,1.1697887182235718
x2,train,8000,1.1691635847091675
x2,train,8050,1.1669137477874756
x2,train,8100,1.1682757139205933
x2,train,8150,1.168040156364441
x2,train,8200,1.1695547103881836
x2,train,8250,1.1664694547653198
x2,train,8300,1.165135145187378
x2,train,8350,1.165686845779419
x2,train,8400,1.165806770324707
x2,train,8450,1.169274926185608
x2,train,8500,1.1696640253067017
x2,train,8550,1.1664557456970215
x2,train,8600,1.1661454439163208
x2,train,8650,1.166589379310608
x2,train,8700,1.166550874710083
x2,train,8750,1.1690163612365723
x2,train,8800,1.165493369102478
x2,train,8850,1.166446566581726
x2,train,8900,1.1655007600784302
x2,train,8950,1.1657824516296387
x2,train,9000,1.1676825284957886
x2,train,9050,1.16437566280365
x2,train,9100,1.164259910583496
x2,train,9150,1.165862798690796
x2,train,9200,1.1667879819869995
x2,train,9250,1.1662561893463135
x2,train,9300,1.1638163328170776
x2,train,9350,1.1638004779815674
x2,train,9400,1.164987325668335
x2,train,9450,1.16542387008667
x2,train,9500,1.1665973663330078
x2,train,9550,1.1617639064788818
x2,train,9600,1.1625629663467407
x2,train,9650,1.1652379035949707
x2,train,9700,1.166224479675293
x2,train,9750,1.165968418121338
x2,train,9800,1.1620497703552246
x2,train,9850,1.1630443334579468
x2,train,9900,1.1654205322265625
x2,train,9950,1.1638890504837036
x2,train,10000,1.1635711193084717
x2,train,10050,1.1623759269714355
x2,train,10100,1.16233491897583
x2,train,10150,1.1613599061965942
x2,train,10200,1.164700984954834
x2,train,10250,1.1648472547531128
x2,train,10300,1.1604998111724854
x2,train,10350,1.1622754335403442
x2,train,10400,1.1622364521026611
x2,train,10450,1.1650506258010864
x2,train,10500,1.1637389659881592
x2,train,10550,1.1593340635299683
x2,train,10600,1.1618049144744873
x2,train,10650,1.1622824668884277
x2,train,10700,1.1621465682983398
x2,train,10750,1.1631792783737183
x2,train,10800,1.1606330871582031
x2,train,10850,1.1590274572372437
x2,train,10900,1.1616334915161133
x2,train,10950,1.1622642278671265
x2,train,11000,1.162073016166687
x2,train,11050,1.1596808433532715
x2,train,11100,1.1586425304412842
x2,train,11150,1.1612517833709717
x2,train,11200,1.162136435508728
x2,train,11250,1.1618355512619019
x2,train,11300,1.1580616235733032
x2,train,11350,1.158495306968689
x2,train,11400,1.1613867282867432
x2,train,11450,1.1605689525604248
x2,train,11500,1.1598378419876099
x2,train,11550,1.1578867435455322
x2,train,11600,1.156901240348816
x2,train,11650,1.1588428020477295
x2,train,11700,1.159775972366333
x2,train,11750,1.1618434190750122
x2,train,11800,1.154433012008667
x2,train,11850,1.157778263092041
x2,train,11900,1.159498691558838
x2,train,11950,1.1593459844589233
x2,train,12000,1.1601500511169434
x2,train,12050,1.1541194915771484
x2,train,12100,1.1566994190216064
x2,train,12150,1.1581264734268188
x2,train,12200,1.1583280563354492
x2,train,12250,1.1608229875564575
x2,train,12300,1.1546419858932495
x2,train,12350,1.1557680368423462
x2,train,12400,1.1559566259384155
x2,train,12450,1.1580288410186768
x2,train,12500,1.1588367223739624
x2,train,12550,1.1524672508239746
x2,train,12600,1.1557118892669678
x2,train,12650,1.1563434600830078
x2,train,12700,1.1572526693344116
x2,train,12750,1.1567977666854858
x2,train,12800,1.1523452997207642
x2,train,12850,1.1544251441955566
x2,train,12900,1.1546696424484253
x2,train,12950,1.1570459604263306
x2,train,13000,1.1572504043579102
x2,train,13050,1.1503021717071533
x2,train,13100,1.1533396244049072
x2,train,13150,1.155875563621521
x2,train,13200,1.155951738357544
x2,train,13250,1.155378818511963
x2,train,13300,1.1487833261489868
x2,train,13350,1.1525319814682007
x2,train,13400,1.152254343032837
x2,train,13450,1.1555554866790771
x2,train,13500,1.1566548347473145
x2,train,13550,1.1494441032409668
x2,train,13600,1.1514787673950195
x2,train,13650,1.1521316766738892
x2,train,13700,1.1532865762710571
x2,train,13750,1.154848575592041
x2,train,13800,1.145585060119629
x2,train,13850,1.1509661674499512
x2,train,13900,1.1522951126098633
x2,train,13950,1.1535247564315796
x2,train,14000,1.1552704572677612
x2,train,14050,1.1461856365203857
x2,train,14100,1.1488614082336426
x2,train,14150,1.1512354612350464
x2,train,14200,1.1517715454101562
x2,train,14250,1.1533681154251099
x2,train,14300,1.1455605030059814
x2,train,14350,1.1490575075149536
x2,train,14400,1.147974967956543
x2,train,14450,1.1529269218444824
x2,train,14500,1.1501109600067139
x2,train,14550,1.1446045637130737
x2,train,14600,1.1460816860198975
x2,train,14650,1.148546576499939
x2,train,14700,1.1496171951293945
x2,train,14750,1.1523836851119995
x2,train,14800,1.1411105394363403
x2,train,14850,1.145569920539856
x2,train,14900,1.1469998359680176
x2,train,14950,1.1499160528182983
x2,train,15000,1.1503853797912598
x2,train,15050,1.1410036087036133
x2,train,15100,1.1449618339538574
x2,train,15150,1.1469991207122803
x2,train,15200,1.147689938545227
x2,train,15250,1.1485577821731567
x2,train,15300,1.1411746740341187
x2,train,15350,1.142635703086853
x2,train,15400,1.1452763080596924
x2,train,15450,1.1468160152435303
x2,train,15500,1.1473268270492554
x2,train,15550,1.1405621767044067
x2,train,15600,1.1410775184631348
x2,train,15650,1.1435614824295044
x2,train,15700,1.146873950958252
x2,train,15750,1.1466376781463623
x2,train,15800,1.1355384588241577
x2,train,15850,1.1405589580535889
x2,train,15900,1.1434485912322998
x2,train,15950,1.146226167678833
x2,train,16000,1.145885944366455
x2,train,16050,1.1364619731903076
x2,train,16100,1.1396385431289673
x2,train,16150,1.1409907341003418
x2,train,16200,1.1450704336166382
x2,train,16250,1.1435465812683105
x2,train,16300,1.135048270225525
x2,train,16350,1.138773798942566
x2,train,16400,1.139201045036316
x2,train,16450,1.1420122385025024
x2,train,16500,1.1437278985977173
x2,train,16550,1.1325103044509888
x2,train,16600,1.138037085533142
x2,train,16650,1.1400485038757324
x2,train,16700,1.140303611755371
x2,train,16750,1.1429989337921143
x2,train,16800,1.130619764328003
x2,train,16850,1.1355534791946411
x2,train,16900,1.1384015083312988
x2,train,16950,1.141039252281189
x2,train,17000,1.1436779499053955
x2,train,17050,1.130529522895813
x2,train,17100,1.1328233480453491
x2,train,17150,1.135860800743103
x2,train,17200,1.1391369104385376
x2,train,17250,1.1414966583251953
x2,train,17300,1.1286485195159912
x2,train,17350,1.1331607103347778
x2,train,17400,1.1365422010421753
x2,train,17450,1.137326955795288
x2,train,17500,1.1385865211486816
x2,train,17550,1.1248061656951904
x2,train,17600,1.1326475143432617
x2,train,17650,1.1349960565567017
x2,train,17700,1.1382523775100708
x2,train,17750,1.1375534534454346
x2,train,17800,1.1241508722305298
x2,train,17850,1.1314020156860352
x2,train,17900,1.1326677799224854
x2,train,17950,1.1378562450408936
x2,train,18000,1.136831283569336
x2,train,18050,1.1245391368865967
x2,train,18100,1.127699375152588
x2,train,18150,1.1319637298583984
x2,train,18200,1.1358188390731812
x2,train,18250,1.1348835229873657
x2,train,18300,1.1223506927490234
x2,train,18350,1.1264395713806152
x2,train,18400,1.1318755149841309
x2,train,18450,1.1329511404037476
x2,train,18500,1.1340411901474
x2,train,18550,1.1228060722351074
x2,train,18600,1.1270390748977661
x2,train,18650,1.1285998821258545
x2,train,18700,1.1311142444610596
x2,train,18750,1.1342958211898804
x2,train,18800,1.1188503503799438
x2,train,18850,1.1245293617248535
x2,train,18900,1.1282081604003906
x2,train,18950,1.130977749824524
x2,train,19000,1.1327829360961914
x2,train,19050,1.1172884702682495
x2,train,19100,1.1232590675354004
x2,train,19150,1.1274515390396118
x2,train,19200,1.1293085813522339
x2,train,19250,1.1323556900024414
x2,train,19300,1.1157360076904297
x2,train,19350,1.122478723526001
x2,train,19400,1.1256176233291626
x2,train,19450,1.129049301147461
x2,train,19500,1.1303091049194336
x2,train,19550,1.115789532661438
x2,train,19600,1.120417594909668
x2,train,19650,1.1234701871871948
x2,train,19700,1.1294171810150146
x2,train,19750,1.1271519660949707
x2,train,19800,1.111609935760498
x2,train,19850,1.120076060295105
x2,train,19900,1.1232882738113403
x2,train,19950,1.1261062622070312
x2,train,20000,1.1298450231552124
x2,train,20050,1.1103363037109375
x2,train,20100,1.1195541620254517
x2,train,20150,1.1225144863128662
x2,train,20200,1.124882698059082
x2,train,20250,1.1263309717178345
x2,train,20300,1.1110756397247314
x2,train,20350,1.1175247430801392
x2,train,20400,1.1194062232971191
x2,train,20450,1.1223390102386475
x2,train,20500,1.1268129348754883
x2,train,20550,1.109591007232666
x2,train,20600,1.1154189109802246
x2,train,20650,1.118545413017273
x2,train,20700,1.1221596002578735
x2,train,20750,1.1227216720581055
x2,train,20800,1.1076277494430542
x2,train,20850,1.1141479015350342
x2,train,20900,1.1182529926300049
x2,train,20950,1.1202877759933472
x2,train,21000,1.1236412525177002
x2,train,21050,1.1052789688110352
x2,train,21100,1.112300157546997
x2,train,21150,1.1166703701019287
x2,train,21200,1.1201808452606201
x2,train,21250,1.122355580329895
x2,train,21300,1.1058902740478516
x2,train,21350,1.1100767850875854
x2,train,21400,1.1144518852233887
x2,train,21450,1.1185089349746704
x2,train,21500,1.1213501691818237
x2,train,21550,1.101887822151184
x2,train,21600,1.1104527711868286
x2,train,21650,1.113831877708435
x2,train,21700,1.1195125579833984
x2,train,21750,1.119311809539795
x2,train,21800,1.1006697416305542
x2,train,21850,1.1096957921981812
x2,train,21900,1.1151344776153564
x2,train,21950,1.1146132946014404
x2,train,22000,1.1185731887817383
x2,train,22050,1.1010031700134277
x2,train,22100,1.1062908172607422
x2,train,22150,1.1103134155273438
x2,train,22200,1.1151893138885498
x2,train,22250,1.1180356740951538
x2,train,22300,1.10084867477417
x2,train,22350,1.1058214902877808
x2,train,22400,1.1093817949295044
x2,train,22450,1.1143494844436646
x2,train,22500,1.117655873298645
x2,train,22550,1.0996595621109009
x2,train,22600,1.1039235591888428
x2,train,22650,1.1087383031845093
x2,train,22700,1.1151235103607178
x2,train,22750,1.115769863128662
x2,train,22800,1.0980066061019897
x2,train,22850,1.102066159248352
x2,train,22900,1.1082053184509277
x2,train,22950,1.113440752029419
x2,train,23000,1.1141579151153564
x2,train,23050,1.0964794158935547
x2,train,23100,1.101730227470398
x2,train,23150,1.1071155071258545
x2,train,23200,1.1111506223678589
x2,train,23250,1.1147650480270386
x2,train,23300,1.0947192907333374
x2,train,23350,1.101872444152832
x2,train,23400,1.10441255569458
x2,train,23450,1.1108895540237427
x2,train,23500,1.1117815971374512
x2,train,23550,1.094539999961853
x2,train,23600,1.098882794380188
x2,train,23650,1.1050347089767456
x2,train,23700,1.1074471473693848
x2,train,23750,1.1128350496292114
x2,train,23800,1.093163013458252
x2,train,23850,1.0998883247375488
x2,train,23900,1.103061318397522
x2,train,23950,1.1072028875350952
x2,train,24000,1.1095499992370605
x2,train,24050,1.089959740638733
x2,train,24100,1.097374677658081
x2,train,24150,1.1012170314788818
x2,train,24200,1.107627272605896
x2,train,24250,1.1112805604934692
x2,train,24300,1.0886433124542236
x2,train,24350,1.0964001417160034
x2,train,24400,1.1013909578323364
x2,train,24450,1.104772925376892
x2,train,24500,1.1089531183242798
x2,train,24550,1.0864661931991577
x2,train,24600,1.0956659317016602
x2,train,24650,1.1021898984909058
x2,train,24700,1.105088472366333
x2,train,24750,1.1077042818069458
x2,train,24800,1.0861647129058838
x2,train,24850,1.0945488214492798
x2,train,24900,1.1008235216140747
x2,train,24950,1.103223443031311
x2,train,25000,1.1060541868209839
x2,train,25050,1.0856605768203735
x2,train,25100,1.0932338237762451
x2,train,25150,1.0983866453170776
x2,train,25200,1.1029412746429443
x2,train,25250,1.1060832738876343
x2,train,25300,1.0844998359680176
x2,train,25350,1.0930705070495605
x2,train,25400,1.0975624322891235
x2,train,25450,1.1029958724975586
x2,train,25500,1.1053324937820435
x2,train,25550,1.0811687707901
x2,train,25600,1.0914362668991089
x2,train,25650,1.097123622894287
x2,train,25700,1.101491928100586
x2,train,25750,1.104335904121399
x2,train,25800,1.082234501838684
x2,train,25850,1.0914368629455566
x2,train,25900,1.095941424369812
x2,train,25950,1.0987988710403442
x2,train,26000,1.1033557653427124
x2,train,26050,1.0818284749984741
x2,train,26100,1.0878278017044067
x2,train,26150,1.0952519178390503
x2,train,26200,1.0968436002731323
x2,train,26250,1.104036808013916
x2,train,26300,1.0791720151901245
x2,train,26350,1.0876578092575073
x2,train,26400,1.0937129259109497
x2,train,26450,1.0993746519088745
x2,train,26500,1.1001430749893188
x2,train,26550,1.0783357620239258
x2,train,26600,1.0873228311538696
x2,train,26650,1.093177318572998
x2,train,26700,1.0971293449401855
x2,train,26750,1.099863886833191
x2,train,26800,1.0779229402542114
x2,train,26850,1.086410403251648
x2,train,26900,1.0944880247116089
x2,train,26950,1.0939911603927612
x2,train,27000,1.09988534450531
x2,train,27050,1.077690601348877
x2,train,27100,1.084604263305664
x2,train,27150,1.0917481184005737
x2,train,27200,1.0943009853363037
x2,train,27250,1.0978714227676392
x2,train,27300,1.0760562419891357
x2,train,27350,1.0844546556472778
x2,train,27400,1.0906429290771484
x2,train,27450,1.0946160554885864
x2,train,27500,1.098583459854126
x2,train,27550,1.0738189220428467
x2,train,27600,1.082635760307312
x2,train,27650,1.0887763500213623
x2,train,27700,1.094290852546692
x2,train,27750,1.095768928527832
x2,train,27800,1.0744620561599731
x2,train,27850,1.0835691690444946
x2,train,27900,1.086820125579834
x2,train,27950,1.0916142463684082
x2,train,28000,1.0958216190338135
x2,train,28050,1.0739916563034058
x2,train,28100,1.0772806406021118
x2,train,28150,1.0882028341293335
x2,train,28200,1.0928912162780762
x2,train,28250,1.094617486000061
x2,train,28300,1.072609782218933
x2,train,28350,1.0785112380981445
x2,train,28400,1.0882856845855713
x2,train,28450,1.089767575263977
x2,train,28500,1.0932338237762451
x2,train,28550,1.0720218420028687
x2,train,28600,1.077417016029358
x2,train,28650,1.0860145092010498
x2,train,28700,1.0906176567077637
x2,train,28750,1.0931874513626099
x2,train,28800,1.0685654878616333
x2,train,28850,1.0793933868408203
x2,train,28900,1.0859637260437012
x2,train,28950,1.0905933380126953
x2,train,29000,1.0922459363937378
x2,train,29050,1.0669914484024048
x2,train,29100,1.0769224166870117
x2,train,29150,1.0858731269836426
x2,train,29200,1.0883272886276245
x2,train,29250,1.0901349782943726
x2,train,29300,1.0662226676940918
x2,train,29350,1.0748484134674072
x2,train,29400,1.0844736099243164
x2,train,29450,1.0867942571640015
x2,train,29500,1.0921509265899658
x2,train,29550,1.0642257928848267
x2,train,29600,1.0771604776382446
x2,train,29650,1.081283450126648
x2,train,29700,1.0865918397903442
x2,train,29750,1.0905402898788452
x2,train,29800,1.0629631280899048
x2,train,29850,1.0750620365142822
x2,train,29900,1.0812177658081055
x2,train,29950,1.0873655080795288
x2,train,30000,1.089359998703003
x2,train,30050,1.0640510320663452
x2,train,30100,1.0759996175765991
x2,train,30150,1.0804667472839355
x2,train,30200,1.0856631994247437
x2,train,30250,1.0883437395095825
x2,train,30300,1.0645842552185059
x2,train,30350,1.0755144357681274
x2,train,30400,1.0801340341567993
x2,train,30450,1.0820088386535645
x2,train,30500,1.087378978729248
x2,train,30550,1.0618963241577148
x2,train,30600,1.0733873844146729
x2,train,30650,1.0786052942276
x2,train,30700,1.0838569402694702
x2,train,30750,1.085626244544983
x2,train,30800,1.0609458684921265
x2,train,30850,1.0707393884658813
x2,train,30900,1.0771713256835938
x2,train,30950,1.0860954523086548
x2,train,31000,1.0854856967926025
x2,train,31050,1.0608936548233032
x2,train,31100,1.0712047815322876
x2,train,31150,1.0786075592041016
x2,train,31200,1.082436203956604
x2,train,31250,1.083073377609253
x2,train,31300,1.0573347806930542
x2,train,31350,1.0688503980636597
x2,train,31400,1.0762003660202026
x2,train,31450,1.0806286334991455
x2,train,31500,1.0843147039413452
x2,train,31550,1.0570073127746582
x2,train,31600,1.0671733617782593
x2,train,31650,1.0748826265335083
x2,train,31700,1.0801098346710205
x2,train,31750,1.0851258039474487
x2,train,31800,1.0560353994369507
x2,train,31850,1.0690553188323975
x2,train,31900,1.0766639709472656
x2,train,31950,1.0802030563354492
x2,train,32000,1.0818610191345215
x2,train,32050,1.057157278060913
x2,train,32100,1.0666687488555908
x2,train,32150,1.074459195137024
x2,train,32200,1.0765297412872314
x2,train,32250,1.0820651054382324
x2,train,32300,1.0576372146606445
x2,train,32350,1.064968466758728
x2,train,32400,1.0735583305358887
x2,train,32450,1.077348232269287
x2,train,32500,1.0830494165420532
x2,train,32550,1.0540727376937866
x2,train,32600,1.0658766031265259
x2,train,32650,1.0729848146438599
x2,train,32700,1.0765975713729858
x2,train,32750,1.0797438621520996
x2,train,32800,1.054287314414978
x2,train,32850,1.061855435371399
x2,train,32900,1.0709140300750732
x2,train,32950,1.0751606225967407
x2,train,33000,1.081833004951477
x2,train,33050,1.0533084869384766
x2,train,33100,1.0637534856796265
x2,train,33150,1.0704081058502197
x2,train,33200,1.0752880573272705
x2,train,33250,1.078308343887329
x2,train,33300,1.052177906036377
x2,train,33350,1.0622327327728271
x2,train,33400,1.0687414407730103
x2,train,33450,1.075331449508667
x2,train,33500,1.0815612077713013
x2,train,33550,1.0499002933502197
x2,train,33600,1.061832070350647
x2,train,33650,1.0685123205184937
x2,train,33700,1.0744373798370361
x2,train,33750,1.0786856412887573
x2,train,33800,1.0502517223358154
x2,train,33850,1.0600192546844482
x2,train,33900,1.068646788597107
x2,train,33950,1.0731772184371948
x2,train,34000,1.0775314569473267
x2,train,34050,1.0503301620483398
x2,train,34100,1.0592830181121826
x2,train,34150,1.0664763450622559
x2,train,34200,1.073998212814331
x2,train,34250,1.078967571258545
x2,train,34300,1.0490412712097168
x2,train,34350,1.0616800785064697
x2,train,34400,1.0663989782333374
x2,train,34450,1.0711286067962646
x2,train,34500,1.075039029121399
x2,train,34550,1.0456550121307373
x2,train,34600,1.0593172311782837
x2,train,34650,1.065505027770996
x2,train,34700,1.0723706483840942
x2,train,34750,1.0762851238250732
x2,train,34800,1.047329306602478
x2,train,34850,1.0574977397918701
x2,train,34900,1.066143274307251
x2,train,34950,1.072351336479187
x2,train,35000,1.074559211730957
x2,train,35050,1.0454001426696777
x2,train,35100,1.057478904724121
x2,train,35150,1.065354824066162
x2,train,35200,1.0721726417541504
x2,train,35250,1.0742591619491577
x2,train,35300,1.0468132495880127
x2,train,35350,1.0548338890075684
x2,train,35400,1.063839077949524
x2,train,35450,1.0698025226593018
x2,train,35500,1.0735623836517334
x2,train,35550,1.043817162513733
x2,train,35600,1.0542635917663574
x2,train,35650,1.0614407062530518
x2,train,35700,1.0709946155548096
x2,train,35750,1.0722888708114624
x2,train,35800,1.0460011959075928
x2,train,35850,1.0535694360733032
x2,train,35900,1.0649876594543457
x2,train,35950,1.0678669214248657
x2,train,36000,1.0693165063858032
x2,train,36050,1.0420207977294922
x2,train,36100,1.0533175468444824
x2,train,36150,1.0630534887313843
x2,train,36200,1.0655488967895508
x2,train,36250,1.074161410331726
x2,train,36300,1.0442700386047363
x2,train,36350,1.0517479181289673
x2,train,36400,1.0590399503707886
x2,train,36450,1.067739725112915
x2,train,36500,1.0713210105895996
x2,train,36550,1.0417732000350952
x2,train,36600,1.0537148714065552
x2,train,36650,1.0595817565917969
x2,train,36700,1.0678141117095947
x2,train,36750,1.0691163539886475
x2,train,36800,1.0374492406845093
x2,train,36850,1.050136685371399
x2,train,36900,1.0620543956756592
x2,train,36950,1.0661938190460205
x2,train,37000,1.0709736347198486
x2,train,37050,1.040013313293457
x2,train,37100,1.0505414009094238
x2,train,37150,1.0580494403839111
x2,train,37200,1.0657157897949219
x2,train,37250,1.069280982017517
x2,train,37300,1.039908766746521
x2,train,37350,1.0536742210388184
x2,train,37400,1.058526873588562
x2,train,37450,1.062121868133545
x2,train,37500,1.0672303438186646
x2,train,37550,1.0393675565719604
x2,train,37600,1.0533292293548584
x2,train,37650,1.059438943862915
x2,train,37700,1.0641993284225464
x2,train,37750,1.0640140771865845
x2,train,37800,1.0360565185546875
x2,train,37850,1.04999577999115
x2,train,37900,1.058128833770752
x2,train,37950,1.0623087882995605
x2,train,38000,1.0658581256866455
x2,train,38050,1.036526083946228
x2,train,38100,1.0505346059799194
x2,train,38150,1.058019757270813
x2,train,38200,1.0611263513565063
x2,train,38250,1.067288875579834
x2,train,38300,1.0324021577835083
x2,train,38350,1.047777533531189
x2,train,38400,1.0583610534667969
x2,train,38450,1.0614300966262817
x2,train,38500,1.0677611827850342
x2,train,38550,1.0363072156906128
x2,train,38600,1.0478187799453735
x2,train,38650,1.0535651445388794
x2,train,38700,1.0613296031951904
x2,train,38750,1.0660531520843506
x2,train,38800,1.034816026687622
x2,train,38850,1.046391487121582
x2,train,38900,1.0562392473220825
x2,train,38950,1.0604418516159058
x2,train,39000,1.06455659866333
x2,train,39050,1.035046100616455
x2,train,39100,1.0468778610229492
x2,train,39150,1.0524952411651611
x2,train,39200,1.0609854459762573
x2,train,39250,1.0665404796600342
x2,train,39300,1.0350887775421143
x2,train,39350,1.0459353923797607
x2,train,39400,1.052384376525879
x2,train,39450,1.0601121187210083
x2,train,39500,1.0627799034118652
x2,train,39550,1.033982515335083
x2,train,39600,1.0464673042297363
x2,train,39650,1.0533638000488281
x2,train,39700,1.0597198009490967
x2,train,39750,1.061318278312683
x2,train,39800,1.0336681604385376
x2,train,39850,1.0443377494812012
x2,train,39900,1.0526013374328613
x2,train,39950,1.058803915977478
x2,train,40000,1.0635097026824951
x2,train,40050,1.0290447473526
x2,train,40100,1.0435751676559448
x2,train,40150,1.0570223331451416
x2,train,40200,1.0555020570755005
x2,train,40250,1.0621354579925537
x2,train,40300,1.0287010669708252
x2,train,40350,1.0431461334228516
x2,train,40400,1.0529597997665405
x2,train,40450,1.0570003986358643
x2,train,40500,1.0617682933807373
x2,train,40550,1.0308204889297485
x2,train,40600,1.0418094396591187
x2,train,40650,1.0499342679977417
x2,train,40700,1.0551201105117798
x2,train,40750,1.0631191730499268
x2,train,40800,1.0305395126342773
x2,train,40850,1.042302131652832
x2,train,40900,1.0492219924926758
x2,train,40950,1.0569307804107666
x2,train,41000,1.0573726892471313
x2,train,41050,1.0267294645309448
x2,train,41100,1.0435268878936768
x2,train,41150,1.0478758811950684
x2,train,41200,1.0556950569152832
x2,train,41250,1.0604922771453857
x2,train,41300,1.0272126197814941
x2,train,41350,1.0401487350463867
x2,train,41400,1.0472465753555298
x2,train,41450,1.0570099353790283
x2,train,41500,1.0592594146728516
x2,train,41550,1.027373194694519
x2,train,41600,1.0407239198684692
x2,train,41650,1.050537109375
x2,train,41700,1.0554285049438477
x2,train,41750,1.0575181245803833
x2,train,41800,1.0283085107803345
x2,train,41850,1.0380704402923584
x2,train,41900,1.0467925071716309
x2,train,41950,1.0547083616256714
x2,train,42000,1.0598442554473877
x2,train,42050,1.0274399518966675
x2,train,42100,1.039444088935852
x2,train,42150,1.0469781160354614
x2,train,42200,1.0534988641738892
x2,train,42250,1.057113528251648
x2,train,42300,1.0272523164749146
x2,train,42350,1.0368012189865112
x2,train,42400,1.0472502708435059
x2,train,42450,1.0502960681915283
x2,train,42500,1.0570569038391113
x2,train,42550,1.024980068206787
x2,train,42600,1.0388860702514648
x2,train,42650,1.0471534729003906
x2,train,42700,1.0530115365982056
x2,train,42750,1.0563210248947144
x2,train,42800,1.0276974439620972
x2,train,42850,1.0363487005233765
x2,train,42900,1.0442256927490234
x2,train,42950,1.050957202911377
x2,train,43000,1.0558491945266724
x2,train,43050,1.0229171514511108
x2,train,43100,1.0379053354263306
x2,train,43150,1.043697476387024
x2,train,43200,1.0513702630996704
x2,train,43250,1.0551884174346924
x2,train,43300,1.0260621309280396
x2,train,43350,1.0367798805236816
x2,train,43400,1.0436558723449707
x2,train,43450,1.0493724346160889
x2,train,43500,1.054793119430542
x2,train,43550,1.0220266580581665
x2,train,43600,1.0369994640350342
x2,train,43650,1.0436607599258423
x2,train,43700,1.0488452911376953
x2,train,43750,1.054361343383789
x2,train,43800,1.0228215456008911
x2,train,43850,1.0336695909500122
x2,train,43900,1.045576572418213
x2,train,43950,1.049365520477295
x2,train,44000,1.0522006750106812
x2,train,44050,1.0227299928665161
x2,train,44100,1.0329737663269043
x2,train,44150,1.0418399572372437
x2,train,44200,1.0499721765518188
x2,train,44250,1.054133415222168
x2,train,44300,1.0227580070495605
x2,train,44350,1.0340702533721924
x2,train,44400,1.0434942245483398
x2,train,44450,1.046981692314148
x2,train,44500,1.0506126880645752
x2,train,44550,1.0190033912658691
x2,train,44600,1.0316612720489502
x2,train,44650,1.0408867597579956
x2,train,44700,1.0481843948364258
x2,train,44750,1.0545315742492676
x2,train,44800,1.0216670036315918
x2,train,44850,1.0322142839431763
x2,train,44900,1.0404800176620483
x2,train,44950,1.0461567640304565
x2,train,45000,1.0511195659637451
x2,train,45050,1.017989158630371
x2,train,45100,1.030474305152893
x2,train,45150,1.0395278930664062
x2,train,45200,1.0463982820510864
x2,train,45250,1.0544688701629639
x2,train,45300,1.0203142166137695
x2,train,45350,1.0306804180145264
x2,train,45400,1.0401041507720947
x2,train,45450,1.0449484586715698
x2,train,45500,1.0503705739974976
x2,train,45550,1.0185834169387817
x2,train,45600,1.0317240953445435
x2,train,45650,1.0385615825653076
x2,train,45700,1.0456626415252686
x2,train,45750,1.048341989517212
x2,train,45800,1.0183169841766357
x2,train,45850,1.0301084518432617
x2,train,45900,1.039279580116272
x2,train,45950,1.04267156124115
x2,train,46000,1.0490953922271729
x2,train,46050,1.0162116289138794
x2,train,46100,1.0281049013137817
x2,train,46150,1.0380182266235352
x2,train,46200,1.042929768562317
x2,train,46250,1.0509555339813232
x2,train,46300,1.0155128240585327
x2,train,46350,1.02828049659729
x2,train,46400,1.0375001430511475
x2,train,46450,1.0436443090438843
x2,train,46500,1.048448085784912
x2,train,46550,1.0133811235427856
x2,train,46600,1.0269742012023926
x2,train,46650,1.0377132892608643
x2,train,46700,1.0423307418823242
x2,train,46750,1.048608660697937
x2,train,46800,1.013520359992981
x2,train,46850,1.026013731956482
x2,train,46900,1.0369678735733032
x2,train,46950,1.0431084632873535
x2,train,47000,1.0475447177886963
x2,train,47050,1.0129185914993286
x2,train,47100,1.0297949314117432
x2,train,47150,1.0363779067993164
x2,train,47200,1.0404237508773804
x2,train,47250,1.0446926355361938
x2,train,47300,1.012743353843689
x2,train,47350,1.0276098251342773
x2,train,47400,1.0336358547210693
x2,train,47450,1.0411545038223267
x2,train,47500,1.0442779064178467
x2,train,47550,1.0148401260375977
x2,train,47600,1.0258183479309082
x2,train,47650,1.0324825048446655
x2,train,47700,1.0398540496826172
x2,train,47750,1.0461019277572632
x2,train,47800,1.0134577751159668
x2,train,47850,1.0219954252243042
x2,train,47900,1.0338340997695923
x2,train,47950,1.0416229963302612
x2,train,48000,1.0429887771606445
x2,train,48050,1.0114567279815674
x2,train,48100,1.022905945777893
x2,train,48150,1.0333622694015503
x2,train,48200,1.0383539199829102
x2,train,48250,1.0460102558135986
x2,train,48300,1.0140708684921265
x2,train,48350,1.0242880582809448
x2,train,48400,1.032991886138916
x2,train,48450,1.0392295122146606
x2,train,48500,1.0407179594039917
x2,train,48550,1.0123240947723389
x2,train,48600,1.021875023841858
x2,train,48650,1.0296814441680908
x2,train,48700,1.040967345237732
x2,train,48750,1.0421797037124634
x2,train,48800,1.0114960670471191
x2,train,48850,1.0218455791473389
x2,train,48900,1.03246009349823
x2,train,48950,1.0384684801101685
x2,train,49000,1.0398755073547363
x2,train,49050,1.0080537796020508
x2,train,49100,1.0190317630767822
x2,train,49150,1.032006859779358
x2,train,49200,1.0382027626037598
x2,train,49250,1.042777180671692
x2,train,49300,1.0086431503295898
x2,train,49350,1.0247784852981567
x2,train,49400,1.0309745073318481
x2,train,49450,1.034140706062317
x2,train,49500,1.0425560474395752
x2,train,49550,1.0067753791809082
x2,train,49600,1.0222537517547607
x2,train,49650,1.031496286392212
x2,train,49700,1.036389946937561
x2,train,49750,1.0415271520614624
x2,train,49800,1.0055557489395142
x2,train,49850,1.0216714143753052
x2,train,49900,1.0302118062973022
x2,train,49950,1.035620927810669
x2,train,50000,1.039169192314148
x2,train,50050,1.006047248840332
x2,train,50100,1.019599437713623
x2,train,50150,1.0288097858428955
x2,train,50200,1.0362604856491089
x2,train,50250,1.0381954908370972
x2,train,50300,1.007412314414978
x2,train,50350,1.0185649394989014
x2,train,50400,1.0281884670257568
x2,train,50450,1.0344127416610718
x2,train,50500,1.039462685585022
x2,train,50550,1.0047167539596558
x2,train,50600,1.0196306705474854
x2,train,50650,1.028239130973816
x2,train,50700,1.0325100421905518
x2,train,50750,1.037155032157898
x2,train,50800,1.0054097175598145
x2,train,50850,1.0183383226394653
x2,train,50900,1.0284427404403687
x2,train,50950,1.0305386781692505
x2,train,51000,1.038305401802063
x2,train,51050,1.0073250532150269
x2,train,51100,1.0196493864059448
x2,train,51150,1.026877522468567
x2,train,51200,1.033695101737976
x2,train,51250,1.0323139429092407
x2,train,51300,1.0057812929153442
x2,train,51350,1.01460599899292
x2,train,51400,1.0254584550857544
x2,train,51450,1.0316801071166992
x2,train,51500,1.037864327430725
x2,train,51550,1.002805233001709
x2,train,51600,1.0161901712417603
x2,train,51650,1.0262746810913086
x2,train,51700,1.0342758893966675
x2,train,51750,1.0351710319519043
x2,train,51800,1.0027633905410767
x2,train,51850,1.0163357257843018
x2,train,51900,1.0244911909103394
x2,train,51950,1.0313799381256104
x2,train,52000,1.0345921516418457
x2,train,52050,1.0055791139602661
x2,train,52100,1.0158659219741821
x2,train,52150,1.0239416360855103
x2,train,52200,1.030173420906067
x2,train,52250,1.0347373485565186
x2,train,52300,1.0027016401290894
x2,train,52350,1.0161393880844116
x2,train,52400,1.0233954191207886
x2,train,52450,1.02727472782135
x2,train,52500,1.0333917140960693
x2,train,52550,1.0019534826278687
x2,train,52600,1.0144578218460083
x2,train,52650,1.0231499671936035
x2,train,52700,1.02724027633667
x2,train,52750,1.0348252058029175
x2,train,52800,1.001331090927124
x2,train,52850,1.0131632089614868
x2,train,52900,1.021009087562561
x2,train,52950,1.029249906539917
x2,train,53000,1.0333714485168457
x2,train,53050,1.0003618001937866
x2,train,53100,1.0106886625289917
x2,train,53150,1.022172212600708
x2,train,53200,1.028277039527893
x2,train,53250,1.0328757762908936
x2,train,53300,0.9995330572128296
x2,train,53350,1.0141386985778809
x2,train,53400,1.0187069177627563
x2,train,53450,1.0246798992156982
x2,train,53500,1.0315136909484863
x2,train,53550,1.001440405845642
x2,train,53600,1.0112709999084473
x2,train,53650,1.021328091621399
x2,train,53700,1.025223731994629
x2,train,53750,1.0306743383407593
x2,train,53800,0.9982158541679382
x2,train,53850,1.0102096796035767
x2,train,53900,1.020351767539978
x2,train,53950,1.024919867515564
x2,train,54000,1.0315423011779785
x2,train,54050,0.9990751147270203
x2,train,54100,1.0108972787857056
x2,train,54150,1.0186444520950317
x2,train,54200,1.0240906476974487
x2,train,54250,1.0299170017242432
x2,train,54300,0.9991834759712219
x2,train,54350,1.0089205503463745
x2,train,54400,1.016160249710083
x2,train,54450,1.025590181350708
x2,train,54500,1.0286592245101929
x2,train,54550,0.9950340986251831
x2,train,54600,1.0111838579177856
x2,train,54650,1.016984224319458
x2,train,54700,1.0235811471939087
x2,train,54750,1.029649019241333
x2,train,54800,0.9935592412948608
x2,train,54850,1.0080071687698364
x2,train,54900,1.0186864137649536
x2,train,54950,1.0229017734527588
x2,train,55000,1.0307159423828125
x2,train,55050,0.9969174265861511
x2,train,55100,1.0070791244506836
x2,train,55150,1.0175272226333618
x2,train,55200,1.0237510204315186
x2,train,55250,1.0253974199295044
x2,train,55300,0.9906409978866577
x2,train,55350,1.0038154125213623
x2,train,55400,1.0170984268188477
x2,train,55450,1.024006724357605
x2,train,55500,1.030307412147522
x2,train,55550,0.9946182370185852
x2,train,55600,1.0084025859832764
x2,train,55650,1.0141937732696533
x2,train,55700,1.0230520963668823
x2,train,55750,1.0248512029647827
x2,train,55800,0.9919600486755371
x2,train,55850,1.0054774284362793
x2,train,55900,1.0171518325805664
x2,train,55950,1.021726369857788
x2,train,56000,1.0247540473937988
x2,train,56050,0.9918628931045532
x2,train,56100,1.005674958229065
x2,train,56150,1.0147860050201416
x2,train,56200,1.0193696022033691
x2,train,56250,1.0264534950256348
x2,train,56300,0.9943423271179199
x2,train,56350,1.0024409294128418
x2,train,56400,1.0142412185668945
x2,train,56450,1.0198956727981567
x2,train,56500,1.0255563259124756
x2,train,56550,0.9906648993492126
x2,train,56600,1.0054720640182495
x2,train,56650,1.0099194049835205
x2,train,56700,1.019942283630371
x2,train,56750,1.0244022607803345
x2,train,56800,0.9902251362800598
x2,train,56850,1.005884051322937
x2,train,56900,1.010737657546997
x2,train,56950,1.0192525386810303
x2,train,57000,1.0218154191970825
x2,train,57050,0.9868308901786804
x2,train,57100,1.0008487701416016
x2,train,57150,1.0124508142471313
x2,train,57200,1.0194841623306274
x2,train,57250,1.0237531661987305
x2,train,57300,0.9909393191337585
x2,train,57350,1.0039314031600952
x2,train,57400,1.0102062225341797
x2,train,57450,1.0166949033737183
x2,train,57500,1.022663950920105
x2,train,57550,0.9876019954681396
x2,train,57600,0.999704122543335
x2,train,57650,1.010859489440918
x2,train,57700,1.0174109935760498
x2,train,57750,1.0228664875030518
x2,train,57800,0.987739622592926
x2,train,57850,1.0017644166946411
x2,train,57900,1.010419249534607
x2,train,57950,1.0173101425170898
x2,train,58000,1.0201438665390015
x2,train,58050,0.9860009551048279
x2,train,58100,1.0012139081954956
x2,train,58150,1.0068888664245605
x2,train,58200,1.0168317556381226
x2,train,58250,1.0215150117874146
x2,train,58300,0.9896833300590515
x2,train,58350,0.9990651607513428
x2,train,58400,1.0095126628875732
x2,train,58450,1.0147743225097656
x2,train,58500,1.0176372528076172
x2,train,58550,0.9855016469955444
x2,train,58600,0.9994305372238159
x2,train,58650,1.0074968338012695
x2,train,58700,1.0145726203918457
x2,train,58750,1.019437313079834
x2,train,58800,0.9889427423477173
x2,train,58850,0.9999471306800842
x2,train,58900,1.0055341720581055
x2,train,58950,1.010945439338684
x2,train,59000,1.0179928541183472
x2,train,59050,0.9820662140846252
x2,train,59100,1.000830888748169
x2,train,59150,1.0092895030975342
x2,train,59200,1.0076510906219482
x2,train,59250,1.021619439125061
x2,train,59300,0.9848325252532959
x2,train,59350,0.9993239641189575
x2,train,59400,1.0049638748168945
x2,train,59450,1.0111896991729736
x2,train,59500,1.0179493427276611
x2,train,59550,0.9859116077423096
x2,train,59600,0.9977052211761475
x2,train,59650,1.0043351650238037
x2,train,59700,1.0099378824234009
x2,train,59750,1.015831470489502
x2,train,59800,0.9829322099685669
x2,train,59850,0.995566189289093
x2,train,59900,1.0054923295974731
x2,train,59950,1.011959195137024
x2,train,60000,1.0155833959579468
x2,train,60050,0.9829064011573792
x2,train,60100,0.9960055351257324
x2,train,60150,1.0050567388534546
x2,train,60200,1.010695219039917
x2,train,60250,1.0141472816467285
x2,train,60300,0.981393575668335
x2,train,60350,0.9936414957046509
x2,train,60400,1.006658911705017
x2,train,60450,1.0113838911056519
x2,train,60500,1.0129064321517944
x2,train,60550,0.9816058278083801
x2,train,60600,0.9956863522529602
x2,train,60650,1.0034288167953491
x2,train,60700,1.0094027519226074
x2,train,60750,1.0113285779953003
x2,train,60800,0.9812297821044922
x2,train,60850,0.995148777961731
x2,train,60900,1.0004628896713257
x2,train,60950,1.0099788904190063
x2,train,61000,1.0139096975326538
x2,train,61050,0.9782993197441101
x2,train,61100,0.991767168045044
x2,train,61150,1.002394676208496
x2,train,61200,1.009120225906372
x2,train,61250,1.0139752626419067
x2,train,61300,0.9782509803771973
x2,train,61350,0.9927313923835754
x2,train,61400,1.0013765096664429
x2,train,61450,1.0061181783676147
x2,train,61500,1.0122270584106445
x2,train,61550,0.9781025052070618
x2,train,61600,0.9929870367050171
x2,train,61650,1.0017597675323486
x2,train,61700,1.0071872472763062
x2,train,61750,1.0102022886276245
x2,train,61800,0.979805052280426
x2,train,61850,0.9898577928543091
x2,train,61900,1.0006256103515625
x2,train,61950,1.0067579746246338
x2,train,62000,1.011773943901062
x2,train,62050,0.9782229661941528
x2,train,62100,0.9912065267562866
x2,train,62150,0.9995713829994202
x2,train,62200,1.0065650939941406
x2,train,62250,1.0083458423614502
x2,train,62300,0.9758475422859192
x2,train,62350,0.9897879958152771
x2,train,62400,0.9986351132392883
x2,train,62450,1.0042243003845215
x2,train,62500,1.010846734046936
x2,train,62550,0.9735445380210876
x2,train,62600,0.9917536377906799
x2,train,62650,0.9982889294624329
x2,train,62700,1.0042948722839355
x2,train,62750,1.0079251527786255
x2,train,62800,0.973075270652771
x2,train,62850,0.9884052872657776
x2,train,62900,0.9987553954124451
x2,train,62950,1.0033411979675293
x2,train,63000,1.0119667053222656
x2,train,63050,0.9753450751304626
x2,train,63100,0.9877114295959473
x2,train,63150,0.9983974695205688
x2,train,63200,1.0021166801452637
x2,train,63250,1.0083773136138916
x2,train,63300,0.9731802940368652
x2,train,63350,0.9887234568595886
x2,train,63400,0.9987059831619263
x2,train,63450,1.0007696151733398
x2,train,63500,1.0062780380249023
x2,train,63550,0.9719337224960327
x2,train,63600,0.9866691827774048
x2,train,63650,0.9946961998939514
x2,train,63700,1.0043026208877563
x2,train,63750,1.0076605081558228
x2,train,63800,0.9723339676856995
x2,train,63850,0.9873332977294922
x2,train,63900,0.995181143283844
x2,train,63950,1.0005055665969849
x2,train,64000,1.005405068397522
x2,train,64050,0.9701011180877686
x2,train,64100,0.9845952391624451
x2,train,64150,0.9941747188568115
x2,train,64200,1.00080406665802
x2,train,64250,1.0077251195907593
x2,train,64300,0.9687272906303406
x2,train,64350,0.9847359657287598
x2,train,64400,0.993886411190033
x2,train,64450,1.000831961631775
x2,train,64500,1.0050837993621826
x2,train,64550,0.9657729864120483
x2,train,64600,0.9868572950363159
x2,train,64650,0.9941615462303162
x2,train,64700,1.0021445751190186
x2,train,64750,1.0017149448394775
x2,train,64800,0.9723685383796692
x2,train,64850,0.9830871820449829
x2,train,64900,0.9932325482368469
x2,train,64950,1.0011178255081177
x2,train,65000,0.9994938373565674
x2,train,65050,0.969089686870575
x2,train,65100,0.9828817844390869
x2,train,65150,0.990734338760376
x2,train,65200,0.9984667897224426
x2,train,65250,1.0038652420043945
x2,train,65300,0.9700734615325928
x2,train,65350,0.9842959046363831
x2,train,65400,0.9884904623031616
x2,train,65450,0.9977688789367676
x2,train,65500,1.001310110092163
x2,train,65550,0.9665015339851379
x2,train,65600,0.9827064275741577
x2,train,65650,0.9866454601287842
x2,train,65700,0.9994451403617859
x2,train,65750,1.0006141662597656
x2,train,65800,0.972873866558075
x2,train,65850,0.9808347821235657
x2,train,65900,0.9854047298431396
x2,train,65950,0.9941632151603699
x2,train,66000,0.9995460510253906
x2,train,66050,0.966837465763092
x2,train,66100,0.9796020984649658
x2,train,66150,0.9890882968902588
x2,train,66200,0.9939014911651611
x2,train,66250,1.0003844499588013
x2,train,66300,0.9657953381538391
x2,train,66350,0.980090320110321
x2,train,66400,0.9885548949241638
x2,train,66450,0.9919523596763611
x2,train,66500,1.0016908645629883
x2,train,66550,0.9651926159858704
x2,train,66600,0.9791706204414368
x2,train,66650,0.9908777475357056
x2,train,66700,0.990906834602356
x2,train,66750,0.9977684020996094
x2,train,66800,0.9646750688552856
x2,train,66850,0.976705014705658
x2,train,66900,0.9871360063552856
x2,train,66950,0.9951599836349487
x2,train,67000,0.9983075857162476
x2,train,67050,0.9624900817871094
x2,train,67100,0.9795372486114502
x2,train,67150,0.9850443005561829
x2,train,67200,0.9920897483825684
x2,train,67250,0.9979086518287659
x2,train,67300,0.9613298177719116
x2,train,67350,0.977019190788269
x2,train,67400,0.9868269562721252
x2,train,67450,0.9925790429115295
x2,train,67500,0.9941635131835938
x2,train,67550,0.9622875452041626
x2,train,67600,0.9765655994415283
x2,train,67650,0.9845175743103027
x2,train,67700,0.9928634166717529
x2,train,67750,0.9953330755233765
x2,train,67800,0.9602112770080566
x2,train,67850,0.9762126207351685
x2,train,67900,0.9852656722068787
x2,train,67950,0.9910950660705566
x2,train,68000,0.9952938556671143
x2,train,68050,0.9608996510505676
x2,train,68100,0.9739660024642944
x2,train,68150,0.9829019904136658
x2,train,68200,0.9887864589691162
x2,train,68250,0.9967458248138428
x2,train,68300,0.9595416784286499
x2,train,68350,0.9739074110984802
x2,train,68400,0.9857200384140015
x2,train,68450,0.9900327324867249
x2,train,68500,0.991807758808136
x2,train,68550,0.9609392285346985
x2,train,68600,0.9741873741149902
x2,train,68650,0.979698121547699
x2,train,68700,0.9899463057518005
x2,train,68750,0.9937278032302856
x2,train,68800,0.9584834575653076
x2,train,68850,0.9724195003509521
x2,train,68900,0.9831031560897827
x2,train,68950,0.9862367510795593
x2,train,69000,0.9923229217529297
x2,train,69050,0.9603974223136902
x2,train,69100,0.9710867404937744
x2,train,69150,0.9815235137939453
x2,train,69200,0.9852449893951416
x2,train,69250,0.9921542406082153
x2,train,69300,0.9552074670791626
x2,train,69350,0.9715635776519775
x2,train,69400,0.9802410006523132
x2,train,69450,0.9859283566474915
x2,train,69500,0.9915894865989685
x2,train,69550,0.9611884951591492
x2,train,69600,0.9693555235862732
x2,train,69650,0.9807330965995789
x2,train,69700,0.9839429259300232
x2,train,69750,0.9873558878898621
x2,train,69800,0.9575713872909546
x2,train,69850,0.9716126322746277
x2,train,69900,0.9766494035720825
x2,train,69950,0.9862602353096008
x2,train,70000,0.9892059564590454
x2,train,70050,0.954652726650238
x2,train,70100,0.9710220098495483
x2,train,70150,0.9776055812835693
x2,train,70200,0.9857338070869446
x2,train,70250,0.9881237745285034
x2,train,70300,0.9535236358642578
x2,train,70350,0.9704881906509399
x2,train,70400,0.9784436821937561
x2,train,70450,0.9838192462921143
x2,train,70500,0.9852292537689209
x2,train,70550,0.9564660787582397
x2,train,70600,0.9673213362693787
x2,train,70650,0.9768623113632202
x2,train,70700,0.980358898639679
x2,train,70750,0.989284873008728
x2,train,70800,0.9539353847503662
x2,train,70850,0.9659774899482727
x2,train,70900,0.9755712151527405
x2,train,70950,0.9847357869148254
x2,train,71000,0.9853531718254089
x2,train,71050,0.9547165632247925
x2,train,71100,0.9636623859405518
x2,train,71150,0.9746297597885132
x2,train,71200,0.9802104234695435
x2,train,71250,0.9875092506408691
x2,train,71300,0.9569746255874634
x2,train,71350,0.9654107093811035
x2,train,71400,0.9722850322723389
x2,train,71450,0.9797715544700623
x2,train,71500,0.9843430519104004
x2,train,71550,0.9548355340957642
x2,train,71600,0.9631898403167725
x2,train,71650,0.9721211791038513
x2,train,71700,0.978849470615387
x2,train,71750,0.9851053357124329
x2,train,71800,0.9507490396499634
x2,train,71850,0.9611573219299316
x2,train,71900,0.9734710454940796
x2,train,71950,0.9802954792976379
x2,train,72000,0.9858952164649963
x2,train,72050,0.9501311779022217
x2,train,72100,0.9613003730773926
x2,train,72150,0.9734496474266052
x2,train,72200,0.9801988005638123
x2,train,72250,0.9825795888900757
x2,train,72300,0.947411298751831
x2,train,72350,0.9621317982673645
x2,train,72400,0.9742217063903809
x2,train,72450,0.9778959155082703
x2,train,72500,0.9835215210914612
x2,train,72550,0.951281726360321
x2,train,72600,0.9576919078826904
x2,train,72650,0.9737597703933716
x2,train,72700,0.9772385358810425
x2,train,72750,0.9812715649604797
x2,train,72800,0.9480128288269043
x2,train,72850,0.9611998200416565
x2,train,72900,0.9696065783500671
x2,train,72950,0.9771738648414612
x2,train,73000,0.978956937789917
x2,train,73050,0.9477086663246155
x2,train,73100,0.9621181488037109
x2,train,73150,0.9700409173965454
x2,train,73200,0.9746339917182922
x2,train,73250,0.979479193687439
x2,train,73300,0.9460036754608154
x2,train,73350,0.9590526819229126
x2,train,73400,0.9682978987693787
x2,train,73450,0.9773292541503906
x2,train,73500,0.9793472290039062
x2,train,73550,0.9465200901031494
x2,train,73600,0.9579704403877258
x2,train,73650,0.9682303667068481
x2,train,73700,0.9757279753684998
x2,train,73750,0.9784830212593079
x2,train,73800,0.9467776417732239
x2,train,73850,0.9581878781318665
x2,train,73900,0.9658932685852051
x2,train,73950,0.9720710515975952
x2,train,74000,0.9786862730979919
x2,train,74050,0.9450563192367554
x2,train,74100,0.957563579082489
x2,train,74150,0.965222179889679
x2,train,74200,0.9725143313407898
x2,train,74250,0.9790361523628235
x2,train,74300,0.9407920241355896
x2,train,74350,0.9586740136146545
x2,train,74400,0.9648827314376831
x2,train,74450,0.9740943312644958
x2,train,74500,0.9779934883117676
x2,train,74550,0.9455474019050598
x2,train,74600,0.9570126533508301
x2,train,74650,0.9643694162368774
x2,train,74700,0.9707515835762024
x2,train,74750,0.9745617508888245
x2,train,74800,0.9435988068580627
x2,train,74850,0.9576773047447205
x2,train,74900,0.965115487575531
x2,train,74950,0.9668285846710205
x2,train,75000,0.9768434762954712
x2,train,75050,0.9407526254653931
x2,train,75100,0.9551721215248108
x2,train,75150,0.9641225934028625
x2,train,75200,0.9694960713386536
x2,train,75250,0.9733434319496155
x2,train,75300,0.9420139193534851
x2,train,75350,0.951249361038208
x2,train,75400,0.966072142124176
x2,train,75450,0.9689154624938965
x2,train,75500,0.9730510711669922
x2,train,75550,0.9394052624702454
x2,train,75600,0.9547655582427979
x2,train,75650,0.9643864631652832
x2,train,75700,0.9699762463569641
x2,train,75750,0.9717910289764404
x2,train,75800,0.941264808177948
x2,train,75850,0.9535712599754333
x2,train,75900,0.9602886438369751
x2,train,75950,0.9663960337638855
x2,train,76000,0.971416175365448
x2,train,76050,0.9387840032577515
x2,train,76100,0.9548105597496033
x2,train,76150,0.961091935634613
x2,train,76200,0.9641409516334534
x2,train,76250,0.9709605574607849
x2,train,76300,0.937213659286499
x2,train,76350,0.9527325630187988
x2,train,76400,0.9591693878173828
x2,train,76450,0.9655706286430359
x2,train,76500,0.9710124135017395
x2,train,76550,0.9377825260162354
x2,train,76600,0.9481037259101868
x2,train,76650,0.9578977823257446
x2,train,76700,0.9658303260803223
x2,train,76750,0.9733710289001465
x2,train,76800,0.9394323229789734
x2,train,76850,0.9475269913673401
x2,train,76900,0.9617236852645874
x2,train,76950,0.9631231427192688
x2,train,77000,0.9677186012268066
x2,train,77050,0.9357196688652039
x2,train,77100,0.9504796862602234
x2,train,77150,0.9603089094161987
x2,train,77200,0.9591034650802612
x2,train,77250,0.9684529304504395
x2,train,77300,0.9379895925521851
x2,train,77350,0.945678174495697
x2,train,77400,0.958027720451355
x2,train,77450,0.9632241129875183
x2,train,77500,0.9656975269317627
x2,train,77550,0.9376376271247864
x2,train,77600,0.9463931322097778
x2,train,77650,0.9540568590164185
x2,train,77700,0.9638434648513794
x2,train,77750,0.9683837294578552
x2,train,77800,0.9340348839759827
x2,train,77850,0.9504163861274719
x2,train,77900,0.9537157416343689
x2,train,77950,0.9607552289962769
x2,train,78000,0.9644954204559326
x2,train,78050,0.9338379502296448
x2,train,78100,0.9440130591392517
x2,train,78150,0.9563515186309814
x2,train,78200,0.9588419198989868
x2,train,78250,0.9663857817649841
x2,train,78300,0.9334433674812317
x2,train,78350,0.9423774480819702
x2,train,78400,0.9547526836395264
x2,train,78450,0.9600475430488586
x2,train,78500,0.965412437915802
x2,train,78550,0.9314749836921692
x2,train,78600,0.9423632621765137
x2,train,78650,0.9529465436935425
x2,train,78700,0.9618518352508545
x2,train,78750,0.9634773135185242
x2,train,78800,0.9323555827140808
x2,train,78850,0.9440767168998718
x2,train,78900,0.9486278295516968
x2,train,78950,0.9573724865913391
x2,train,79000,0.9652255177497864
x2,train,79050,0.9330195784568787
x2,train,79100,0.9446174502372742
x2,train,79150,0.9520055651664734
x2,train,79200,0.9556867480278015
x2,train,79250,0.9603187441825867
x2,train,79300,0.929655134677887
x2,train,79350,0.942359209060669
x2,train,79400,0.949181318283081
x2,train,79450,0.9556299448013306
x2,train,79500,0.9622729420661926
x2,train,79550,0.9286383986473083
x2,train,79600,0.9423582553863525
x2,train,79650,0.9503947496414185
x2,train,79700,0.9559141397476196
x2,train,79750,0.9595968723297119
x2,train,79800,0.9309843182563782
x2,train,79850,0.938651442527771
x2,train,79900,0.9496151208877563
x2,train,79950,0.9540805816650391
x2,train,80000,0.9594377279281616
x2,train,80050,0.9302193522453308
x2,train,80100,0.939332902431488
x2,train,80150,0.94842129945755
x2,train,80200,0.9531470537185669
x2,train,80250,0.9597757458686829
x2,train,80300,0.930766224861145
x2,train,80350,0.9370052218437195
x2,train,80400,0.9469221234321594
x2,train,80450,0.9545849561691284
x2,train,80500,0.9563078880310059
x2,train,80550,0.9249118566513062
x2,train,80600,0.9379320740699768
x2,train,80650,0.9467005729675293
x2,train,80700,0.9556059837341309
x2,train,80750,0.9585832357406616
x2,train,80800,0.9270362257957458
x2,train,80850,0.9368168711662292
x2,train,80900,0.9461474418640137
x2,train,80950,0.9540058374404907
x2,train,81000,0.9538516998291016
x2,train,81050,0.9271514415740967
x2,train,81100,0.9374560713768005
x2,train,81150,0.9449155330657959
x2,train,81200,0.9484802484512329
x2,train,81250,0.9556364417076111
x2,train,81300,0.9239652752876282
x2,train,81350,0.9347348809242249
x2,train,81400,0.9464895129203796
x2,train,81450,0.9486628770828247
x2,train,81500,0.956479012966156
x2,train,81550,0.9237951040267944
x2,train,81600,0.935197114944458
x2,train,81650,0.9421667456626892
x2,train,81700,0.9511620402336121
x2,train,81750,0.9530088901519775
x2,train,81800,0.9230174422264099
x2,train,81850,0.9312931895256042
x2,train,81900,0.9441462159156799
x2,train,81950,0.9502909183502197
x2,train,82000,0.9528530240058899
x2,train,82050,0.9227851033210754
x2,train,82100,0.9324585795402527
x2,train,82150,0.9430438280105591
x2,train,82200,0.9487795829772949
x2,train,82250,0.9518903493881226
x2,train,82300,0.9194294810295105
x2,train,82350,0.9348849654197693
x2,train,82400,0.9407920241355896
x2,train,82450,0.9473053812980652
x2,train,82500,0.9518218040466309
x2,train,82550,0.9222233295440674
x2,train,82600,0.9346487522125244
x2,train,82650,0.9379690289497375
x2,train,82700,0.9453274011611938
x2,train,82750,0.95002281665802
x2,train,82800,0.9198318719863892
x2,train,82850,0.9291409254074097
x2,train,82900,0.9421941637992859
x2,train,82950,0.9448227882385254
x2,train,83000,0.9503801465034485
x2,train,83050,0.9165520668029785
x2,train,83100,0.9289466738700867
x2,train,83150,0.9405367970466614
x2,train,83200,0.946916937828064
x2,train,83250,0.9487936496734619
x2,train,83300,0.918429434299469
x2,train,83350,0.9305787086486816
x2,train,83400,0.9387106895446777
x2,train,83450,0.9423656463623047
x2,train,83500,0.949015200138092
x2,train,83550,0.9222374558448792
x2,train,83600,0.9299848079681396
x2,train,83650,0.9315899610519409
x2,train,83700,0.942887544631958
x2,train,83750,0.947934091091156
x2,train,83800,0.9196112751960754
x2,train,83850,0.9309220910072327
x2,train,83900,0.9374098777770996
x2,train,83950,0.9401547908782959
x2,train,84000,0.9460079073905945
x2,train,84050,0.9200038313865662
x2,train,84100,0.9270390272140503
x2,train,84150,0.9351994395256042
x2,train,84200,0.9409646391868591
x2,train,84250,0.9444121718406677
x2,train,84300,0.916138768196106
x2,train,84350,0.9275065064430237
x2,train,84400,0.9310280680656433
x2,train,84450,0.9425356388092041
x2,train,84500,0.9459027051925659
x2,train,84550,0.9152252078056335
x2,train,84600,0.9275660514831543
x2,train,84650,0.9369475841522217
x2,train,84700,0.9374343156814575
x2,train,84750,0.9423301815986633
x2,train,84800,0.9136068820953369
x2,train,84850,0.9241597056388855
x2,train,84900,0.9321638345718384
x2,train,84950,0.9405741691589355
x2,train,85000,0.9450536966323853
x2,train,85050,0.9141001105308533
x2,train,85100,0.92486572265625
x2,train,85150,0.9304975867271423
x2,train,85200,0.9397937059402466
x2,train,85250,0.9421982765197754
x2,train,85300,0.9146198034286499
x2,train,85350,0.92438805103302
x2,train,85400,0.9335836172103882
x2,train,85450,0.9361693859100342
x2,train,85500,0.9396029114723206
x2,train,85550,0.9120081067085266
x2,train,85600,0.9233572483062744
x2,train,85650,0.9313523769378662
x2,train,85700,0.9399648308753967
x2,train,85750,0.9387847185134888
x2,train,85800,0.9123159050941467
x2,train,85850,0.9203662276268005
x2,train,85900,0.9325550198554993
x2,train,85950,0.9370695352554321
x2,train,86000,0.9401667714118958
x2,train,86050,0.9106358289718628
x2,train,86100,0.9204087853431702
x2,train,86150,0.9310305714607239
x2,train,86200,0.9329479336738586
x2,train,86250,0.941354513168335
x2,train,86300,0.9089434742927551
x2,train,86350,0.9239957928657532
x2,train,86400,0.9268274903297424
x2,train,86450,0.9338332414627075
x2,train,86500,0.9384250044822693
x2,train,86550,0.910106897354126
x2,train,86600,0.9220815896987915
x2,train,86650,0.9251296520233154
x2,train,86700,0.9329627156257629
x2,train,86750,0.9372164011001587
x2,train,86800,0.9138218760490417
x2,train,86850,0.9193932414054871
x2,train,86900,0.9227951169013977
x2,train,86950,0.9334172606468201
x2,train,87000,0.9345231652259827
x2,train,87050,0.9076481461524963
x2,train,87100,0.9206051826477051
x2,train,87150,0.9273123741149902
x2,train,87200,0.9326589107513428
x2,train,87250,0.9334801435470581
x2,train,87300,0.9082546234130859
x2,train,87350,0.9169215559959412
x2,train,87400,0.9276844263076782
x2,train,87450,0.9302111268043518
x2,train,87500,0.9334436058998108
x2,train,87550,0.9094346761703491
x2,train,87600,0.918681263923645
x2,train,87650,0.9264063835144043
x2,train,87700,0.928758978843689
x2,train,87750,0.9308449625968933
x2,train,87800,0.9078236222267151
x2,train,87850,0.9156783223152161
x2,train,87900,0.9241417646408081
x2,train,87950,0.9274908304214478
x2,train,88000,0.9345914721488953
x2,train,88050,0.9065316915512085
x2,train,88100,0.9136366844177246
x2,train,88150,0.921509325504303
x2,train,88200,0.928188145160675
x2,train,88250,0.9348433613777161
x2,train,88300,0.9050008654594421
x2,train,88350,0.914512038230896
x2,train,88400,0.9220201373100281
x2,train,88450,0.9291994571685791
x2,train,88500,0.9311390519142151
x2,train,88550,0.9029704332351685
x2,train,88600,0.9125924706459045
x2,train,88650,0.9219550490379333
x2,train,88700,0.9277999401092529
x2,train,88750,0.931354284286499
x2,train,88800,0.9073117971420288
x2,train,88850,0.9134883880615234
x2,train,88900,0.9188318848609924
x2,train,88950,0.9233161807060242
x2,train,89000,0.9315210580825806
x2,train,89050,0.9039268493652344
x2,train,89100,0.9107779860496521
x2,train,89150,0.9197782874107361
x2,train,89200,0.9249389171600342
x2,train,89250,0.9291236996650696
x2,train,89300,0.9040673971176147
x2,train,89350,0.9123464226722717
x2,train,89400,0.9219291806221008
x2,train,89450,0.9228302836418152
x2,train,89500,0.9255391955375671
x2,train,89550,0.9023456573486328
x2,train,89600,0.911116361618042
x2,train,89650,0.9156997799873352
x2,train,89700,0.9271652102470398
x2,train,89750,0.9257457256317139
x2,train,89800,0.9009004235267639
x2,train,89850,0.9091389179229736
x2,train,89900,0.9156799912452698
x2,train,89950,0.9234578609466553
x2,train,90000,0.9289498329162598
x2,train,90050,0.8952777981758118
x2,train,90100,0.911987841129303
x2,train,90150,0.9162216186523438
x2,train,90200,0.924029529094696
x2,train,90250,0.926222026348114
x2,train,90300,0.8979044556617737
x2,train,90350,0.9116706252098083
x2,train,90400,0.9175639152526855
x2,train,90450,0.9228144288063049
x2,train,90500,0.9203385710716248
x2,train,90550,0.9002201557159424
x2,train,90600,0.9072205424308777
x2,train,90650,0.9167680144309998
x2,train,90700,0.9205568432807922
x2,train,90750,0.9220139980316162
x2,train,90800,0.8995426297187805
x2,train,90850,0.9077271819114685
x2,train,90900,0.9141339063644409
x2,train,90950,0.9211397767066956
x2,train,91000,0.9208041429519653
x2,train,91050,0.8960392475128174
x2,train,91100,0.9061758518218994
x2,train,91150,0.9152575135231018
x2,train,91200,0.9202916026115417
x2,train,91250,0.9203335642814636
x2,train,91300,0.8966705203056335
x2,train,91350,0.9084581732749939
x2,train,91400,0.9123481512069702
x2,train,91450,0.9168857336044312
x2,train,91500,0.921244740486145
x2,train,91550,0.8958032131195068
x2,train,91600,0.907875120639801
x2,train,91650,0.9094098806381226
x2,train,91700,0.9167854189872742
x2,train,91750,0.9207491278648376
x2,train,91800,0.8947015404701233
x2,train,91850,0.9031916260719299
x2,train,91900,0.9129139184951782
x2,train,91950,0.9134531617164612
x2,train,92000,0.9232104420661926
x2,train,92050,0.8942672610282898
x2,train,92100,0.9052377939224243
x2,train,92150,0.909546971321106
x2,train,92200,0.9162110090255737
x2,train,92250,0.9180275201797485
x2,train,92300,0.8953961133956909
x2,train,92350,0.9018731713294983
x2,train,92400,0.9088363647460938
x2,train,92450,0.9160666465759277
x2,train,92500,0.9170986413955688
x2,train,92550,0.8925818800926208
x2,train,92600,0.9029364585876465
x2,train,92650,0.911538302898407
x2,train,92700,0.9152452945709229
x2,train,92750,0.9130684733390808
x2,train,92800,0.8944472670555115
x2,train,92850,0.9013400077819824
x2,train,92900,0.9077136516571045
x2,train,92950,0.912976861000061
x2,train,93000,0.9160876274108887
x2,train,93050,0.893185019493103
x2,train,93100,0.9014652371406555
x2,train,93150,0.9061641693115234
x2,train,93200,0.909679651260376
x2,train,93250,0.9176328778266907
x2,train,93300,0.8937089443206787
x2,train,93350,0.8977524638175964
x2,train,93400,0.9053124189376831
x2,train,93450,0.9132270216941833
x2,train,93500,0.9146949648857117
x2,train,93550,0.8901053667068481
x2,train,93600,0.8973824977874756
x2,train,93650,0.9060084819793701
x2,train,93700,0.9126850962638855
x2,train,93750,0.9153854250907898
x2,train,93800,0.8929576873779297
x2,train,93850,0.8978646993637085
x2,train,93900,0.9057891368865967
x2,train,93950,0.9071744680404663
x2,train,94000,0.9139929413795471
x2,train,94050,0.8896674513816833
x2,train,94100,0.8989766836166382
x2,train,94150,0.9049601554870605
x2,train,94200,0.9082862734794617
x2,train,94250,0.9098587036132812
x2,train,94300,0.88746178150177
x2,train,94350,0.9009197354316711
x2,train,94400,0.9020442962646484
x2,train,94450,0.9078173637390137
x2,train,94500,0.9109429717063904
x2,train,94550,0.8866574168205261
x2,train,94600,0.8970025777816772
x2,train,94650,0.903450608253479
x2,train,94700,0.9071605205535889
x2,train,94750,0.9110586643218994
x2,train,94800,0.8885658979415894
x2,train,94850,0.8943897485733032
x2,train,94900,0.901878833770752
x2,train,94950,0.9060153365135193
x2,train,95000,0.9110164046287537
x2,train,95050,0.8891547322273254
x2,train,95100,0.8972221612930298
x2,train,95150,0.900678277015686
x2,train,95200,0.9054006338119507
x2,train,95250,0.9067171216011047
x2,train,95300,0.8860490322113037
x2,train,95350,0.8925328254699707
x2,train,95400,0.9039692878723145
x2,train,95450,0.9048351049423218
x2,train,95500,0.9076537489891052
x2,train,95550,0.8875102996826172
x2,train,95600,0.8942263722419739
x2,train,95650,0.9000635743141174
x2,train,95700,0.9064993262290955
x2,train,95750,0.9018144011497498
x2,train,95800,0.8852517008781433
x2,train,95850,0.8958156704902649
x2,train,95900,0.8977319598197937
x2,train,95950,0.9044363498687744
x2,train,96000,0.9044157266616821
x2,train,96050,0.8828517198562622
x2,train,96100,0.8921955823898315
x2,train,96150,0.9006664156913757
x2,train,96200,0.9009634256362915
x2,train,96250,0.9075510501861572
x2,train,96300,0.8853211402893066
x2,train,96350,0.8914880156517029
x2,train,96400,0.8969393372535706
x2,train,96450,0.9001551270484924
x2,train,96500,0.9064359068870544
x2,train,96550,0.8850623369216919
x2,train,96600,0.8898817300796509
x2,train,96650,0.8987818360328674
x2,train,96700,0.9001873731613159
x2,train,96750,0.9034873843193054
x2,train,96800,0.8823904395103455
x2,train,96850,0.8904498219490051
x2,train,96900,0.897531270980835
x2,train,96950,0.9000276327133179
x2,train,97000,0.9038577079772949
x2,train,97050,0.8820585012435913
x2,train,97100,0.8894184231758118
x2,train,97150,0.8960068225860596
x2,train,97200,0.8979653120040894
x2,train,97250,0.9043121337890625
x2,train,97300,0.883084774017334
x2,train,97350,0.8855950832366943
x2,train,97400,0.8929511904716492
x2,train,97450,0.9023172855377197
x2,train,97500,0.9022386074066162
x2,train,97550,0.8810375332832336
x2,train,97600,0.8889263868331909
x2,train,97650,0.8920930624008179
x2,train,97700,0.8979223370552063
x2,train,97750,0.9024540781974792
x2,train,97800,0.8773500919342041
x2,train,97850,0.8916321396827698
x2,train,97900,0.8932664394378662
x2,train,97950,0.8981236815452576
x2,train,98000,0.8996530771255493
x2,train,98050,0.8815487623214722
x2,train,98100,0.8875647783279419
x2,train,98150,0.8921194672584534
x2,train,98200,0.8946412801742554
x2,train,98250,0.8998675346374512
x2,train,98300,0.8804408311843872
x2,train,98350,0.8864244818687439
x2,train,98400,0.8934290409088135
x2,train,98450,0.8936179876327515
x2,train,98500,0.8990140557289124
x2,train,98550,0.8791007399559021
x2,train,98600,0.8826540112495422
x2,train,98650,0.8917171955108643
x2,train,98700,0.8961527347564697
x2,train,98750,0.8998355865478516
x2,train,98800,0.8808405995368958
x2,train,98850,0.8868144154548645
x2,train,98900,0.8890606164932251
x2,train,98950,0.8927217125892639
x2,train,99000,0.8961108326911926
x2,train,99050,0.8773773312568665
x2,train,99100,0.8855710029602051
x2,train,99150,0.8890019059181213
x2,train,99200,0.8933743834495544
x2,train,99250,0.8971124291419983
x2,train,99300,0.8775067925453186
x2,train,99350,0.8842950463294983
x2,train,99400,0.890634298324585
x2,train,99450,0.8918699026107788
x2,train,99500,0.8949220180511475
x2,train,99550,0.8803553581237793
x2,train,99600,0.8792811632156372
x2,train,99650,0.8889127969741821
x2,train,99700,0.8928645253181458
x2,train,99750,0.8942815661430359
x2,train,99800,0.8781042695045471
x2,train,99850,0.8815128803253174
x2,train,99900,0.8886975049972534
x2,train,99950,0.8900371789932251
x2,train,100000,0.8937785625457764
x2,train,100050,0.8734044432640076
x2,train,100100,0.8832553625106812
x2,train,100150,0.8892329335212708
x2,train,100200,0.8899467587471008
x2,train,100250,0.8933994174003601
x2,train,100300,0.8735368847846985
x2,train,100350,0.8829784989356995
x2,train,100400,0.8866843581199646
x2,train,100450,0.8918028473854065
x2,train,100500,0.8911163210868835
x2,train,100550,0.8744401335716248
x2,train,100600,0.8807793259620667
x2,train,100650,0.8847789764404297
x2,train,100700,0.8915873169898987
x2,train,100750,0.8908437490463257
x2,train,100800,0.8749613165855408
x2,train,100850,0.8822959661483765
x2,train,100900,0.8840804100036621
x2,train,100950,0.8883551955223083
x2,train,101000,0.8907337188720703
x2,train,101050,0.8733223676681519
x2,train,101100,0.8765910267829895
x2,train,101150,0.8838834166526794
x2,train,101200,0.8909866809844971
x2,train,101250,0.8923705220222473
x2,train,101300,0.8727384805679321
x2,train,101350,0.8801027536392212
x2,train,101400,0.8860504031181335
x2,train,101450,0.8837541341781616
x2,train,101500,0.8912263512611389
x2,train,101550,0.8753940463066101
x2,train,101600,0.8779694437980652
x2,train,101650,0.8817334771156311
x2,train,101700,0.8851779699325562
x2,train,101750,0.8907585144042969
x2,train,101800,0.8728020191192627
x2,train,101850,0.8794043660163879
x2,train,101900,0.8815688490867615
x2,train,101950,0.8866974115371704
x2,train,102000,0.887183427810669
x2,train,102050,0.8697329759597778
x2,train,102100,0.8771815299987793
x2,train,102150,0.8817154169082642
x2,train,102200,0.8850228786468506
x2,train,102250,0.8899573683738708
x2,train,102300,0.8696180582046509
x2,train,102350,0.8778492212295532
x2,train,102400,0.8789270520210266
x2,train,102450,0.8841449022293091
x2,train,102500,0.8913084268569946
x2,train,102550,0.8703762888908386
x2,train,102600,0.87729811668396
x2,train,102650,0.8824468851089478
x2,train,102700,0.882179319858551
x2,train,102750,0.886599600315094
x2,train,102800,0.8703504800796509
x2,train,102850,0.8771860003471375
x2,train,102900,0.8787363171577454
x2,train,102950,0.8831340670585632
x2,train,103000,0.886486828327179
x2,train,103050,0.8687698841094971
x2,train,103100,0.8754184246063232
x2,train,103150,0.8774421215057373
x2,train,103200,0.8848757147789001
x2,train,103250,0.8872509598731995
x2,train,103300,0.8682599663734436
x2,train,103350,0.8764951825141907
x2,train,103400,0.8835582137107849
x2,train,103450,0.8788052201271057
x2,train,103500,0.8839809894561768
x2,train,103550,0.8682077527046204
x2,train,103600,0.873818576335907
x2,train,103650,0.8801637887954712
x2,train,103700,0.882174015045166
x2,train,103750,0.8835653066635132
x2,train,103800,0.8714896440505981
x2,train,103850,0.8722267150878906
x2,train,103900,0.8777082562446594
x2,train,103950,0.8828388452529907
x2,train,104000,0.8808540105819702
x2,train,104050,0.8693273663520813
x2,train,104100,0.8788100481033325
x2,train,104150,0.8784812688827515
x2,train,104200,0.877231776714325
x2,train,104250,0.878429651260376
x2,train,104300,0.8668501377105713
x2,train,104350,0.8723560571670532
x2,train,104400,0.8785344958305359
x2,train,104450,0.8795056939125061
x2,train,104500,0.8823944926261902
x2,train,104550,0.8670164346694946
x2,train,104600,0.87555992603302
x2,train,104650,0.8758202195167542
x2,train,104700,0.8775606751441956
x2,train,104750,0.8803444504737854
x2,train,104800,0.8650048971176147
x2,train,104850,0.8710081577301025
x2,train,104900,0.8728938102722168
x2,train,104950,0.8829737305641174
x2,train,105000,0.8825927972793579
x2,train,105050,0.8701052069664001
x2,train,105100,0.8701139688491821
x2,train,105150,0.8763738870620728
x2,train,105200,0.8786803483963013
x2,train,105250,0.8766812086105347
x2,train,105300,0.8674907088279724
x2,train,105350,0.8721235394477844
x2,train,105400,0.8767291307449341
x2,train,105450,0.8754106163978577
x2,train,105500,0.8774363994598389
x2,train,105550,0.8645449280738831
x2,train,105600,0.8704084753990173
x2,train,105650,0.8736959099769592
x2,train,105700,0.8789799213409424
x2,train,105750,0.8788419961929321
x2,train,105800,0.8667229413986206
x2,train,105850,0.870972216129303
x2,train,105900,0.8717132806777954
x2,train,105950,0.8761657476425171
x2,train,106000,0.8792531490325928
x2,train,106050,0.8640570640563965
x2,train,106100,0.8697437047958374
x2,train,106150,0.872723400592804
x2,train,106200,0.8763498067855835
x2,train,106250,0.8789899945259094
x2,train,106300,0.8660221099853516
x2,train,106350,0.8674178123474121
x2,train,106400,0.8748214244842529
x2,train,106450,0.8749348521232605
x2,train,106500,0.875873327255249
x2,train,106550,0.8675165772438049
x2,train,106600,0.868434727191925
x2,train,106650,0.8724080920219421
x2,train,106700,0.8740455508232117
x2,train,106750,0.8746706247329712
x2,train,106800,0.8631312847137451
x2,train,106850,0.8701154589653015
x2,train,106900,0.8711179494857788
x2,train,106950,0.8729214668273926
x2,train,107000,0.8772310614585876
x2,train,107050,0.8651174306869507
x2,train,107100,0.8683609962463379
x2,train,107150,0.8724311590194702
x2,train,107200,0.8723570108413696
x2,train,107250,0.8745095133781433
x2,train,107300,0.8656341433525085
x2,train,107350,0.867404043674469
x2,train,107400,0.8682402968406677
x2,train,107450,0.8755128383636475
x2,train,107500,0.8734143972396851
x2,train,107550,0.8657847046852112
x2,train,107600,0.8678632378578186
x2,train,107650,0.8718358874320984
x2,train,107700,0.8695476651191711
x2,train,107750,0.8732702136039734
x2,train,107800,0.8650073409080505
x2,train,107850,0.8650273680686951
x2,train,107900,0.8730967044830322
x2,train,107950,0.868045449256897
x2,train,108000,0.8749564290046692
x2,train,108050,0.863877534866333
x2,train,108100,0.8676297068595886
x2,train,108150,0.8668498992919922
x2,train,108200,0.8721477389335632
x2,train,108250,0.8739409446716309
x2,train,108300,0.8647046089172363
x2,train,108350,0.8687472343444824
x2,train,108400,0.8652285933494568
x2,train,108450,0.8711534142494202
x2,train,108500,0.871989369392395
x2,train,108550,0.8650845885276794
x2,train,108600,0.8643345832824707
x2,train,108650,0.8713594079017639
x2,train,108700,0.8692028522491455
x2,train,108750,0.8701844215393066
x2,train,108800,0.8615959286689758
x2,train,108850,0.8652303218841553
x2,train,108900,0.8697866797447205
x2,train,108950,0.8674402832984924
x2,train,109000,0.8736507892608643
x2,train,109050,0.8627384901046753
x2,train,109100,0.866037905216217
x2,train,109150,0.869414210319519
x2,train,109200,0.8703755736351013
x2,train,109250,0.8672208189964294
x2,train,109300,0.8640378713607788
x2,train,109350,0.864876389503479
x2,train,109400,0.8669427633285522
x2,train,109450,0.8672250509262085
x2,train,109500,0.8712405562400818
x2,train,109550,0.8603825569152832
x2,train,109600,0.8618404865264893
x2,train,109650,0.870619535446167
x2,train,109700,0.8685948252677917
x2,train,109750,0.8716446757316589
x2,train,109800,0.861940324306488
x2,train,109850,0.8628259897232056
x2,train,109900,0.8688564300537109
x2,train,109950,0.8694077134132385
x2,train,110000,0.8671301007270813
x2,train,110050,0.8634617328643799
x2,train,110100,0.8617916703224182
x2,train,110150,0.8638648986816406
x2,train,110200,0.8701139092445374
x2,train,110250,0.8692126274108887
x2,train,110300,0.8615976572036743
x2,train,110350,0.8643904328346252
x2,train,110400,0.8667327165603638
x2,train,110450,0.866333544254303
x2,train,110500,0.8678807616233826
x2,train,110550,0.8640179634094238
x2,train,110600,0.8619599938392639
x2,train,110650,0.8631049990653992
x2,train,110700,0.8663997650146484
x2,train,110750,0.8697373270988464
x2,train,110800,0.8630644083023071
x2,train,110850,0.8595137000083923
x2,train,110900,0.8628033995628357
x2,train,110950,0.8674245476722717
x2,train,111000,0.8712116479873657
x2,train,111050,0.8642101883888245
x2,train,111100,0.8616169691085815
x2,train,111150,0.8604807257652283
x2,train,111200,0.8689330220222473
x2,train,111250,0.8665582537651062
x2,train,111300,0.8608455061912537
x2,train,111350,0.8626622557640076
x2,train,111400,0.8664300441741943
x2,train,111450,0.8642524480819702
x2,train,111500,0.8657422065734863
x2,train,111550,0.860744833946228
x2,train,111600,0.8632559180259705
x2,train,111650,0.8631853461265564
x2,train,111700,0.8671681880950928
x2,train,111750,0.8643198609352112
x2,train,111800,0.859629213809967
x2,train,111850,0.8612667322158813
x2,train,111900,0.8632238507270813
x2,train,111950,0.8655983805656433
x2,train,112000,0.8676676750183105
x2,train,112050,0.8581082820892334
x2,train,112100,0.8641257286071777
x2,train,112150,0.8623305559158325
x2,train,112200,0.866380512714386
x2,train,112250,0.8647357821464539
x2,train,112300,0.8578685522079468
x2,train,112350,0.8637608289718628
x2,train,112400,0.862952709197998
x2,train,112450,0.862358033657074
x2,train,112500,0.8679686188697815
x2,train,112550,0.8588559031486511
x2,train,112600,0.8603943586349487
x2,train,112650,0.8638975024223328
x2,train,112700,0.865325391292572
x2,train,112750,0.8645347356796265
x2,train,112800,0.8618112802505493
x2,train,112850,0.8596012592315674
x2,train,112900,0.8612639904022217
x2,train,112950,0.8637872934341431
x2,train,113000,0.8651942610740662
x2,train,113050,0.863037109375
x2,train,113100,0.8612807393074036
x2,train,113150,0.8622071743011475
x2,train,113200,0.8600966930389404
x2,train,113250,0.8636466264724731
x2,train,113300,0.8577840924263
x2,train,113350,0.8570905923843384
x2,train,113400,0.8657507300376892
x2,train,113450,0.8653967380523682
x2,train,113500,0.8633193373680115
x2,train,113550,0.8614214062690735
x2,train,113600,0.8580162525177002
x2,train,113650,0.8622137308120728
x2,train,113700,0.8624994158744812
x2,train,113750,0.8635665774345398
x2,train,113800,0.8623292446136475
x2,train,113850,0.8619953393936157
x2,train,113900,0.8607439398765564
x2,train,113950,0.8594012260437012
x2,train,114000,0.8622678518295288
x2,train,114050,0.860707700252533
x2,train,114100,0.8589456081390381
x2,train,114150,0.8625270128250122
x2,train,114200,0.8607685565948486
x2,train,114250,0.8633936047554016
x2,train,114300,0.8595205545425415
x2,train,114350,0.8591821193695068
x2,train,114400,0.8630409240722656
x2,train,114450,0.8620290160179138
x2,train,114500,0.8604729175567627
x2,train,114550,0.8608003258705139
x2,train,114600,0.8601763844490051
x2,train,114650,0.8594825267791748
x2,train,114700,0.8618396520614624
x2,train,114750,0.8610451221466064
x2,train,114800,0.8557412028312683
x2,train,114850,0.8662253618240356
x2,train,114900,0.8598735332489014
x2,train,114950,0.8616642951965332
x2,train,115000,0.859652578830719
x2,train,115050,0.8586922287940979
x2,train,115100,0.8560080528259277
x2,train,115150,0.8616405725479126
x2,train,115200,0.8642557263374329
x2,train,115250,0.8609472513198853
x2,train,115300,0.8600839972496033
x2,train,115350,0.8580703139305115
x2,train,115400,0.861128568649292
x2,train,115450,0.8597332835197449
x2,train,115500,0.8619348406791687
x2,train,115550,0.8611794114112854
x2,train,115600,0.8581085801124573
x2,train,115650,0.8629041910171509
x2,train,115700,0.8616393804550171
x2,train,115750,0.8566130995750427
x2,train,115800,0.8606922626495361
x2,train,115850,0.8583597540855408
x2,train,115900,0.8579714894294739
x2,train,115950,0.8606284856796265
x2,train,116000,0.8620911240577698
x2,train,116050,0.8553932905197144
x2,train,116100,0.8602457642555237
x2,train,116150,0.8595662713050842
x2,train,116200,0.860878586769104
x2,train,116250,0.8622637391090393
x2,train,116300,0.8581331372261047
x2,train,116350,0.8620994687080383
x2,train,116400,0.8609216213226318
x2,train,116450,0.8585897088050842
x2,train,116500,0.8584532737731934
x2,train,116550,0.8604802489280701
x2,train,116600,0.8588825464248657
x2,train,116650,0.8596256375312805
x2,train,116700,0.8592804074287415
x2,train,116750,0.8588926792144775
x2,train,116800,0.8594858050346375
x2,train,116850,0.856677770614624
x2,train,116900,0.860741138458252
x2,train,116950,0.8602190613746643
x2,train,117000,0.8593280911445618
x2,train,117050,0.8565494418144226
x2,train,117100,0.8600761890411377
x2,train,117150,0.8604322671890259
x2,train,117200,0.8587177395820618
x2,train,117250,0.8603354096412659
x2,train,117300,0.8572394847869873
x2,train,117350,0.8584856390953064
x2,train,117400,0.8602893352508545
x2,train,117450,0.8613742589950562
x2,train,117500,0.8579031229019165
x2,train,117550,0.8586164116859436
x2,train,117600,0.8569780588150024
x2,train,117650,0.8599103689193726
x2,train,117700,0.8585129380226135
x2,train,117750,0.8606848120689392
x2,train,117800,0.8568657040596008
x2,train,117850,0.8598376512527466
x2,train,117900,0.8586200475692749
x2,train,117950,0.8584869503974915
x2,train,118000,0.8604683876037598
x2,train,118050,0.8572292923927307
x2,train,118100,0.8598573803901672
x2,train,118150,0.859718918800354
x2,train,118200,0.860160231590271
x2,train,118250,0.8570218682289124
x2,train,118300,0.8570268154144287
x2,train,118350,0.8580793738365173
x2,train,118400,0.8602227568626404
x2,train,118450,0.8577419519424438
x2,train,118500,0.8605050444602966
x2,train,118550,0.8571385741233826
x2,train,118600,0.8595812320709229
x2,train,118650,0.8596965074539185
x2,train,118700,0.8605783581733704
x2,train,118750,0.8567113280296326
x2,train,118800,0.8616625070571899
x2,train,118850,0.85658860206604
x2,train,118900,0.8583834171295166
x2,train,118950,0.8595289587974548
x2,train,119000,0.857390820980072
x2,train,119050,0.8594777584075928
x2,train,119100,0.8589079976081848
x2,train,119150,0.8579033017158508
x2,train,119200,0.8596973419189453
x2,train,119250,0.8567400574684143
x2,train,119300,0.8597484827041626
x2,train,119350,0.8585541248321533
x2,train,119400,0.8554512858390808
x2,train,119450,0.858151912689209
x2,train,119500,0.8610231876373291
x2,train,119550,0.8589752316474915
x2,train,119600,0.8589248657226562
x2,train,119650,0.8572870492935181
x2,train,119700,0.8577297925949097
x2,train,119750,0.8600494265556335
x2,train,119800,0.8567996025085449
x2,train,119850,0.8586479425430298
x2,train,119900,0.8569263219833374
x2,train,119950,0.8610495924949646
x2,train,120000,0.8593092560768127
x2,eval,250,1.6903784275054932
x2,eval,500,1.603135347366333
x2,eval,750,1.561118245124817
x2,eval,1000,1.515296459197998
x2,eval,1250,1.4512343406677246
x2,eval,1500,1.3353394269943237
x2,eval,1750,1.2977038621902466
x2,eval,2000,1.2937105894088745
x2,eval,2250,1.2489521503448486
x2,eval,2500,1.2458933591842651
x2,eval,2750,1.2447230815887451
x2,eval,3000,1.2287352085113525
x2,eval,3250,1.2222881317138672
x2,eval,3500,1.2146849632263184
x2,eval,3750,1.2099072933197021
x2,eval,4000,1.213629126548767
x2,eval,4250,1.2051870822906494
x2,eval,4500,1.2003865242004395
x2,eval,4750,1.1990091800689697
x2,eval,5000,1.2049745321273804
x2,eval,5250,1.1998541355133057
x2,eval,5500,1.1966408491134644
x2,eval,5750,1.1969481706619263
x2,eval,6000,1.1972312927246094
x2,eval,6250,1.1915009021759033
x2,eval,6500,1.1967194080352783
x2,eval,6750,1.1955816745758057
x2,eval,7000,1.1897639036178589
x2,eval,7250,1.1912815570831299
x2,eval,7500,1.1878019571304321
x2,eval,7750,1.192157506942749
x2,eval,8000,1.200385570526123
x2,eval,8250,1.1907016038894653
x2,eval,8500,1.1909711360931396
x2,eval,8750,1.1964995861053467
x2,eval,9000,1.1908283233642578
x2,eval,9250,1.195539951324463
x2,eval,9500,1.1936994791030884
x2,eval,9750,1.1970348358154297
x2,eval,10000,1.1957995891571045
x2,eval,10250,1.1925398111343384
x2,eval,10500,1.197595477104187
x2,eval,10750,1.1971596479415894
x2,eval,11000,1.1925814151763916
x2,eval,11250,1.1936391592025757
x2,eval,11500,1.196269154548645
x2,eval,11750,1.1958973407745361
x2,eval,12000,1.2105780839920044
x2,eval,12250,1.2102887630462646
x2,eval,12500,1.2112023830413818
x2,eval,12750,1.2025585174560547
x2,eval,13000,1.206583857536316
x2,eval,13250,1.2058268785476685
x2,eval,13500,1.2062251567840576
x2,eval,13750,1.2064129114151
x2,eval,14000,1.209473967552185
x2,eval,14250,1.2146344184875488
x2,eval,14500,1.213898777961731
x2,eval,14750,1.2080963850021362
x2,eval,15000,1.2123342752456665
x2,eval,15250,1.2193517684936523
x2,eval,15500,1.221304178237915
x2,eval,15750,1.2217128276824951
x2,eval,16000,1.2181538343429565
x2,eval,16250,1.2267581224441528
x2,eval,16500,1.2192175388336182
x2,eval,16750,1.2294516563415527
x2,eval,17000,1.2194669246673584
x2,eval,17250,1.224548578262329
x2,eval,17500,1.2284979820251465
x2,eval,17750,1.2470958232879639
x2,eval,18000,1.240939974784851
x2,eval,18250,1.231022596359253
x2,eval,18500,1.2390086650848389
x2,eval,18750,1.2438666820526123
x2,eval,19000,1.2511557340621948
x2,eval,19250,1.2444050312042236
x2,eval,19500,1.2401188611984253
x2,eval,19750,1.2430346012115479
x2,eval,20000,1.253391981124878
x2,eval,20250,1.2551928758621216
x2,eval,20500,1.2439664602279663
x2,eval,20750,1.2730238437652588
x2,eval,21000,1.2553703784942627
x2,eval,21250,1.2561843395233154
x2,eval,21500,1.2653038501739502
x2,eval,21750,1.2770239114761353
x2,eval,22000,1.2710235118865967
x2,eval,22250,1.2834293842315674
x2,eval,22500,1.264290452003479
x2,eval,22750,1.268241047859192
x2,eval,23000,1.258592128753662
x2,eval,23250,1.2858824729919434
x2,eval,23500,1.2852530479431152
x2,eval,23750,1.273662805557251
x2,eval,24000,1.2860851287841797
x2,eval,24250,1.2720725536346436
x2,eval,24500,1.2992057800292969
x2,eval,24750,1.291986346244812
x2,eval,25000,1.2628270387649536
x2,eval,25250,1.280718445777893
x2,eval,25500,1.3090158700942993
x2,eval,25750,1.2842941284179688
x2,eval,26000,1.289847493171692
x2,eval,26250,1.285613775253296
x2,eval,26500,1.2972514629364014
x2,eval,26750,1.3149529695510864
x2,eval,27000,1.3007806539535522
x2,eval,27250,1.3023301362991333
x2,eval,27500,1.2991174459457397
x2,eval,27750,1.2942159175872803
x2,eval,28000,1.2957403659820557
x2,eval,28250,1.3122438192367554
x2,eval,28500,1.3043376207351685
x2,eval,28750,1.3127894401550293
x2,eval,29000,1.3188376426696777
x2,eval,29250,1.313795566558838
x2,eval,29500,1.308543086051941
x2,eval,29750,1.3057711124420166
x2,eval,30000,1.3188508749008179
x2,eval,30250,1.321423053741455
x2,eval,30500,1.3240132331848145
x2,eval,30750,1.3054802417755127
x2,eval,31000,1.3192914724349976
x2,eval,31250,1.3315613269805908
x2,eval,31500,1.3291593790054321
x2,eval,31750,1.3134466409683228
x2,eval,32000,1.3065025806427002
x2,eval,32250,1.319589614868164
x2,eval,32500,1.3331618309020996
x2,eval,32750,1.3425986766815186
x2,eval,33000,1.3197484016418457
x2,eval,33250,1.3174493312835693
x2,eval,33500,1.3273869752883911
x2,eval,33750,1.3363131284713745
x2,eval,34000,1.350111484527588
x2,eval,34250,1.3479130268096924
x2,eval,34500,1.3486363887786865
x2,eval,34750,1.3326271772384644
x2,eval,35000,1.337210774421692
x2,eval,35250,1.3492921590805054
x2,eval,35500,1.3430211544036865
x2,eval,35750,1.363584041595459
x2,eval,36000,1.3514273166656494
x2,eval,36250,1.3482418060302734
x2,eval,36500,1.367883563041687
x2,eval,36750,1.3768894672393799
x2,eval,37000,1.370683193206787
x2,eval,37250,1.3563176393508911
x2,eval,37500,1.3578935861587524
x2,eval,37750,1.3885489702224731
x2,eval,38000,1.3754825592041016
x2,eval,38250,1.3727055788040161
x2,eval,38500,1.3487478494644165
x2,eval,38750,1.3908088207244873
x2,eval,39000,1.3806666135787964
x2,eval,39250,1.3608136177062988
x2,eval,39500,1.364965558052063
x2,eval,39750,1.3805943727493286
x2,eval,40000,1.4039090871810913
x2,eval,40250,1.3592355251312256
x2,eval,40500,1.3854079246520996
x2,eval,40750,1.37851881980896
x2,eval,41000,1.3891193866729736
x2,eval,41250,1.3795790672302246
x2,eval,41500,1.3719934225082397
x2,eval,41750,1.395519733428955
x2,eval,42000,1.3568015098571777
x2,eval,42250,1.3803391456604004
x2,eval,42500,1.3789571523666382
x2,eval,42750,1.3830857276916504
x2,eval,43000,1.4178566932678223
x2,eval,43250,1.3852595090866089
x2,eval,43500,1.4031084775924683
x2,eval,43750,1.416408658027649
x2,eval,44000,1.408461093902588
x2,eval,44250,1.3914775848388672
x2,eval,44500,1.4053802490234375
x2,eval,44750,1.4134585857391357
x2,eval,45000,1.3996787071228027
x2,eval,45250,1.4244625568389893
x2,eval,45500,1.4117472171783447
x2,eval,45750,1.426917314529419
x2,eval,46000,1.3892167806625366
x2,eval,46250,1.4287879467010498
x2,eval,46500,1.401581048965454
x2,eval,46750,1.4166641235351562
x2,eval,47000,1.4049276113510132
x2,eval,47250,1.406746506690979
x2,eval,47500,1.390655517578125
x2,eval,47750,1.4158750772476196
x2,eval,48000,1.4171602725982666
x2,eval,48250,1.4241540431976318
x2,eval,48500,1.4470425844192505
x2,eval,48750,1.4208474159240723
x2,eval,49000,1.399847149848938
x2,eval,49250,1.4496389627456665
x2,eval,49500,1.4161345958709717
x2,eval,49750,1.4287177324295044
x2,eval,50000,1.444381833076477
x2,eval,50250,1.4364210367202759
x2,eval,50500,1.4583609104156494
x2,eval,50750,1.4501408338546753
x2,eval,51000,1.4266175031661987
x2,eval,51250,1.4501419067382812
x2,eval,51500,1.4439467191696167
x2,eval,51750,1.4416311979293823
x2,eval,52000,1.4347032308578491
x2,eval,52250,1.4193021059036255
x2,eval,52500,1.4299393892288208
x2,eval,52750,1.4334502220153809
x2,eval,53000,1.4578168392181396
x2,eval,53250,1.44757080078125
x2,eval,53500,1.4500555992126465
x2,eval,53750,1.459714651107788
x2,eval,54000,1.4514421224594116
x2,eval,54250,1.4405573606491089
x2,eval,54500,1.4358888864517212
x2,eval,54750,1.461972951889038
x2,eval,55000,1.4693183898925781
x2,eval,55250,1.45775306224823
x2,eval,55500,1.4520384073257446
x2,eval,55750,1.4490119218826294
x2,eval,56000,1.4691734313964844
x2,eval,56250,1.469779133796692
x2,eval,56500,1.4760016202926636
x2,eval,56750,1.4614936113357544
x2,eval,57000,1.4728834629058838
x2,eval,57250,1.4802782535552979
x2,eval,57500,1.5038478374481201
x2,eval,57750,1.4848071336746216
x2,eval,58000,1.4702296257019043
x2,eval,58250,1.4823203086853027
x2,eval,58500,1.4627217054367065
x2,eval,58750,1.4719423055648804
x2,eval,59000,1.4800256490707397
x2,eval,59250,1.469167947769165
x2,eval,59500,1.4618492126464844
x2,eval,59750,1.473696231842041
x2,eval,60000,1.4679417610168457
x2,eval,60250,1.4738783836364746
x2,eval,60500,1.4630484580993652
x2,eval,60750,1.5030828714370728
x2,eval,61000,1.5266474485397339
x2,eval,61250,1.4980241060256958
x2,eval,61500,1.5180960893630981
x2,eval,61750,1.4866033792495728
x2,eval,62000,1.5071818828582764
x2,eval,62250,1.5143555402755737
x2,eval,62500,1.4918001890182495
x2,eval,62750,1.516764760017395
x2,eval,63000,1.513942003250122
x2,eval,63250,1.5097078084945679
x2,eval,63500,1.5169157981872559
x2,eval,63750,1.5101591348648071
x2,eval,64000,1.5124592781066895
x2,eval,64250,1.5238127708435059
x2,eval,64500,1.5355701446533203
x2,eval,64750,1.5221455097198486
x2,eval,65000,1.5103130340576172
x2,eval,65250,1.5173414945602417
x2,eval,65500,1.5122400522232056
x2,eval,65750,1.5210137367248535
x2,eval,66000,1.5339772701263428
x2,eval,66250,1.516133189201355
x2,eval,66500,1.4922364950180054
x2,eval,66750,1.524929165840149
x2,eval,67000,1.5352822542190552
x2,eval,67250,1.5220425128936768
x2,eval,67500,1.5543391704559326
x2,eval,67750,1.5391194820404053
x2,eval,68000,1.5566294193267822
x2,eval,68250,1.558373212814331
x2,eval,68500,1.5319145917892456
x2,eval,68750,1.5454729795455933
x2,eval,69000,1.5197560787200928
x2,eval,69250,1.5317758321762085
x2,eval,69500,1.549877405166626
x2,eval,69750,1.5737576484680176
x2,eval,70000,1.5529396533966064
x2,eval,70250,1.5586873292922974
x2,eval,70500,1.5653506517410278
x2,eval,70750,1.5656790733337402
x2,eval,71000,1.602626085281372
x2,eval,71250,1.556552767753601
x2,eval,71500,1.5768725872039795
x2,eval,71750,1.5693398714065552
x2,eval,72000,1.5774025917053223
x2,eval,72250,1.5507664680480957
x2,eval,72500,1.5801851749420166
x2,eval,72750,1.5811320543289185
x2,eval,73000,1.5638588666915894
x2,eval,73250,1.5943963527679443
x2,eval,73500,1.6158790588378906
x2,eval,73750,1.591663122177124
x2,eval,74000,1.5873439311981201
x2,eval,74250,1.5682740211486816
x2,eval,74500,1.5901305675506592
x2,eval,74750,1.6167715787887573
x2,eval,75000,1.605019211769104
x2,eval,75250,1.614499568939209
x2,eval,75500,1.5998629331588745
x2,eval,75750,1.603239893913269
x2,eval,76000,1.6339304447174072
x2,eval,76250,1.6332683563232422
x2,eval,76500,1.6331846714019775
x2,eval,76750,1.6311278343200684
x2,eval,77000,1.615861177444458
x2,eval,77250,1.6361206769943237
x2,eval,77500,1.6060097217559814
x2,eval,77750,1.647284984588623
x2,eval,78000,1.6567535400390625
x2,eval,78250,1.6714999675750732
x2,eval,78500,1.6897327899932861
x2,eval,78750,1.6703344583511353
x2,eval,79000,1.695822834968567
x2,eval,79250,1.6515228748321533
x2,eval,79500,1.6730866432189941
x2,eval,79750,1.6409894227981567
x2,eval,80000,1.6437747478485107
x2,eval,80250,1.662065029144287
x2,eval,80500,1.6595147848129272
x2,eval,80750,1.6640104055404663
x2,eval,81000,1.6873891353607178
x2,eval,81250,1.6924713850021362
x2,eval,81500,1.6958929300308228
x2,eval,81750,1.6875754594802856
x2,eval,82000,1.6918809413909912
x2,eval,82250,1.6750755310058594
x2,eval,82500,1.7173444032669067
x2,eval,82750,1.7135813236236572
x2,eval,83000,1.6897118091583252
x2,eval,83250,1.704439640045166
x2,eval,83500,1.7239540815353394
x2,eval,83750,1.6748387813568115
x2,eval,84000,1.7238349914550781
x2,eval,84250,1.7208536863327026
x2,eval,84500,1.730425477027893
x2,eval,84750,1.7139633893966675
x2,eval,85000,1.7373239994049072
x2,eval,85250,1.7405763864517212
x2,eval,85500,1.7186236381530762
x2,eval,85750,1.748289942741394
x2,eval,86000,1.7410180568695068
x2,eval,86250,1.7259172201156616
x2,eval,86500,1.7403295040130615
x2,eval,86750,1.7512074708938599
x2,eval,87000,1.77283775806427
x2,eval,87250,1.7700152397155762
x2,eval,87500,1.768799901008606
x2,eval,87750,1.7559114694595337
x2,eval,88000,1.7863006591796875
x2,eval,88250,1.762523889541626
x2,eval,88500,1.766036868095398
x2,eval,88750,1.7738187313079834
x2,eval,89000,1.8010144233703613
x2,eval,89250,1.8050535917282104
x2,eval,89500,1.7633599042892456
x2,eval,89750,1.784002423286438
x2,eval,90000,1.8048914670944214
x2,eval,90250,1.7971144914627075
x2,eval,90500,1.7997984886169434
x2,eval,90750,1.8104134798049927
x2,eval,91000,1.8268712759017944
x2,eval,91250,1.8273054361343384
x2,eval,91500,1.8502142429351807
x2,eval,91750,1.841546893119812
x2,eval,92000,1.8220067024230957
x2,eval,92250,1.8311570882797241
x2,eval,92500,1.8580818176269531
x2,eval,92750,1.8671283721923828
x2,eval,93000,1.851601243019104
x2,eval,93250,1.8651689291000366
x2,eval,93500,1.8477975130081177
x2,eval,93750,1.8405263423919678
x2,eval,94000,1.8546831607818604
x2,eval,94250,1.8808951377868652
x2,eval,94500,1.873793363571167
x2,eval,94750,1.874464511871338
x2,eval,95000,1.8577518463134766
x2,eval,95250,1.8901423215866089
x2,eval,95500,1.8752951622009277
x2,eval,95750,1.9224340915679932
x2,eval,96000,1.922089695930481
x2,eval,96250,1.9228800535202026
x2,eval,96500,1.8984284400939941
x2,eval,96750,1.9043844938278198
x2,eval,97000,1.9062232971191406
x2,eval,97250,1.9272493124008179
x2,eval,97500,1.9269413948059082
x2,eval,97750,1.9223955869674683
x2,eval,98000,1.9269667863845825
x2,eval,98250,1.9348831176757812
x2,eval,98500,1.96614408493042
x2,eval,98750,1.9618339538574219
x2,eval,99000,1.941044569015503
x2,eval,99250,1.93718421459198
x2,eval,99500,1.946352481842041
x2,eval,99750,1.9456138610839844
x2,eval,100000,1.9666298627853394
x2,eval,100250,1.9567489624023438
x2,eval,100500,1.9632917642593384
x2,eval,100750,1.9814993143081665
x2,eval,101000,1.9847029447555542
x2,eval,101250,1.9816190004348755
x2,eval,101500,1.9736698865890503
x2,eval,101750,1.9856033325195312
x2,eval,102000,2.0009124279022217
x2,eval,102250,1.993085265159607
x2,eval,102500,1.9963452816009521
x2,eval,102750,1.9960837364196777
x2,eval,103000,2.006049394607544
x2,eval,103250,1.994855284690857
x2,eval,103500,2.0039844512939453
x2,eval,103750,2.0094823837280273
x2,eval,104000,2.0117998123168945
x2,eval,104250,2.0272512435913086
x2,eval,104500,2.0162837505340576
x2,eval,104750,2.017134189605713
x2,eval,105000,2.0450727939605713
x2,eval,105250,2.03493332862854
x2,eval,105500,2.0372488498687744
x2,eval,105750,2.037158489227295
x2,eval,106000,2.0480406284332275
x2,eval,106250,2.0472042560577393
x2,eval,106500,2.041670799255371
x2,eval,106750,2.03926420211792
x2,eval,107000,2.048762321472168
x2,eval,107250,2.05289888381958
x2,eval,107500,2.0578532218933105
x2,eval,107750,2.0649194717407227
x2,eval,108000,2.059619903564453
x2,eval,108250,2.0714120864868164
x2,eval,108500,2.0623669624328613
x2,eval,108750,2.0639841556549072
x2,eval,109000,2.0632717609405518
x2,eval,109250,2.071669578552246
x2,eval,109500,2.072605848312378
x2,eval,109750,2.080444574356079
x2,eval,110000,2.07541823387146
x2,eval,110250,2.080719470977783
x2,eval,110500,2.0950639247894287
x2,eval,110750,2.0886926651000977
x2,eval,111000,2.0855534076690674
x2,eval,111250,2.092130422592163
x2,eval,111500,2.085999011993408
x2,eval,111750,2.0959455966949463
x2,eval,112000,2.0943562984466553
x2,eval,112250,2.097620725631714
x2,eval,112500,2.096196413040161
x2,eval,112750,2.098313331604004
x2,eval,113000,2.098381519317627
x2,eval,113250,2.0992300510406494
x2,eval,113500,2.1022558212280273
x2,eval,113750,2.0988869667053223
x2,eval,114000,2.101935386657715
x2,eval,114250,2.1023101806640625
x2,eval,114500,2.105816125869751
x2,eval,114750,2.1036579608917236
x2,eval,115000,2.1110482215881348
x2,eval,115250,2.110905170440674
x2,eval,115500,2.110409736633301
x2,eval,115750,2.109130859375
x2,eval,116000,2.111750602722168
x2,eval,116250,2.1129355430603027
x2,eval,116500,2.1103014945983887
x2,eval,116750,2.113368034362793
x2,eval,117000,2.1147372722625732
x2,eval,117250,2.114180088043213
x2,eval,117500,2.1141793727874756
x2,eval,117750,2.11433744430542
x2,eval,118000,2.114401340484619
x2,eval,118250,2.1144635677337646
x2,eval,118500,2.115025043487549
x2,eval,118750,2.115593194961548
x2,eval,119000,2.1152632236480713
x2,eval,119250,2.11568021774292
x2,eval,119500,2.1160740852355957
x2,eval,119750,2.1158151626586914
x2,eval,120000,1.1878019571304321
x3,train,50,2.9212589263916016
x3,train,100,1.5041804313659668
x3,train,150,1.3740653991699219
x3,train,200,1.331225872039795
x3,train,250,1.2818220853805542
x3,train,300,1.2602078914642334
x3,train,350,1.2492939233779907
x3,train,400,1.2388031482696533
x3,train,450,1.2293373346328735
x3,train,500,1.226385235786438
x3,train,550,1.2147972583770752
x3,train,600,1.2146104574203491
x3,train,650,1.213915228843689
x3,train,700,1.2034990787506104
x3,train,750,1.2036986351013184
x3,train,800,1.2078229188919067
x3,train,850,1.201924204826355
x3,train,900,1.1933025121688843
x3,train,950,1.1930817365646362
x3,train,1000,1.1951862573623657
x3,train,1050,1.1920933723449707
x3,train,1100,1.187932014465332
x3,train,1150,1.1941453218460083
x3,train,1200,1.1844675540924072
x3,train,1250,1.1841745376586914
x3,train,1300,1.1825848817825317
x3,train,1350,1.178218960762024
x3,train,1400,1.1846944093704224
x3,train,1450,1.176141619682312
x3,train,1500,1.179113745689392
x3,train,1550,1.1818127632141113
x3,train,1600,1.1811821460723877
x3,train,1650,1.1744682788848877
x3,train,1700,1.1677333116531372
x3,train,1750,1.174293041229248
x3,train,1800,1.1699734926223755
x3,train,1850,1.1733543872833252
x3,train,1900,1.172593116760254
x3,train,1950,1.1732525825500488
x3,train,2000,1.1663942337036133
x3,train,2050,1.1636497974395752
x3,train,2100,1.1711208820343018
x3,train,2150,1.1656161546707153
x3,train,2200,1.1666293144226074
x3,train,2250,1.164461374282837
x3,train,2300,1.1646525859832764
x3,train,2350,1.1651538610458374
x3,train,2400,1.1624099016189575
x3,train,2450,1.1654541492462158
x3,train,2500,1.1637718677520752
x3,train,2550,1.1598156690597534
x3,train,2600,1.1620134115219116
x3,train,2650,1.159389615058899
x3,train,2700,1.1592984199523926
x3,train,2750,1.1619089841842651
x3,train,2800,1.1593612432479858
x3,train,2850,1.1559803485870361
x3,train,2900,1.1573880910873413
x3,train,2950,1.1577539443969727
x3,train,3000,1.1571868658065796
x3,train,3050,1.1588804721832275
x3,train,3100,1.1623437404632568
x3,train,3150,1.1523444652557373
x3,train,3200,1.1576855182647705
x3,train,3250,1.158382534980774
x3,train,3300,1.1579376459121704
x3,train,3350,1.1568442583084106
x3,train,3400,1.1547969579696655
x3,train,3450,1.1525797843933105
x3,train,3500,1.1560229063034058
x3,train,3550,1.1535459756851196
x3,train,3600,1.15471351146698
x3,train,3650,1.1505204439163208
x3,train,3700,1.1537953615188599
x3,train,3750,1.1550942659378052
x3,train,3800,1.1516185998916626
x3,train,3850,1.1500821113586426
x3,train,3900,1.156211018562317
x3,train,3950,1.1536322832107544
x3,train,4000,1.1529549360275269
x3,train,4050,1.1507147550582886
x3,train,4100,1.1545462608337402
x3,train,4150,1.1510756015777588
x3,train,4200,1.1465022563934326
x3,train,4250,1.1495393514633179
x3,train,4300,1.1526224613189697
x3,train,4350,1.1442474126815796
x3,train,4400,1.1496343612670898
x3,train,4450,1.1560746431350708
x3,train,4500,1.1471295356750488
x3,train,4550,1.1456890106201172
x3,train,4600,1.1463650465011597
x3,train,4650,1.1496655941009521
x3,train,4700,1.1401764154434204
x3,train,4750,1.1531267166137695
x3,train,4800,1.1479172706604004
x3,train,4850,1.1480532884597778
x3,train,4900,1.1433779001235962
x3,train,4950,1.1478861570358276
x3,train,5000,1.144210696220398
x3,train,5050,1.1427916288375854
x3,train,5100,1.1429260969161987
x3,train,5150,1.1543326377868652
x3,train,5200,1.1463638544082642
x3,train,5250,1.142693281173706
x3,train,5300,1.1441606283187866
x3,train,5350,1.1468966007232666
x3,train,5400,1.1493219137191772
x3,train,5450,1.1353718042373657
x3,train,5500,1.147312045097351
x3,train,5550,1.1418349742889404
x3,train,5600,1.1437984704971313
x3,train,5650,1.1436997652053833
x3,train,5700,1.143559455871582
x3,train,5750,1.139583706855774
x3,train,5800,1.1463435888290405
x3,train,5850,1.141871452331543
x3,train,5900,1.1380739212036133
x3,train,5950,1.1411367654800415
x3,train,6000,1.1457624435424805
x3,train,6050,1.139000415802002
x3,train,6100,1.1396806240081787
x3,train,6150,1.1429494619369507
x3,train,6200,1.1415152549743652
x3,train,6250,1.1339155435562134
x3,train,6300,1.1453213691711426
x3,train,6350,1.1433974504470825
x3,train,6400,1.1378498077392578
x3,train,6450,1.1371049880981445
x3,train,6500,1.140929102897644
x3,train,6550,1.1399062871932983
x3,train,6600,1.134253740310669
x3,train,6650,1.1378496885299683
x3,train,6700,1.1420090198516846
x3,train,6750,1.130710482597351
x3,train,6800,1.1389812231063843
x3,train,6850,1.1391363143920898
x3,train,6900,1.1385602951049805
x3,train,6950,1.133741855621338
x3,train,7000,1.1389720439910889
x3,train,7050,1.137387752532959
x3,train,7100,1.1345200538635254
x3,train,7150,1.134223222732544
x3,train,7200,1.137264609336853
x3,train,7250,1.1293455362319946
x3,train,7300,1.131219506263733
x3,train,7350,1.134579062461853
x3,train,7400,1.1386107206344604
x3,train,7450,1.1286190748214722
x3,train,7500,1.1324154138565063
x3,train,7550,1.134372353553772
x3,train,7600,1.1321219205856323
x3,train,7650,1.133580207824707
x3,train,7700,1.1350589990615845
x3,train,7750,1.1292434930801392
x3,train,7800,1.1297343969345093
x3,train,7850,1.133264422416687
x3,train,7900,1.1282086372375488
x3,train,7950,1.1283767223358154
x3,train,8000,1.1280046701431274
x3,train,8050,1.1279017925262451
x3,train,8100,1.1305360794067383
x3,train,8150,1.12761652469635
x3,train,8200,1.127060890197754
x3,train,8250,1.1333436965942383
x3,train,8300,1.119152307510376
x3,train,8350,1.1257495880126953
x3,train,8400,1.1315665245056152
x3,train,8450,1.1292808055877686
x3,train,8500,1.1231813430786133
x3,train,8550,1.1234614849090576
x3,train,8600,1.1305423974990845
x3,train,8650,1.1176451444625854
x3,train,8700,1.1242445707321167
x3,train,8750,1.1280063390731812
x3,train,8800,1.1232149600982666
x3,train,8850,1.1223299503326416
x3,train,8900,1.1210646629333496
x3,train,8950,1.126489281654358
x3,train,9000,1.119331955909729
x3,train,9050,1.1169309616088867
x3,train,9100,1.1275697946548462
x3,train,9150,1.1189169883728027
x3,train,9200,1.120784044265747
x3,train,9250,1.1254879236221313
x3,train,9300,1.117523431777954
x3,train,9350,1.1116594076156616
x3,train,9400,1.1211146116256714
x3,train,9450,1.1246529817581177
x3,train,9500,1.1142818927764893
x3,train,9550,1.1141942739486694
x3,train,9600,1.1205105781555176
x3,train,9650,1.1122479438781738
x3,train,9700,1.1103507280349731
x3,train,9750,1.118919849395752
x3,train,9800,1.122410535812378
x3,train,9850,1.1131705045700073
x3,train,9900,1.1091108322143555
x3,train,9950,1.1194239854812622
x3,train,10000,1.112452745437622
x3,train,10050,1.106925129890442
x3,train,10100,1.1151342391967773
x3,train,10150,1.1172420978546143
x3,train,10200,1.1034297943115234
x3,train,10250,1.113074779510498
x3,train,10300,1.1098114252090454
x3,train,10350,1.107864260673523
x3,train,10400,1.1062990427017212
x3,train,10450,1.1074185371398926
x3,train,10500,1.1188699007034302
x3,train,10550,1.1031712293624878
x3,train,10600,1.107018232345581
x3,train,10650,1.1100999116897583
x3,train,10700,1.1036226749420166
x3,train,10750,1.1075425148010254
x3,train,10800,1.1082795858383179
x3,train,10850,1.105787992477417
x3,train,10900,1.090557336807251
x3,train,10950,1.104627251625061
x3,train,11000,1.1133949756622314
x3,train,11050,1.0909008979797363
x3,train,11100,1.102851152420044
x3,train,11150,1.1031280755996704
x3,train,11200,1.1050772666931152
x3,train,11250,1.0968343019485474
x3,train,11300,1.1001640558242798
x3,train,11350,1.1092408895492554
x3,train,11400,1.0945736169815063
x3,train,11450,1.0973433256149292
x3,train,11500,1.1040654182434082
x3,train,11550,1.0955090522766113
x3,train,11600,1.0947222709655762
x3,train,11650,1.0981134176254272
x3,train,11700,1.1050955057144165
x3,train,11750,1.0895520448684692
x3,train,11800,1.092512845993042
x3,train,11850,1.1000888347625732
x3,train,11900,1.0854705572128296
x3,train,11950,1.0880188941955566
x3,train,12000,1.102158784866333
x3,train,12050,1.0949541330337524
x3,train,12100,1.0830721855163574
x3,train,12150,1.09303879737854
x3,train,12200,1.0961542129516602
x3,train,12250,1.0837844610214233
x3,train,12300,1.087440013885498
x3,train,12350,1.0962368249893188
x3,train,12400,1.0913021564483643
x3,train,12450,1.0786038637161255
x3,train,12500,1.0890569686889648
x3,train,12550,1.0970661640167236
x3,train,12600,1.0820387601852417
x3,train,12650,1.0845040082931519
x3,train,12700,1.0873008966445923
x3,train,12750,1.0841525793075562
x3,train,12800,1.0760420560836792
x3,train,12850,1.088539481163025
x3,train,12900,1.0886770486831665
x3,train,12950,1.0704201459884644
x3,train,13000,1.0838377475738525
x3,train,13050,1.0869160890579224
x3,train,13100,1.0798717737197876
x3,train,13150,1.077409029006958
x3,train,13200,1.0827823877334595
x3,train,13250,1.0805240869522095
x3,train,13300,1.0663472414016724
x3,train,13350,1.078216552734375
x3,train,13400,1.0865675210952759
x3,train,13450,1.067549228668213
x3,train,13500,1.0759693384170532
x3,train,13550,1.083686351776123
x3,train,13600,1.075369954109192
x3,train,13650,1.06643807888031
x3,train,13700,1.0771610736846924
x3,train,13750,1.080029010772705
x3,train,13800,1.0704141855239868
x3,train,13850,1.069898247718811
x3,train,13900,1.0787559747695923
x3,train,13950,1.0666735172271729
x3,train,14000,1.0630360841751099
x3,train,14050,1.070330262184143
x3,train,14100,1.0824145078659058
x3,train,14150,1.0638477802276611
x3,train,14200,1.0650802850723267
x3,train,14250,1.0746843814849854
x3,train,14300,1.0667206048965454
x3,train,14350,1.0577659606933594
x3,train,14400,1.0728167295455933
x3,train,14450,1.0733786821365356
x3,train,14500,1.0536073446273804
x3,train,14550,1.0629119873046875
x3,train,14600,1.078789234161377
x3,train,14650,1.0544747114181519
x3,train,14700,1.0587975978851318
x3,train,14750,1.0688867568969727
x3,train,14800,1.0682895183563232
x3,train,14850,1.0541048049926758
x3,train,14900,1.0606995820999146
x3,train,14950,1.0657745599746704
x3,train,15000,1.054771065711975
x3,train,15050,1.0567989349365234
x3,train,15100,1.0633518695831299
x3,train,15150,1.068281650543213
x3,train,15200,1.0490593910217285
x3,train,15250,1.05610990524292
x3,train,15300,1.0700050592422485
x3,train,15350,1.0477763414382935
x3,train,15400,1.0564748048782349
x3,train,15450,1.0646823644638062
x3,train,15500,1.0506285429000854
x3,train,15550,1.045357584953308
x3,train,15600,1.0578281879425049
x3,train,15650,1.068993091583252
x3,train,15700,1.045857310295105
x3,train,15750,1.051169991493225
x3,train,15800,1.059922218322754
x3,train,15850,1.0489121675491333
x3,train,15900,1.046406865119934
x3,train,15950,1.0557489395141602
x3,train,16000,1.056335210800171
x3,train,16050,1.0352157354354858
x3,train,16100,1.0470619201660156
x3,train,16150,1.060077428817749
x3,train,16200,1.045020580291748
x3,train,16250,1.0481306314468384
x3,train,16300,1.0497151613235474
x3,train,16350,1.0537561178207397
x3,train,16400,1.0350977182388306
x3,train,16450,1.0448999404907227
x3,train,16500,1.0576190948486328
x3,train,16550,1.0406787395477295
x3,train,16600,1.043756365776062
x3,train,16650,1.0465763807296753
x3,train,16700,1.05085289478302
x3,train,16750,1.0390172004699707
x3,train,16800,1.0423392057418823
x3,train,16850,1.054709792137146
x3,train,16900,1.0276799201965332
x3,train,16950,1.042225956916809
x3,train,17000,1.0512912273406982
x3,train,17050,1.037869930267334
x3,train,17100,1.036737084388733
x3,train,17150,1.0430034399032593
x3,train,17200,1.0535860061645508
x3,train,17250,1.0241596698760986
x3,train,17300,1.036892294883728
x3,train,17350,1.0513216257095337
x3,train,17400,1.0345779657363892
x3,train,17450,1.0261263847351074
x3,train,17500,1.0376613140106201
x3,train,17550,1.0540566444396973
x3,train,17600,1.025155782699585
x3,train,17650,1.0364147424697876
x3,train,17700,1.038803219795227
x3,train,17750,1.0308648347854614
x3,train,17800,1.0316357612609863
x3,train,17850,1.0413429737091064
x3,train,17900,1.043872356414795
x3,train,17950,1.0257704257965088
x3,train,18000,1.0330685377120972
x3,train,18050,1.0446765422821045
x3,train,18100,1.0238800048828125
x3,train,18150,1.0298458337783813
x3,train,18200,1.0383250713348389
x3,train,18250,1.0335969924926758
x3,train,18300,1.0194687843322754
x3,train,18350,1.036362886428833
x3,train,18400,1.042439579963684
x3,train,18450,1.0132355690002441
x3,train,18500,1.031466007232666
x3,train,18550,1.0373421907424927
x3,train,18600,1.0262255668640137
x3,train,18650,1.0225027799606323
x3,train,18700,1.0363274812698364
x3,train,18750,1.0328428745269775
x3,train,18800,1.0162960290908813
x3,train,18850,1.0252515077590942
x3,train,18900,1.0351414680480957
x3,train,18950,1.0171608924865723
x3,train,19000,1.0157239437103271
x3,train,19050,1.0284273624420166
x3,train,19100,1.040549874305725
x3,train,19150,1.0116177797317505
x3,train,19200,1.018161416053772
x3,train,19250,1.0395784378051758
x3,train,19300,1.0149362087249756
x3,train,19350,1.0163711309432983
x3,train,19400,1.0333704948425293
x3,train,19450,1.0243675708770752
x3,train,19500,1.0153146982192993
x3,train,19550,1.0228302478790283
x3,train,19600,1.035010814666748
x3,train,19650,1.0058802366256714
x3,train,19700,1.021690845489502
x3,train,19750,1.030465841293335
x3,train,19800,1.015907883644104
x3,train,19850,1.0150407552719116
x3,train,19900,1.0209901332855225
x3,train,19950,1.0344226360321045
x3,train,20000,1.0048383474349976
x3,train,20050,1.0124894380569458
x3,train,20100,1.0260791778564453
x3,train,20150,1.0169363021850586
x3,train,20200,1.007327675819397
x3,train,20250,1.0251177549362183
x3,train,20300,1.027994155883789
x3,train,20350,1.0001426935195923
x3,train,20400,1.014257788658142
x3,train,20450,1.0273747444152832
x3,train,20500,1.0019270181655884
x3,train,20550,1.0129764080047607
x3,train,20600,1.0199395418167114
x3,train,20650,1.022348403930664
x3,train,20700,0.9989040493965149
x3,train,20750,1.0178133249282837
x3,train,20800,1.022749423980713
x3,train,20850,1.002652645111084
x3,train,20900,1.012131690979004
x3,train,20950,1.018926978111267
x3,train,21000,1.013284683227539
x3,train,21050,0.9988422393798828
x3,train,21100,1.0126503705978394
x3,train,21150,1.0240024328231812
x3,train,21200,0.9917352199554443
x3,train,21250,1.0058674812316895
x3,train,21300,1.0236694812774658
x3,train,21350,1.0127406120300293
x3,train,21400,0.9975779056549072
x3,train,21450,1.0117110013961792
x3,train,21500,1.0251902341842651
x3,train,21550,0.9880071878433228
x3,train,21600,1.0117244720458984
x3,train,21650,1.0165995359420776
x3,train,21700,1.003666639328003
x3,train,21750,1.0053815841674805
x3,train,21800,1.0095793008804321
x3,train,21850,1.0146279335021973
x3,train,21900,0.9900586009025574
x3,train,21950,1.0074927806854248
x3,train,22000,1.0189504623413086
x3,train,22050,0.9949720501899719
x3,train,22100,1.0033353567123413
x3,train,22150,1.0142360925674438
x3,train,22200,1.0131195783615112
x3,train,22250,0.9914966821670532
x3,train,22300,1.0085053443908691
x3,train,22350,1.0165883302688599
x3,train,22400,0.9926152229309082
x3,train,22450,0.9958492517471313
x3,train,22500,1.015829086303711
x3,train,22550,1.0027952194213867
x3,train,22600,0.9948883056640625
x3,train,22650,1.0009372234344482
x3,train,22700,1.018581748008728
x3,train,22750,0.9870120882987976
x3,train,22800,1.0001925230026245
x3,train,22850,1.0083121061325073
x3,train,22900,0.9986435770988464
x3,train,22950,0.989859402179718
x3,train,23000,1.0108349323272705
x3,train,23050,1.0080581903457642
x3,train,23100,0.9752335548400879
x3,train,23150,1.0011112689971924
x3,train,23200,1.010745644569397
x3,train,23250,0.9925970435142517
x3,train,23300,0.9942076802253723
x3,train,23350,1.0037667751312256
x3,train,23400,1.0014183521270752
x3,train,23450,0.9770546555519104
x3,train,23500,1.0044914484024048
x3,train,23550,1.0105851888656616
x3,train,23600,0.9894327521324158
x3,train,23650,0.9869392514228821
x3,train,23700,1.008461356163025
x3,train,23750,0.9986340999603271
x3,train,23800,0.9774472713470459
x3,train,23850,0.9988880753517151
x3,train,23900,1.0074433088302612
x3,train,23950,0.9804532527923584
x3,train,24000,0.9943811297416687
x3,train,24050,1.0022109746932983
x3,train,24100,0.9991931915283203
x3,train,24150,0.9886502623558044
x3,train,24200,0.9959948658943176
x3,train,24250,1.0070518255233765
x3,train,24300,0.9743057489395142
x3,train,24350,0.9953402876853943
x3,train,24400,1.001163363456726
x3,train,24450,0.9869652390480042
x3,train,24500,0.9872170090675354
x3,train,24550,1.0018260478973389
x3,train,24600,0.9980528354644775
x3,train,24650,0.9751347899436951
x3,train,24700,0.9874699115753174
x3,train,24750,1.0048933029174805
x3,train,24800,0.983796238899231
x3,train,24850,0.9870548844337463
x3,train,24900,0.9964586496353149
x3,train,24950,0.9959632754325867
x3,train,25000,0.9695415496826172
x3,train,25050,0.9948641061782837
x3,train,25100,1.0012485980987549
x3,train,25150,0.9829567074775696
x3,train,25200,0.9819902777671814
x3,train,25250,0.9962155818939209
x3,train,25300,0.9936048984527588
x3,train,25350,0.9721670746803284
x3,train,25400,0.9933444857597351
x3,train,25450,1.0023345947265625
x3,train,25500,0.9735677242279053
x3,train,25550,0.9852169752120972
x3,train,25600,0.997874915599823
x3,train,25650,0.9910550713539124
x3,train,25700,0.9743009805679321
x3,train,25750,0.9899854063987732
x3,train,25800,1.0030884742736816
x3,train,25850,0.965919017791748
x3,train,25900,0.9837648868560791
x3,train,25950,0.9982035160064697
x3,train,26000,0.9776092767715454
x3,train,26050,0.9744227528572083
x3,train,26100,0.9904187917709351
x3,train,26150,0.9998424053192139
x3,train,26200,0.9677069783210754
x3,train,26250,0.9858329892158508
x3,train,26300,0.9925119876861572
x3,train,26350,0.9785771369934082
x3,train,26400,0.9769003391265869
x3,train,26450,0.9943683743476868
x3,train,26500,0.9843031167984009
x3,train,26550,0.9660924673080444
x3,train,26600,0.9866653680801392
x3,train,26650,0.9979577660560608
x3,train,26700,0.9608036279678345
x3,train,26750,0.9808756113052368
x3,train,26800,0.9910700917243958
x3,train,26850,0.9861242175102234
x3,train,26900,0.9724450707435608
x3,train,26950,0.9818081855773926
x3,train,27000,0.9967267513275146
x3,train,27050,0.9680602550506592
x3,train,27100,0.9818989634513855
x3,train,27150,0.986057460308075
x3,train,27200,0.9803453087806702
x3,train,27250,0.9660816788673401
x3,train,27300,0.9809513688087463
x3,train,27350,0.998196542263031
x3,train,27400,0.9563801288604736
x3,train,27450,0.9816017150878906
x3,train,27500,0.9924397468566895
x3,train,27550,0.9699994921684265
x3,train,27600,0.9688467979431152
x3,train,27650,0.9839510321617126
x3,train,27700,0.9953250885009766
x3,train,27750,0.9604716300964355
x3,train,27800,0.9791114926338196
x3,train,27850,0.9915731549263
x3,train,27900,0.9730984568595886
x3,train,27950,0.9684028625488281
x3,train,28000,0.9907505512237549
x3,train,28050,0.9766096472740173
x3,train,28100,0.9614781141281128
x3,train,28150,0.9781251549720764
x3,train,28200,0.9922008514404297
x3,train,28250,0.9630962610244751
x3,train,28300,0.9690147638320923
x3,train,28350,0.9905917644500732
x3,train,28400,0.9733296036720276
x3,train,28450,0.9687672257423401
x3,train,28500,0.9742920398712158
x3,train,28550,0.993333101272583
x3,train,28600,0.9571887850761414
x3,train,28650,0.9768155813217163
x3,train,28700,0.9851782321929932
x3,train,28750,0.9712508320808411
x3,train,28800,0.9660064578056335
x3,train,28850,0.9774214029312134
x3,train,28900,0.9855610728263855
x3,train,28950,0.9537642598152161
x3,train,29000,0.9771935939788818
x3,train,29050,0.9831554293632507
x3,train,29100,0.9651769995689392
x3,train,29150,0.9662115573883057
x3,train,29200,0.9782458543777466
x3,train,29250,0.9808573126792908
x3,train,29300,0.9624701142311096
x3,train,29350,0.9765665531158447
x3,train,29400,0.9796338677406311
x3,train,29450,0.9577142596244812
x3,train,29500,0.9635505676269531
x3,train,29550,0.9815152883529663
x3,train,29600,0.9736829996109009
x3,train,29650,0.9559375047683716
x3,train,29700,0.9793793559074402
x3,train,29750,0.9870343804359436
x3,train,29800,0.9513564109802246
x3,train,29850,0.969188392162323
x3,train,29900,0.9818704724311829
x3,train,29950,0.9682025909423828
x3,train,30000,0.9594236016273499
x3,train,30050,0.9753065705299377
x3,train,30100,0.9874475002288818
x3,train,30150,0.9453465342521667
x3,train,30200,0.9702829718589783
x3,train,30250,0.9824861884117126
x3,train,30300,0.9691661596298218
x3,train,30350,0.9600523114204407
x3,train,30400,0.9734354615211487
x3,train,30450,0.9766982793807983
x3,train,30500,0.9489915370941162
x3,train,30550,0.9726540446281433
x3,train,30600,0.9785377383232117
x3,train,30650,0.9534760117530823
x3,train,30700,0.9661223888397217
x3,train,30750,0.9702231884002686
x3,train,30800,0.9772300720214844
x3,train,30850,0.9500732421875
x3,train,30900,0.9703538417816162
x3,train,30950,0.9860848784446716
x3,train,31000,0.9494042992591858
x3,train,31050,0.9624091386795044
x3,train,31100,0.980816125869751
x3,train,31150,0.9630870819091797
x3,train,31200,0.9478431940078735
x3,train,31250,0.9728485941886902
x3,train,31300,0.9884668588638306
x3,train,31350,0.9470447301864624
x3,train,31400,0.959374189376831
x3,train,31450,0.9771630167961121
x3,train,31500,0.9585162997245789
x3,train,31550,0.94974684715271
x3,train,31600,0.9728053212165833
x3,train,31650,0.9838529229164124
x3,train,31700,0.9456299543380737
x3,train,31750,0.963944673538208
x3,train,31800,0.9756467938423157
x3,train,31850,0.9502285122871399
x3,train,31900,0.9622347950935364
x3,train,31950,0.9683159589767456
x3,train,32000,0.9780027270317078
x3,train,32050,0.9416196942329407
x3,train,32100,0.9695692658424377
x3,train,32150,0.9745241403579712
x3,train,32200,0.9496502876281738
x3,train,32250,0.9586242437362671
x3,train,32300,0.9735605120658875
x3,train,32350,0.9594905972480774
x3,train,32400,0.9430808424949646
x3,train,32450,0.9672532677650452
x3,train,32500,0.9816068410873413
x3,train,32550,0.9520145654678345
x3,train,32600,0.9604059457778931
x3,train,32650,0.9681470990180969
x3,train,32700,0.9512912631034851
x3,train,32750,0.9520823955535889
x3,train,32800,0.9682861566543579
x3,train,32850,0.975832998752594
x3,train,32900,0.9474445581436157
x3,train,32950,0.951752245426178
x3,train,33000,0.9758194088935852
x3,train,33050,0.9531533718109131
x3,train,33100,0.948272705078125
x3,train,33150,0.96892249584198
x3,train,33200,0.9689557552337646
x3,train,33250,0.9384223222732544
x3,train,33300,0.9610157012939453
x3,train,33350,0.970583975315094
x3,train,33400,0.9519408941268921
x3,train,33450,0.9501149654388428
x3,train,33500,0.9645889401435852
x3,train,33550,0.9641867876052856
x3,train,33600,0.9440851807594299
x3,train,33650,0.9607795476913452
x3,train,33700,0.969849169254303
x3,train,33750,0.9412012696266174
x3,train,33800,0.956727921962738
x3,train,33850,0.9638375639915466
x3,train,33900,0.9625800251960754
x3,train,33950,0.9416813850402832
x3,train,34000,0.9547561407089233
x3,train,34050,0.9770250916481018
x3,train,34100,0.9379025101661682
x3,train,34150,0.9546005725860596
x3,train,34200,0.9666733741760254
x3,train,34250,0.9518800377845764
x3,train,34300,0.9461448788642883
x3,train,34350,0.9700513482093811
x3,train,34400,0.965853214263916
x3,train,34450,0.9335166811943054
x3,train,34500,0.9546105861663818
x3,train,34550,0.9674137234687805
x3,train,34600,0.9525437355041504
x3,train,34650,0.9370297789573669
x3,train,34700,0.9679835438728333
x3,train,34750,0.965717077255249
x3,train,34800,0.9352167248725891
x3,train,34850,0.9579184651374817
x3,train,34900,0.9648569226264954
x3,train,34950,0.9394677877426147
x3,train,35000,0.9452358484268188
x3,train,35050,0.9676218628883362
x3,train,35100,0.9601662158966064
x3,train,35150,0.939289927482605
x3,train,35200,0.9593849778175354
x3,train,35250,0.9681550860404968
x3,train,35300,0.9369635581970215
x3,train,35350,0.947425365447998
x3,train,35400,0.9677399396896362
x3,train,35450,0.9538710117340088
x3,train,35500,0.944377601146698
x3,train,35550,0.9499399662017822
x3,train,35600,0.9702284336090088
x3,train,35650,0.9324681162834167
x3,train,35700,0.9533308148384094
x3,train,35750,0.9555187225341797
x3,train,35800,0.9529359936714172
x3,train,35850,0.9431473612785339
x3,train,35900,0.9577274918556213
x3,train,35950,0.9648444652557373
x3,train,36000,0.9306256175041199
x3,train,36050,0.9463648200035095
x3,train,36100,0.9642953276634216
x3,train,36150,0.9466660022735596
x3,train,36200,0.9390970468521118
x3,train,36250,0.9571343064308167
x3,train,36300,0.961464524269104
x3,train,36350,0.933595597743988
x3,train,36400,0.9473932385444641
x3,train,36450,0.9632884860038757
x3,train,36500,0.9314784407615662
x3,train,36550,0.9466783404350281
x3,train,36600,0.9610217213630676
x3,train,36650,0.9538214206695557
x3,train,36700,0.9325110912322998
x3,train,36750,0.9448244571685791
x3,train,36800,0.9675031900405884
x3,train,36850,0.9341725707054138
x3,train,36900,0.9428730010986328
x3,train,36950,0.9608706831932068
x3,train,37000,0.9433697462081909
x3,train,37050,0.9330076575279236
x3,train,37100,0.9560309052467346
x3,train,37150,0.9619405269622803
x3,train,37200,0.9263780117034912
x3,train,37250,0.9460776448249817
x3,train,37300,0.9572615027427673
x3,train,37350,0.9413223266601562
x3,train,37400,0.938080370426178
x3,train,37450,0.9538924694061279
x3,train,37500,0.9604027271270752
x3,train,37550,0.9274744391441345
x3,train,37600,0.9457582831382751
x3,train,37650,0.9604459404945374
x3,train,37700,0.9329394698143005
x3,train,37750,0.9357399940490723
x3,train,37800,0.9567803740501404
x3,train,37850,0.9527193307876587
x3,train,37900,0.9289109706878662
x3,train,37950,0.9488551616668701
x3,train,38000,0.9568834900856018
x3,train,38050,0.9321030974388123
x3,train,38100,0.9377044439315796
x3,train,38150,0.9540488719940186
x3,train,38200,0.9453988671302795
x3,train,38250,0.9302125573158264
x3,train,38300,0.9438633918762207
x3,train,38350,0.9598005414009094
x3,train,38400,0.9328354001045227
x3,train,38450,0.94023597240448
x3,train,38500,0.9548479318618774
x3,train,38550,0.940585196018219
x3,train,38600,0.9257368445396423
x3,train,38650,0.9522934556007385
x3,train,38700,0.9624223113059998
x3,train,38750,0.9208162426948547
x3,train,38800,0.9439367055892944
x3,train,38850,0.9568460583686829
x3,train,38900,0.9372583031654358
x3,train,38950,0.9315732717514038
x3,train,39000,0.9564330577850342
x3,train,39050,0.9470717906951904
x3,train,39100,0.9230682849884033
x3,train,39150,0.9436800479888916
x3,train,39200,0.9565166234970093
x3,train,39250,0.9316238164901733
x3,train,39300,0.9333116412162781
x3,train,39350,0.9519655108451843
x3,train,39400,0.9452369213104248
x3,train,39450,0.9281484484672546
x3,train,39500,0.9419296979904175
x3,train,39550,0.9544576406478882
x3,train,39600,0.922260582447052
x3,train,39650,0.9481767416000366
x3,train,39700,0.9452230930328369
x3,train,39750,0.9414282441139221
x3,train,39800,0.9283191561698914
x3,train,39850,0.945300817489624
x3,train,39900,0.9540958404541016
x3,train,39950,0.9275751709938049
x3,train,40000,0.9424787759780884
x3,train,40050,0.9471331238746643
x3,train,40100,0.9319732785224915
x3,train,40150,0.9252340197563171
x3,train,40200,0.9462596774101257
x3,train,40250,0.9587159752845764
x3,train,40300,0.9193933010101318
x3,train,40350,0.9354640245437622
x3,train,40400,0.9579858183860779
x3,train,40450,0.9331353902816772
x3,train,40500,0.9290253520011902
x3,train,40550,0.9441298842430115
x3,train,40600,0.9468257427215576
x3,train,40650,0.9208194017410278
x3,train,40700,0.9379762411117554
x3,train,40750,0.9512991905212402
x3,train,40800,0.9241341352462769
x3,train,40850,0.932635486125946
x3,train,40900,0.9482747912406921
x3,train,40950,0.9436952471733093
x3,train,41000,0.9196039438247681
x3,train,41050,0.939670741558075
x3,train,41100,0.9537860155105591
x3,train,41150,0.9220419526100159
x3,train,41200,0.9328457117080688
x3,train,41250,0.9455109238624573
x3,train,41300,0.931458592414856
x3,train,41350,0.9225106239318848
x3,train,41400,0.9441448450088501
x3,train,41450,0.9503791928291321
x3,train,41500,0.9134352803230286
x3,train,41550,0.9364008903503418
x3,train,41600,0.9459226727485657
x3,train,41650,0.9314599633216858
x3,train,41700,0.9197054505348206
x3,train,41750,0.9442169666290283
x3,train,41800,0.9533535242080688
x3,train,41850,0.9161557555198669
x3,train,41900,0.9350497722625732
x3,train,41950,0.945332944393158
x3,train,42000,0.922410249710083
x3,train,42050,0.9275869727134705
x3,train,42100,0.94102942943573
x3,train,42150,0.9441834092140198
x3,train,42200,0.9135192632675171
x3,train,42250,0.9352561831474304
x3,train,42300,0.9529155492782593
x3,train,42350,0.9231731295585632
x3,train,42400,0.9192183017730713
x3,train,42450,0.9487457275390625
x3,train,42500,0.9309239983558655
x3,train,42550,0.9177048206329346
x3,train,42600,0.9372391700744629
x3,train,42650,0.9515268206596375
x3,train,42700,0.9103328585624695
x3,train,42750,0.9280673861503601
x3,train,42800,0.9445169568061829
x3,train,42850,0.9263563752174377
x3,train,42900,0.9176534414291382
x3,train,42950,0.938703715801239
x3,train,43000,0.9501358270645142
x3,train,43050,0.9126746654510498
x3,train,43100,0.9321333169937134
x3,train,43150,0.940159022808075
x3,train,43200,0.9245461821556091
x3,train,43250,0.9225647449493408
x3,train,43300,0.9358391761779785
x3,train,43350,0.9403283596038818
x3,train,43400,0.9090157151222229
x3,train,43450,0.9319972395896912
x3,train,43500,0.9478064775466919
x3,train,43550,0.9205520153045654
x3,train,43600,0.9230549335479736
x3,train,43650,0.9368376135826111
x3,train,43700,0.9387522339820862
x3,train,43750,0.912040650844574
x3,train,43800,0.9285686612129211
x3,train,43850,0.947008490562439
x3,train,43900,0.9197611212730408
x3,train,43950,0.9231020212173462
x3,train,44000,0.9392075538635254
x3,train,44050,0.9301937222480774
x3,train,44100,0.9163365960121155
x3,train,44150,0.9352084994316101
x3,train,44200,0.9410151839256287
x3,train,44250,0.9075015783309937
x3,train,44300,0.9308136105537415
x3,train,44350,0.9417593479156494
x3,train,44400,0.9222845435142517
x3,train,44450,0.9166979789733887
x3,train,44500,0.9284749031066895
x3,train,44550,0.9475391507148743
x3,train,44600,0.906127393245697
x3,train,44650,0.9225777983665466
x3,train,44700,0.9418012499809265
x3,train,44750,0.9186259508132935
x3,train,44800,0.9146249890327454
x3,train,44850,0.9364093542098999
x3,train,44900,0.936150074005127
x3,train,44950,0.9120784997940063
x3,train,45000,0.9243637919425964
x3,train,45050,0.9394108057022095
x3,train,45100,0.9059200882911682
x3,train,45150,0.9234362244606018
x3,train,45200,0.9367102980613708
x3,train,45250,0.9300744533538818
x3,train,45300,0.9104970693588257
x3,train,45350,0.9299156069755554
x3,train,45400,0.9386714696884155
x3,train,45450,0.9082390069961548
x3,train,45500,0.9228957891464233
x3,train,45550,0.9355721473693848
x3,train,45600,0.9240872859954834
x3,train,45650,0.9093077182769775
x3,train,45700,0.9328330159187317
x3,train,45750,0.9395869970321655
x3,train,45800,0.9045984745025635
x3,train,45850,0.9165074825286865
x3,train,45900,0.9395670294761658
x3,train,45950,0.9142828583717346
x3,train,46000,0.9143290519714355
x3,train,46050,0.9265410900115967
x3,train,46100,0.9382978081703186
x3,train,46150,0.9027292728424072
x3,train,46200,0.9265577793121338
x3,train,46250,0.935543417930603
x3,train,46300,0.9105567336082458
x3,train,46350,0.9127886891365051
x3,train,46400,0.9343454837799072
x3,train,46450,0.9308885931968689
x3,train,46500,0.912872850894928
x3,train,46550,0.9213131070137024
x3,train,46600,0.93178391456604
x3,train,46650,0.9090577960014343
x3,train,46700,0.9131104350090027
x3,train,46750,0.9312306046485901
x3,train,46800,0.9258235692977905
x3,train,46850,0.9077805876731873
x3,train,46900,0.9253848195075989
x3,train,46950,0.9338552951812744
x3,train,47000,0.9002647995948792
x3,train,47050,0.9216570258140564
x3,train,47100,0.9324603080749512
x3,train,47150,0.9195684194564819
x3,train,47200,0.9133946895599365
x3,train,47250,0.9200984835624695
x3,train,47300,0.9339077472686768
x3,train,47350,0.8953404426574707
x3,train,47400,0.9201189279556274
x3,train,47450,0.9331984519958496
x3,train,47500,0.9081791639328003
x3,train,47550,0.9136902093887329
x3,train,47600,0.9223968386650085
x3,train,47650,0.9317479133605957
x3,train,47700,0.8985669016838074
x3,train,47750,0.9212046265602112
x3,train,47800,0.9337279796600342
x3,train,47850,0.9044453501701355
x3,train,47900,0.9117690324783325
x3,train,47950,0.9291628003120422
x3,train,48000,0.9231760501861572
x3,train,48050,0.9068601131439209
x3,train,48100,0.9241181015968323
x3,train,48150,0.9283307790756226
x3,train,48200,0.9040036797523499
x3,train,48250,0.9096458554267883
x3,train,48300,0.928303062915802
x3,train,48350,0.9155703783035278
x3,train,48400,0.9077892303466797
x3,train,48450,0.921445369720459
x3,train,48500,0.9277402758598328
x3,train,48550,0.8952775001525879
x3,train,48600,0.9117890000343323
x3,train,48650,0.9314798712730408
x3,train,48700,0.907378613948822
x3,train,48750,0.907470166683197
x3,train,48800,0.9219978451728821
x3,train,48850,0.9333202838897705
x3,train,48900,0.8922753930091858
x3,train,48950,0.9150562882423401
x3,train,49000,0.9332729578018188
x3,train,49050,0.9063597321510315
x3,train,49100,0.9060314893722534
x3,train,49150,0.9261911511421204
x3,train,49200,0.9220542907714844
x3,train,49250,0.8943477869033813
x3,train,49300,0.9203019738197327
x3,train,49350,0.9290847778320312
x3,train,49400,0.893171489238739
x3,train,49450,0.9076851606369019
x3,train,49500,0.9264923930168152
x3,train,49550,0.9183809161186218
x3,train,49600,0.8975701928138733
x3,train,49650,0.9158914089202881
x3,train,49700,0.9273374080657959
x3,train,49750,0.8999254703521729
x3,train,49800,0.9083082675933838
x3,train,49850,0.9190074801445007
x3,train,49900,0.9124069809913635
x3,train,49950,0.9029985070228577
x3,train,50000,0.9176910519599915
x3,train,50050,0.9297458529472351
x3,train,50100,0.8867399096488953
x3,train,50150,0.9151846170425415
x3,train,50200,0.9294525980949402
x3,train,50250,0.8943320512771606
x3,train,50300,0.9047147631645203
x3,train,50350,0.9209540486335754
x3,train,50400,0.9224584102630615
x3,train,50450,0.8889347910881042
x3,train,50500,0.9103080034255981
x3,train,50550,0.9241180419921875
x3,train,50600,0.9047876596450806
x3,train,50650,0.8987887501716614
x3,train,50700,0.9170882701873779
x3,train,50750,0.923295795917511
x3,train,50800,0.8902080059051514
x3,train,50850,0.9120568037033081
x3,train,50900,0.9240962862968445
x3,train,50950,0.8998094797134399
x3,train,51000,0.9005110859870911
x3,train,51050,0.9193052053451538
x3,train,51100,0.912090539932251
x3,train,51150,0.9007452130317688
x3,train,51200,0.9123122692108154
x3,train,51250,0.9259259700775146
x3,train,51300,0.8878414630889893
x3,train,51350,0.9017353057861328
x3,train,51400,0.9271267056465149
x3,train,51450,0.900098443031311
x3,train,51500,0.8945784568786621
x3,train,51550,0.9159839153289795
x3,train,51600,0.927103579044342
x3,train,51650,0.8848816752433777
x3,train,51700,0.9033555388450623
x3,train,51750,0.9244077801704407
x3,train,51800,0.8997898101806641
x3,train,51850,0.8934200406074524
x3,train,51900,0.9182422161102295
x3,train,51950,0.9222869277000427
x3,train,52000,0.8857094645500183
x3,train,52050,0.9102775454521179
x3,train,52100,0.9238832592964172
x3,train,52150,0.8937499523162842
x3,train,52200,0.9030132293701172
x3,train,52250,0.913868248462677
x3,train,52300,0.9060916304588318
x3,train,52350,0.888077974319458
x3,train,52400,0.9096378087997437
x3,train,52450,0.9190261363983154
x3,train,52500,0.8907298445701599
x3,train,52550,0.9050628542900085
x3,train,52600,0.9115706086158752
x3,train,52650,0.9020130634307861
x3,train,52700,0.8906708359718323
x3,train,52750,0.9086112380027771
x3,train,52800,0.9246106743812561
x3,train,52850,0.8821749687194824
x3,train,52900,0.9027472734451294
x3,train,52950,0.9180589318275452
x3,train,53000,0.8963399529457092
x3,train,53050,0.8933345675468445
x3,train,53100,0.9090352058410645
x3,train,53150,0.9206184148788452
x3,train,53200,0.8796013593673706
x3,train,53250,0.9049474596977234
x3,train,53300,0.9174339771270752
x3,train,53350,0.8883926868438721
x3,train,53400,0.8938590288162231
x3,train,53450,0.9156031012535095
x3,train,53500,0.9103113412857056
x3,train,53550,0.8860059380531311
x3,train,53600,0.9030199646949768
x3,train,53650,0.9152028560638428
x3,train,53700,0.8915112018585205
x3,train,53750,0.8884607553482056
x3,train,53800,0.9140332937240601
x3,train,53850,0.9067779779434204
x3,train,53900,0.8899793028831482
x3,train,53950,0.9037905335426331
x3,train,54000,0.9145618677139282
x3,train,54050,0.8835550546646118
x3,train,54100,0.8989310264587402
x3,train,54150,0.9095173478126526
x3,train,54200,0.9072472453117371
x3,train,54250,0.8860573768615723
x3,train,54300,0.9005920886993408
x3,train,54350,0.9177230596542358
x3,train,54400,0.879494309425354
x3,train,54450,0.903593122959137
x3,train,54500,0.9101113080978394
x3,train,54550,0.8944026231765747
x3,train,54600,0.890666127204895
x3,train,54650,0.9041412472724915
x3,train,54700,0.9108690619468689
x3,train,54750,0.8787537217140198
x3,train,54800,0.9017603993415833
x3,train,54850,0.9101570844650269
x3,train,54900,0.8855526447296143
x3,train,54950,0.8897467851638794
x3,train,55000,0.9037684798240662
x3,train,55050,0.9085644483566284
x3,train,55100,0.8836333751678467
x3,train,55150,0.9026743173599243
x3,train,55200,0.9075367450714111
x3,train,55250,0.8771215081214905
x3,train,55300,0.8952422142028809
x3,train,55350,0.9039903283119202
x3,train,55400,0.901500940322876
x3,train,55450,0.8793884515762329
x3,train,55500,0.8987516760826111
x3,train,55550,0.9168964624404907
x3,train,55600,0.874828577041626
x3,train,55650,0.8939359784126282
x3,train,55700,0.9025655388832092
x3,train,55750,0.8967382907867432
x3,train,55800,0.8795033097267151
x3,train,55850,0.9013711810112
x3,train,55900,0.9177528619766235
x3,train,55950,0.8741713166236877
x3,train,56000,0.8895884156227112
x3,train,56050,0.9090584516525269
x3,train,56100,0.8915789723396301
x3,train,56150,0.8834660053253174
x3,train,56200,0.902326226234436
x3,train,56250,0.9046003222465515
x3,train,56300,0.8747850060462952
x3,train,56350,0.8944615721702576
x3,train,56400,0.9073497653007507
x3,train,56450,0.8781370520591736
x3,train,56500,0.8902848958969116
x3,train,56550,0.9063054919242859
x3,train,56600,0.8930451273918152
x3,train,56650,0.8746541738510132
x3,train,56700,0.8948877453804016
x3,train,56750,0.9124273061752319
x3,train,56800,0.8759253025054932
x3,train,56850,0.8840265870094299
x3,train,56900,0.9054170250892639
x3,train,56950,0.8940460681915283
x3,train,57000,0.8782605528831482
x3,train,57050,0.8929479718208313
x3,train,57100,0.91112220287323
x3,train,57150,0.871987521648407
x3,train,57200,0.888532817363739
x3,train,57250,0.9026831984519958
x3,train,57300,0.8836853504180908
x3,train,57350,0.880484938621521
x3,train,57400,0.8988248705863953
x3,train,57450,0.9058476090431213
x3,train,57500,0.870419442653656
x3,train,57550,0.8910576105117798
x3,train,57600,0.9012168049812317
x3,train,57650,0.8828154802322388
x3,train,57700,0.8831160664558411
x3,train,57750,0.8950402140617371
x3,train,57800,0.8984423875808716
x3,train,57850,0.8706746101379395
x3,train,57900,0.8893038034439087
x3,train,57950,0.9075515866279602
x3,train,58000,0.8744338750839233
x3,train,58050,0.88751620054245
x3,train,58100,0.9022167921066284
x3,train,58150,0.8927311897277832
x3,train,58200,0.8714447617530823
x3,train,58250,0.8917715549468994
x3,train,58300,0.9004528522491455
x3,train,58350,0.8697702884674072
x3,train,58400,0.8873329162597656
x3,train,58450,0.9004277586936951
x3,train,58500,0.8848996758460999
x3,train,58550,0.8780752420425415
x3,train,58600,0.8926904201507568
x3,train,58650,0.8992242217063904
x3,train,58700,0.8710734844207764
x3,train,58750,0.8798887133598328
x3,train,58800,0.9007425904273987
x3,train,58850,0.8779700994491577
x3,train,58900,0.8767165541648865
x3,train,58950,0.8952379822731018
x3,train,59000,0.9032290577888489
x3,train,59050,0.8593167662620544
x3,train,59100,0.8880624175071716
x3,train,59150,0.9027001857757568
x3,train,59200,0.8787792325019836
x3,train,59250,0.8770328760147095
x3,train,59300,0.8957830667495728
x3,train,59350,0.8923813700675964
x3,train,59400,0.8682609796524048
x3,train,59450,0.8873351216316223
x3,train,59500,0.8987532258033752
x3,train,59550,0.8619513511657715
x3,train,59600,0.8816068768501282
x3,train,59650,0.8968445658683777
x3,train,59700,0.8861016631126404
x3,train,59750,0.8659304976463318
x3,train,59800,0.8906015157699585
x3,train,59850,0.8989660739898682
x3,train,59900,0.8660787343978882
x3,train,59950,0.8777116537094116
x3,train,60000,0.898222029209137
x3,train,60050,0.877871572971344
x3,train,60100,0.8721348643302917
x3,train,60150,0.8879390954971313
x3,train,60200,0.8973426222801208
x3,train,60250,0.8559644222259521
x3,train,60300,0.8813586235046387
x3,train,60350,0.8964892625808716
x3,train,60400,0.8718057870864868
x3,train,60450,0.8765056729316711
x3,train,60500,0.8866898417472839
x3,train,60550,0.8912146091461182
x3,train,60600,0.8578974008560181
x3,train,60650,0.8804610967636108
x3,train,60700,0.9023416042327881
x3,train,60750,0.8659868836402893
x3,train,60800,0.8715969920158386
x3,train,60850,0.8888633251190186
x3,train,60900,0.8911765217781067
x3,train,60950,0.8592622876167297
x3,train,61000,0.8805169463157654
x3,train,61050,0.8987303376197815
x3,train,61100,0.8647710680961609
x3,train,61150,0.8673386573791504
x3,train,61200,0.8901569843292236
x3,train,61250,0.8822914958000183
x3,train,61300,0.8651940226554871
x3,train,61350,0.8830231428146362
x3,train,61400,0.8954100012779236
x3,train,61450,0.8611553907394409
x3,train,61500,0.8762531280517578
x3,train,61550,0.8898303508758545
x3,train,61600,0.8671602010726929
x3,train,61650,0.8679301738739014
x3,train,61700,0.882788896560669
x3,train,61750,0.8948679566383362
x3,train,61800,0.8561006784439087
x3,train,61850,0.8709715008735657
x3,train,61900,0.8897549510002136
x3,train,61950,0.8688024282455444
x3,train,62000,0.8671262264251709
x3,train,62050,0.8849989175796509
x3,train,62100,0.8918502926826477
x3,train,62150,0.8549091219902039
x3,train,62200,0.878918468952179
x3,train,62250,0.8920557498931885
x3,train,62300,0.8670156598091125
x3,train,62350,0.874259889125824
x3,train,62400,0.8852212429046631
x3,train,62450,0.8741654753684998
x3,train,62500,0.8635649681091309
x3,train,62550,0.8776714205741882
x3,train,62600,0.8891031742095947
x3,train,62650,0.8572349548339844
x3,train,62700,0.8702760338783264
x3,train,62750,0.8828701972961426
x3,train,62800,0.8800145983695984
x3,train,62850,0.8597486019134521
x3,train,62900,0.8770541548728943
x3,train,62950,0.8895277380943298
x3,train,63000,0.8478620648384094
x3,train,63050,0.873945415019989
x3,train,63100,0.8835716247558594
x3,train,63150,0.8695690035820007
x3,train,63200,0.8600378632545471
x3,train,63250,0.8825020790100098
x3,train,63300,0.8845939636230469
x3,train,63350,0.855571985244751
x3,train,63400,0.8725836873054504
x3,train,63450,0.8822335600852966
x3,train,63500,0.8645506501197815
x3,train,63550,0.864290714263916
x3,train,63600,0.8770958185195923
x3,train,63650,0.883469820022583
x3,train,63700,0.8504863977432251
x3,train,63750,0.8722520470619202
x3,train,63800,0.8899503946304321
x3,train,63850,0.8531616926193237
x3,train,63900,0.8690070509910583
x3,train,63950,0.8821358680725098
x3,train,64000,0.8683719038963318
x3,train,64050,0.8563001751899719
x3,train,64100,0.8732135891914368
x3,train,64150,0.8870095610618591
x3,train,64200,0.8562561869621277
x3,train,64250,0.8626074194908142
x3,train,64300,0.8821489810943604
x3,train,64350,0.8703050017356873
x3,train,64400,0.8610227108001709
x3,train,64450,0.8665831089019775
x3,train,64500,0.8859620094299316
x3,train,64550,0.8475764989852905
x3,train,64600,0.8686912655830383
x3,train,64650,0.8783923387527466
x3,train,64700,0.8568956851959229
x3,train,64750,0.8644134998321533
x3,train,64800,0.8735109567642212
x3,train,64850,0.8773939609527588
x3,train,64900,0.8501918911933899
x3,train,64950,0.86525559425354
x3,train,65000,0.8836405873298645
x3,train,65050,0.8436762094497681
x3,train,65100,0.8665112257003784
x3,train,65150,0.8744561672210693
x3,train,65200,0.8715318441390991
x3,train,65250,0.8497138023376465
x3,train,65300,0.86858069896698
x3,train,65350,0.884249210357666
x3,train,65400,0.8482469916343689
x3,train,65450,0.8597259521484375
x3,train,65500,0.8769801259040833
x3,train,65550,0.8618941307067871
x3,train,65600,0.8526020050048828
x3,train,65650,0.8735449314117432
x3,train,65700,0.8770826458930969
x3,train,65750,0.8462404608726501
x3,train,65800,0.8596325516700745
x3,train,65850,0.873619794845581
x3,train,65900,0.8650673031806946
x3,train,65950,0.852332353591919
x3,train,66000,0.8694959878921509
x3,train,66050,0.8754398226737976
x3,train,66100,0.8430529236793518
x3,train,66150,0.8587560057640076
x3,train,66200,0.8783607482910156
x3,train,66250,0.8523534536361694
x3,train,66300,0.8514917492866516
x3,train,66350,0.8751568794250488
x3,train,66400,0.867950975894928
x3,train,66450,0.8432390689849854
x3,train,66500,0.8651632070541382
x3,train,66550,0.8699136972427368
x3,train,66600,0.85588538646698
x3,train,66650,0.8556396961212158
x3,train,66700,0.8688423037528992
x3,train,66750,0.8647634387016296
x3,train,66800,0.8469316363334656
x3,train,66850,0.8662310838699341
x3,train,66900,0.8717195987701416
x3,train,66950,0.8434619903564453
x3,train,67000,0.8529701232910156
x3,train,67050,0.8687175512313843
x3,train,67100,0.8678098917007446
x3,train,67150,0.8447997570037842
x3,train,67200,0.8656260967254639
x3,train,67250,0.8763558864593506
x3,train,67300,0.8410180807113647
x3,train,67350,0.8528077602386475
x3,train,67400,0.866860568523407
x3,train,67450,0.865776002407074
x3,train,67500,0.8450778126716614
x3,train,67550,0.8642385601997375
x3,train,67600,0.8721146583557129
x3,train,67650,0.8433734774589539
x3,train,67700,0.8534823060035706
x3,train,67750,0.8715725541114807
x3,train,67800,0.8483557105064392
x3,train,67850,0.8504635691642761
x3,train,67900,0.8618423938751221
x3,train,67950,0.8655458688735962
x3,train,68000,0.8379669785499573
x3,train,68050,0.8599529266357422
x3,train,68100,0.8702607154846191
x3,train,68150,0.8433576822280884
x3,train,68200,0.8501160144805908
x3,train,68250,0.8702609539031982
x3,train,68300,0.8615838885307312
x3,train,68350,0.8377772569656372
x3,train,68400,0.8571221232414246
x3,train,68450,0.869720995426178
x3,train,68500,0.8455134630203247
x3,train,68550,0.8519648909568787
x3,train,68600,0.8582934737205505
x3,train,68650,0.8493285179138184
x3,train,68700,0.8411359190940857
x3,train,68750,0.8632144331932068
x3,train,68800,0.8712242245674133
x3,train,68850,0.8303375840187073
x3,train,68900,0.8535666465759277
x3,train,68950,0.8642517328262329
x3,train,69000,0.8490380644798279
x3,train,69050,0.8423861861228943
x3,train,69100,0.8532715439796448
x3,train,69150,0.8712575435638428
x3,train,69200,0.8320289850234985
x3,train,69250,0.8483167886734009
x3,train,69300,0.8679488301277161
x3,train,69350,0.850541889667511
x3,train,69400,0.8404451608657837
x3,train,69450,0.8582925200462341
x3,train,69500,0.8547008037567139
x3,train,69550,0.8388733863830566
x3,train,69600,0.8514219522476196
x3,train,69650,0.8668245673179626
x3,train,69700,0.8368808627128601
x3,train,69750,0.8508783578872681
x3,train,69800,0.855288565158844
x3,train,69850,0.8522793054580688
x3,train,69900,0.8294996023178101
x3,train,69950,0.8574560284614563
x3,train,70000,0.8721004724502563
x3,train,70050,0.8299265503883362
x3,train,70100,0.8461829423904419
x3,train,70150,0.8599454760551453
x3,train,70200,0.84791100025177
x3,train,70250,0.8417086601257324
x3,train,70300,0.8544368743896484
x3,train,70350,0.8592368364334106
x3,train,70400,0.820823609828949
x3,train,70450,0.8477703928947449
x3,train,70500,0.8630988597869873
x3,train,70550,0.8406239151954651
x3,train,70600,0.8467811346054077
x3,train,70650,0.8526678681373596
x3,train,70700,0.8559268712997437
x3,train,70750,0.8296278119087219
x3,train,70800,0.847483217716217
x3,train,70850,0.8644459247589111
x3,train,70900,0.834653913974762
x3,train,70950,0.8433429598808289
x3,train,71000,0.8565155863761902
x3,train,71050,0.8508443236351013
x3,train,71100,0.8282652497291565
x3,train,71150,0.848910391330719
x3,train,71200,0.8645416498184204
x3,train,71250,0.8286311626434326
x3,train,71300,0.8392970561981201
x3,train,71350,0.8502962589263916
x3,train,71400,0.8475430011749268
x3,train,71450,0.8340606093406677
x3,train,71500,0.8491527438163757
x3,train,71550,0.8603496551513672
x3,train,71600,0.8197669386863708
x3,train,71650,0.8422407507896423
x3,train,71700,0.8511377573013306
x3,train,71750,0.8433390259742737
x3,train,71800,0.8329407572746277
x3,train,71850,0.8507484197616577
x3,train,71900,0.8576978445053101
x3,train,71950,0.8190062642097473
x3,train,72000,0.8388069272041321
x3,train,72050,0.8614360094070435
x3,train,72100,0.8351792693138123
x3,train,72150,0.8399146199226379
x3,train,72200,0.8457314968109131
x3,train,72250,0.8500605821609497
x3,train,72300,0.8263744115829468
x3,train,72350,0.8448078036308289
x3,train,72400,0.8508652448654175
x3,train,72450,0.8263307213783264
x3,train,72500,0.8364582061767578
x3,train,72550,0.8533028960227966
x3,train,72600,0.8393170237541199
x3,train,72650,0.8275366425514221
x3,train,72700,0.8491676449775696
x3,train,72750,0.8520246744155884
x3,train,72800,0.8197618126869202
x3,train,72850,0.8333303332328796
x3,train,72900,0.8471060991287231
x3,train,72950,0.8449063301086426
x3,train,73000,0.8284741044044495
x3,train,73050,0.8444526195526123
x3,train,73100,0.851254403591156
x3,train,73150,0.8156244158744812
x3,train,73200,0.8357893228530884
x3,train,73250,0.8550117015838623
x3,train,73300,0.8350672125816345
x3,train,73350,0.8299475312232971
x3,train,73400,0.8425508737564087
x3,train,73450,0.8465650677680969
x3,train,73500,0.8204963803291321
x3,train,73550,0.8396289348602295
x3,train,73600,0.849936842918396
x3,train,73650,0.8247493505477905
x3,train,73700,0.8293570876121521
x3,train,73750,0.8453552722930908
x3,train,73800,0.8429363965988159
x3,train,73850,0.8191002607345581
x3,train,73900,0.8348017930984497
x3,train,73950,0.8552031517028809
x3,train,74000,0.8202125430107117
x3,train,74050,0.8374538421630859
x3,train,74100,0.8427488207817078
x3,train,74150,0.8337037563323975
x3,train,74200,0.8222821950912476
x3,train,74250,0.8393313884735107
x3,train,74300,0.8501235842704773
x3,train,74350,0.8201525807380676
x3,train,74400,0.831439197063446
x3,train,74450,0.8430014848709106
x3,train,74500,0.8338062763214111
x3,train,74550,0.823506772518158
x3,train,74600,0.8364778757095337
x3,train,74650,0.8484801650047302
x3,train,74700,0.8205978274345398
x3,train,74750,0.830660343170166
x3,train,74800,0.8399457335472107
x3,train,74850,0.826570451259613
x3,train,74900,0.8214269876480103
x3,train,74950,0.8411433696746826
x3,train,75000,0.8398504853248596
x3,train,75050,0.8194963932037354
x3,train,75100,0.8280980587005615
x3,train,75150,0.8438044786453247
x3,train,75200,0.8224808573722839
x3,train,75250,0.8216301798820496
x3,train,75300,0.8354143500328064
x3,train,75350,0.8391004800796509
x3,train,75400,0.8139806389808655
x3,train,75450,0.8323891162872314
x3,train,75500,0.847609281539917
x3,train,75550,0.8150020837783813
x3,train,75600,0.8278296589851379
x3,train,75650,0.8410463929176331
x3,train,75700,0.8214426636695862
x3,train,75750,0.8177182078361511
x3,train,75800,0.8396416306495667
x3,train,75850,0.843586802482605
x3,train,75900,0.8070988655090332
x3,train,75950,0.8321866393089294
x3,train,76000,0.8394585251808167
x3,train,76050,0.8207784295082092
x3,train,76100,0.8161574602127075
x3,train,76150,0.8348180651664734
x3,train,76200,0.8395668864250183
x3,train,76250,0.8106420636177063
x3,train,76300,0.8291652798652649
x3,train,76350,0.8348431587219238
x3,train,76400,0.8212651014328003
x3,train,76450,0.8204824328422546
x3,train,76500,0.8308420777320862
x3,train,76550,0.8362002372741699
x3,train,76600,0.8092661499977112
x3,train,76650,0.8279628753662109
x3,train,76700,0.8359878659248352
x3,train,76750,0.8128259181976318
x3,train,76800,0.8204871416091919
x3,train,76850,0.8355957865715027
x3,train,76900,0.8252310156822205
x3,train,76950,0.8117032051086426
x3,train,77000,0.8255980014801025
x3,train,77050,0.8412787914276123
x3,train,77100,0.8111004829406738
x3,train,77150,0.8169635534286499
x3,train,77200,0.8347911834716797
x3,train,77250,0.816969096660614
x3,train,77300,0.811684250831604
x3,train,77350,0.8256178498268127
x3,train,77400,0.841502845287323
x3,train,77450,0.8079468607902527
x3,train,77500,0.8258339166641235
x3,train,77550,0.8247266411781311
x3,train,77600,0.8153882026672363
x3,train,77650,0.8131906390190125
x3,train,77700,0.8229565620422363
x3,train,77750,0.8369806408882141
x3,train,77800,0.8058710694313049
x3,train,77850,0.8228146433830261
x3,train,77900,0.8310726284980774
x3,train,77950,0.8127679228782654
x3,train,78000,0.8119847178459167
x3,train,78050,0.827736496925354
x3,train,78100,0.8313224911689758
x3,train,78150,0.8074696063995361
x3,train,78200,0.8237163424491882
x3,train,78250,0.8263407349586487
x3,train,78300,0.8093554973602295
x3,train,78350,0.8134986758232117
x3,train,78400,0.8303124308586121
x3,train,78450,0.818128764629364
x3,train,78500,0.8102538585662842
x3,train,78550,0.8255271911621094
x3,train,78600,0.8280273675918579
x3,train,78650,0.8000895977020264
x3,train,78700,0.8161755204200745
x3,train,78750,0.8270891308784485
x3,train,78800,0.8196887969970703
x3,train,78850,0.803424596786499
x3,train,78900,0.8261242508888245
x3,train,78950,0.8256186842918396
x3,train,79000,0.8001322150230408
x3,train,79050,0.8159210681915283
x3,train,79100,0.829515278339386
x3,train,79150,0.8077589273452759
x3,train,79200,0.8060907125473022
x3,train,79250,0.8231115937232971
x3,train,79300,0.8249064087867737
x3,train,79350,0.798285722732544
x3,train,79400,0.8136836290359497
x3,train,79450,0.8308057188987732
x3,train,79500,0.8015308976173401
x3,train,79550,0.8135989904403687
x3,train,79600,0.8226738572120667
x3,train,79650,0.8191377520561218
x3,train,79700,0.8006188273429871
x3,train,79750,0.8199548125267029
x3,train,79800,0.8236046433448792
x3,train,79850,0.7998983263969421
x3,train,79900,0.8108111023902893
x3,train,79950,0.8219996690750122
x3,train,80000,0.8128182291984558
x3,train,80050,0.807894229888916
x3,train,80100,0.8136981725692749
x3,train,80150,0.8247342109680176
x3,train,80200,0.7891080379486084
x3,train,80250,0.8140028119087219
x3,train,80300,0.8217256665229797
x3,train,80350,0.8093913197517395
x3,train,80400,0.8043357133865356
x3,train,80450,0.8152391314506531
x3,train,80500,0.8217466473579407
x3,train,80550,0.7924875617027283
x3,train,80600,0.8170673847198486
x3,train,80650,0.8159566521644592
x3,train,80700,0.8034037947654724
x3,train,80750,0.8009077310562134
x3,train,80800,0.8178187012672424
x3,train,80850,0.8149120211601257
x3,train,80900,0.7954428791999817
x3,train,80950,0.8076242208480835
x3,train,81000,0.8258607983589172
x3,train,81050,0.7930296063423157
x3,train,81100,0.805218517780304
x3,train,81150,0.8186314105987549
x3,train,81200,0.8126291632652283
x3,train,81250,0.7950218319892883
x3,train,81300,0.8112198710441589
x3,train,81350,0.8215333819389343
x3,train,81400,0.7919322848320007
x3,train,81450,0.804250180721283
x3,train,81500,0.8186604976654053
x3,train,81550,0.8039373159408569
x3,train,81600,0.796842634677887
x3,train,81650,0.809884250164032
x3,train,81700,0.8191421627998352
x3,train,81750,0.7878739833831787
x3,train,81800,0.8080618381500244
x3,train,81850,0.813004732131958
x3,train,81900,0.8065847158432007
x3,train,81950,0.7948627471923828
x3,train,82000,0.8117090463638306
x3,train,82050,0.8129919171333313
x3,train,82100,0.7828732132911682
x3,train,82150,0.8088117241859436
x3,train,82200,0.8190897107124329
x3,train,82250,0.7978013753890991
x3,train,82300,0.7954015135765076
x3,train,82350,0.8115223050117493
x3,train,82400,0.807111918926239
x3,train,82450,0.7961083054542542
x3,train,82500,0.8046044111251831
x3,train,82550,0.8100802898406982
x3,train,82600,0.7920383214950562
x3,train,82650,0.7962204217910767
x3,train,82700,0.807230532169342
x3,train,82750,0.8055439591407776
x3,train,82800,0.7927847504615784
x3,train,82850,0.8109613060951233
x3,train,82900,0.811038613319397
x3,train,82950,0.790569007396698
x3,train,83000,0.800754189491272
x3,train,83050,0.8040292859077454
x3,train,83100,0.79378342628479
x3,train,83150,0.7915531396865845
x3,train,83200,0.8080217838287354
x3,train,83250,0.810547411441803
x3,train,83300,0.7776790857315063
x3,train,83350,0.7987322211265564
x3,train,83400,0.8148569464683533
x3,train,83450,0.7943912744522095
x3,train,83500,0.7933651804924011
x3,train,83550,0.8038509488105774
x3,train,83600,0.8083575367927551
x3,train,83650,0.7893779873847961
x3,train,83700,0.7994437217712402
x3,train,83750,0.8056520223617554
x3,train,83800,0.7945282459259033
x3,train,83850,0.7895587086677551
x3,train,83900,0.8011002540588379
x3,train,83950,0.8007472157478333
x3,train,84000,0.781830370426178
x3,train,84050,0.7957236766815186
x3,train,84100,0.812569260597229
x3,train,84150,0.7867382168769836
x3,train,84200,0.7901870012283325
x3,train,84250,0.8080196976661682
x3,train,84300,0.790709912776947
x3,train,84350,0.7890151739120483
x3,train,84400,0.8038156628608704
x3,train,84450,0.8032162189483643
x3,train,84500,0.7813522219657898
x3,train,84550,0.7929412722587585
x3,train,84600,0.8016449213027954
x3,train,84650,0.7988104820251465
x3,train,84700,0.7840926647186279
x3,train,84750,0.7977504134178162
x3,train,84800,0.803931474685669
x3,train,84850,0.7794177532196045
x3,train,84900,0.7880030274391174
x3,train,84950,0.8080298900604248
x3,train,85000,0.7851602435112
x3,train,85050,0.7875188589096069
x3,train,85100,0.7953200340270996
x3,train,85150,0.8016237616539001
x3,train,85200,0.7845186591148376
x3,train,85250,0.7915540337562561
x3,train,85300,0.8000971078872681
x3,train,85350,0.7871267795562744
x3,train,85400,0.7852069735527039
x3,train,85450,0.7970202565193176
x3,train,85500,0.7990186810493469
x3,train,85550,0.7825238108634949
x3,train,85600,0.7944920063018799
x3,train,85650,0.7994951009750366
x3,train,85700,0.7738905549049377
x3,train,85750,0.7902320027351379
x3,train,85800,0.8006324768066406
x3,train,85850,0.7809591889381409
x3,train,85900,0.7814909219741821
x3,train,85950,0.7960449457168579
x3,train,86000,0.8007501363754272
x3,train,86050,0.7757129669189453
x3,train,86100,0.7862865328788757
x3,train,86150,0.7997345924377441
x3,train,86200,0.7781974077224731
x3,train,86250,0.7851327657699585
x3,train,86300,0.7939031720161438
x3,train,86350,0.7963595390319824
x3,train,86400,0.7758263945579529
x3,train,86450,0.7884050607681274
x3,train,86500,0.7942990660667419
x3,train,86550,0.783678412437439
x3,train,86600,0.7821679711341858
x3,train,86650,0.7920456528663635
x3,train,86700,0.7914749979972839
x3,train,86750,0.7736501097679138
x3,train,86800,0.7870590686798096
x3,train,86850,0.7975025773048401
x3,train,86900,0.7776631712913513
x3,train,86950,0.7840145230293274
x3,train,87000,0.7936214208602905
x3,train,87050,0.7842704057693481
x3,train,87100,0.775679349899292
x3,train,87150,0.7920438647270203
x3,train,87200,0.7895709872245789
x3,train,87250,0.7732871174812317
x3,train,87300,0.7809876799583435
x3,train,87350,0.7916178703308105
x3,train,87400,0.7796651721000671
x3,train,87450,0.7737447619438171
x3,train,87500,0.7935701012611389
x3,train,87550,0.7934137582778931
x3,train,87600,0.7611321210861206
x3,train,87650,0.7836852073669434
x3,train,87700,0.7992987036705017
x3,train,87750,0.7742562890052795
x3,train,87800,0.7752804756164551
x3,train,87850,0.7858307361602783
x3,train,87900,0.7934478521347046
x3,train,87950,0.7688246369361877
x3,train,88000,0.7804421782493591
x3,train,88050,0.7925621271133423
x3,train,88100,0.7739200592041016
x3,train,88150,0.7785726189613342
x3,train,88200,0.786082923412323
x3,train,88250,0.7787007093429565
x3,train,88300,0.7704694271087646
x3,train,88350,0.7784527540206909
x3,train,88400,0.7974979281425476
x3,train,88450,0.7636643052101135
x3,train,88500,0.7822688817977905
x3,train,88550,0.7818925380706787
x3,train,88600,0.7816187143325806
x3,train,88650,0.7766351103782654
x3,train,88700,0.7772464156150818
x3,train,88750,0.7865341305732727
x3,train,88800,0.7699729204177856
x3,train,88850,0.7783556580543518
x3,train,88900,0.7832593321800232
x3,train,88950,0.7718901038169861
x3,train,89000,0.7685053944587708
x3,train,89050,0.7837687134742737
x3,train,89100,0.7865085005760193
x3,train,89150,0.7679035067558289
x3,train,89200,0.7720848321914673
x3,train,89250,0.7861548066139221
x3,train,89300,0.7701928615570068
x3,train,89350,0.7708361744880676
x3,train,89400,0.7835204601287842
x3,train,89450,0.7799222469329834
x3,train,89500,0.7641058564186096
x3,train,89550,0.7802519202232361
x3,train,89600,0.7805116772651672
x3,train,89650,0.7635287642478943
x3,train,89700,0.7736074924468994
x3,train,89750,0.7793260812759399
x3,train,89800,0.7816940546035767
x3,train,89850,0.7575218677520752
x3,train,89900,0.7849249839782715
x3,train,89950,0.7822165489196777
x3,train,90000,0.7536196112632751
x3,train,90050,0.7741626501083374
x3,train,90100,0.783660888671875
x3,train,90150,0.7742536067962646
x3,train,90200,0.763649046421051
x3,train,90250,0.7802581787109375
x3,train,90300,0.7812883853912354
x3,train,90350,0.7604444622993469
x3,train,90400,0.7752931118011475
x3,train,90450,0.7759513854980469
x3,train,90500,0.766421914100647
x3,train,90550,0.7646418809890747
x3,train,90600,0.7796148657798767
x3,train,90650,0.7757565975189209
x3,train,90700,0.7619382739067078
x3,train,90750,0.7709907293319702
x3,train,90800,0.7788620591163635
x3,train,90850,0.7635748386383057
x3,train,90900,0.7689822316169739
x3,train,90950,0.7709017992019653
x3,train,91000,0.7813311815261841
x3,train,91050,0.7620863318443298
x3,train,91100,0.7704213857650757
x3,train,91150,0.7719203233718872
x3,train,91200,0.7570075988769531
x3,train,91250,0.7665318846702576
x3,train,91300,0.7764914631843567
x3,train,91350,0.7684827446937561
x3,train,91400,0.7572381496429443
x3,train,91450,0.7673442959785461
x3,train,91500,0.7836047410964966
x3,train,91550,0.7551030516624451
x3,train,91600,0.7670689225196838
x3,train,91650,0.7785542011260986
x3,train,91700,0.7613835334777832
x3,train,91750,0.7649369239807129
x3,train,91800,0.7656543254852295
x3,train,91850,0.7777763605117798
x3,train,91900,0.749524712562561
x3,train,91950,0.7636170387268066
x3,train,92000,0.7788732051849365
x3,train,92050,0.7575118541717529
x3,train,92100,0.7652691006660461
x3,train,92150,0.7722522616386414
x3,train,92200,0.7679295539855957
x3,train,92250,0.7517748475074768
x3,train,92300,0.7695299386978149
x3,train,92350,0.7728928327560425
x3,train,92400,0.7575135827064514
x3,train,92450,0.7584467530250549
x3,train,92500,0.7704347372055054
x3,train,92550,0.7671416997909546
x3,train,92600,0.7563130855560303
x3,train,92650,0.7680457234382629
x3,train,92700,0.7710802555084229
x3,train,92750,0.7495185732841492
x3,train,92800,0.7632833123207092
x3,train,92850,0.771090567111969
x3,train,92900,0.7583563923835754
x3,train,92950,0.7511604428291321
x3,train,93000,0.7673484086990356
x3,train,93050,0.7747439742088318
x3,train,93100,0.7521945238113403
x3,train,93150,0.7648620009422302
x3,train,93200,0.7658792734146118
x3,train,93250,0.7577483654022217
x3,train,93300,0.7569934725761414
x3,train,93350,0.7653340697288513
x3,train,93400,0.7680018544197083
x3,train,93450,0.7491543292999268
x3,train,93500,0.7570361495018005
x3,train,93550,0.7707264423370361
x3,train,93600,0.7599756121635437
x3,train,93650,0.7538598775863647
x3,train,93700,0.7628147006034851
x3,train,93750,0.7655687928199768
x3,train,93800,0.7488186359405518
x3,train,93850,0.7583120465278625
x3,train,93900,0.7712016105651855
x3,train,93950,0.7463212013244629
x3,train,94000,0.7492538690567017
x3,train,94050,0.7702348828315735
x3,train,94100,0.763629138469696
x3,train,94150,0.7500337362289429
x3,train,94200,0.7536678910255432
x3,train,94250,0.7714828252792358
x3,train,94300,0.7481018304824829
x3,train,94350,0.754808783531189
x3,train,94400,0.7664279937744141
x3,train,94450,0.7463847398757935
x3,train,94500,0.7595571875572205
x3,train,94550,0.7647745609283447
x3,train,94600,0.7611656785011292
x3,train,94650,0.7496781349182129
x3,train,94700,0.7551448941230774
x3,train,94750,0.7596291303634644
x3,train,94800,0.7451057434082031
x3,train,94850,0.7502808570861816
x3,train,94900,0.7650193572044373
x3,train,94950,0.7631610631942749
x3,train,95000,0.741590142250061
x3,train,95050,0.755018413066864
x3,train,95100,0.7644817233085632
x3,train,95150,0.7538031935691833
x3,train,95200,0.7528434991836548
x3,train,95250,0.7534528970718384
x3,train,95300,0.7552891373634338
x3,train,95350,0.7407468557357788
x3,train,95400,0.7603632211685181
x3,train,95450,0.7594174146652222
x3,train,95500,0.7483381032943726
x3,train,95550,0.7515251636505127
x3,train,95600,0.7578950524330139
x3,train,95650,0.752916693687439
x3,train,95700,0.7503489851951599
x3,train,95750,0.7530639171600342
x3,train,95800,0.756061851978302
x3,train,95850,0.7416728734970093
x3,train,95900,0.7460765242576599
x3,train,95950,0.7609192132949829
x3,train,96000,0.7519723773002625
x3,train,96050,0.7481732368469238
x3,train,96100,0.7546418905258179
x3,train,96150,0.75816810131073
x3,train,96200,0.74628746509552
x3,train,96250,0.7429349422454834
x3,train,96300,0.7602072954177856
x3,train,96350,0.7472862005233765
x3,train,96400,0.7412664294242859
x3,train,96450,0.754427433013916
x3,train,96500,0.7557561993598938
x3,train,96550,0.7438714504241943
x3,train,96600,0.7471916675567627
x3,train,96650,0.7566457390785217
x3,train,96700,0.7480522394180298
x3,train,96750,0.7426496148109436
x3,train,96800,0.749118983745575
x3,train,96850,0.7525144815444946
x3,train,96900,0.7378939986228943
x3,train,96950,0.7483665943145752
x3,train,97000,0.7610868215560913
x3,train,97050,0.7355533838272095
x3,train,97100,0.7485467791557312
x3,train,97150,0.7527871131896973
x3,train,97200,0.74895179271698
x3,train,97250,0.7406537532806396
x3,train,97300,0.7527861595153809
x3,train,97350,0.7524572014808655
x3,train,97400,0.7390264272689819
x3,train,97450,0.7455627918243408
x3,train,97500,0.7511069774627686
x3,train,97550,0.7483267784118652
x3,train,97600,0.7376521825790405
x3,train,97650,0.7501154541969299
x3,train,97700,0.7520580887794495
x3,train,97750,0.7399024367332458
x3,train,97800,0.7393419742584229
x3,train,97850,0.7511710524559021
x3,train,97900,0.7390425801277161
x3,train,97950,0.7403953075408936
x3,train,98000,0.7541967630386353
x3,train,98050,0.7492424249649048
x3,train,98100,0.7354688048362732
x3,train,98150,0.7464417219161987
x3,train,98200,0.7485620379447937
x3,train,98250,0.7409423589706421
x3,train,98300,0.740204393863678
x3,train,98350,0.7529962062835693
x3,train,98400,0.7417727112770081
x3,train,98450,0.731803297996521
x3,train,98500,0.7448962926864624
x3,train,98550,0.7526155114173889
x3,train,98600,0.7388069033622742
x3,train,98650,0.7359352707862854
x3,train,98700,0.7536001801490784
x3,train,98750,0.7379615306854248
x3,train,98800,0.7397239208221436
x3,train,98850,0.7460945248603821
x3,train,98900,0.7449578046798706
x3,train,98950,0.72925865650177
x3,train,99000,0.7389733791351318
x3,train,99050,0.752909243106842
x3,train,99100,0.7311003804206848
x3,train,99150,0.7348504066467285
x3,train,99200,0.7439476847648621
x3,train,99250,0.7528627514839172
x3,train,99300,0.7339087128639221
x3,train,99350,0.7394912242889404
x3,train,99400,0.7471592426300049
x3,train,99450,0.7313390374183655
x3,train,99500,0.7380667328834534
x3,train,99550,0.7447049617767334
x3,train,99600,0.7432998418807983
x3,train,99650,0.7323788404464722
x3,train,99700,0.7439426183700562
x3,train,99750,0.743666410446167
x3,train,99800,0.7287688255310059
x3,train,99850,0.7432964444160461
x3,train,99900,0.7434270977973938
x3,train,99950,0.7377408742904663
x3,train,100000,0.7348148822784424
x3,train,100050,0.7421831488609314
x3,train,100100,0.7394940257072449
x3,train,100150,0.7306133508682251
x3,train,100200,0.7301645874977112
x3,train,100250,0.7447062134742737
x3,train,100300,0.7412129044532776
x3,train,100350,0.7301622033119202
x3,train,100400,0.7396726012229919
x3,train,100450,0.7437036037445068
x3,train,100500,0.7296712398529053
x3,train,100550,0.7382862567901611
x3,train,100600,0.7404188513755798
x3,train,100650,0.7341699004173279
x3,train,100700,0.7322468757629395
x3,train,100750,0.7395321726799011
x3,train,100800,0.7386633157730103
x3,train,100850,0.7275561690330505
x3,train,100900,0.7440702319145203
x3,train,100950,0.7347684502601624
x3,train,101000,0.7306867837905884
x3,train,101050,0.7345899939537048
x3,train,101100,0.7366036772727966
x3,train,101150,0.742012619972229
x3,train,101200,0.7292371988296509
x3,train,101250,0.7323357462882996
x3,train,101300,0.7372210025787354
x3,train,101350,0.7292522192001343
x3,train,101400,0.7354178428649902
x3,train,101450,0.7357333302497864
x3,train,101500,0.7405700087547302
x3,train,101550,0.7261863946914673
x3,train,101600,0.7348167300224304
x3,train,101650,0.7417178153991699
x3,train,101700,0.7277460694313049
x3,train,101750,0.7269225120544434
x3,train,101800,0.7390358448028564
x3,train,101850,0.7287502288818359
x3,train,101900,0.726884663105011
x3,train,101950,0.7355358004570007
x3,train,102000,0.7436310052871704
x3,train,102050,0.7238503098487854
x3,train,102100,0.7324814796447754
x3,train,102150,0.7356436252593994
x3,train,102200,0.7253451347351074
x3,train,102250,0.7242333292961121
x3,train,102300,0.7421292066574097
x3,train,102350,0.7366458773612976
x3,train,102400,0.7259609699249268
x3,train,102450,0.7354387640953064
x3,train,102500,0.73176109790802
x3,train,102550,0.7264747619628906
x3,train,102600,0.7271361351013184
x3,train,102650,0.7399076819419861
x3,train,102700,0.7247424125671387
x3,train,102750,0.7236519455909729
x3,train,102800,0.7344033122062683
x3,train,102850,0.7394717335700989
x3,train,102900,0.71857750415802
x3,train,102950,0.7243824005126953
x3,train,103000,0.7403289675712585
x3,train,103050,0.7325255870819092
x3,train,103100,0.7251203656196594
x3,train,103150,0.7276734709739685
x3,train,103200,0.7377060055732727
x3,train,103250,0.7212154865264893
x3,train,103300,0.7280412912368774
x3,train,103350,0.735048770904541
x3,train,103400,0.7315136790275574
x3,train,103450,0.729595959186554
x3,train,103500,0.725251317024231
x3,train,103550,0.7273314595222473
x3,train,103600,0.7223178148269653
x3,train,103650,0.7310432195663452
x3,train,103700,0.7293812036514282
x3,train,103750,0.723682701587677
x3,train,103800,0.7258642315864563
x3,train,103850,0.7332690358161926
x3,train,103900,0.7240997552871704
x3,train,103950,0.7190746068954468
x3,train,104000,0.7282488942146301
x3,train,104050,0.7356700897216797
x3,train,104100,0.7237526178359985
x3,train,104150,0.7273709177970886
x3,train,104200,0.7298529744148254
x3,train,104250,0.7263035774230957
x3,train,104300,0.7270086407661438
x3,train,104350,0.727439820766449
x3,train,104400,0.7258380055427551
x3,train,104450,0.7200107574462891
x3,train,104500,0.7247532606124878
x3,train,104550,0.7284951210021973
x3,train,104600,0.7250998616218567
x3,train,104650,0.7212257981300354
x3,train,104700,0.7303371429443359
x3,train,104750,0.7302776575088501
x3,train,104800,0.7193025350570679
x3,train,104850,0.7287467122077942
x3,train,104900,0.7240921854972839
x3,train,104950,0.7220138311386108
x3,train,105000,0.7280861735343933
x3,train,105050,0.7215851545333862
x3,train,105100,0.731031596660614
x3,train,105150,0.7207762002944946
x3,train,105200,0.726167619228363
x3,train,105250,0.7222949266433716
x3,train,105300,0.7244688272476196
x3,train,105350,0.7207274436950684
x3,train,105400,0.7247395515441895
x3,train,105450,0.7243472933769226
x3,train,105500,0.719402015209198
x3,train,105550,0.7236983776092529
x3,train,105600,0.7326496243476868
x3,train,105650,0.7242873907089233
x3,train,105700,0.7175150513648987
x3,train,105750,0.7233142256736755
x3,train,105800,0.7241372466087341
x3,train,105850,0.7203170657157898
x3,train,105900,0.7291736006736755
x3,train,105950,0.7200466394424438
x3,train,106000,0.7150202393531799
x3,train,106050,0.7231006026268005
x3,train,106100,0.7254213690757751
x3,train,106150,0.7225802540779114
x3,train,106200,0.7197811007499695
x3,train,106250,0.7254186272621155
x3,train,106300,0.7235057950019836
x3,train,106350,0.7130619883537292
x3,train,106400,0.7217332720756531
x3,train,106450,0.7244481444358826
x3,train,106500,0.7235104441642761
x3,train,106550,0.712375819683075
x3,train,106600,0.7286924719810486
x3,train,106650,0.7267851233482361
x3,train,106700,0.7186882495880127
x3,train,106750,0.7193772792816162
x3,train,106800,0.7209256887435913
x3,train,106850,0.7162216901779175
x3,train,106900,0.7243894934654236
x3,train,106950,0.7207599878311157
x3,train,107000,0.7209348082542419
x3,train,107050,0.7164578437805176
x3,train,107100,0.7217560410499573
x3,train,107150,0.7252153754234314
x3,train,107200,0.7145941257476807
x3,train,107250,0.7207371592521667
x3,train,107300,0.717000424861908
x3,train,107350,0.7227410078048706
x3,train,107400,0.7218801975250244
x3,train,107450,0.7197049856185913
x3,train,107500,0.718552827835083
x3,train,107550,0.7159973978996277
x3,train,107600,0.7124139666557312
x3,train,107650,0.7224481105804443
x3,train,107700,0.7187235951423645
x3,train,107750,0.7150260210037231
x3,train,107800,0.7181532979011536
x3,train,107850,0.7277606725692749
x3,train,107900,0.7097328305244446
x3,train,107950,0.7171021103858948
x3,train,108000,0.7246389985084534
x3,train,108050,0.7172989845275879
x3,train,108100,0.710045337677002
x3,train,108150,0.7232726812362671
x3,train,108200,0.7204937934875488
x3,train,108250,0.7126185894012451
x3,train,108300,0.7224271297454834
x3,train,108350,0.7209178805351257
x3,train,108400,0.7136020660400391
x3,train,108450,0.7166104912757874
x3,train,108500,0.7246296405792236
x3,train,108550,0.7176545858383179
x3,train,108600,0.7156525254249573
x3,train,108650,0.7099055647850037
x3,train,108700,0.7233393788337708
x3,train,108750,0.7129862308502197
x3,train,108800,0.7143142819404602
x3,train,108850,0.7150679230690002
x3,train,108900,0.7210115790367126
x3,train,108950,0.7115969657897949
x3,train,109000,0.7209511399269104
x3,train,109050,0.7199894785881042
x3,train,109100,0.7069439888000488
x3,train,109150,0.7228355407714844
x3,train,109200,0.7178093791007996
x3,train,109250,0.7118446826934814
x3,train,109300,0.7129907011985779
x3,train,109350,0.7206957936286926
x3,train,109400,0.7149746417999268
x3,train,109450,0.7127460241317749
x3,train,109500,0.7194413542747498
x3,train,109550,0.7182471752166748
x3,train,109600,0.7169938683509827
x3,train,109650,0.7080399990081787
x3,train,109700,0.7174870371818542
x3,train,109750,0.7161327600479126
x3,train,109800,0.7173650860786438
x3,train,109850,0.7156517505645752
x3,train,109900,0.7152355909347534
x3,train,109950,0.7128488421440125
x3,train,110000,0.7107335925102234
x3,train,110050,0.7188540101051331
x3,train,110100,0.71517014503479
x3,train,110150,0.7128491997718811
x3,train,110200,0.7112953662872314
x3,train,110250,0.7181060314178467
x3,train,110300,0.7083375453948975
x3,train,110350,0.7177829742431641
x3,train,110400,0.7144960165023804
x3,train,110450,0.7113009691238403
x3,train,110500,0.7098017334938049
x3,train,110550,0.7145017385482788
x3,train,110600,0.7204034924507141
x3,train,110650,0.7098198533058167
x3,train,110700,0.713269054889679
x3,train,110750,0.7188675403594971
x3,train,110800,0.7120382189750671
x3,train,110850,0.7183036804199219
x3,train,110900,0.70853590965271
x3,train,110950,0.714821994304657
x3,train,111000,0.7137835621833801
x3,train,111050,0.7073361873626709
x3,train,111100,0.719972550868988
x3,train,111150,0.703703761100769
x3,train,111200,0.7151888012886047
x3,train,111250,0.7198939323425293
x3,train,111300,0.7101377248764038
x3,train,111350,0.7104367613792419
x3,train,111400,0.7164775133132935
x3,train,111450,0.7132041454315186
x3,train,111500,0.7085708379745483
x3,train,111550,0.7150622010231018
x3,train,111600,0.7119261026382446
x3,train,111650,0.7157606482505798
x3,train,111700,0.7191314697265625
x3,train,111750,0.7069042325019836
x3,train,111800,0.7096531391143799
x3,train,111850,0.7106919884681702
x3,train,111900,0.7096957564353943
x3,train,111950,0.7112912535667419
x3,train,112000,0.7169017195701599
x3,train,112050,0.7088317275047302
x3,train,112100,0.7102348208427429
x3,train,112150,0.713698148727417
x3,train,112200,0.7146288156509399
x3,train,112250,0.7090355157852173
x3,train,112300,0.7117332220077515
x3,train,112350,0.7105710506439209
x3,train,112400,0.7083679437637329
x3,train,112450,0.7141270637512207
x3,train,112500,0.7152557969093323
x3,train,112550,0.7084565162658691
x3,train,112600,0.7156219482421875
x3,train,112650,0.7092990875244141
x3,train,112700,0.7099202871322632
x3,train,112750,0.7068712711334229
x3,train,112800,0.7136766910552979
x3,train,112850,0.7164518237113953
x3,train,112900,0.7085891962051392
x3,train,112950,0.7026930451393127
x3,train,113000,0.7183458209037781
x3,train,113050,0.7103936672210693
x3,train,113100,0.7111522555351257
x3,train,113150,0.7129754424095154
x3,train,113200,0.7093348503112793
x3,train,113250,0.7112810611724854
x3,train,113300,0.7141435146331787
x3,train,113350,0.7028137445449829
x3,train,113400,0.7088932991027832
x3,train,113450,0.7117423415184021
x3,train,113500,0.7092878222465515
x3,train,113550,0.7046435475349426
x3,train,113600,0.7140432596206665
x3,train,113650,0.7044342160224915
x3,train,113700,0.7154964208602905
x3,train,113750,0.7124824523925781
x3,train,113800,0.7092920541763306
x3,train,113850,0.7082513570785522
x3,train,113900,0.7023355960845947
x3,train,113950,0.7127775549888611
x3,train,114000,0.7149473428726196
x3,train,114050,0.7072793841362
x3,train,114100,0.7046857476234436
x3,train,114150,0.7074470520019531
x3,train,114200,0.7191853523254395
x3,train,114250,0.7024526000022888
x3,train,114300,0.7142611145973206
x3,train,114350,0.7083237171173096
x3,train,114400,0.7106127738952637
x3,train,114450,0.7111459970474243
x3,train,114500,0.7129320502281189
x3,train,114550,0.7059780955314636
x3,train,114600,0.702964186668396
x3,train,114650,0.7066168785095215
x3,train,114700,0.7106460332870483
x3,train,114750,0.7140963673591614
x3,train,114800,0.7087000012397766
x3,train,114850,0.714814305305481
x3,train,114900,0.7020497918128967
x3,train,114950,0.708646833896637
x3,train,115000,0.7128442525863647
x3,train,115050,0.7087103128433228
x3,train,115100,0.7075137495994568
x3,train,115150,0.7100611329078674
x3,train,115200,0.7023748755455017
x3,train,115250,0.7109041810035706
x3,train,115300,0.7058724761009216
x3,train,115350,0.7146185040473938
x3,train,115400,0.7104917764663696
x3,train,115450,0.7079459428787231
x3,train,115500,0.702587366104126
x3,train,115550,0.7126462459564209
x3,train,115600,0.7083933353424072
x3,train,115650,0.7121740579605103
x3,train,115700,0.7082096934318542
x3,train,115750,0.7055835723876953
x3,train,115800,0.709139883518219
x3,train,115850,0.7132731080055237
x3,train,115900,0.7022333741188049
x3,train,115950,0.7069573998451233
x3,train,116000,0.7082762718200684
x3,train,116050,0.7093767523765564
x3,train,116100,0.7059998512268066
x3,train,116150,0.7114337682723999
x3,train,116200,0.7073555588722229
x3,train,116250,0.7067524790763855
x3,train,116300,0.7036321759223938
x3,train,116350,0.705569326877594
x3,train,116400,0.7130776047706604
x3,train,116450,0.7076345682144165
x3,train,116500,0.7032075524330139
x3,train,116550,0.7106716632843018
x3,train,116600,0.7099362015724182
x3,train,116650,0.7082257866859436
x3,train,116700,0.704484760761261
x3,train,116750,0.707726240158081
x3,train,116800,0.708098292350769
x3,train,116850,0.7057516574859619
x3,train,116900,0.7080312371253967
x3,train,116950,0.711496114730835
x3,train,117000,0.7085141539573669
x3,train,117050,0.706098198890686
x3,train,117100,0.7013260126113892
x3,train,117150,0.7126078009605408
x3,train,117200,0.7065576910972595
x3,train,117250,0.7086099982261658
x3,train,117300,0.7067537903785706
x3,train,117350,0.7177481651306152
x3,train,117400,0.7042086720466614
x3,train,117450,0.7074338793754578
x3,train,117500,0.6978661417961121
x3,train,117550,0.705105185508728
x3,train,117600,0.7096900343894958
x3,train,117650,0.7110410332679749
x3,train,117700,0.7076504230499268
x3,train,117750,0.7094836235046387
x3,train,117800,0.7049113512039185
x3,train,117850,0.7109944224357605
x3,train,117900,0.7069069743156433
x3,train,117950,0.7039527297019958
x3,train,118000,0.7052783370018005
x3,train,118050,0.7080445885658264
x3,train,118100,0.7010538578033447
x3,train,118150,0.712578535079956
x3,train,118200,0.7152805924415588
x3,train,118250,0.7041053771972656
x3,train,118300,0.7018679976463318
x3,train,118350,0.709337055683136
x3,train,118400,0.7077905535697937
x3,train,118450,0.7064371705055237
x3,train,118500,0.7076894640922546
x3,train,118550,0.694679856300354
x3,train,118600,0.7084396481513977
x3,train,118650,0.7109090685844421
x3,train,118700,0.710757851600647
x3,train,118750,0.705525815486908
x3,train,118800,0.7083427309989929
x3,train,118850,0.7063467502593994
x3,train,118900,0.707227349281311
x3,train,118950,0.7060263156890869
x3,train,119000,0.7083842754364014
x3,train,119050,0.7066217064857483
x3,train,119100,0.7083819508552551
x3,train,119150,0.7029154896736145
x3,train,119200,0.70818030834198
x3,train,119250,0.7091833353042603
x3,train,119300,0.7018342614173889
x3,train,119350,0.707865834236145
x3,train,119400,0.7020168900489807
x3,train,119450,0.7111989855766296
x3,train,119500,0.7110051512718201
x3,train,119550,0.7064037919044495
x3,train,119600,0.7062885165214539
x3,train,119650,0.7020677328109741
x3,train,119700,0.7079833149909973
x3,train,119750,0.7052804827690125
x3,train,119800,0.7096304893493652
x3,train,119850,0.7085381150245667
x3,train,119900,0.7051842212677002
x3,train,119950,0.7066583037376404
x3,train,120000,0.7125377655029297
x3,eval,250,1.2707979679107666
x3,eval,500,1.2261061668395996
x3,eval,750,1.2081090211868286
x3,eval,1000,1.206282377243042
x3,eval,1250,1.18806791305542
x3,eval,1500,1.1807401180267334
x3,eval,1750,1.179908037185669
x3,eval,2000,1.1716337203979492
x3,eval,2250,1.1727709770202637
x3,eval,2500,1.1724120378494263
x3,eval,2750,1.166250228881836
x3,eval,3000,1.1663451194763184
x3,eval,3250,1.1701024770736694
x3,eval,3500,1.164323091506958
x3,eval,3750,1.1691938638687134
x3,eval,4000,1.1599233150482178
x3,eval,4250,1.1632263660430908
x3,eval,4500,1.1627784967422485
x3,eval,4750,1.162481427192688
x3,eval,5000,1.1654435396194458
x3,eval,5250,1.1689555644989014
x3,eval,5500,1.1638851165771484
x3,eval,5750,1.1608803272247314
x3,eval,6000,1.159008502960205
x3,eval,6250,1.1777393817901611
x3,eval,6500,1.1657044887542725
x3,eval,6750,1.1737011671066284
x3,eval,7000,1.1692326068878174
x3,eval,7250,1.1689841747283936
x3,eval,7500,1.1710761785507202
x3,eval,7750,1.1662847995758057
x3,eval,8000,1.1745555400848389
x3,eval,8250,1.171178936958313
x3,eval,8500,1.1794859170913696
x3,eval,8750,1.1886043548583984
x3,eval,9000,1.1859164237976074
x3,eval,9250,1.185752034187317
x3,eval,9500,1.1953197717666626
x3,eval,9750,1.191141963005066
x3,eval,10000,1.205423355102539
x3,eval,10250,1.1923531293869019
x3,eval,10500,1.2052390575408936
x3,eval,10750,1.207432746887207
x3,eval,11000,1.19797682762146
x3,eval,11250,1.208268404006958
x3,eval,11500,1.2009748220443726
x3,eval,11750,1.2147831916809082
x3,eval,12000,1.2076302766799927
x3,eval,12250,1.2219337224960327
x3,eval,12500,1.213577151298523
x3,eval,12750,1.239013671875
x3,eval,13000,1.2278666496276855
x3,eval,13250,1.2333242893218994
x3,eval,13500,1.2431890964508057
x3,eval,13750,1.2240537405014038
x3,eval,14000,1.247740626335144
x3,eval,14250,1.2427517175674438
x3,eval,14500,1.2533338069915771
x3,eval,14750,1.2503153085708618
x3,eval,15000,1.2738384008407593
x3,eval,15250,1.2634371519088745
x3,eval,15500,1.2774535417556763
x3,eval,15750,1.2771800756454468
x3,eval,16000,1.2706941366195679
x3,eval,16250,1.2740737199783325
x3,eval,16500,1.274240255355835
x3,eval,16750,1.302668571472168
x3,eval,17000,1.275763988494873
x3,eval,17250,1.3020663261413574
x3,eval,17500,1.300774097442627
x3,eval,17750,1.3092044591903687
x3,eval,18000,1.3089921474456787
x3,eval,18250,1.3131822347640991
x3,eval,18500,1.2984544038772583
x3,eval,18750,1.3081549406051636
x3,eval,19000,1.3087728023529053
x3,eval,19250,1.3133682012557983
x3,eval,19500,1.3158342838287354
x3,eval,19750,1.314867615699768
x3,eval,20000,1.3279474973678589
x3,eval,20250,1.327972650527954
x3,eval,20500,1.3372279405593872
x3,eval,20750,1.3442069292068481
x3,eval,21000,1.3599821329116821
x3,eval,21250,1.3453887701034546
x3,eval,21500,1.319328784942627
x3,eval,21750,1.3383910655975342
x3,eval,22000,1.3384844064712524
x3,eval,22250,1.3583643436431885
x3,eval,22500,1.3380175828933716
x3,eval,22750,1.3727166652679443
x3,eval,23000,1.3458307981491089
x3,eval,23250,1.3906315565109253
x3,eval,23500,1.35305917263031
x3,eval,23750,1.411383867263794
x3,eval,24000,1.3770792484283447
x3,eval,24250,1.345160961151123
x3,eval,24500,1.384261131286621
x3,eval,24750,1.3541245460510254
x3,eval,25000,1.380277395248413
x3,eval,25250,1.3748185634613037
x3,eval,25500,1.4115118980407715
x3,eval,25750,1.3497965335845947
x3,eval,26000,1.4101823568344116
x3,eval,26250,1.3789982795715332
x3,eval,26500,1.4223480224609375
x3,eval,26750,1.3829679489135742
x3,eval,27000,1.3752682209014893
x3,eval,27250,1.391867756843567
x3,eval,27500,1.40211021900177
x3,eval,27750,1.4078515768051147
x3,eval,28000,1.3827852010726929
x3,eval,28250,1.4231581687927246
x3,eval,28500,1.3969533443450928
x3,eval,28750,1.4437710046768188
x3,eval,29000,1.4162794351577759
x3,eval,29250,1.439462423324585
x3,eval,29500,1.4049336910247803
x3,eval,29750,1.3992723226547241
x3,eval,30000,1.431368350982666
x3,eval,30250,1.3946787118911743
x3,eval,30500,1.4493287801742554
x3,eval,30750,1.4236537218093872
x3,eval,31000,1.4413248300552368
x3,eval,31250,1.4079384803771973
x3,eval,31500,1.4415888786315918
x3,eval,31750,1.4363032579421997
x3,eval,32000,1.4587472677230835
x3,eval,32250,1.4386956691741943
x3,eval,32500,1.4174073934555054
x3,eval,32750,1.4438889026641846
x3,eval,33000,1.4146219491958618
x3,eval,33250,1.460761547088623
x3,eval,33500,1.4409769773483276
x3,eval,33750,1.461930751800537
x3,eval,34000,1.438934087753296
x3,eval,34250,1.463979959487915
x3,eval,34500,1.4372122287750244
x3,eval,34750,1.4801025390625
x3,eval,35000,1.4392317533493042
x3,eval,35250,1.449643611907959
x3,eval,35500,1.4798564910888672
x3,eval,35750,1.448340892791748
x3,eval,36000,1.4707196950912476
x3,eval,36250,1.4556736946105957
x3,eval,36500,1.4810556173324585
x3,eval,36750,1.4651445150375366
x3,eval,37000,1.512795329093933
x3,eval,37250,1.482526421546936
x3,eval,37500,1.481101393699646
x3,eval,37750,1.4844014644622803
x3,eval,38000,1.4503483772277832
x3,eval,38250,1.4773728847503662
x3,eval,38500,1.465092658996582
x3,eval,38750,1.5027446746826172
x3,eval,39000,1.4768102169036865
x3,eval,39250,1.5264918804168701
x3,eval,39500,1.4731409549713135
x3,eval,39750,1.519134521484375
x3,eval,40000,1.4876222610473633
x3,eval,40250,1.4808430671691895
x3,eval,40500,1.5116658210754395
x3,eval,40750,1.5015599727630615
x3,eval,41000,1.5109587907791138
x3,eval,41250,1.4657487869262695
x3,eval,41500,1.5070137977600098
x3,eval,41750,1.4894160032272339
x3,eval,42000,1.5096380710601807
x3,eval,42250,1.4838510751724243
x3,eval,42500,1.554583191871643
x3,eval,42750,1.5166465044021606
x3,eval,43000,1.4819797277450562
x3,eval,43250,1.5211589336395264
x3,eval,43500,1.513222336769104
x3,eval,43750,1.5304335355758667
x3,eval,44000,1.4881128072738647
x3,eval,44250,1.5432238578796387
x3,eval,44500,1.5122913122177124
x3,eval,44750,1.5498396158218384
x3,eval,45000,1.5117344856262207
x3,eval,45250,1.5580976009368896
x3,eval,45500,1.5280323028564453
x3,eval,45750,1.4936025142669678
x3,eval,46000,1.5519297122955322
x3,eval,46250,1.5276265144348145
x3,eval,46500,1.5453890562057495
x3,eval,46750,1.515797734260559
x3,eval,47000,1.5528019666671753
x3,eval,47250,1.5158629417419434
x3,eval,47500,1.560028076171875
x3,eval,47750,1.5258464813232422
x3,eval,48000,1.557492971420288
x3,eval,48250,1.5541092157363892
x3,eval,48500,1.5305345058441162
x3,eval,48750,1.5310556888580322
x3,eval,49000,1.5351330041885376
x3,eval,49250,1.5772393941879272
x3,eval,49500,1.529773235321045
x3,eval,49750,1.5697150230407715
x3,eval,50000,1.5334343910217285
x3,eval,50250,1.5971722602844238
x3,eval,50500,1.5563117265701294
x3,eval,50750,1.5861443281173706
x3,eval,51000,1.5677558183670044
x3,eval,51250,1.5453702211380005
x3,eval,51500,1.5882693529129028
x3,eval,51750,1.5432720184326172
x3,eval,52000,1.58676278591156
x3,eval,52250,1.5682882070541382
x3,eval,52500,1.58696448802948
x3,eval,52750,1.5763651132583618
x3,eval,53000,1.6010388135910034
x3,eval,53250,1.5736289024353027
x3,eval,53500,1.610371708869934
x3,eval,53750,1.5886709690093994
x3,eval,54000,1.543141484260559
x3,eval,54250,1.593416690826416
x3,eval,54500,1.5820198059082031
x3,eval,54750,1.6067363023757935
x3,eval,55000,1.5876364707946777
x3,eval,55250,1.6133496761322021
x3,eval,55500,1.6013550758361816
x3,eval,55750,1.6361924409866333
x3,eval,56000,1.612040638923645
x3,eval,56250,1.6171272993087769
x3,eval,56500,1.5987004041671753
x3,eval,56750,1.582873821258545
x3,eval,57000,1.6160746812820435
x3,eval,57250,1.5934562683105469
x3,eval,57500,1.6218304634094238
x3,eval,57750,1.6042324304580688
x3,eval,58000,1.6350288391113281
x3,eval,58250,1.6358673572540283
x3,eval,58500,1.6403967142105103
x3,eval,58750,1.6279226541519165
x3,eval,59000,1.6359004974365234
x3,eval,59250,1.6415622234344482
x3,eval,59500,1.6150660514831543
x3,eval,59750,1.650913953781128
x3,eval,60000,1.645511269569397
x3,eval,60250,1.6416642665863037
x3,eval,60500,1.6161556243896484
x3,eval,60750,1.67051362991333
x3,eval,61000,1.635000228881836
x3,eval,61250,1.669797420501709
x3,eval,61500,1.6511529684066772
x3,eval,61750,1.6439694166183472
x3,eval,62000,1.6794686317443848
x3,eval,62250,1.65411376953125
x3,eval,62500,1.6659246683120728
x3,eval,62750,1.6643673181533813
x3,eval,63000,1.718960165977478
x3,eval,63250,1.6865406036376953
x3,eval,63500,1.7075389623641968
x3,eval,63750,1.66707444190979
x3,eval,64000,1.7288222312927246
x3,eval,64250,1.6732653379440308
x3,eval,64500,1.6659555435180664
x3,eval,64750,1.6798348426818848
x3,eval,65000,1.678642988204956
x3,eval,65250,1.7232950925827026
x3,eval,65500,1.6867468357086182
x3,eval,65750,1.733667016029358
x3,eval,66000,1.7137987613677979
x3,eval,66250,1.7609310150146484
x3,eval,66500,1.7376469373703003
x3,eval,66750,1.761368751525879
x3,eval,67000,1.7341687679290771
x3,eval,67250,1.7045032978057861
x3,eval,67500,1.726378321647644
x3,eval,67750,1.7293992042541504
x3,eval,68000,1.7378199100494385
x3,eval,68250,1.7308155298233032
x3,eval,68500,1.779959797859192
x3,eval,68750,1.7131861448287964
x3,eval,69000,1.789288878440857
x3,eval,69250,1.7392946481704712
x3,eval,69500,1.8036504983901978
x3,eval,69750,1.7987431287765503
x3,eval,70000,1.737613558769226
x3,eval,70250,1.7774161100387573
x3,eval,70500,1.7737948894500732
x3,eval,70750,1.8117351531982422
x3,eval,71000,1.7641178369522095
x3,eval,71250,1.797648549079895
x3,eval,71500,1.7945327758789062
x3,eval,71750,1.8463140726089478
x3,eval,72000,1.7976093292236328
x3,eval,72250,1.8459478616714478
x3,eval,72500,1.80356764793396
x3,eval,72750,1.7791938781738281
x3,eval,73000,1.8331489562988281
x3,eval,73250,1.8133727312088013
x3,eval,73500,1.8396157026290894
x3,eval,73750,1.810060739517212
x3,eval,74000,1.8772358894348145
x3,eval,74250,1.8169331550598145
x3,eval,74500,1.8709468841552734
x3,eval,74750,1.8485474586486816
x3,eval,75000,1.85001540184021
x3,eval,75250,1.8848538398742676
x3,eval,75500,1.8521060943603516
x3,eval,75750,1.8696115016937256
x3,eval,76000,1.845316767692566
x3,eval,76250,1.870232105255127
x3,eval,76500,1.8523633480072021
x3,eval,76750,1.9163451194763184
x3,eval,77000,1.883342981338501
x3,eval,77250,1.92768394947052
x3,eval,77500,1.8989824056625366
x3,eval,77750,1.9219727516174316
x3,eval,78000,1.9095711708068848
x3,eval,78250,1.8766961097717285
x3,eval,78500,1.93353271484375
x3,eval,78750,1.904041051864624
x3,eval,79000,1.9528977870941162
x3,eval,79250,1.9251437187194824
x3,eval,79500,1.9721781015396118
x3,eval,79750,1.923258900642395
x3,eval,80000,1.9622516632080078
x3,eval,80250,1.9502451419830322
x3,eval,80500,1.970380187034607
x3,eval,80750,1.9630258083343506
x3,eval,81000,1.9464579820632935
x3,eval,81250,1.9837534427642822
x3,eval,81500,1.9539839029312134
x3,eval,81750,2.0112297534942627
x3,eval,82000,1.9626821279525757
x3,eval,82250,2.0087342262268066
x3,eval,82500,2.0051469802856445
x3,eval,82750,2.0197389125823975
x3,eval,83000,2.0112061500549316
x3,eval,83250,1.9687402248382568
x3,eval,83500,2.0213234424591064
x3,eval,83750,2.025679588317871
x3,eval,84000,2.06331729888916
x3,eval,84250,1.99947988986969
x3,eval,84500,2.0656864643096924
x3,eval,84750,2.0231058597564697
x3,eval,85000,2.0728912353515625
x3,eval,85250,2.042891263961792
x3,eval,85500,2.085132598876953
x3,eval,85750,2.0775527954101562
x3,eval,86000,2.059891700744629
x3,eval,86250,2.092588424682617
x3,eval,86500,2.0572919845581055
x3,eval,86750,2.1329643726348877
x3,eval,87000,2.0874550342559814
x3,eval,87250,2.122325897216797
x3,eval,87500,2.116814613342285
x3,eval,87750,2.1258773803710938
x3,eval,88000,2.1158108711242676
x3,eval,88250,2.164154052734375
x3,eval,88500,2.1338858604431152
x3,eval,88750,2.12886381149292
x3,eval,89000,2.1560354232788086
x3,eval,89250,2.1466987133026123
x3,eval,89500,2.1711947917938232
x3,eval,89750,2.1403956413269043
x3,eval,90000,2.1953256130218506
x3,eval,90250,2.1561851501464844
x3,eval,90500,2.203866481781006
x3,eval,90750,2.189208745956421
x3,eval,91000,2.218634843826294
x3,eval,91250,2.1946182250976562
x3,eval,91500,2.193044424057007
x3,eval,91750,2.237262725830078
x3,eval,92000,2.1943891048431396
x3,eval,92250,2.2303192615509033
x3,eval,92500,2.2446415424346924
x3,eval,92750,2.235663890838623
x3,eval,93000,2.2523205280303955
x3,eval,93250,2.267953634262085
x3,eval,93500,2.2723920345306396
x3,eval,93750,2.27331280708313
x3,eval,94000,2.284667491912842
x3,eval,94250,2.257302761077881
x3,eval,94500,2.326286792755127
x3,eval,94750,2.280510187149048
x3,eval,95000,2.319103240966797
x3,eval,95250,2.306969165802002
x3,eval,95500,2.2993035316467285
x3,eval,95750,2.315117359161377
x3,eval,96000,2.330718517303467
x3,eval,96250,2.3359835147857666
x3,eval,96500,2.3406741619110107
x3,eval,96750,2.3668019771575928
x3,eval,97000,2.346853017807007
x3,eval,97250,2.3768458366394043
x3,eval,97500,2.3377394676208496
x3,eval,97750,2.4068000316619873
x3,eval,98000,2.372960090637207
x3,eval,98250,2.3983869552612305
x3,eval,98500,2.3915963172912598
x3,eval,98750,2.41957950592041
x3,eval,99000,2.417663335800171
x3,eval,99250,2.4166743755340576
x3,eval,99500,2.4273247718811035
x3,eval,99750,2.4396376609802246
x3,eval,100000,2.4257729053497314
x3,eval,100250,2.4326558113098145
x3,eval,100500,2.4605000019073486
x3,eval,100750,2.4547436237335205
x3,eval,101000,2.480144500732422
x3,eval,101250,2.4615602493286133
x3,eval,101500,2.478390693664551
x3,eval,101750,2.4879207611083984
x3,eval,102000,2.4802968502044678
x3,eval,102250,2.4816370010375977
x3,eval,102500,2.490252733230591
x3,eval,102750,2.509140729904175
x3,eval,103000,2.4981229305267334
x3,eval,103250,2.521920919418335
x3,eval,103500,2.5080928802490234
x3,eval,103750,2.524545192718506
x3,eval,104000,2.521517276763916
x3,eval,104250,2.543771982192993
x3,eval,104500,2.528477907180786
x3,eval,104750,2.5461061000823975
x3,eval,105000,2.5478532314300537
x3,eval,105250,2.5565381050109863
x3,eval,105500,2.5666513442993164
x3,eval,105750,2.563227891921997
x3,eval,106000,2.5697782039642334
x3,eval,106250,2.5707309246063232
x3,eval,106500,2.5717029571533203
x3,eval,106750,2.586000680923462
x3,eval,107000,2.5856080055236816
x3,eval,107250,2.574934959411621
x3,eval,107500,2.5857858657836914
x3,eval,107750,2.6066038608551025
x3,eval,108000,2.594940662384033
x3,eval,108250,2.608154296875
x3,eval,108500,2.5982301235198975
x3,eval,108750,2.615865468978882
x3,eval,109000,2.6107423305511475
x3,eval,109250,2.6100234985351562
x3,eval,109500,2.624464511871338
x3,eval,109750,2.62927508354187
x3,eval,110000,2.626447916030884
x3,eval,110250,2.6278011798858643
x3,eval,110500,2.6360180377960205
x3,eval,110750,2.6304092407226562
x3,eval,111000,2.640394449234009
x3,eval,111250,2.634012460708618
x3,eval,111500,2.6427924633026123
x3,eval,111750,2.6472928524017334
x3,eval,112000,2.653733253479004
x3,eval,112250,2.6501994132995605
x3,eval,112500,2.6517043113708496
x3,eval,112750,2.6553943157196045
x3,eval,113000,2.649893045425415
x3,eval,113250,2.656543254852295
x3,eval,113500,2.6555986404418945
x3,eval,113750,2.664585828781128
x3,eval,114000,2.661743402481079
x3,eval,114250,2.661228656768799
x3,eval,114500,2.662240743637085
x3,eval,114750,2.662849187850952
x3,eval,115000,2.6679906845092773
x3,eval,115250,2.6658780574798584
x3,eval,115500,2.6709752082824707
x3,eval,115750,2.668165445327759
x3,eval,116000,2.6702799797058105
x3,eval,116250,2.669074296951294
x3,eval,116500,2.672334671020508
x3,eval,116750,2.6708974838256836
x3,eval,117000,2.6727349758148193
x3,eval,117250,2.67358136177063
x3,eval,117500,2.6725926399230957
x3,eval,117750,2.672816276550293
x3,eval,118000,2.673288345336914
x3,eval,118250,2.674165725708008
x3,eval,118500,2.6732072830200195
x3,eval,118750,2.6734864711761475
x3,eval,119000,2.673602342605591
x3,eval,119250,2.6739397048950195
x3,eval,119500,2.674042224884033
x3,eval,119750,2.6738569736480713
x3,eval,120000,1.159008502960205
x4,train,50,3.6906304359436035
x4,train,100,2.8571951389312744
x4,train,150,2.605257987976074
x4,train,200,2.5179967880249023
x4,train,250,2.4591269493103027
x4,train,300,2.4168574810028076
x4,train,350,2.38594651222229
x4,train,400,2.3471016883850098
x4,train,450,2.3204848766326904
x4,train,500,2.2975902557373047
x4,train,550,2.263336420059204
x4,train,600,2.2453739643096924
x4,train,650,2.210895538330078
x4,train,700,2.193253993988037
x4,train,750,2.154994249343872
x4,train,800,2.1457905769348145
x4,train,850,2.1107301712036133
x4,train,900,2.064049005508423
x4,train,950,2.0364887714385986
x4,train,1000,2.0082061290740967
x4,train,1050,1.97029709815979
x4,train,1100,1.9403718709945679
x4,train,1150,1.9150639772415161
x4,train,1200,1.8971856832504272
x4,train,1250,1.8601161241531372
x4,train,1300,1.8465979099273682
x4,train,1350,1.8303580284118652
x4,train,1400,1.8186826705932617
x4,train,1450,1.7983952760696411
x4,train,1500,1.7808793783187866
x4,train,1550,1.7773504257202148
x4,train,1600,1.7530559301376343
x4,train,1650,1.7529358863830566
x4,train,1700,1.731459379196167
x4,train,1750,1.706969141960144
x4,train,1800,1.7004345655441284
x4,train,1850,1.699388861656189
x4,train,1900,1.6954437494277954
x4,train,1950,1.6762467622756958
x4,train,2000,1.6604212522506714
x4,train,2050,1.648857593536377
x4,train,2100,1.6446678638458252
x4,train,2150,1.6418745517730713
x4,train,2200,1.6427847146987915
x4,train,2250,1.623567819595337
x4,train,2300,1.6283752918243408
x4,train,2350,1.6178691387176514
x4,train,2400,1.6186686754226685
x4,train,2450,1.610897421836853
x4,train,2500,1.6056629419326782
x4,train,2550,1.6005141735076904
x4,train,2600,1.5922847986221313
x4,train,2650,1.601362705230713
x4,train,2700,1.586058497428894
x4,train,2750,1.5890591144561768
x4,train,2800,1.5776301622390747
x4,train,2850,1.5771002769470215
x4,train,2900,1.5869622230529785
x4,train,2950,1.5684564113616943
x4,train,3000,1.577555537223816
x4,train,3050,1.5639441013336182
x4,train,3100,1.5712416172027588
x4,train,3150,1.5707592964172363
x4,train,3200,1.5584211349487305
x4,train,3250,1.5586559772491455
x4,train,3300,1.5647739171981812
x4,train,3350,1.5590336322784424
x4,train,3400,1.5592025518417358
x4,train,3450,1.5466532707214355
x4,train,3500,1.5578693151474
x4,train,3550,1.548326015472412
x4,train,3600,1.556402325630188
x4,train,3650,1.553807020187378
x4,train,3700,1.542982578277588
x4,train,3750,1.5443578958511353
x4,train,3800,1.5471562147140503
x4,train,3850,1.550958514213562
x4,train,3900,1.5426334142684937
x4,train,3950,1.5402302742004395
x4,train,4000,1.5407437086105347
x4,train,4050,1.5394134521484375
x4,train,4100,1.544392704963684
x4,train,4150,1.5348542928695679
x4,train,4200,1.5388561487197876
x4,train,4250,1.536208152770996
x4,train,4300,1.5434778928756714
x4,train,4350,1.5307964086532593
x4,train,4400,1.5264261960983276
x4,train,4450,1.5332599878311157
x4,train,4500,1.5340051651000977
x4,train,4550,1.5306190252304077
x4,train,4600,1.5308419466018677
x4,train,4650,1.5262901782989502
x4,train,4700,1.52176833152771
x4,train,4750,1.5290871858596802
x4,train,4800,1.5292434692382812
x4,train,4850,1.5331629514694214
x4,train,4900,1.5242760181427002
x4,train,4950,1.5221322774887085
x4,train,5000,1.527001142501831
x4,train,5050,1.5306209325790405
x4,train,5100,1.5193954706192017
x4,train,5150,1.5225344896316528
x4,train,5200,1.5240869522094727
x4,train,5250,1.5243552923202515
x4,train,5300,1.5209534168243408
x4,train,5350,1.514799952507019
x4,train,5400,1.522566318511963
x4,train,5450,1.5230544805526733
x4,train,5500,1.5201839208602905
x4,train,5550,1.5216593742370605
x4,train,5600,1.5179266929626465
x4,train,5650,1.5135407447814941
x4,train,5700,1.5155272483825684
x4,train,5750,1.5172913074493408
x4,train,5800,1.5216612815856934
x4,train,5850,1.5093365907669067
x4,train,5900,1.5204740762710571
x4,train,5950,1.5149000883102417
x4,train,6000,1.5167036056518555
x4,train,6050,1.5153439044952393
x4,train,6100,1.5083611011505127
x4,train,6150,1.5165600776672363
x4,train,6200,1.5101689100265503
x4,train,6250,1.5080522298812866
x4,train,6300,1.518417239189148
x4,train,6350,1.5050857067108154
x4,train,6400,1.512719750404358
x4,train,6450,1.511784553527832
x4,train,6500,1.5143753290176392
x4,train,6550,1.509652853012085
x4,train,6600,1.507719874382019
x4,train,6650,1.510347604751587
x4,train,6700,1.5102894306182861
x4,train,6750,1.5090222358703613
x4,train,6800,1.5060337781906128
x4,train,6850,1.5082321166992188
x4,train,6900,1.5102401971817017
x4,train,6950,1.513093113899231
x4,train,7000,1.50553297996521
x4,train,7050,1.4961766004562378
x4,train,7100,1.5049618482589722
x4,train,7150,1.5113153457641602
x4,train,7200,1.5013556480407715
x4,train,7250,1.5092929601669312
x4,train,7300,1.5029683113098145
x4,train,7350,1.4970413446426392
x4,train,7400,1.5060826539993286
x4,train,7450,1.5083465576171875
x4,train,7500,1.5037970542907715
x4,train,7550,1.4973273277282715
x4,train,7600,1.5024018287658691
x4,train,7650,1.5008549690246582
x4,train,7700,1.5012065172195435
x4,train,7750,1.5045150518417358
x4,train,7800,1.4994184970855713
x4,train,7850,1.4939923286437988
x4,train,7900,1.5024540424346924
x4,train,7950,1.5058189630508423
x4,train,8000,1.4995012283325195
x4,train,8050,1.4968194961547852
x4,train,8100,1.4933998584747314
x4,train,8150,1.5018352270126343
x4,train,8200,1.5048619508743286
x4,train,8250,1.4960883855819702
x4,train,8300,1.491543173789978
x4,train,8350,1.4950467348098755
x4,train,8400,1.497453212738037
x4,train,8450,1.5024445056915283
x4,train,8500,1.4958561658859253
x4,train,8550,1.493759036064148
x4,train,8600,1.4932470321655273
x4,train,8650,1.4915244579315186
x4,train,8700,1.5032726526260376
x4,train,8750,1.4916306734085083
x4,train,8800,1.490195631980896
x4,train,8850,1.4901448488235474
x4,train,8900,1.4994361400604248
x4,train,8950,1.4959075450897217
x4,train,9000,1.4853745698928833
x4,train,9050,1.4898380041122437
x4,train,9100,1.491756796836853
x4,train,9150,1.4954572916030884
x4,train,9200,1.4975996017456055
x4,train,9250,1.486376166343689
x4,train,9300,1.4844509363174438
x4,train,9350,1.487433910369873
x4,train,9400,1.4975824356079102
x4,train,9450,1.4939383268356323
x4,train,9500,1.4814764261245728
x4,train,9550,1.486657977104187
x4,train,9600,1.49090576171875
x4,train,9650,1.4894901514053345
x4,train,9700,1.490789771080017
x4,train,9750,1.4802900552749634
x4,train,9800,1.4867079257965088
x4,train,9850,1.4876549243927002
x4,train,9900,1.4878803491592407
x4,train,9950,1.4843443632125854
x4,train,10000,1.4822179079055786
x4,train,10050,1.4801174402236938
x4,train,10100,1.4907420873641968
x4,train,10150,1.4895868301391602
x4,train,10200,1.479630708694458
x4,train,10250,1.4785531759262085
x4,train,10300,1.481449842453003
x4,train,10350,1.4878382682800293
x4,train,10400,1.4873889684677124
x4,train,10450,1.4761574268341064
x4,train,10500,1.4780470132827759
x4,train,10550,1.4830561876296997
x4,train,10600,1.4827919006347656
x4,train,10650,1.4874190092086792
x4,train,10700,1.4748367071151733
x4,train,10750,1.477933406829834
x4,train,10800,1.4772241115570068
x4,train,10850,1.4812257289886475
x4,train,10900,1.4864740371704102
x4,train,10950,1.4703046083450317
x4,train,11000,1.474419355392456
x4,train,11050,1.4809149503707886
x4,train,11100,1.4799492359161377
x4,train,11150,1.476630687713623
x4,train,11200,1.4716278314590454
x4,train,11250,1.4728403091430664
x4,train,11300,1.4737138748168945
x4,train,11350,1.482784628868103
x4,train,11400,1.4719127416610718
x4,train,11450,1.4673019647598267
x4,train,11500,1.4728102684020996
x4,train,11550,1.47856867313385
x4,train,11600,1.4757157564163208
x4,train,11650,1.4723440408706665
x4,train,11700,1.4675904512405396
x4,train,11750,1.4690126180648804
x4,train,11800,1.4770947694778442
x4,train,11850,1.4747282266616821
x4,train,11900,1.4632128477096558
x4,train,11950,1.4644891023635864
x4,train,12000,1.4709296226501465
x4,train,12050,1.4741727113723755
x4,train,12100,1.4784916639328003
x4,train,12150,1.4647637605667114
x4,train,12200,1.467946171760559
x4,train,12250,1.4664846658706665
x4,train,12300,1.4701499938964844
x4,train,12350,1.4721386432647705
x4,train,12400,1.456004023551941
x4,train,12450,1.4671717882156372
x4,train,12500,1.4655418395996094
x4,train,12550,1.4752204418182373
x4,train,12600,1.4693896770477295
x4,train,12650,1.454323172569275
x4,train,12700,1.4658061265945435
x4,train,12750,1.4657433032989502
x4,train,12800,1.4754482507705688
x4,train,12850,1.461694598197937
x4,train,12900,1.4543789625167847
x4,train,12950,1.4650896787643433
x4,train,13000,1.4676860570907593
x4,train,13050,1.4682469367980957
x4,train,13100,1.4586988687515259
x4,train,13150,1.4564945697784424
x4,train,13200,1.463771104812622
x4,train,13250,1.4672809839248657
x4,train,13300,1.4664934873580933
x4,train,13350,1.4523367881774902
x4,train,13400,1.4544730186462402
x4,train,13450,1.4604907035827637
x4,train,13500,1.4611605405807495
x4,train,13550,1.4693561792373657
x4,train,13600,1.4558045864105225
x4,train,13650,1.4534322023391724
x4,train,13700,1.4555761814117432
x4,train,13750,1.463820219039917
x4,train,13800,1.4617505073547363
x4,train,13850,1.4444535970687866
x4,train,13900,1.4577646255493164
x4,train,13950,1.4605586528778076
x4,train,14000,1.4628857374191284
x4,train,14050,1.4544594287872314
x4,train,14100,1.4493095874786377
x4,train,14150,1.4546732902526855
x4,train,14200,1.4606496095657349
x4,train,14250,1.4595054388046265
x4,train,14300,1.453676700592041
x4,train,14350,1.4435213804244995
x4,train,14400,1.455411672592163
x4,train,14450,1.4562181234359741
x4,train,14500,1.4624677896499634
x4,train,14550,1.4473614692687988
x4,train,14600,1.446291446685791
x4,train,14650,1.4495887756347656
x4,train,14700,1.4578109979629517
x4,train,14750,1.4655702114105225
x4,train,14800,1.443040132522583
x4,train,14850,1.4469600915908813
x4,train,14900,1.4467614889144897
x4,train,14950,1.4532548189163208
x4,train,15000,1.4623022079467773
x4,train,15050,1.4395992755889893
x4,train,15100,1.4466105699539185
x4,train,15150,1.4521543979644775
x4,train,15200,1.455100655555725
x4,train,15250,1.4497673511505127
x4,train,15300,1.4344067573547363
x4,train,15350,1.4443439245224
x4,train,15400,1.4486385583877563
x4,train,15450,1.453377366065979
x4,train,15500,1.4584928750991821
x4,train,15550,1.4335355758666992
x4,train,15600,1.4464211463928223
x4,train,15650,1.4490416049957275
x4,train,15700,1.4528923034667969
x4,train,15750,1.4426875114440918
x4,train,15800,1.436985731124878
x4,train,15850,1.441260814666748
x4,train,15900,1.4441397190093994
x4,train,15950,1.452734112739563
x4,train,16000,1.4448728561401367
x4,train,16050,1.4382023811340332
x4,train,16100,1.4421979188919067
x4,train,16150,1.449622631072998
x4,train,16200,1.4527637958526611
x4,train,16250,1.432877540588379
x4,train,16300,1.4357267618179321
x4,train,16350,1.447278618812561
x4,train,16400,1.4463294744491577
x4,train,16450,1.4510687589645386
x4,train,16500,1.428748607635498
x4,train,16550,1.4403767585754395
x4,train,16600,1.4470961093902588
x4,train,16650,1.4408742189407349
x4,train,16700,1.4488786458969116
x4,train,16750,1.4323360919952393
x4,train,16800,1.4388182163238525
x4,train,16850,1.4380570650100708
x4,train,16900,1.445084810256958
x4,train,16950,1.4426372051239014
x4,train,17000,1.4256678819656372
x4,train,17050,1.4367457628250122
x4,train,17100,1.4406423568725586
x4,train,17150,1.4495420455932617
x4,train,17200,1.441157579421997
x4,train,17250,1.4298030138015747
x4,train,17300,1.4341963529586792
x4,train,17350,1.4393362998962402
x4,train,17400,1.4425761699676514
x4,train,17450,1.4350008964538574
x4,train,17500,1.427339792251587
x4,train,17550,1.4349521398544312
x4,train,17600,1.4434082508087158
x4,train,17650,1.4439936876296997
x4,train,17700,1.4302668571472168
x4,train,17750,1.4328622817993164
x4,train,17800,1.43318772315979
x4,train,17850,1.4394460916519165
x4,train,17900,1.439367413520813
x4,train,17950,1.4282444715499878
x4,train,18000,1.4278367757797241
x4,train,18050,1.4316940307617188
x4,train,18100,1.4420527219772339
x4,train,18150,1.441933035850525
x4,train,18200,1.4180759191513062
x4,train,18250,1.4308693408966064
x4,train,18300,1.435166597366333
x4,train,18350,1.4391230344772339
x4,train,18400,1.4386273622512817
x4,train,18450,1.4192711114883423
x4,train,18500,1.4298022985458374
x4,train,18550,1.4320091009140015
x4,train,18600,1.440109133720398
x4,train,18650,1.4329975843429565
x4,train,18700,1.4227408170700073
x4,train,18750,1.4288017749786377
x4,train,18800,1.4362969398498535
x4,train,18850,1.4375256299972534
x4,train,18900,1.4316326379776
x4,train,18950,1.4179071187973022
x4,train,19000,1.428358554840088
x4,train,19050,1.4353675842285156
x4,train,19100,1.4407379627227783
x4,train,19150,1.4247075319290161
x4,train,19200,1.4217556715011597
x4,train,19250,1.4290521144866943
x4,train,19300,1.4307156801223755
x4,train,19350,1.4391331672668457
x4,train,19400,1.417243480682373
x4,train,19450,1.4210323095321655
x4,train,19500,1.431801199913025
x4,train,19550,1.430961012840271
x4,train,19600,1.438433051109314
x4,train,19650,1.4146637916564941
x4,train,19700,1.4240751266479492
x4,train,19750,1.4263043403625488
x4,train,19800,1.4323675632476807
x4,train,19850,1.4368813037872314
x4,train,19900,1.4118964672088623
x4,train,19950,1.423309326171875
x4,train,20000,1.4283298254013062
x4,train,20050,1.4326658248901367
x4,train,20100,1.4300580024719238
x4,train,20150,1.4097715616226196
x4,train,20200,1.4246563911437988
x4,train,20250,1.4324342012405396
x4,train,20300,1.4334940910339355
x4,train,20350,1.4230917692184448
x4,train,20400,1.4116604328155518
x4,train,20450,1.428246021270752
x4,train,20500,1.4236056804656982
x4,train,20550,1.4345810413360596
x4,train,20600,1.4214099645614624
x4,train,20650,1.4111430644989014
x4,train,20700,1.4241461753845215
x4,train,20750,1.4270179271697998
x4,train,20800,1.4314422607421875
x4,train,20850,1.4092837572097778
x4,train,20900,1.4188194274902344
x4,train,20950,1.4228386878967285
x4,train,21000,1.425012230873108
x4,train,21050,1.4320399761199951
x4,train,21100,1.4106650352478027
x4,train,21150,1.4153233766555786
x4,train,21200,1.4233392477035522
x4,train,21250,1.4323468208312988
x4,train,21300,1.4262950420379639
x4,train,21350,1.408953070640564
x4,train,21400,1.4141360521316528
x4,train,21450,1.4222887754440308
x4,train,21500,1.428188681602478
x4,train,21550,1.4279494285583496
x4,train,21600,1.4068301916122437
x4,train,21650,1.417319655418396
x4,train,21700,1.4242682456970215
x4,train,21750,1.426287055015564
x4,train,21800,1.4202402830123901
x4,train,21850,1.4088128805160522
x4,train,21900,1.4191186428070068
x4,train,21950,1.424209475517273
x4,train,22000,1.4241694211959839
x4,train,22050,1.417661190032959
x4,train,22100,1.404841661453247
x4,train,22150,1.4179413318634033
x4,train,22200,1.4221255779266357
x4,train,22250,1.4283381700515747
x4,train,22300,1.4091061353683472
x4,train,22350,1.4117573499679565
x4,train,22400,1.419663906097412
x4,train,22450,1.4244966506958008
x4,train,22500,1.4262759685516357
x4,train,22550,1.4050705432891846
x4,train,22600,1.4079923629760742
x4,train,22650,1.4152346849441528
x4,train,22700,1.4281562566757202
x4,train,22750,1.4214309453964233
x4,train,22800,1.4034713506698608
x4,train,22850,1.4117686748504639
x4,train,22900,1.4140084981918335
x4,train,22950,1.4178394079208374
x4,train,23000,1.424704909324646
x4,train,23050,1.4046980142593384
x4,train,23100,1.4082040786743164
x4,train,23150,1.4174405336380005
x4,train,23200,1.4316987991333008
x4,train,23250,1.4095582962036133
x4,train,23300,1.405453085899353
x4,train,23350,1.4151983261108398
x4,train,23400,1.41597580909729
x4,train,23450,1.4217212200164795
x4,train,23500,1.412867546081543
x4,train,23550,1.4012638330459595
x4,train,23600,1.4092988967895508
x4,train,23650,1.4197173118591309
x4,train,23700,1.4265432357788086
x4,train,23750,1.4049861431121826
x4,train,23800,1.40016770362854
x4,train,23850,1.4170588254928589
x4,train,23900,1.41860032081604
x4,train,23950,1.4231241941452026
x4,train,24000,1.4044438600540161
x4,train,24050,1.4029537439346313
x4,train,24100,1.4126434326171875
x4,train,24150,1.4204045534133911
x4,train,24200,1.4210628271102905
x4,train,24250,1.4002419710159302
x4,train,24300,1.4096771478652954
x4,train,24350,1.4162635803222656
x4,train,24400,1.4160984754562378
x4,train,24450,1.4110043048858643
x4,train,24500,1.3983312845230103
x4,train,24550,1.4027270078659058
x4,train,24600,1.4149969816207886
x4,train,24650,1.416199803352356
x4,train,24700,1.4113327264785767
x4,train,24750,1.3958746194839478
x4,train,24800,1.4099277257919312
x4,train,24850,1.413954257965088
x4,train,24900,1.4201643466949463
x4,train,24950,1.4075535535812378
x4,train,25000,1.396915078163147
x4,train,25050,1.4100139141082764
x4,train,25100,1.4151923656463623
x4,train,25150,1.4159845113754272
x4,train,25200,1.4038970470428467
x4,train,25250,1.401564598083496
x4,train,25300,1.407110333442688
x4,train,25350,1.4102778434753418
x4,train,25400,1.4182822704315186
x4,train,25450,1.3967809677124023
x4,train,25500,1.4061473608016968
x4,train,25550,1.4063159227371216
x4,train,25600,1.4120700359344482
x4,train,25650,1.4160290956497192
x4,train,25700,1.3971000909805298
x4,train,25750,1.4021623134613037
x4,train,25800,1.4076119661331177
x4,train,25850,1.4117351770401
x4,train,25900,1.4175708293914795
x4,train,25950,1.3919777870178223
x4,train,26000,1.4059032201766968
x4,train,26050,1.4067312479019165
x4,train,26100,1.4129866361618042
x4,train,26150,1.408850073814392
x4,train,26200,1.3956763744354248
x4,train,26250,1.403011679649353
x4,train,26300,1.4115381240844727
x4,train,26350,1.4118380546569824
x4,train,26400,1.4073600769042969
x4,train,26450,1.3958011865615845
x4,train,26500,1.4045305252075195
x4,train,26550,1.404064655303955
x4,train,26600,1.416832685470581
x4,train,26650,1.4027079343795776
x4,train,26700,1.396263837814331
x4,train,26750,1.4052259922027588
x4,train,26800,1.4088037014007568
x4,train,26850,1.4130192995071411
x4,train,26900,1.3929989337921143
x4,train,26950,1.3944092988967896
x4,train,27000,1.403865933418274
x4,train,27050,1.4117199182510376
x4,train,27100,1.4161261320114136
x4,train,27150,1.3901207447052002
x4,train,27200,1.398688793182373
x4,train,27250,1.4014309644699097
x4,train,27300,1.410193920135498
x4,train,27350,1.4162806272506714
x4,train,27400,1.3859726190567017
x4,train,27450,1.398474931716919
x4,train,27500,1.4072941541671753
x4,train,27550,1.4152392148971558
x4,train,27600,1.4043279886245728
x4,train,27650,1.3909863233566284
x4,train,27700,1.3992985486984253
x4,train,27750,1.4049533605575562
x4,train,27800,1.411227822303772
x4,train,27850,1.400879979133606
x4,train,27900,1.3898675441741943
x4,train,27950,1.3979885578155518
x4,train,28000,1.406734585762024
x4,train,28050,1.4129949808120728
x4,train,28100,1.399358868598938
x4,train,28150,1.3924505710601807
x4,train,28200,1.3960360288619995
x4,train,28250,1.4070581197738647
x4,train,28300,1.4133481979370117
x4,train,28350,1.3884713649749756
x4,train,28400,1.393814206123352
x4,train,28450,1.398862361907959
x4,train,28500,1.4060542583465576
x4,train,28550,1.4136661291122437
x4,train,28600,1.3861687183380127
x4,train,28650,1.3977869749069214
x4,train,28700,1.3974099159240723
x4,train,28750,1.4066542387008667
x4,train,28800,1.4098016023635864
x4,train,28850,1.3820205926895142
x4,train,28900,1.3951361179351807
x4,train,28950,1.3990321159362793
x4,train,29000,1.4052373170852661
x4,train,29050,1.4109786748886108
x4,train,29100,1.3815654516220093
x4,train,29150,1.396165370941162
x4,train,29200,1.3997021913528442
x4,train,29250,1.4076347351074219
x4,train,29300,1.3999340534210205
x4,train,29350,1.3875852823257446
x4,train,29400,1.3949317932128906
x4,train,29450,1.4021819829940796
x4,train,29500,1.4056848287582397
x4,train,29550,1.3951826095581055
x4,train,29600,1.3868353366851807
x4,train,29650,1.3950920104980469
x4,train,29700,1.4004273414611816
x4,train,29750,1.4090895652770996
x4,train,29800,1.3867682218551636
x4,train,29850,1.3921602964401245
x4,train,29900,1.3963738679885864
x4,train,29950,1.405044674873352
x4,train,30000,1.405515432357788
x4,train,30050,1.3819785118103027
x4,train,30100,1.3927210569381714
x4,train,30150,1.3976908922195435
x4,train,30200,1.3998545408248901
x4,train,30250,1.4063324928283691
x4,train,30300,1.3782219886779785
x4,train,30350,1.3884795904159546
x4,train,30400,1.3971508741378784
x4,train,30450,1.4079184532165527
x4,train,30500,1.4048278331756592
x4,train,30550,1.3838380575180054
x4,train,30600,1.387776494026184
x4,train,30650,1.3962849378585815
x4,train,30700,1.3986773490905762
x4,train,30750,1.405666708946228
x4,train,30800,1.3849002122879028
x4,train,30850,1.3908697366714478
x4,train,30900,1.3953945636749268
x4,train,30950,1.4042989015579224
x4,train,31000,1.3922022581100464
x4,train,31050,1.3822848796844482
x4,train,31100,1.3901269435882568
x4,train,31150,1.39777410030365
x4,train,31200,1.4043077230453491
x4,train,31250,1.378801703453064
x4,train,31300,1.3789176940917969
x4,train,31350,1.4023128747940063
x4,train,31400,1.3998589515686035
x4,train,31450,1.4068492650985718
x4,train,31500,1.3863862752914429
x4,train,31550,1.3826708793640137
x4,train,31600,1.3884482383728027
x4,train,31650,1.4016755819320679
x4,train,31700,1.4065368175506592
x4,train,31750,1.3783774375915527
x4,train,31800,1.3867747783660889
x4,train,31850,1.3979383707046509
x4,train,31900,1.3993934392929077
x4,train,31950,1.3984324932098389
x4,train,32000,1.3786537647247314
x4,train,32050,1.387007236480713
x4,train,32100,1.3908965587615967
x4,train,32150,1.401872158050537
x4,train,32200,1.3953349590301514
x4,train,32250,1.3835574388504028
x4,train,32300,1.3874847888946533
x4,train,32350,1.3970330953598022
x4,train,32400,1.3987340927124023
x4,train,32450,1.3852919340133667
x4,train,32500,1.3798322677612305
x4,train,32550,1.395788550376892
x4,train,32600,1.3933519124984741
x4,train,32650,1.3971257209777832
x4,train,32700,1.38470458984375
x4,train,32750,1.375319480895996
x4,train,32800,1.386242389678955
x4,train,32850,1.3992531299591064
x4,train,32900,1.4042229652404785
x4,train,32950,1.3800135850906372
x4,train,33000,1.385177493095398
x4,train,33050,1.3908621072769165
x4,train,33100,1.3936997652053833
x4,train,33150,1.399887204170227
x4,train,33200,1.3774025440216064
x4,train,33250,1.3801347017288208
x4,train,33300,1.3898556232452393
x4,train,33350,1.3952412605285645
x4,train,33400,1.3967742919921875
x4,train,33450,1.3720903396606445
x4,train,33500,1.3855546712875366
x4,train,33550,1.3906956911087036
x4,train,33600,1.3947643041610718
x4,train,33650,1.3947921991348267
x4,train,33700,1.3734294176101685
x4,train,33750,1.3815957307815552
x4,train,33800,1.391520380973816
x4,train,33850,1.3980745077133179
x4,train,33900,1.3848392963409424
x4,train,33950,1.375644326210022
x4,train,34000,1.3851417303085327
x4,train,34050,1.3931294679641724
x4,train,34100,1.3976794481277466
x4,train,34150,1.3838914632797241
x4,train,34200,1.3751626014709473
x4,train,34250,1.3865526914596558
x4,train,34300,1.3897346258163452
x4,train,34350,1.3980035781860352
x4,train,34400,1.3746757507324219
x4,train,34450,1.3758151531219482
x4,train,34500,1.385945439338684
x4,train,34550,1.3926606178283691
x4,train,34600,1.4001214504241943
x4,train,34650,1.3758832216262817
x4,train,34700,1.3769466876983643
x4,train,34750,1.3841177225112915
x4,train,34800,1.394667148590088
x4,train,34850,1.3973890542984009
x4,train,34900,1.3714004755020142
x4,train,34950,1.3814157247543335
x4,train,35000,1.3868565559387207
x4,train,35050,1.3914910554885864
x4,train,35100,1.3891823291778564
x4,train,35150,1.369936227798462
x4,train,35200,1.378942608833313
x4,train,35250,1.3841897249221802
x4,train,35300,1.3983105421066284
x4,train,35350,1.386992335319519
x4,train,35400,1.368872046470642
x4,train,35450,1.375386357307434
x4,train,35500,1.3902194499969482
x4,train,35550,1.3960644006729126
x4,train,35600,1.3843770027160645
x4,train,35650,1.3667396306991577
x4,train,35700,1.380494236946106
x4,train,35750,1.3907902240753174
x4,train,35800,1.3934646844863892
x4,train,35850,1.3743188381195068
x4,train,35900,1.3710365295410156
x4,train,35950,1.3833439350128174
x4,train,36000,1.3929781913757324
x4,train,36050,1.393223524093628
x4,train,36100,1.3665164709091187
x4,train,36150,1.3741559982299805
x4,train,36200,1.3848261833190918
x4,train,36250,1.3881614208221436
x4,train,36300,1.397011160850525
x4,train,36350,1.3679521083831787
x4,train,36400,1.3777172565460205
x4,train,36450,1.3807259798049927
x4,train,36500,1.392206072807312
x4,train,36550,1.3855541944503784
x4,train,36600,1.363831639289856
x4,train,36650,1.375586986541748
x4,train,36700,1.383020281791687
x4,train,36750,1.392305850982666
x4,train,36800,1.3844560384750366
x4,train,36850,1.3663636445999146
x4,train,36900,1.3788747787475586
x4,train,36950,1.3837312459945679
x4,train,37000,1.3887733221054077
x4,train,37050,1.3780162334442139
x4,train,37100,1.370543360710144
x4,train,37150,1.3766943216323853
x4,train,37200,1.3873291015625
x4,train,37250,1.3886539936065674
x4,train,37300,1.3704899549484253
x4,train,37350,1.370457649230957
x4,train,37400,1.3778125047683716
x4,train,37450,1.3816771507263184
x4,train,37500,1.3915066719055176
x4,train,37550,1.3668296337127686
x4,train,37600,1.3720811605453491
x4,train,37650,1.384071946144104
x4,train,37700,1.386459469795227
x4,train,37750,1.388127088546753
x4,train,37800,1.3609086275100708
x4,train,37850,1.3726322650909424
x4,train,37900,1.3806509971618652
x4,train,37950,1.3846522569656372
x4,train,38000,1.3857738971710205
x4,train,38050,1.3647189140319824
x4,train,38100,1.3755555152893066
x4,train,38150,1.3778578042984009
x4,train,38200,1.3913512229919434
x4,train,38250,1.3787182569503784
x4,train,38300,1.3677318096160889
x4,train,38350,1.369673490524292
x4,train,38400,1.3812718391418457
x4,train,38450,1.3874114751815796
x4,train,38500,1.3758326768875122
x4,train,38550,1.3652675151824951
x4,train,38600,1.3761886358261108
x4,train,38650,1.3861432075500488
x4,train,38700,1.384629726409912
x4,train,38750,1.3726288080215454
x4,train,38800,1.3662195205688477
x4,train,38850,1.3701740503311157
x4,train,38900,1.3832424879074097
x4,train,38950,1.3898773193359375
x4,train,39000,1.3650263547897339
x4,train,39050,1.3660681247711182
x4,train,39100,1.3778166770935059
x4,train,39150,1.3826932907104492
x4,train,39200,1.387201189994812
x4,train,39250,1.358789086341858
x4,train,39300,1.3714905977249146
x4,train,39350,1.3744975328445435
x4,train,39400,1.3842445611953735
x4,train,39450,1.3811792135238647
x4,train,39500,1.3583555221557617
x4,train,39550,1.3711662292480469
x4,train,39600,1.378199815750122
x4,train,39650,1.384653925895691
x4,train,39700,1.3731135129928589
x4,train,39750,1.353630781173706
x4,train,39800,1.3717135190963745
x4,train,39850,1.3834161758422852
x4,train,39900,1.3827835321426392
x4,train,39950,1.3731184005737305
x4,train,40000,1.3656742572784424
x4,train,40050,1.366698145866394
x4,train,40100,1.376257061958313
x4,train,40150,1.382490873336792
x4,train,40200,1.3704311847686768
x4,train,40250,1.362104892730713
x4,train,40300,1.3722097873687744
x4,train,40350,1.377121090888977
x4,train,40400,1.384946346282959
x4,train,40450,1.3613433837890625
x4,train,40500,1.365333914756775
x4,train,40550,1.3679887056350708
x4,train,40600,1.3793028593063354
x4,train,40650,1.3873603343963623
x4,train,40700,1.3575255870819092
x4,train,40750,1.3608094453811646
x4,train,40800,1.3778117895126343
x4,train,40850,1.3822484016418457
x4,train,40900,1.3800098896026611
x4,train,40950,1.3563470840454102
x4,train,41000,1.3636802434921265
x4,train,41050,1.375166416168213
x4,train,41100,1.3817716836929321
x4,train,41150,1.372277855873108
x4,train,41200,1.357395052909851
x4,train,41250,1.3687148094177246
x4,train,41300,1.3691538572311401
x4,train,41350,1.3804733753204346
x4,train,41400,1.3727564811706543
x4,train,41450,1.3606643676757812
x4,train,41500,1.3674529790878296
x4,train,41550,1.373914361000061
x4,train,41600,1.3759925365447998
x4,train,41650,1.3666691780090332
x4,train,41700,1.3598124980926514
x4,train,41750,1.369520664215088
x4,train,41800,1.37015700340271
x4,train,41850,1.3804785013198853
x4,train,41900,1.3647582530975342
x4,train,41950,1.3594098091125488
x4,train,42000,1.37095046043396
x4,train,42050,1.3756364583969116
x4,train,42100,1.3780856132507324
x4,train,42150,1.3569525480270386
x4,train,42200,1.3593380451202393
x4,train,42250,1.3689225912094116
x4,train,42300,1.3767470121383667
x4,train,42350,1.381319284439087
x4,train,42400,1.3475804328918457
x4,train,42450,1.3672946691513062
x4,train,42500,1.3670881986618042
x4,train,42550,1.3755418062210083
x4,train,42600,1.3784583806991577
x4,train,42650,1.357023000717163
x4,train,42700,1.3634141683578491
x4,train,42750,1.3718775510787964
x4,train,42800,1.3732359409332275
x4,train,42850,1.3675408363342285
x4,train,42900,1.3552380800247192
x4,train,42950,1.362412929534912
x4,train,43000,1.3733887672424316
x4,train,43050,1.3738726377487183
x4,train,43100,1.360083818435669
x4,train,43150,1.3539761304855347
x4,train,43200,1.3680965900421143
x4,train,43250,1.367659568786621
x4,train,43300,1.3801077604293823
x4,train,43350,1.3594834804534912
x4,train,43400,1.355398416519165
x4,train,43450,1.3666810989379883
x4,train,43500,1.3725454807281494
x4,train,43550,1.3773887157440186
x4,train,43600,1.3555004596710205
x4,train,43650,1.357651948928833
x4,train,43700,1.3685685396194458
x4,train,43750,1.369902491569519
x4,train,43800,1.3760586977005005
x4,train,43850,1.348565697669983
x4,train,43900,1.3595376014709473
x4,train,43950,1.3665651082992554
x4,train,44000,1.370694637298584
x4,train,44050,1.3736790418624878
x4,train,44100,1.349118709564209
x4,train,44150,1.358212947845459
x4,train,44200,1.3714420795440674
x4,train,44250,1.3744088411331177
x4,train,44300,1.367442011833191
x4,train,44350,1.3459395170211792
x4,train,44400,1.357659935951233
x4,train,44450,1.3681950569152832
x4,train,44500,1.3773446083068848
x4,train,44550,1.3612900972366333
x4,train,44600,1.3539196252822876
x4,train,44650,1.3594162464141846
x4,train,44700,1.3654855489730835
x4,train,44750,1.376943826675415
x4,train,44800,1.354902982711792
x4,train,44850,1.3555107116699219
x4,train,44900,1.3652843236923218
x4,train,44950,1.362536907196045
x4,train,45000,1.3754920959472656
x4,train,45050,1.3506666421890259
x4,train,45100,1.352575421333313
x4,train,45150,1.3614736795425415
x4,train,45200,1.3642573356628418
x4,train,45250,1.3787262439727783
x4,train,45300,1.3514082431793213
x4,train,45350,1.356764554977417
x4,train,45400,1.361802577972412
x4,train,45450,1.3694708347320557
x4,train,45500,1.3655914068222046
x4,train,45550,1.344183325767517
x4,train,45600,1.3564918041229248
x4,train,45650,1.3697526454925537
x4,train,45700,1.3684748411178589
x4,train,45750,1.3603118658065796
x4,train,45800,1.3448548316955566
x4,train,45850,1.3567614555358887
x4,train,45900,1.3630051612854004
x4,train,45950,1.3728634119033813
x4,train,46000,1.3610954284667969
x4,train,46050,1.3483765125274658
x4,train,46100,1.3608866930007935
x4,train,46150,1.366977334022522
x4,train,46200,1.3641363382339478
x4,train,46250,1.350317358970642
x4,train,46300,1.352708101272583
x4,train,46350,1.3587052822113037
x4,train,46400,1.3604220151901245
x4,train,46450,1.3740314245224
x4,train,46500,1.3473310470581055
x4,train,46550,1.3520938158035278
x4,train,46600,1.3589770793914795
x4,train,46650,1.366163730621338
x4,train,46700,1.3679203987121582
x4,train,46750,1.3431308269500732
x4,train,46800,1.3501391410827637
x4,train,46850,1.3609837293624878
x4,train,46900,1.3660513162612915
x4,train,46950,1.3682841062545776
x4,train,47000,1.3416639566421509
x4,train,47050,1.3526220321655273
x4,train,47100,1.3619838953018188
x4,train,47150,1.3654781579971313
x4,train,47200,1.360152006149292
x4,train,47250,1.3436354398727417
x4,train,47300,1.3559356927871704
x4,train,47350,1.357812762260437
x4,train,47400,1.3616408109664917
x4,train,47450,1.3625929355621338
x4,train,47500,1.3431755304336548
x4,train,47550,1.3520269393920898
x4,train,47600,1.361210823059082
x4,train,47650,1.3679323196411133
x4,train,47700,1.349906325340271
x4,train,47750,1.3462566137313843
x4,train,47800,1.3521065711975098
x4,train,47850,1.3646866083145142
x4,train,47900,1.363793134689331
x4,train,47950,1.3461623191833496
x4,train,48000,1.3432626724243164
x4,train,48050,1.3528615236282349
x4,train,48100,1.3610955476760864
x4,train,48150,1.3699116706848145
x4,train,48200,1.339369535446167
x4,train,48250,1.3486566543579102
x4,train,48300,1.3565253019332886
x4,train,48350,1.3629794120788574
x4,train,48400,1.3655139207839966
x4,train,48450,1.3340507745742798
x4,train,48500,1.3497307300567627
x4,train,48550,1.3567192554473877
x4,train,48600,1.367843508720398
x4,train,48650,1.3569570779800415
x4,train,48700,1.3345458507537842
x4,train,48750,1.3441097736358643
x4,train,48800,1.3637478351593018
x4,train,48850,1.3634114265441895
x4,train,48900,1.3534241914749146
x4,train,48950,1.3344513177871704
x4,train,49000,1.353388786315918
x4,train,49050,1.3579013347625732
x4,train,49100,1.3612165451049805
x4,train,49150,1.3475995063781738
x4,train,49200,1.3398915529251099
x4,train,49250,1.3504539728164673
x4,train,49300,1.3602266311645508
x4,train,49350,1.3636490106582642
x4,train,49400,1.3471814393997192
x4,train,49450,1.3423036336898804
x4,train,49500,1.3482898473739624
x4,train,49550,1.3584623336791992
x4,train,49600,1.364249587059021
x4,train,49650,1.338415265083313
x4,train,49700,1.3439570665359497
x4,train,49750,1.3497803211212158
x4,train,49800,1.3571178913116455
x4,train,49850,1.3644055128097534
x4,train,49900,1.3351936340332031
x4,train,49950,1.3446394205093384
x4,train,50000,1.352026343345642
x4,train,50050,1.3542187213897705
x4,train,50100,1.358095407485962
x4,train,50150,1.3331389427185059
x4,train,50200,1.3459904193878174
x4,train,50250,1.3536425828933716
x4,train,50300,1.3563729524612427
x4,train,50350,1.3538703918457031
x4,train,50400,1.3366328477859497
x4,train,50450,1.344721794128418
x4,train,50500,1.352869987487793
x4,train,50550,1.356056571006775
x4,train,50600,1.3465335369110107
x4,train,50650,1.3409652709960938
x4,train,50700,1.345535397529602
x4,train,50750,1.3548362255096436
x4,train,50800,1.358393907546997
x4,train,50850,1.342699408531189
x4,train,50900,1.3373321294784546
x4,train,50950,1.3470507860183716
x4,train,51000,1.3601922988891602
x4,train,51050,1.3548659086227417
x4,train,51100,1.3369938135147095
x4,train,51150,1.340795636177063
x4,train,51200,1.3519220352172852
x4,train,51250,1.3529143333435059
x4,train,51300,1.3585844039916992
x4,train,51350,1.3299086093902588
x4,train,51400,1.3386502265930176
x4,train,51450,1.3477599620819092
x4,train,51500,1.3558775186538696
x4,train,51550,1.3553787469863892
x4,train,51600,1.333563208580017
x4,train,51650,1.338606595993042
x4,train,51700,1.3468414545059204
x4,train,51750,1.3592171669006348
x4,train,51800,1.3459739685058594
x4,train,51850,1.325648307800293
x4,train,51900,1.3463377952575684
x4,train,51950,1.3524748086929321
x4,train,52000,1.3517054319381714
x4,train,52050,1.3463995456695557
x4,train,52100,1.3292523622512817
x4,train,52150,1.343069314956665
x4,train,52200,1.3509701490402222
x4,train,52250,1.3537043333053589
x4,train,52300,1.3444623947143555
x4,train,52350,1.3357534408569336
x4,train,52400,1.3447766304016113
x4,train,52450,1.3459779024124146
x4,train,52500,1.3550376892089844
x4,train,52550,1.3291903734207153
x4,train,52600,1.3345028162002563
x4,train,52650,1.3451999425888062
x4,train,52700,1.3519103527069092
x4,train,52750,1.3581123352050781
x4,train,52800,1.3295782804489136
x4,train,52850,1.336279273033142
x4,train,52900,1.3423478603363037
x4,train,52950,1.3548309803009033
x4,train,53000,1.3529456853866577
x4,train,53050,1.3246890306472778
x4,train,53100,1.3404133319854736
x4,train,53150,1.344104290008545
x4,train,53200,1.3495728969573975
x4,train,53250,1.3441369533538818
x4,train,53300,1.3273698091506958
x4,train,53350,1.338432788848877
x4,train,53400,1.3488872051239014
x4,train,53450,1.353073239326477
x4,train,53500,1.3421096801757812
x4,train,53550,1.3332525491714478
x4,train,53600,1.3383032083511353
x4,train,53650,1.343895435333252
x4,train,53700,1.3456758260726929
x4,train,53750,1.3390872478485107
x4,train,53800,1.330666184425354
x4,train,53850,1.3381590843200684
x4,train,53900,1.345322847366333
x4,train,53950,1.3519419431686401
x4,train,54000,1.3281108140945435
x4,train,54050,1.3286945819854736
x4,train,54100,1.3423734903335571
x4,train,54150,1.3505332469940186
x4,train,54200,1.3501640558242798
x4,train,54250,1.3220281600952148
x4,train,54300,1.3337804079055786
x4,train,54350,1.3416584730148315
x4,train,54400,1.3432673215866089
x4,train,54450,1.3552415370941162
x4,train,54500,1.3205832242965698
x4,train,54550,1.332485556602478
x4,train,54600,1.3425185680389404
x4,train,54650,1.34441339969635
x4,train,54700,1.347109079360962
x4,train,54750,1.3177590370178223
x4,train,54800,1.3407902717590332
x4,train,54850,1.3473659753799438
x4,train,54900,1.344536304473877
x4,train,54950,1.3386166095733643
x4,train,55000,1.321791648864746
x4,train,55050,1.3392271995544434
x4,train,55100,1.3439980745315552
x4,train,55150,1.3472340106964111
x4,train,55200,1.3298753499984741
x4,train,55250,1.3237498998641968
x4,train,55300,1.3402018547058105
x4,train,55350,1.3418076038360596
x4,train,55400,1.3477472066879272
x4,train,55450,1.3267483711242676
x4,train,55500,1.3279942274093628
x4,train,55550,1.3352633714675903
x4,train,55600,1.3430092334747314
x4,train,55650,1.3478831052780151
x4,train,55700,1.3230242729187012
x4,train,55750,1.3244826793670654
x4,train,55800,1.3372485637664795
x4,train,55850,1.345595121383667
x4,train,55900,1.3479176759719849
x4,train,55950,1.3167110681533813
x4,train,56000,1.3247871398925781
x4,train,56050,1.3368325233459473
x4,train,56100,1.3443928956985474
x4,train,56150,1.3446829319000244
x4,train,56200,1.3188526630401611
x4,train,56250,1.3245166540145874
x4,train,56300,1.3386555910110474
x4,train,56350,1.3435288667678833
x4,train,56400,1.337485909461975
x4,train,56450,1.3227035999298096
x4,train,56500,1.3363728523254395
x4,train,56550,1.335353970527649
x4,train,56600,1.3403986692428589
x4,train,56650,1.3312056064605713
x4,train,56700,1.3199924230575562
x4,train,56750,1.3312430381774902
x4,train,56800,1.3384263515472412
x4,train,56850,1.3435492515563965
x4,train,56900,1.328088641166687
x4,train,56950,1.322810411453247
x4,train,57000,1.3258932828903198
x4,train,57050,1.338462233543396
x4,train,57100,1.3488519191741943
x4,train,57150,1.3219523429870605
x4,train,57200,1.3225294351577759
x4,train,57250,1.3307335376739502
x4,train,57300,1.341405987739563
x4,train,57350,1.3422596454620361
x4,train,57400,1.3151342868804932
x4,train,57450,1.3254929780960083
x4,train,57500,1.3325177431106567
x4,train,57550,1.339341163635254
x4,train,57600,1.343459129333496
x4,train,57650,1.3131942749023438
x4,train,57700,1.3266398906707764
x4,train,57750,1.3340480327606201
x4,train,57800,1.3433200120925903
x4,train,57850,1.32941472530365
x4,train,57900,1.3185237646102905
x4,train,57950,1.3273512125015259
x4,train,58000,1.3341654539108276
x4,train,58050,1.3400212526321411
x4,train,58100,1.3270225524902344
x4,train,58150,1.312556266784668
x4,train,58200,1.3271960020065308
x4,train,58250,1.3316878080368042
x4,train,58300,1.3470451831817627
x4,train,58350,1.3199354410171509
x4,train,58400,1.3231216669082642
x4,train,58450,1.3280616998672485
x4,train,58500,1.3364379405975342
x4,train,58550,1.3379980325698853
x4,train,58600,1.3233779668807983
x4,train,58650,1.3157339096069336
x4,train,58700,1.3298629522323608
x4,train,58750,1.3349037170410156
x4,train,58800,1.3384296894073486
x4,train,58850,1.312750220298767
x4,train,58900,1.3205654621124268
x4,train,58950,1.3253898620605469
x4,train,59000,1.3361738920211792
x4,train,59050,1.3387653827667236
x4,train,59100,1.3115570545196533
x4,train,59150,1.3176497220993042
x4,train,59200,1.3311042785644531
x4,train,59250,1.3341984748840332
x4,train,59300,1.3331087827682495
x4,train,59350,1.3071216344833374
x4,train,59400,1.3250786066055298
x4,train,59450,1.330668330192566
x4,train,59500,1.3323042392730713
x4,train,59550,1.3285856246948242
x4,train,59600,1.3146073818206787
x4,train,59650,1.323105812072754
x4,train,59700,1.3318496942520142
x4,train,59750,1.331885576248169
x4,train,59800,1.322516679763794
x4,train,59850,1.3108932971954346
x4,train,59900,1.3159568309783936
x4,train,59950,1.329217791557312
x4,train,60000,1.3407272100448608
x4,train,60050,1.319586157798767
x4,train,60100,1.3125886917114258
x4,train,60150,1.3188154697418213
x4,train,60200,1.3294196128845215
x4,train,60250,1.3428913354873657
x4,train,60300,1.3062012195587158
x4,train,60350,1.3179914951324463
x4,train,60400,1.3252731561660767
x4,train,60450,1.332471489906311
x4,train,60500,1.3349589109420776
x4,train,60550,1.3046159744262695
x4,train,60600,1.3209728002548218
x4,train,60650,1.3237409591674805
x4,train,60700,1.3311514854431152
x4,train,60750,1.328467845916748
x4,train,60800,1.3023031949996948
x4,train,60850,1.318068504333496
x4,train,60900,1.3315831422805786
x4,train,60950,1.330382227897644
x4,train,61000,1.3227812051773071
x4,train,61050,1.3095448017120361
x4,train,61100,1.3203016519546509
x4,train,61150,1.326391577720642
x4,train,61200,1.3279131650924683
x4,train,61250,1.3198001384735107
x4,train,61300,1.3081647157669067
x4,train,61350,1.3186273574829102
x4,train,61400,1.327417016029358
x4,train,61450,1.3323320150375366
x4,train,61500,1.3146628141403198
x4,train,61550,1.3097208738327026
x4,train,61600,1.318286418914795
x4,train,61650,1.3261570930480957
x4,train,61700,1.3310028314590454
x4,train,61750,1.314646601676941
x4,train,61800,1.3116955757141113
x4,train,61850,1.3212649822235107
x4,train,61900,1.3233565092086792
x4,train,61950,1.3296934366226196
x4,train,62000,1.3013921976089478
x4,train,62050,1.3149020671844482
x4,train,62100,1.325273871421814
x4,train,62150,1.3222448825836182
x4,train,62200,1.3257554769515991
x4,train,62250,1.3035378456115723
x4,train,62300,1.3159559965133667
x4,train,62350,1.3125336170196533
x4,train,62400,1.3275632858276367
x4,train,62450,1.323418140411377
x4,train,62500,1.3040366172790527
x4,train,62550,1.3134651184082031
x4,train,62600,1.3257441520690918
x4,train,62650,1.325874924659729
x4,train,62700,1.3076399564743042
x4,train,62750,1.3040831089019775
x4,train,62800,1.3128401041030884
x4,train,62850,1.3274726867675781
x4,train,62900,1.3300050497055054
x4,train,62950,1.3005982637405396
x4,train,63000,1.3053877353668213
x4,train,63050,1.3130860328674316
x4,train,63100,1.3252557516098022
x4,train,63150,1.3293572664260864
x4,train,63200,1.3053512573242188
x4,train,63250,1.3058345317840576
x4,train,63300,1.3177769184112549
x4,train,63350,1.3282949924468994
x4,train,63400,1.3238427639007568
x4,train,63450,1.2968591451644897
x4,train,63500,1.3050436973571777
x4,train,63550,1.3198317289352417
x4,train,63600,1.3218779563903809
x4,train,63650,1.325218915939331
x4,train,63700,1.2970290184020996
x4,train,63750,1.309116005897522
x4,train,63800,1.315163016319275
x4,train,63850,1.3215065002441406
x4,train,63900,1.3193823099136353
x4,train,63950,1.2971385717391968
x4,train,64000,1.3081440925598145
x4,train,64050,1.319701075553894
x4,train,64100,1.3244215250015259
x4,train,64150,1.3089385032653809
x4,train,64200,1.2964134216308594
x4,train,64250,1.3116388320922852
x4,train,64300,1.319919466972351
x4,train,64350,1.3259409666061401
x4,train,64400,1.3033874034881592
x4,train,64450,1.297365427017212
x4,train,64500,1.3116233348846436
x4,train,64550,1.3224635124206543
x4,train,64600,1.3230900764465332
x4,train,64650,1.2987208366394043
x4,train,64700,1.3040484189987183
x4,train,64750,1.3130167722702026
x4,train,64800,1.314732313156128
x4,train,64850,1.322342872619629
x4,train,64900,1.3009272813796997
x4,train,64950,1.3076286315917969
x4,train,65000,1.3098448514938354
x4,train,65050,1.3143101930618286
x4,train,65100,1.3205537796020508
x4,train,65150,1.2897201776504517
x4,train,65200,1.304381251335144
x4,train,65250,1.312913417816162
x4,train,65300,1.3202297687530518
x4,train,65350,1.3128843307495117
x4,train,65400,1.3016810417175293
x4,train,65450,1.3004231452941895
x4,train,65500,1.3148876428604126
x4,train,65550,1.3145365715026855
x4,train,65600,1.3116981983184814
x4,train,65650,1.2908838987350464
x4,train,65700,1.3045659065246582
x4,train,65750,1.3131130933761597
x4,train,65800,1.3191760778427124
x4,train,65850,1.307804822921753
x4,train,65900,1.2964898347854614
x4,train,65950,1.3097790479660034
x4,train,66000,1.3117947578430176
x4,train,66050,1.3146029710769653
x4,train,66100,1.2992467880249023
x4,train,66150,1.297776222229004
x4,train,66200,1.3062766790390015
x4,train,66250,1.3119992017745972
x4,train,66300,1.3180100917816162
x4,train,66350,1.287516474723816
x4,train,66400,1.2990787029266357
x4,train,66450,1.3101837635040283
x4,train,66500,1.3132563829421997
x4,train,66550,1.3184220790863037
x4,train,66600,1.2847578525543213
x4,train,66650,1.2981328964233398
x4,train,66700,1.303399682044983
x4,train,66750,1.3188787698745728
x4,train,66800,1.3175584077835083
x4,train,66850,1.2900100946426392
x4,train,66900,1.2995072603225708
x4,train,66950,1.3063238859176636
x4,train,67000,1.314418077468872
x4,train,67050,1.3014991283416748
x4,train,67100,1.2940189838409424
x4,train,67150,1.3009834289550781
x4,train,67200,1.3086419105529785
x4,train,67250,1.3142035007476807
x4,train,67300,1.2999610900878906
x4,train,67350,1.2938947677612305
x4,train,67400,1.3011765480041504
x4,train,67450,1.304923415184021
x4,train,67500,1.3158067464828491
x4,train,67550,1.293246865272522
x4,train,67600,1.2990498542785645
x4,train,67650,1.3025290966033936
x4,train,67700,1.3062351942062378
x4,train,67750,1.3100051879882812
x4,train,67800,1.2905566692352295
x4,train,67850,1.2949615716934204
x4,train,67900,1.3022712469100952
x4,train,67950,1.3054428100585938
x4,train,68000,1.3139549493789673
x4,train,68050,1.2789561748504639
x4,train,68100,1.2965213060379028
x4,train,68150,1.305269479751587
x4,train,68200,1.3099260330200195
x4,train,68250,1.3063491582870483
x4,train,68300,1.2834216356277466
x4,train,68350,1.297610878944397
x4,train,68400,1.3068652153015137
x4,train,68450,1.308448076248169
x4,train,68500,1.2986879348754883
x4,train,68550,1.2851066589355469
x4,train,68600,1.2914515733718872
x4,train,68650,1.3077517747879028
x4,train,68700,1.3080884218215942
x4,train,68750,1.297569990158081
x4,train,68800,1.2837828397750854
x4,train,68850,1.2988559007644653
x4,train,68900,1.3003785610198975
x4,train,68950,1.3120776414871216
x4,train,69000,1.2952862977981567
x4,train,69050,1.2879987955093384
x4,train,69100,1.299127459526062
x4,train,69150,1.301924467086792
x4,train,69200,1.308073878288269
x4,train,69250,1.285821557044983
x4,train,69300,1.2861886024475098
x4,train,69350,1.3018162250518799
x4,train,69400,1.3026440143585205
x4,train,69450,1.309328556060791
x4,train,69500,1.2793899774551392
x4,train,69550,1.2924319505691528
x4,train,69600,1.2954517602920532
x4,train,69650,1.3075604438781738
x4,train,69700,1.3043091297149658
x4,train,69750,1.2788459062576294
x4,train,69800,1.2920854091644287
x4,train,69850,1.2950811386108398
x4,train,69900,1.3034641742706299
x4,train,69950,1.2991312742233276
x4,train,70000,1.2848995923995972
x4,train,70050,1.2874789237976074
x4,train,70100,1.3010200262069702
x4,train,70150,1.3026067018508911
x4,train,70200,1.2956379652023315
x4,train,70250,1.281875729560852
x4,train,70300,1.2933789491653442
x4,train,70350,1.3009307384490967
x4,train,70400,1.300665259361267
x4,train,70450,1.2910822629928589
x4,train,70500,1.2804456949234009
x4,train,70550,1.287634253501892
x4,train,70600,1.301121473312378
x4,train,70650,1.3075919151306152
x4,train,70700,1.2850631475448608
x4,train,70750,1.2809916734695435
x4,train,70800,1.2971937656402588
x4,train,70850,1.2989479303359985
x4,train,70900,1.3033262491226196
x4,train,70950,1.2753525972366333
x4,train,71000,1.2812035083770752
x4,train,71050,1.2992135286331177
x4,train,71100,1.3009257316589355
x4,train,71150,1.3012090921401978
x4,train,71200,1.2771257162094116
x4,train,71250,1.2936042547225952
x4,train,71300,1.2881397008895874
x4,train,71350,1.2946481704711914
x4,train,71400,1.2961920499801636
x4,train,71450,1.2757587432861328
x4,train,71500,1.2879010438919067
x4,train,71550,1.2940198183059692
x4,train,71600,1.3001116514205933
x4,train,71650,1.2899469137191772
x4,train,71700,1.2801135778427124
x4,train,71750,1.2857345342636108
x4,train,71800,1.293944239616394
x4,train,71850,1.300544261932373
x4,train,71900,1.2799596786499023
x4,train,71950,1.2799773216247559
x4,train,72000,1.2895206212997437
x4,train,72050,1.2961424589157104
x4,train,72100,1.2968344688415527
x4,train,72150,1.274901270866394
x4,train,72200,1.2781755924224854
x4,train,72250,1.2935192584991455
x4,train,72300,1.2939972877502441
x4,train,72350,1.296226143836975
x4,train,72400,1.277256965637207
x4,train,72450,1.2792420387268066
x4,train,72500,1.2824716567993164
x4,train,72550,1.2954776287078857
x4,train,72600,1.3008781671524048
x4,train,72650,1.2718136310577393
x4,train,72700,1.2788567543029785
x4,train,72750,1.287268877029419
x4,train,72800,1.298654317855835
x4,train,72850,1.2894620895385742
x4,train,72900,1.268413782119751
x4,train,72950,1.2795909643173218
x4,train,73000,1.2970908880233765
x4,train,73050,1.291914463043213
x4,train,73100,1.285027265548706
x4,train,73150,1.2772806882858276
x4,train,73200,1.2846510410308838
x4,train,73250,1.2876168489456177
x4,train,73300,1.289372444152832
x4,train,73350,1.2806013822555542
x4,train,73400,1.269521713256836
x4,train,73450,1.284997582435608
x4,train,73500,1.2874436378479004
x4,train,73550,1.2954739332199097
x4,train,73600,1.279476284980774
x4,train,73650,1.2708828449249268
x4,train,73700,1.2827141284942627
x4,train,73750,1.290666103363037
x4,train,73800,1.2945541143417358
x4,train,73850,1.271596074104309
x4,train,73900,1.2720626592636108
x4,train,73950,1.2838038206100464
x4,train,74000,1.2925890684127808
x4,train,74050,1.294966459274292
x4,train,74100,1.2658714056015015
x4,train,74150,1.2766335010528564
x4,train,74200,1.2822664976119995
x4,train,74250,1.2888152599334717
x4,train,74300,1.2904168367385864
x4,train,74350,1.2669681310653687
x4,train,74400,1.2753231525421143
x4,train,74450,1.2837680578231812
x4,train,74500,1.291038155555725
x4,train,74550,1.2798714637756348
x4,train,74600,1.2682873010635376
x4,train,74650,1.2759146690368652
x4,train,74700,1.2868038415908813
x4,train,74750,1.2857728004455566
x4,train,74800,1.276523470878601
x4,train,74850,1.2658658027648926
x4,train,74900,1.281538724899292
x4,train,74950,1.2858623266220093
x4,train,75000,1.2913707494735718
x4,train,75050,1.2740392684936523
x4,train,75100,1.2696281671524048
x4,train,75150,1.277754545211792
x4,train,75200,1.2859410047531128
x4,train,75250,1.287980079650879
x4,train,75300,1.2581892013549805
x4,train,75350,1.2723426818847656
x4,train,75400,1.2784247398376465
x4,train,75450,1.2852786779403687
x4,train,75500,1.2911381721496582
x4,train,75550,1.2601423263549805
x4,train,75600,1.2737349271774292
x4,train,75650,1.2751353979110718
x4,train,75700,1.2850576639175415
x4,train,75750,1.2848891019821167
x4,train,75800,1.2599632740020752
x4,train,75850,1.2700968980789185
x4,train,75900,1.2804253101348877
x4,train,75950,1.2832025289535522
x4,train,76000,1.2789149284362793
x4,train,76050,1.2594521045684814
x4,train,76100,1.2690846920013428
x4,train,76150,1.2798793315887451
x4,train,76200,1.289353847503662
x4,train,76250,1.2748433351516724
x4,train,76300,1.2613886594772339
x4,train,76350,1.2721081972122192
x4,train,76400,1.2797023057937622
x4,train,76450,1.2833375930786133
x4,train,76500,1.2695508003234863
x4,train,76550,1.2566752433776855
x4,train,76600,1.2735729217529297
x4,train,76650,1.2812319993972778
x4,train,76700,1.2849634885787964
x4,train,76750,1.2677240371704102
x4,train,76800,1.2641146183013916
x4,train,76850,1.270990014076233
x4,train,76900,1.28190279006958
x4,train,76950,1.2851611375808716
x4,train,77000,1.2554980516433716
x4,train,77050,1.2662233114242554
x4,train,77100,1.2739441394805908
x4,train,77150,1.27945077419281
x4,train,77200,1.2815736532211304
x4,train,77250,1.2552967071533203
x4,train,77300,1.2641637325286865
x4,train,77350,1.2767342329025269
x4,train,77400,1.2791838645935059
x4,train,77450,1.2749956846237183
x4,train,77500,1.2584831714630127
x4,train,77550,1.265639066696167
x4,train,77600,1.2723650932312012
x4,train,77650,1.2838950157165527
x4,train,77700,1.2681801319122314
x4,train,77750,1.25727379322052
x4,train,77800,1.2653908729553223
x4,train,77850,1.2794337272644043
x4,train,77900,1.2784502506256104
x4,train,77950,1.2646185159683228
x4,train,78000,1.2615079879760742
x4,train,78050,1.2700213193893433
x4,train,78100,1.269952654838562
x4,train,78150,1.2823485136032104
x4,train,78200,1.2545788288116455
x4,train,78250,1.258169174194336
x4,train,78300,1.2664504051208496
x4,train,78350,1.2783894538879395
x4,train,78400,1.278517246246338
x4,train,78450,1.2591496706008911
x4,train,78500,1.2609567642211914
x4,train,78550,1.2674410343170166
x4,train,78600,1.2731767892837524
x4,train,78650,1.2786787748336792
x4,train,78700,1.251642107963562
x4,train,78750,1.2625141143798828
x4,train,78800,1.264990210533142
x4,train,78850,1.277347445487976
x4,train,78900,1.271607518196106
x4,train,78950,1.2479751110076904
x4,train,79000,1.2620089054107666
x4,train,79050,1.2721620798110962
x4,train,79100,1.2733759880065918
x4,train,79150,1.2641838788986206
x4,train,79200,1.250654935836792
x4,train,79250,1.2626734972000122
x4,train,79300,1.2691677808761597
x4,train,79350,1.2763538360595703
x4,train,79400,1.2608131170272827
x4,train,79450,1.2556620836257935
x4,train,79500,1.2605998516082764
x4,train,79550,1.2663886547088623
x4,train,79600,1.2756593227386475
x4,train,79650,1.256027340888977
x4,train,79700,1.250925064086914
x4,train,79750,1.2648918628692627
x4,train,79800,1.2676310539245605
x4,train,79850,1.275739312171936
x4,train,79900,1.2510408163070679
x4,train,79950,1.25961172580719
x4,train,80000,1.2610443830490112
x4,train,80050,1.2668752670288086
x4,train,80100,1.274644136428833
x4,train,80150,1.248119592666626
x4,train,80200,1.255174160003662
x4,train,80250,1.2612719535827637
x4,train,80300,1.2652875185012817
x4,train,80350,1.2763628959655762
x4,train,80400,1.244065284729004
x4,train,80450,1.2578526735305786
x4,train,80500,1.2592219114303589
x4,train,80550,1.272653341293335
x4,train,80600,1.2624059915542603
x4,train,80650,1.2448269128799438
x4,train,80700,1.2636774778366089
x4,train,80750,1.2635552883148193
x4,train,80800,1.266430139541626
x4,train,80850,1.2551133632659912
x4,train,80900,1.2522519826889038
x4,train,80950,1.2550263404846191
x4,train,81000,1.2631891965866089
x4,train,81050,1.2671327590942383
x4,train,81100,1.256456732749939
x4,train,81150,1.24479341506958
x4,train,81200,1.2580580711364746
x4,train,81250,1.2692493200302124
x4,train,81300,1.267570972442627
x4,train,81350,1.2503960132598877
x4,train,81400,1.2494081258773804
x4,train,81450,1.256893277168274
x4,train,81500,1.2618019580841064
x4,train,81550,1.2691158056259155
x4,train,81600,1.239200472831726
x4,train,81650,1.2481144666671753
x4,train,81700,1.2590998411178589
x4,train,81750,1.265488862991333
x4,train,81800,1.26980459690094
x4,train,81850,1.2390100955963135
x4,train,81900,1.2542250156402588
x4,train,81950,1.2572184801101685
x4,train,82000,1.2619314193725586
x4,train,82050,1.2612543106079102
x4,train,82100,1.2411422729492188
x4,train,82150,1.2525757551193237
x4,train,82200,1.2612252235412598
x4,train,82250,1.2621153593063354
x4,train,82300,1.2572461366653442
x4,train,82350,1.2400469779968262
x4,train,82400,1.2508881092071533
x4,train,82450,1.2617322206497192
x4,train,82500,1.2674643993377686
x4,train,82550,1.2465819120407104
x4,train,82600,1.2396516799926758
x4,train,82650,1.251901388168335
x4,train,82700,1.257326602935791
x4,train,82750,1.2640526294708252
x4,train,82800,1.2481857538223267
x4,train,82850,1.2506588697433472
x4,train,82900,1.2473872900009155
x4,train,82950,1.2595890760421753
x4,train,83000,1.2635539770126343
x4,train,83050,1.2375034093856812
x4,train,83100,1.2473317384719849
x4,train,83150,1.253857970237732
x4,train,83200,1.2572758197784424
x4,train,83250,1.259982705116272
x4,train,83300,1.2349878549575806
x4,train,83350,1.2485154867172241
x4,train,83400,1.255529522895813
x4,train,83450,1.2537920475006104
x4,train,83500,1.2528995275497437
x4,train,83550,1.2375999689102173
x4,train,83600,1.2503633499145508
x4,train,83650,1.2510408163070679
x4,train,83700,1.263576626777649
x4,train,83750,1.2466814517974854
x4,train,83800,1.242130160331726
x4,train,83850,1.247161865234375
x4,train,83900,1.2549562454223633
x4,train,83950,1.254279613494873
x4,train,84000,1.2405815124511719
x4,train,84050,1.240883231163025
x4,train,84100,1.2442876100540161
x4,train,84150,1.258467435836792
x4,train,84200,1.2565722465515137
x4,train,84250,1.238620400428772
x4,train,84300,1.2417733669281006
x4,train,84350,1.2481567859649658
x4,train,84400,1.2525562047958374
x4,train,84450,1.2575724124908447
x4,train,84500,1.2408391237258911
x4,train,84550,1.2399858236312866
x4,train,84600,1.251849889755249
x4,train,84650,1.2500828504562378
x4,train,84700,1.252941370010376
x4,train,84750,1.2309696674346924
x4,train,84800,1.2422550916671753
x4,train,84850,1.2494001388549805
x4,train,84900,1.2537569999694824
x4,train,84950,1.2495393753051758
x4,train,85000,1.2357491254806519
x4,train,85050,1.2400459051132202
x4,train,85100,1.252623200416565
x4,train,85150,1.2483474016189575
x4,train,85200,1.2461442947387695
x4,train,85250,1.2318663597106934
x4,train,85300,1.2409647703170776
x4,train,85350,1.2478418350219727
x4,train,85400,1.2531685829162598
x4,train,85450,1.2428958415985107
x4,train,85500,1.2317428588867188
x4,train,85550,1.2445213794708252
x4,train,85600,1.2469475269317627
x4,train,85650,1.2559486627578735
x4,train,85700,1.2319543361663818
x4,train,85750,1.239761471748352
x4,train,85800,1.2407057285308838
x4,train,85850,1.247056245803833
x4,train,85900,1.2550994157791138
x4,train,85950,1.2297741174697876
x4,train,86000,1.2295258045196533
x4,train,86050,1.243361234664917
x4,train,86100,1.2518017292022705
x4,train,86150,1.253616452217102
x4,train,86200,1.2287346124649048
x4,train,86250,1.234645962715149
x4,train,86300,1.2452170848846436
x4,train,86350,1.2472960948944092
x4,train,86400,1.2462753057479858
x4,train,86450,1.2249757051467896
x4,train,86500,1.2385132312774658
x4,train,86550,1.2414346933364868
x4,train,86600,1.2510058879852295
x4,train,86650,1.2404533624649048
x4,train,86700,1.228348970413208
x4,train,86750,1.2348005771636963
x4,train,86800,1.2429033517837524
x4,train,86850,1.2508454322814941
x4,train,86900,1.2367814779281616
x4,train,86950,1.2304599285125732
x4,train,87000,1.2372506856918335
x4,train,87050,1.2401548624038696
x4,train,87100,1.2496339082717896
x4,train,87150,1.2334293127059937
x4,train,87200,1.2267251014709473
x4,train,87250,1.233724594116211
x4,train,87300,1.246536135673523
x4,train,87350,1.2472738027572632
x4,train,87400,1.226006031036377
x4,train,87450,1.2310137748718262
x4,train,87500,1.2328195571899414
x4,train,87550,1.2482398748397827
x4,train,87600,1.2479268312454224
x4,train,87650,1.2261605262756348
x4,train,87700,1.2329996824264526
x4,train,87750,1.2361546754837036
x4,train,87800,1.2456436157226562
x4,train,87850,1.2420668601989746
x4,train,87900,1.215697169303894
x4,train,87950,1.2305341958999634
x4,train,88000,1.2366784811019897
x4,train,88050,1.244315505027771
x4,train,88100,1.2465530633926392
x4,train,88150,1.2258163690567017
x4,train,88200,1.2323663234710693
x4,train,88250,1.237318754196167
x4,train,88300,1.2406977415084839
x4,train,88350,1.2339500188827515
x4,train,88400,1.223339557647705
x4,train,88450,1.235783338546753
x4,train,88500,1.2419750690460205
x4,train,88550,1.236513376235962
x4,train,88600,1.2252548933029175
x4,train,88650,1.2259323596954346
x4,train,88700,1.2298930883407593
x4,train,88750,1.2403388023376465
x4,train,88800,1.2437747716903687
x4,train,88850,1.228035569190979
x4,train,88900,1.2218449115753174
x4,train,88950,1.2315922975540161
x4,train,89000,1.2370246648788452
x4,train,89050,1.2455012798309326
x4,train,89100,1.2204917669296265
x4,train,89150,1.2215781211853027
x4,train,89200,1.2332580089569092
x4,train,89250,1.2368355989456177
x4,train,89300,1.2427126169204712
x4,train,89350,1.2150013446807861
x4,train,89400,1.2285208702087402
x4,train,89450,1.232288122177124
x4,train,89500,1.2341324090957642
x4,train,89550,1.2423750162124634
x4,train,89600,1.2185935974121094
x4,train,89650,1.2268738746643066
x4,train,89700,1.227488398551941
x4,train,89750,1.2394053936004639
x4,train,89800,1.2347415685653687
x4,train,89850,1.2224498987197876
x4,train,89900,1.228886365890503
x4,train,89950,1.2294634580612183
x4,train,90000,1.2367451190948486
x4,train,90050,1.221877098083496
x4,train,90100,1.2199616432189941
x4,train,90150,1.2288933992385864
x4,train,90200,1.2383265495300293
x4,train,90250,1.2291736602783203
x4,train,90300,1.2178008556365967
x4,train,90350,1.2220226526260376
x4,train,90400,1.2302050590515137
x4,train,90450,1.2306140661239624
x4,train,90500,1.2394086122512817
x4,train,90550,1.2165791988372803
x4,train,90600,1.2206698656082153
x4,train,90650,1.2268614768981934
x4,train,90700,1.2366995811462402
x4,train,90750,1.2343451976776123
x4,train,90800,1.2094886302947998
x4,train,90850,1.2221654653549194
x4,train,90900,1.2289342880249023
x4,train,90950,1.2369472980499268
x4,train,91000,1.2232345342636108
x4,train,91050,1.2104036808013916
x4,train,91100,1.2239470481872559
x4,train,91150,1.2293435335159302
x4,train,91200,1.2343577146530151
x4,train,91250,1.2287838459014893
x4,train,91300,1.2173504829406738
x4,train,91350,1.2206897735595703
x4,train,91400,1.2261978387832642
x4,train,91450,1.2301585674285889
x4,train,91500,1.220969796180725
x4,train,91550,1.2120553255081177
x4,train,91600,1.225202202796936
x4,train,91650,1.2278577089309692
x4,train,91700,1.231356143951416
x4,train,91750,1.2142419815063477
x4,train,91800,1.2160227298736572
x4,train,91850,1.2222967147827148
x4,train,91900,1.225555658340454
x4,train,91950,1.2365078926086426
x4,train,92000,1.2122725248336792
x4,train,92050,1.2139708995819092
x4,train,92100,1.224626064300537
x4,train,92150,1.229560136795044
x4,train,92200,1.2315869331359863
x4,train,92250,1.2064414024353027
x4,train,92300,1.2201669216156006
x4,train,92350,1.2231467962265015
x4,train,92400,1.2278615236282349
x4,train,92450,1.2268078327178955
x4,train,92500,1.2101954221725464
x4,train,92550,1.215944766998291
x4,train,92600,1.2200284004211426
x4,train,92650,1.2275300025939941
x4,train,92700,1.227144718170166
x4,train,92750,1.2067677974700928
x4,train,92800,1.2152538299560547
x4,train,92850,1.2249913215637207
x4,train,92900,1.2275663614273071
x4,train,92950,1.2153663635253906
x4,train,93000,1.2161144018173218
x4,train,93050,1.2166270017623901
x4,train,93100,1.223207712173462
x4,train,93150,1.2226767539978027
x4,train,93200,1.2185306549072266
x4,train,93250,1.2131315469741821
x4,train,93300,1.2151204347610474
x4,train,93350,1.2249259948730469
x4,train,93400,1.2265238761901855
x4,train,93450,1.2080756425857544
x4,train,93500,1.2092819213867188
x4,train,93550,1.2139984369277954
x4,train,93600,1.2281792163848877
x4,train,93650,1.228033423423767
x4,train,93700,1.2006183862686157
x4,train,93750,1.2146198749542236
x4,train,93800,1.2193700075149536
x4,train,93850,1.2259708642959595
x4,train,93900,1.221144199371338
x4,train,93950,1.2104613780975342
x4,train,94000,1.2082090377807617
x4,train,94050,1.216060996055603
x4,train,94100,1.2228516340255737
x4,train,94150,1.218843936920166
x4,train,94200,1.2016494274139404
x4,train,94250,1.2153315544128418
x4,train,94300,1.2158730030059814
x4,train,94350,1.2268874645233154
x4,train,94400,1.217962384223938
x4,train,94450,1.2053390741348267
x4,train,94500,1.2173097133636475
x4,train,94550,1.2152552604675293
x4,train,94600,1.2206608057022095
x4,train,94650,1.2093578577041626
x4,train,94700,1.2052181959152222
x4,train,94750,1.2142752408981323
x4,train,94800,1.218031406402588
x4,train,94850,1.2218105792999268
x4,train,94900,1.205862045288086
x4,train,94950,1.2065279483795166
x4,train,95000,1.2085996866226196
x4,train,95050,1.2179460525512695
x4,train,95100,1.226992130279541
x4,train,95150,1.2053134441375732
x4,train,95200,1.2110719680786133
x4,train,95250,1.2116773128509521
x4,train,95300,1.213134527206421
x4,train,95350,1.2206196784973145
x4,train,95400,1.199131965637207
x4,train,95450,1.2106460332870483
x4,train,95500,1.2164108753204346
x4,train,95550,1.216224193572998
x4,train,95600,1.2159887552261353
x4,train,95650,1.2008068561553955
x4,train,95700,1.2093702554702759
x4,train,95750,1.2087757587432861
x4,train,95800,1.2197812795639038
x4,train,95850,1.2115898132324219
x4,train,95900,1.2013757228851318
x4,train,95950,1.204391360282898
x4,train,96000,1.2137336730957031
x4,train,96050,1.2172937393188477
x4,train,96100,1.2087962627410889
x4,train,96150,1.1982042789459229
x4,train,96200,1.2100989818572998
x4,train,96250,1.2149169445037842
x4,train,96300,1.2216202020645142
x4,train,96350,1.2073664665222168
x4,train,96400,1.1991028785705566
x4,train,96450,1.2056328058242798
x4,train,96500,1.217848539352417
x4,train,96550,1.2193225622177124
x4,train,96600,1.1962844133377075
x4,train,96650,1.2078877687454224
x4,train,96700,1.2072216272354126
x4,train,96750,1.211307168006897
x4,train,96800,1.2162467241287231
x4,train,96850,1.1915287971496582
x4,train,96900,1.2064088582992554
x4,train,96950,1.2086033821105957
x4,train,97000,1.2152785062789917
x4,train,97050,1.2134441137313843
x4,train,97100,1.1941708326339722
x4,train,97150,1.2062828540802002
x4,train,97200,1.2102317810058594
x4,train,97250,1.215010404586792
x4,train,97300,1.210343360900879
x4,train,97350,1.1992640495300293
x4,train,97400,1.2105458974838257
x4,train,97450,1.2032486200332642
x4,train,97500,1.204248070716858
x4,train,97550,1.2038366794586182
x4,train,97600,1.1984810829162598
x4,train,97650,1.2090026140213013
x4,train,97700,1.2075845003128052
x4,train,97750,1.212236762046814
x4,train,97800,1.1968388557434082
x4,train,97850,1.201059341430664
x4,train,97900,1.2061738967895508
x4,train,97950,1.2061617374420166
x4,train,98000,1.2122769355773926
x4,train,98050,1.203275203704834
x4,train,98100,1.2029099464416504
x4,train,98150,1.2012090682983398
x4,train,98200,1.2070826292037964
x4,train,98250,1.210497260093689
x4,train,98300,1.1937448978424072
x4,train,98350,1.1997450590133667
x4,train,98400,1.2044717073440552
x4,train,98450,1.2102398872375488
x4,train,98500,1.207688331604004
x4,train,98550,1.1927000284194946
x4,train,98600,1.198011040687561
x4,train,98650,1.2019459009170532
x4,train,98700,1.2112665176391602
x4,train,98750,1.2081799507141113
x4,train,98800,1.194009780883789
x4,train,98850,1.2038666009902954
x4,train,98900,1.2044011354446411
x4,train,98950,1.2072964906692505
x4,train,99000,1.1965062618255615
x4,train,99050,1.1935962438583374
x4,train,99100,1.2035553455352783
x4,train,99150,1.2034573554992676
x4,train,99200,1.2096328735351562
x4,train,99250,1.1937063932418823
x4,train,99300,1.192943811416626
x4,train,99350,1.2034116983413696
x4,train,99400,1.2059930562973022
x4,train,99450,1.2073068618774414
x4,train,99500,1.1949443817138672
x4,train,99550,1.1962052583694458
x4,train,99600,1.1974660158157349
x4,train,99650,1.2039445638656616
x4,train,99700,1.21028470993042
x4,train,99750,1.192254900932312
x4,train,99800,1.1917848587036133
x4,train,99850,1.1999695301055908
x4,train,99900,1.2042078971862793
x4,train,99950,1.2106629610061646
x4,train,100000,1.190901756286621
x4,train,100050,1.1909186840057373
x4,train,100100,1.2019009590148926
x4,train,100150,1.2081000804901123
x4,train,100200,1.2016057968139648
x4,train,100250,1.1930145025253296
x4,train,100300,1.2002577781677246
x4,train,100350,1.1937423944473267
x4,train,100400,1.2025444507598877
x4,train,100450,1.2002416849136353
x4,train,100500,1.1916556358337402
x4,train,100550,1.1934808492660522
x4,train,100600,1.2040927410125732
x4,train,100650,1.2064090967178345
x4,train,100700,1.1956415176391602
x4,train,100750,1.1914339065551758
x4,train,100800,1.190924882888794
x4,train,100850,1.2027076482772827
x4,train,100900,1.2025038003921509
x4,train,100950,1.1919276714324951
x4,train,101000,1.191612958908081
x4,train,101050,1.1996052265167236
x4,train,101100,1.194924235343933
x4,train,101150,1.205431580543518
x4,train,101200,1.1898152828216553
x4,train,101250,1.1895009279251099
x4,train,101300,1.1962555646896362
x4,train,101350,1.203781247138977
x4,train,101400,1.2025060653686523
x4,train,101450,1.185962200164795
x4,train,101500,1.1973769664764404
x4,train,101550,1.1934795379638672
x4,train,101600,1.1988396644592285
x4,train,101650,1.198473572731018
x4,train,101700,1.1888617277145386
x4,train,101750,1.1922622919082642
x4,train,101800,1.193598747253418
x4,train,101850,1.2005027532577515
x4,train,101900,1.1972163915634155
x4,train,101950,1.1881004571914673
x4,train,102000,1.196830153465271
x4,train,102050,1.1987528800964355
x4,train,102100,1.1976817846298218
x4,train,102150,1.1913211345672607
x4,train,102200,1.1888829469680786
x4,train,102250,1.1919831037521362
x4,train,102300,1.193691611289978
x4,train,102350,1.200331211090088
x4,train,102400,1.1888879537582397
x4,train,102450,1.1933945417404175
x4,train,102500,1.1863348484039307
x4,train,102550,1.1998926401138306
x4,train,102600,1.2000725269317627
x4,train,102650,1.1872570514678955
x4,train,102700,1.188434362411499
x4,train,102750,1.1953424215316772
x4,train,102800,1.1932244300842285
x4,train,102850,1.198638916015625
x4,train,102900,1.1874852180480957
x4,train,102950,1.1871156692504883
x4,train,103000,1.191185474395752
x4,train,103050,1.1984599828720093
x4,train,103100,1.195180058479309
x4,train,103150,1.183115005493164
x4,train,103200,1.1918342113494873
x4,train,103250,1.1884835958480835
x4,train,103300,1.1927974224090576
x4,train,103350,1.1962578296661377
x4,train,103400,1.1865655183792114
x4,train,103450,1.1899819374084473
x4,train,103500,1.1915128231048584
x4,train,103550,1.1996102333068848
x4,train,103600,1.190919280052185
x4,train,103650,1.1855393648147583
x4,train,103700,1.1942552328109741
x4,train,103750,1.189574122428894
x4,train,103800,1.192732572555542
x4,train,103850,1.1863294839859009
x4,train,103900,1.1861484050750732
x4,train,103950,1.1935943365097046
x4,train,104000,1.192817211151123
x4,train,104050,1.190807819366455
x4,train,104100,1.183388113975525
x4,train,104150,1.1870988607406616
x4,train,104200,1.1863335371017456
x4,train,104250,1.1968494653701782
x4,train,104300,1.195419192314148
x4,train,104350,1.1776225566864014
x4,train,104400,1.18264901638031
x4,train,104450,1.1906908750534058
x4,train,104500,1.1962367296218872
x4,train,104550,1.1952704191207886
x4,train,104600,1.1819539070129395
x4,train,104650,1.1853219270706177
x4,train,104700,1.193374752998352
x4,train,104750,1.190587043762207
x4,train,104800,1.191002607345581
x4,train,104850,1.1751590967178345
x4,train,104900,1.185222864151001
x4,train,104950,1.1924115419387817
x4,train,105000,1.1965340375900269
x4,train,105050,1.1862179040908813
x4,train,105100,1.1836661100387573
x4,train,105150,1.1857353448867798
x4,train,105200,1.188318133354187
x4,train,105250,1.1935869455337524
x4,train,105300,1.187522292137146
x4,train,105350,1.1761637926101685
x4,train,105400,1.18937349319458
x4,train,105450,1.1928775310516357
x4,train,105500,1.1912775039672852
x4,train,105550,1.1815307140350342
x4,train,105600,1.1853275299072266
x4,train,105650,1.188753366470337
x4,train,105700,1.190726637840271
x4,train,105750,1.189570426940918
x4,train,105800,1.1826214790344238
x4,train,105850,1.181557059288025
x4,train,105900,1.1903960704803467
x4,train,105950,1.1855406761169434
x4,train,106000,1.1878929138183594
x4,train,106050,1.179084062576294
x4,train,106100,1.1807745695114136
x4,train,106150,1.1891971826553345
x4,train,106200,1.1895380020141602
x4,train,106250,1.1908625364303589
x4,train,106300,1.1806811094284058
x4,train,106350,1.1854350566864014
x4,train,106400,1.1836721897125244
x4,train,106450,1.1867408752441406
x4,train,106500,1.1869072914123535
x4,train,106550,1.182692050933838
x4,train,106600,1.1862388849258423
x4,train,106650,1.1839191913604736
x4,train,106700,1.1840513944625854
x4,train,106750,1.1838397979736328
x4,train,106800,1.1825824975967407
x4,train,106850,1.181915283203125
x4,train,106900,1.1824496984481812
x4,train,106950,1.194453239440918
x4,train,107000,1.183579683303833
x4,train,107050,1.1818394660949707
x4,train,107100,1.1784439086914062
x4,train,107150,1.1859840154647827
x4,train,107200,1.1917686462402344
x4,train,107250,1.175316572189331
x4,train,107300,1.1802281141281128
x4,train,107350,1.1844897270202637
x4,train,107400,1.1894150972366333
x4,train,107450,1.1864943504333496
x4,train,107500,1.1802489757537842
x4,train,107550,1.1798927783966064
x4,train,107600,1.1828607320785522
x4,train,107650,1.1876671314239502
x4,train,107700,1.1852976083755493
x4,train,107750,1.1777966022491455
x4,train,107800,1.1790715456008911
x4,train,107850,1.1886873245239258
x4,train,107900,1.1867302656173706
x4,train,107950,1.179030418395996
x4,train,108000,1.175402283668518
x4,train,108050,1.181571364402771
x4,train,108100,1.1874065399169922
x4,train,108150,1.1817708015441895
x4,train,108200,1.1849150657653809
x4,train,108250,1.181248664855957
x4,train,108300,1.1881968975067139
x4,train,108350,1.186747670173645
x4,train,108400,1.1768829822540283
x4,train,108450,1.1807373762130737
x4,train,108500,1.1793873310089111
x4,train,108550,1.1769148111343384
x4,train,108600,1.189041018486023
x4,train,108650,1.1813342571258545
x4,train,108700,1.172633409500122
x4,train,108750,1.1784511804580688
x4,train,108800,1.1795289516448975
x4,train,108850,1.187333106994629
x4,train,108900,1.1880404949188232
x4,train,108950,1.176287293434143
x4,train,109000,1.175766110420227
x4,train,109050,1.1807712316513062
x4,train,109100,1.1843701601028442
x4,train,109150,1.1877646446228027
x4,train,109200,1.1768834590911865
x4,train,109250,1.1785168647766113
x4,train,109300,1.1779550313949585
x4,train,109350,1.1862331628799438
x4,train,109400,1.1836527585983276
x4,train,109450,1.1706101894378662
x4,train,109500,1.1816250085830688
x4,train,109550,1.1802281141281128
x4,train,109600,1.1838635206222534
x4,train,109650,1.1822729110717773
x4,train,109700,1.1799598932266235
x4,train,109750,1.174866795539856
x4,train,109800,1.1865646839141846
x4,train,109850,1.1808438301086426
x4,train,109900,1.1748688220977783
x4,train,109950,1.1776257753372192
x4,train,110000,1.1779029369354248
x4,train,110050,1.1822457313537598
x4,train,110100,1.1826503276824951
x4,train,110150,1.173952341079712
x4,train,110200,1.1771786212921143
x4,train,110250,1.1894205808639526
x4,train,110300,1.179477334022522
x4,train,110350,1.1788207292556763
x4,train,110400,1.1737405061721802
x4,train,110450,1.1780179738998413
x4,train,110500,1.1848418712615967
x4,train,110550,1.1754956245422363
x4,train,110600,1.181310772895813
x4,train,110650,1.175078272819519
x4,train,110700,1.1813652515411377
x4,train,110750,1.176135778427124
x4,train,110800,1.1813913583755493
x4,train,110850,1.1752320528030396
x4,train,110900,1.1798216104507446
x4,train,110950,1.176755666732788
x4,train,111000,1.1786447763442993
x4,train,111050,1.1824442148208618
x4,train,111100,1.1745309829711914
x4,train,111150,1.1758629083633423
x4,train,111200,1.1797587871551514
x4,train,111250,1.1759430170059204
x4,train,111300,1.182119607925415
x4,train,111350,1.1742397546768188
x4,train,111400,1.172629952430725
x4,train,111450,1.1769450902938843
x4,train,111500,1.182908535003662
x4,train,111550,1.1829253435134888
x4,train,111600,1.1759233474731445
x4,train,111650,1.1766208410263062
x4,train,111700,1.177223801612854
x4,train,111750,1.182258129119873
x4,train,111800,1.1761449575424194
x4,train,111850,1.1718193292617798
x4,train,111900,1.1769596338272095
x4,train,111950,1.17902672290802
x4,train,112000,1.180721402168274
x4,train,112050,1.1759636402130127
x4,train,112100,1.174196720123291
x4,train,112150,1.1780390739440918
x4,train,112200,1.1723527908325195
x4,train,112250,1.1781854629516602
x4,train,112300,1.181088924407959
x4,train,112350,1.1792551279067993
x4,train,112400,1.1762892007827759
x4,train,112450,1.175112009048462
x4,train,112500,1.1770901679992676
x4,train,112550,1.1722242832183838
x4,train,112600,1.1703072786331177
x4,train,112650,1.1810418367385864
x4,train,112700,1.1756802797317505
x4,train,112750,1.1821421384811401
x4,train,112800,1.172063946723938
x4,train,112850,1.171246886253357
x4,train,112900,1.180637240409851
x4,train,112950,1.1724815368652344
x4,train,113000,1.1810827255249023
x4,train,113050,1.1715881824493408
x4,train,113100,1.1761184930801392
x4,train,113150,1.1752450466156006
x4,train,113200,1.1812232732772827
x4,train,113250,1.178216814994812
x4,train,113300,1.1716562509536743
x4,train,113350,1.1791921854019165
x4,train,113400,1.174547553062439
x4,train,113450,1.1789031028747559
x4,train,113500,1.1748634576797485
x4,train,113550,1.1738053560256958
x4,train,113600,1.1718528270721436
x4,train,113650,1.17318594455719
x4,train,113700,1.1814244985580444
x4,train,113750,1.176314115524292
x4,train,113800,1.1731244325637817
x4,train,113850,1.1745980978012085
x4,train,113900,1.1816695928573608
x4,train,113950,1.1709598302841187
x4,train,114000,1.1743334531784058
x4,train,114050,1.1710835695266724
x4,train,114100,1.1669414043426514
x4,train,114150,1.1819742918014526
x4,train,114200,1.179557204246521
x4,train,114250,1.1785829067230225
x4,train,114300,1.174942135810852
x4,train,114350,1.1735974550247192
x4,train,114400,1.1744059324264526
x4,train,114450,1.1767498254776
x4,train,114500,1.1699550151824951
x4,train,114550,1.1757392883300781
x4,train,114600,1.1748827695846558
x4,train,114650,1.1746233701705933
x4,train,114700,1.1759748458862305
x4,train,114750,1.170589804649353
x4,train,114800,1.171899437904358
x4,train,114850,1.1726000308990479
x4,train,114900,1.177057147026062
x4,train,114950,1.181896686553955
x4,train,115000,1.1749472618103027
x4,train,115050,1.1698492765426636
x4,train,115100,1.1715450286865234
x4,train,115150,1.181070327758789
x4,train,115200,1.173763632774353
x4,train,115250,1.1742719411849976
x4,train,115300,1.1769903898239136
x4,train,115350,1.1742671728134155
x4,train,115400,1.177992343902588
x4,train,115450,1.1676491498947144
x4,train,115500,1.1719914674758911
x4,train,115550,1.1814194917678833
x4,train,115600,1.1694509983062744
x4,train,115650,1.1752983331680298
x4,train,115700,1.1720205545425415
x4,train,115750,1.1716601848602295
x4,train,115800,1.1729971170425415
x4,train,115850,1.176501750946045
x4,train,115900,1.178754448890686
x4,train,115950,1.1725726127624512
x4,train,116000,1.172044277191162
x4,train,116050,1.1709011793136597
x4,train,116100,1.1743026971817017
x4,train,116150,1.1740385293960571
x4,train,116200,1.1738059520721436
x4,train,116250,1.1688631772994995
x4,train,116300,1.178409218788147
x4,train,116350,1.1763269901275635
x4,train,116400,1.1722681522369385
x4,train,116450,1.1748980283737183
x4,train,116500,1.1695976257324219
x4,train,116550,1.175999641418457
x4,train,116600,1.1742007732391357
x4,train,116650,1.1735234260559082
x4,train,116700,1.1736475229263306
x4,train,116750,1.1709415912628174
x4,train,116800,1.17133367061615
x4,train,116850,1.1758476495742798
x4,train,116900,1.1727696657180786
x4,train,116950,1.1713571548461914
x4,train,117000,1.1725358963012695
x4,train,117050,1.172576665878296
x4,train,117100,1.1812562942504883
x4,train,117150,1.172868251800537
x4,train,117200,1.17201828956604
x4,train,117250,1.1729099750518799
x4,train,117300,1.172284483909607
x4,train,117350,1.1733840703964233
x4,train,117400,1.171586275100708
x4,train,117450,1.1794778108596802
x4,train,117500,1.171207308769226
x4,train,117550,1.1740769147872925
x4,train,117600,1.1714211702346802
x4,train,117650,1.168394923210144
x4,train,117700,1.1734999418258667
x4,train,117750,1.1746296882629395
x4,train,117800,1.1779457330703735
x4,train,117850,1.1723936796188354
x4,train,117900,1.169525146484375
x4,train,117950,1.1762285232543945
x4,train,118000,1.1702393293380737
x4,train,118050,1.1701600551605225
x4,train,118100,1.1775798797607422
x4,train,118150,1.1736645698547363
x4,train,118200,1.1751443147659302
x4,train,118250,1.1718437671661377
x4,train,118300,1.1734168529510498
x4,train,118350,1.1713457107543945
x4,train,118400,1.1704217195510864
x4,train,118450,1.1727571487426758
x4,train,118500,1.1711795330047607
x4,train,118550,1.176021695137024
x4,train,118600,1.1738125085830688
x4,train,118650,1.1739801168441772
x4,train,118700,1.1737854480743408
x4,train,118750,1.173204779624939
x4,train,118800,1.173264980316162
x4,train,118850,1.1705234050750732
x4,train,118900,1.1764006614685059
x4,train,118950,1.1682287454605103
x4,train,119000,1.169355869293213
x4,train,119050,1.1775153875350952
x4,train,119100,1.177108883857727
x4,train,119150,1.171492576599121
x4,train,119200,1.1749191284179688
x4,train,119250,1.1678828001022339
x4,train,119300,1.1704461574554443
x4,train,119350,1.1729263067245483
x4,train,119400,1.1739938259124756
x4,train,119450,1.1701024770736694
x4,train,119500,1.1749087572097778
x4,train,119550,1.171999454498291
x4,train,119600,1.1676068305969238
x4,train,119650,1.1724963188171387
x4,train,119700,1.1779577732086182
x4,train,119750,1.1725919246673584
x4,train,119800,1.1725692749023438
x4,train,119850,1.170003056526184
x4,train,119900,1.175612211227417
x4,train,119950,1.1724588871002197
x4,train,120000,1.1760231256484985
x4,eval,250,2.426551580429077
x4,eval,500,2.2657971382141113
x4,eval,750,2.1422064304351807
x4,eval,1000,2.011367082595825
x4,eval,1250,1.8960708379745483
x4,eval,1500,1.8263049125671387
x4,eval,1750,1.7418164014816284
x4,eval,2000,1.680550217628479
x4,eval,2250,1.6507681608200073
x4,eval,2500,1.6241573095321655
x4,eval,2750,1.6101109981536865
x4,eval,3000,1.6043623685836792
x4,eval,3250,1.599538803100586
x4,eval,3500,1.5932623147964478
x4,eval,3750,1.576114535331726
x4,eval,4000,1.5687360763549805
x4,eval,4250,1.5718770027160645
x4,eval,4500,1.5681804418563843
x4,eval,4750,1.5680629014968872
x4,eval,5000,1.5720547437667847
x4,eval,5250,1.5570695400238037
x4,eval,5500,1.5528265237808228
x4,eval,5750,1.5520604848861694
x4,eval,6000,1.5665547847747803
x4,eval,6250,1.557478666305542
x4,eval,6500,1.5509806871414185
x4,eval,6750,1.560880184173584
x4,eval,7000,1.5647222995758057
x4,eval,7250,1.5554782152175903
x4,eval,7500,1.570568561553955
x4,eval,7750,1.5604735612869263
x4,eval,8000,1.5686851739883423
x4,eval,8250,1.5732262134552002
x4,eval,8500,1.576840877532959
x4,eval,8750,1.568291425704956
x4,eval,9000,1.5719668865203857
x4,eval,9250,1.5827503204345703
x4,eval,9500,1.5849238634109497
x4,eval,9750,1.5846761465072632
x4,eval,10000,1.5835872888565063
x4,eval,10250,1.5902007818222046
x4,eval,10500,1.587880253791809
x4,eval,10750,1.594435453414917
x4,eval,11000,1.591148853302002
x4,eval,11250,1.6026833057403564
x4,eval,11500,1.6035277843475342
x4,eval,11750,1.6029059886932373
x4,eval,12000,1.610787034034729
x4,eval,12250,1.608647346496582
x4,eval,12500,1.6100863218307495
x4,eval,12750,1.6109427213668823
x4,eval,13000,1.615720272064209
x4,eval,13250,1.6248023509979248
x4,eval,13500,1.609229564666748
x4,eval,13750,1.630406379699707
x4,eval,14000,1.627756953239441
x4,eval,14250,1.6318299770355225
x4,eval,14500,1.6135879755020142
x4,eval,14750,1.6201064586639404
x4,eval,15000,1.6409353017807007
x4,eval,15250,1.6432077884674072
x4,eval,15500,1.65814208984375
x4,eval,15750,1.667152762413025
x4,eval,16000,1.6678414344787598
x4,eval,16250,1.6729378700256348
x4,eval,16500,1.660022497177124
x4,eval,16750,1.692905306816101
x4,eval,17000,1.6741278171539307
x4,eval,17250,1.6711201667785645
x4,eval,17500,1.675218939781189
x4,eval,17750,1.6716055870056152
x4,eval,18000,1.6847277879714966
x4,eval,18250,1.6963623762130737
x4,eval,18500,1.684893250465393
x4,eval,18750,1.6682403087615967
x4,eval,19000,1.6932421922683716
x4,eval,19250,1.7010635137557983
x4,eval,19500,1.6872457265853882
x4,eval,19750,1.696080207824707
x4,eval,20000,1.6760015487670898
x4,eval,20250,1.7027517557144165
x4,eval,20500,1.7013462781906128
x4,eval,20750,1.6992621421813965
x4,eval,21000,1.7128031253814697
x4,eval,21250,1.6843260526657104
x4,eval,21500,1.7178404331207275
x4,eval,21750,1.7086480855941772
x4,eval,22000,1.715348243713379
x4,eval,22250,1.716162085533142
x4,eval,22500,1.7139419317245483
x4,eval,22750,1.710806131362915
x4,eval,23000,1.7355687618255615
x4,eval,23250,1.7443532943725586
x4,eval,23500,1.7369978427886963
x4,eval,23750,1.728351354598999
x4,eval,24000,1.747454047203064
x4,eval,24250,1.7328176498413086
x4,eval,24500,1.7583799362182617
x4,eval,24750,1.750711441040039
x4,eval,25000,1.7471250295639038
x4,eval,25250,1.7516648769378662
x4,eval,25500,1.7546963691711426
x4,eval,25750,1.7507935762405396
x4,eval,26000,1.7594045400619507
x4,eval,26250,1.7596325874328613
x4,eval,26500,1.7508074045181274
x4,eval,26750,1.7604353427886963
x4,eval,27000,1.7558183670043945
x4,eval,27250,1.752872109413147
x4,eval,27500,1.7678486108779907
x4,eval,27750,1.7548694610595703
x4,eval,28000,1.767899751663208
x4,eval,28250,1.7514009475708008
x4,eval,28500,1.7543890476226807
x4,eval,28750,1.783704161643982
x4,eval,29000,1.7451601028442383
x4,eval,29250,1.7649749517440796
x4,eval,29500,1.7600016593933105
x4,eval,29750,1.7656168937683105
x4,eval,30000,1.7643734216690063
x4,eval,30250,1.787116527557373
x4,eval,30500,1.7807557582855225
x4,eval,30750,1.7744251489639282
x4,eval,31000,1.8035573959350586
x4,eval,31250,1.7833443880081177
x4,eval,31500,1.7980334758758545
x4,eval,31750,1.7886239290237427
x4,eval,32000,1.7938586473464966
x4,eval,32250,1.7902170419692993
x4,eval,32500,1.8002636432647705
x4,eval,32750,1.8118761777877808
x4,eval,33000,1.7724323272705078
x4,eval,33250,1.7807163000106812
x4,eval,33500,1.7954188585281372
x4,eval,33750,1.8028486967086792
x4,eval,34000,1.792383074760437
x4,eval,34250,1.8130148649215698
x4,eval,34500,1.7880245447158813
x4,eval,34750,1.7965620756149292
x4,eval,35000,1.791845440864563
x4,eval,35250,1.7923327684402466
x4,eval,35500,1.7907123565673828
x4,eval,35750,1.8047384023666382
x4,eval,36000,1.8095815181732178
x4,eval,36250,1.7802551984786987
x4,eval,36500,1.7936559915542603
x4,eval,36750,1.791338324546814
x4,eval,37000,1.7918355464935303
x4,eval,37250,1.8081940412521362
x4,eval,37500,1.799187183380127
x4,eval,37750,1.8027008771896362
x4,eval,38000,1.8106237649917603
x4,eval,38250,1.8196712732315063
x4,eval,38500,1.8251800537109375
x4,eval,38750,1.8161038160324097
x4,eval,39000,1.8193446397781372
x4,eval,39250,1.8479033708572388
x4,eval,39500,1.8271080255508423
x4,eval,39750,1.819258689880371
x4,eval,40000,1.8232346773147583
x4,eval,40250,1.8369427919387817
x4,eval,40500,1.8378244638442993
x4,eval,40750,1.838430404663086
x4,eval,41000,1.8228853940963745
x4,eval,41250,1.8504610061645508
x4,eval,41500,1.8256365060806274
x4,eval,41750,1.824664831161499
x4,eval,42000,1.804276704788208
x4,eval,42250,1.837727665901184
x4,eval,42500,1.8333133459091187
x4,eval,42750,1.837916612625122
x4,eval,43000,1.8342281579971313
x4,eval,43250,1.8521000146865845
x4,eval,43500,1.8378084897994995
x4,eval,43750,1.8476146459579468
x4,eval,44000,1.8148218393325806
x4,eval,44250,1.8360705375671387
x4,eval,44500,1.837169885635376
x4,eval,44750,1.835715889930725
x4,eval,45000,1.8379088640213013
x4,eval,45250,1.8445258140563965
x4,eval,45500,1.882196068763733
x4,eval,45750,1.8637579679489136
x4,eval,46000,1.8658477067947388
x4,eval,46250,1.8722898960113525
x4,eval,46500,1.845881700515747
x4,eval,46750,1.8435657024383545
x4,eval,47000,1.8757975101470947
x4,eval,47250,1.8747504949569702
x4,eval,47500,1.8514562845230103
x4,eval,47750,1.8579660654067993
x4,eval,48000,1.8596138954162598
x4,eval,48250,1.8625351190567017
x4,eval,48500,1.8831020593643188
x4,eval,48750,1.877409815788269
x4,eval,49000,1.864453673362732
x4,eval,49250,1.8844623565673828
x4,eval,49500,1.8815377950668335
x4,eval,49750,1.8792911767959595
x4,eval,50000,1.8736231327056885
x4,eval,50250,1.8680042028427124
x4,eval,50500,1.8824269771575928
x4,eval,50750,1.8764485120773315
x4,eval,51000,1.851507306098938
x4,eval,51250,1.8856549263000488
x4,eval,51500,1.8877590894699097
x4,eval,51750,1.8830925226211548
x4,eval,52000,1.885451316833496
x4,eval,52250,1.882768988609314
x4,eval,52500,1.881831407546997
x4,eval,52750,1.8930047750473022
x4,eval,53000,1.8995097875595093
x4,eval,53250,1.8960975408554077
x4,eval,53500,1.9016975164413452
x4,eval,53750,1.9103275537490845
x4,eval,54000,1.9026637077331543
x4,eval,54250,1.9296092987060547
x4,eval,54500,1.9122902154922485
x4,eval,54750,1.9057389497756958
x4,eval,55000,1.9081439971923828
x4,eval,55250,1.9187270402908325
x4,eval,55500,1.9176584482192993
x4,eval,55750,1.9181634187698364
x4,eval,56000,1.924566388130188
x4,eval,56250,1.922969102859497
x4,eval,56500,1.9216899871826172
x4,eval,56750,1.939432978630066
x4,eval,57000,1.9347277879714966
x4,eval,57250,1.9236738681793213
x4,eval,57500,1.9170260429382324
x4,eval,57750,1.930590033531189
x4,eval,58000,1.9136145114898682
x4,eval,58250,1.9324251413345337
x4,eval,58500,1.9198601245880127
x4,eval,58750,1.9326891899108887
x4,eval,59000,1.9392074346542358
x4,eval,59250,1.91681969165802
x4,eval,59500,1.940833568572998
x4,eval,59750,1.9136974811553955
x4,eval,60000,1.9210405349731445
x4,eval,60250,1.9330739974975586
x4,eval,60500,1.94197678565979
x4,eval,60750,1.98003351688385
x4,eval,61000,1.9773021936416626
x4,eval,61250,1.9458898305892944
x4,eval,61500,1.9863910675048828
x4,eval,61750,1.9618874788284302
x4,eval,62000,1.9519397020339966
x4,eval,62250,1.9848968982696533
x4,eval,62500,1.9407882690429688
x4,eval,62750,1.9656373262405396
x4,eval,63000,1.976332426071167
x4,eval,63250,1.9865225553512573
x4,eval,63500,1.9674819707870483
x4,eval,63750,1.9646944999694824
x4,eval,64000,1.9609440565109253
x4,eval,64250,1.9534000158309937
x4,eval,64500,1.9703164100646973
x4,eval,64750,1.983644962310791
x4,eval,65000,1.9815763235092163
x4,eval,65250,1.981862187385559
x4,eval,65500,1.9750549793243408
x4,eval,65750,1.988027572631836
x4,eval,66000,1.9965825080871582
x4,eval,66250,1.9738785028457642
x4,eval,66500,1.9810857772827148
x4,eval,66750,1.977436900138855
x4,eval,67000,1.9787288904190063
x4,eval,67250,1.9898515939712524
x4,eval,67500,1.9716424942016602
x4,eval,67750,1.9886966943740845
x4,eval,68000,2.0026817321777344
x4,eval,68250,2.0193252563476562
x4,eval,68500,2.0263354778289795
x4,eval,68750,2.0228567123413086
x4,eval,69000,2.0170342922210693
x4,eval,69250,2.0323095321655273
x4,eval,69500,2.0149927139282227
x4,eval,69750,2.021486282348633
x4,eval,70000,2.0234482288360596
x4,eval,70250,2.01587176322937
x4,eval,70500,2.0107665061950684
x4,eval,70750,2.0438811779022217
x4,eval,71000,2.033973455429077
x4,eval,71250,2.0390470027923584
x4,eval,71500,2.0351033210754395
x4,eval,71750,2.0225353240966797
x4,eval,72000,2.0206353664398193
x4,eval,72250,2.0460126399993896
x4,eval,72500,2.045217514038086
x4,eval,72750,2.0308725833892822
x4,eval,73000,2.034924030303955
x4,eval,73250,2.027998685836792
x4,eval,73500,2.03129506111145
x4,eval,73750,2.039752960205078
x4,eval,74000,2.0380468368530273
x4,eval,74250,2.0442352294921875
x4,eval,74500,2.0477161407470703
x4,eval,74750,2.0547943115234375
x4,eval,75000,2.0519790649414062
x4,eval,75250,2.0394046306610107
x4,eval,75500,2.045043706893921
x4,eval,75750,2.0986876487731934
x4,eval,76000,2.0780436992645264
x4,eval,76250,2.110567808151245
x4,eval,76500,2.0742909908294678
x4,eval,76750,2.09596586227417
x4,eval,77000,2.103769540786743
x4,eval,77250,2.100327968597412
x4,eval,77500,2.086902618408203
x4,eval,77750,2.093405246734619
x4,eval,78000,2.0820388793945312
x4,eval,78250,2.1033318042755127
x4,eval,78500,2.096400022506714
x4,eval,78750,2.1004488468170166
x4,eval,79000,2.130748987197876
x4,eval,79250,2.1129157543182373
x4,eval,79500,2.097919464111328
x4,eval,79750,2.112002372741699
x4,eval,80000,2.1181061267852783
x4,eval,80250,2.119774580001831
x4,eval,80500,2.103059768676758
x4,eval,80750,2.1027932167053223
x4,eval,81000,2.1135611534118652
x4,eval,81250,2.128129720687866
x4,eval,81500,2.128049612045288
x4,eval,81750,2.1340699195861816
x4,eval,82000,2.1373376846313477
x4,eval,82250,2.1366021633148193
x4,eval,82500,2.1207468509674072
x4,eval,82750,2.1215765476226807
x4,eval,83000,2.1283061504364014
x4,eval,83250,2.136381149291992
x4,eval,83500,2.1793973445892334
x4,eval,83750,2.178377389907837
x4,eval,84000,2.1599831581115723
x4,eval,84250,2.152233600616455
x4,eval,84500,2.1669631004333496
x4,eval,84750,2.162893056869507
x4,eval,85000,2.180126905441284
x4,eval,85250,2.1922740936279297
x4,eval,85500,2.1887075901031494
x4,eval,85750,2.182481288909912
x4,eval,86000,2.1791653633117676
x4,eval,86250,2.1831283569335938
x4,eval,86500,2.197192430496216
x4,eval,86750,2.1836071014404297
x4,eval,87000,2.1874923706054688
x4,eval,87250,2.201230525970459
x4,eval,87500,2.2066519260406494
x4,eval,87750,2.2014267444610596
x4,eval,88000,2.198662281036377
x4,eval,88250,2.195211887359619
x4,eval,88500,2.2020373344421387
x4,eval,88750,2.2024776935577393
x4,eval,89000,2.205883741378784
x4,eval,89250,2.2160017490386963
x4,eval,89500,2.2030320167541504
x4,eval,89750,2.193345069885254
x4,eval,90000,2.2234771251678467
x4,eval,90250,2.227487802505493
x4,eval,90500,2.2269766330718994
x4,eval,90750,2.2220511436462402
x4,eval,91000,2.257561683654785
x4,eval,91250,2.248581647872925
x4,eval,91500,2.275050163269043
x4,eval,91750,2.2545862197875977
x4,eval,92000,2.2539074420928955
x4,eval,92250,2.2573299407958984
x4,eval,92500,2.2730891704559326
x4,eval,92750,2.249274969100952
x4,eval,93000,2.269561767578125
x4,eval,93250,2.2596094608306885
x4,eval,93500,2.2604644298553467
x4,eval,93750,2.2789878845214844
x4,eval,94000,2.2870078086853027
x4,eval,94250,2.26364803314209
x4,eval,94500,2.2756893634796143
x4,eval,94750,2.2757716178894043
x4,eval,95000,2.2858893871307373
x4,eval,95250,2.2808539867401123
x4,eval,95500,2.289971113204956
x4,eval,95750,2.2957100868225098
x4,eval,96000,2.2857348918914795
x4,eval,96250,2.281158685684204
x4,eval,96500,2.306006669998169
x4,eval,96750,2.2954347133636475
x4,eval,97000,2.302393674850464
x4,eval,97250,2.301367998123169
x4,eval,97500,2.3147084712982178
x4,eval,97750,2.3030383586883545
x4,eval,98000,2.317173957824707
x4,eval,98250,2.3093321323394775
x4,eval,98500,2.3243932723999023
x4,eval,98750,2.333120584487915
x4,eval,99000,2.3420279026031494
x4,eval,99250,2.3315048217773438
x4,eval,99500,2.339930772781372
x4,eval,99750,2.3438429832458496
x4,eval,100000,2.3503501415252686
x4,eval,100250,2.333141803741455
x4,eval,100500,2.3365159034729004
x4,eval,100750,2.3427093029022217
x4,eval,101000,2.333385944366455
x4,eval,101250,2.3497166633605957
x4,eval,101500,2.365570545196533
x4,eval,101750,2.3609135150909424
x4,eval,102000,2.3518404960632324
x4,eval,102250,2.3683183193206787
x4,eval,102500,2.368255138397217
x4,eval,102750,2.3536908626556396
x4,eval,103000,2.3543741703033447
x4,eval,103250,2.357334852218628
x4,eval,103500,2.367851972579956
x4,eval,103750,2.368328094482422
x4,eval,104000,2.368438959121704
x4,eval,104250,2.371124505996704
x4,eval,104500,2.3727025985717773
x4,eval,104750,2.3700711727142334
x4,eval,105000,2.37819242477417
x4,eval,105250,2.37111759185791
x4,eval,105500,2.380775213241577
x4,eval,105750,2.384730815887451
x4,eval,106000,2.38118314743042
x4,eval,106250,2.3953187465667725
x4,eval,106500,2.3922078609466553
x4,eval,106750,2.3917999267578125
x4,eval,107000,2.4023356437683105
x4,eval,107250,2.4033029079437256
x4,eval,107500,2.3986001014709473
x4,eval,107750,2.395556688308716
x4,eval,108000,2.399723768234253
x4,eval,108250,2.3963050842285156
x4,eval,108500,2.3947322368621826
x4,eval,108750,2.399635076522827
x4,eval,109000,2.3950653076171875
x4,eval,109250,2.406916379928589
x4,eval,109500,2.405754804611206
x4,eval,109750,2.408900260925293
x4,eval,110000,2.4050707817077637
x4,eval,110250,2.3984780311584473
x4,eval,110500,2.404191493988037
x4,eval,110750,2.4060051441192627
x4,eval,111000,2.4068844318389893
x4,eval,111250,2.4074649810791016
x4,eval,111500,2.409193992614746
x4,eval,111750,2.4066147804260254
x4,eval,112000,2.414487600326538
x4,eval,112250,2.4145164489746094
x4,eval,112500,2.418450117111206
x4,eval,112750,2.410885810852051
x4,eval,113000,2.4147303104400635
x4,eval,113250,2.417079448699951
x4,eval,113500,2.4162654876708984
x4,eval,113750,2.4229466915130615
x4,eval,114000,2.4221317768096924
x4,eval,114250,2.4193475246429443
x4,eval,114500,2.420252561569214
x4,eval,114750,2.4184632301330566
x4,eval,115000,2.4179434776306152
x4,eval,115250,2.4255483150482178
x4,eval,115500,2.4203312397003174
x4,eval,115750,2.421217918395996
x4,eval,116000,2.4219934940338135
x4,eval,116250,2.422938346862793
x4,eval,116500,2.4221253395080566
x4,eval,116750,2.422455072402954
x4,eval,117000,2.4234211444854736
x4,eval,117250,2.4225552082061768
x4,eval,117500,2.4220731258392334
x4,eval,117750,2.422846794128418
x4,eval,118000,2.4234039783477783
x4,eval,118250,2.422672986984253
x4,eval,118500,2.4225878715515137
x4,eval,118750,2.4229228496551514
x4,eval,119000,2.4230477809906006
x4,eval,119250,2.42244291305542
x4,eval,119500,2.4226953983306885
x4,eval,119750,2.422685146331787
x4,eval,120000,1.5509806871414185
