W0909 12:47:11.715000 17948 .venv\Lib\site-packages\torch\utils\flop_counter.py:113] triton not found; flop counting will not work for triton kernels
[kd] blocks: train=46811 val=956 seq_len=1024

Loading weights:   0%|          | 0/146 [00:00<?, ?it/s]
Loading weights: 100%|##########| 146/146 [00:00<00:00, 3759.01it/s]
[kd] student=100.7M teacher=226.5M tau=1.0 alpha=0.5 skew=0.0 device=cuda

  0%|          | 0/2000 [00:00<?, ?it/s]
  0%|          | 1/2000 [00:02<1:11:45,  2.15s/it]
  0%|          | 2/2000 [00:03<59:52,  1.80s/it]  
  0%|          | 3/2000 [00:05<56:17,  1.69s/it]
  0%|          | 4/2000 [00:06<54:15,  1.63s/it]
  0%|          | 5/2000 [00:08<53:12,  1.60s/it]
  0%|          | 6/2000 [00:09<52:48,  1.59s/it]
  0%|          | 7/2000 [00:11<52:26,  1.58s/it]
  0%|          | 8/2000 [00:13<52:18,  1.58s/it]
  0%|          | 9/2000 [00:14<52:22,  1.58s/it]
  0%|          | 10/2000 [00:16<52:47,  1.59s/it]
  1%|          | 11/2000 [00:17<52:59,  1.60s/it]
  1%|          | 12/2000 [00:19<53:01,  1.60s/it]
  1%|          | 13/2000 [00:21<53:21,  1.61s/it]
  1%|          | 14/2000 [00:22<53:15,  1.61s/it]
  1%|          | 15/2000 [00:24<53:22,  1.61s/it]
  1%|          | 16/2000 [00:25<53:45,  1.63s/it]
  1%|          | 17/2000 [00:27<53:36,  1.62s/it]
  1%|          | 18/2000 [00:29<53:35,  1.62s/it]
  1%|          | 19/2000 [00:30<53:30,  1.62s/it]
  1%|1         | 20/2000 [00:32<53:28,  1.62s/it]
  1%|1         | 21/2000 [00:34<53:42,  1.63s/it]
  1%|1         | 22/2000 [00:35<53:30,  1.62s/it]
  1%|1         | 23/2000 [00:37<53:35,  1.63s/it]
  1%|1         | 24/2000 [00:39<54:09,  1.64s/it]
  1%|1         | 25/2000 [00:40<55:14,  1.68s/it]
                                                 

  1%|1         | 25/2000 [00:40<55:14,  1.68s/it]
  1%|1         | 26/2000 [00:42<56:33,  1.72s/it]
  1%|1         | 27/2000 [00:44<58:38,  1.78s/it]
  1%|1         | 28/2000 [00:46<59:55,  1.82s/it]
  1%|1         | 29/2000 [00:48<1:00:14,  1.83s/it]
  2%|1         | 30/2000 [00:50<1:01:09,  1.86s/it]
  2%|1         | 31/2000 [00:52<1:02:04,  1.89s/it]
  2%|1         | 32/2000 [00:54<1:01:48,  1.88s/it]
  2%|1         | 33/2000 [00:55<1:01:37,  1.88s/it]
  2%|1         | 34/2000 [00:57<1:02:31,  1.91s/it]
  2%|1         | 35/2000 [00:59<1:01:57,  1.89s/it]
  2%|1         | 36/2000 [01:01<1:00:54,  1.86s/it]
  2%|1         | 37/2000 [01:03<1:01:51,  1.89s/it]
  2%|1         | 38/2000 [01:05<1:04:09,  1.96s/it]
  2%|1         | 39/2000 [01:07<1:04:01,  1.96s/it]
  2%|2         | 40/2000 [01:09<1:02:32,  1.91s/it]
  2%|2         | 41/2000 [01:11<1:04:19,  1.97s/it]
  2%|2         | 42/2000 [01:13<1:02:58,  1.93s/it]
  2%|2         | 43/2000 [01:15<1:04:56,  1.99s/it]
  2%|2         | 44/2000 [01:17<1:03:04,  1.93s/it]
  2%|2         | 45/2000 [01:19<1:04:17,  1.97s/it]
  2%|2         | 46/2000 [01:21<1:03:42,  1.96s/it]
  2%|2         | 47/2000 [01:23<1:04:18,  1.98s/it]
  2%|2         | 48/2000 [01:25<1:02:28,  1.92s/it]
  2%|2         | 49/2000 [01:26<1:00:54,  1.87s/it]
  2%|2         | 50/2000 [01:28<1:02:11,  1.91s/it]
                                                   

  2%|2         | 50/2000 [01:28<1:02:11,  1.91s/it]
  3%|2         | 51/2000 [01:30<1:04:14,  1.98s/it]
  3%|2         | 52/2000 [01:33<1:06:48,  2.06s/it]
  3%|2         | 53/2000 [01:35<1:04:41,  1.99s/it]
  3%|2         | 54/2000 [01:37<1:04:14,  1.98s/it]
  3%|2         | 55/2000 [01:38<1:02:39,  1.93s/it]
  3%|2         | 56/2000 [01:40<1:01:52,  1.91s/it]
  3%|2         | 57/2000 [01:42<1:02:07,  1.92s/it]
  3%|2         | 58/2000 [01:44<1:02:03,  1.92s/it]
  3%|2         | 59/2000 [01:46<1:04:38,  2.00s/it]
  3%|3         | 60/2000 [01:48<1:04:45,  2.00s/it]
  3%|3         | 61/2000 [01:50<1:02:12,  1.92s/it]
  3%|3         | 62/2000 [01:52<1:01:44,  1.91s/it]
  3%|3         | 63/2000 [01:54<1:02:59,  1.95s/it]
  3%|3         | 64/2000 [01:56<1:04:32,  2.00s/it]
  3%|3         | 65/2000 [01:58<1:02:43,  1.94s/it]
  3%|3         | 66/2000 [02:00<1:02:03,  1.93s/it]
  3%|3         | 67/2000 [02:02<1:04:00,  1.99s/it]
  3%|3         | 68/2000 [02:04<1:03:16,  1.97s/it]
  3%|3         | 69/2000 [02:06<1:03:23,  1.97s/it]
  4%|3         | 70/2000 [02:07<1:01:13,  1.90s/it]
  4%|3         | 71/2000 [02:10<1:02:54,  1.96s/it]
  4%|3         | 72/2000 [02:12<1:03:55,  1.99s/it]
  4%|3         | 73/2000 [02:14<1:02:42,  1.95s/it]
  4%|3         | 74/2000 [02:16<1:03:25,  1.98s/it]
  4%|3         | 75/2000 [02:17<1:01:54,  1.93s/it]
                                                   

  4%|3         | 75/2000 [02:17<1:01:54,  1.93s/it]
  4%|3         | 76/2000 [02:19<1:01:32,  1.92s/it]
  4%|3         | 77/2000 [02:21<1:02:29,  1.95s/it]
  4%|3         | 78/2000 [02:23<1:03:51,  1.99s/it]
  4%|3         | 79/2000 [02:25<1:03:40,  1.99s/it]
  4%|4         | 80/2000 [02:27<1:04:19,  2.01s/it]
  4%|4         | 81/2000 [02:29<1:03:47,  1.99s/it]
  4%|4         | 82/2000 [02:31<1:04:55,  2.03s/it]
  4%|4         | 83/2000 [02:33<1:04:14,  2.01s/it]
  4%|4         | 84/2000 [02:35<1:04:26,  2.02s/it]
  4%|4         | 85/2000 [02:37<1:04:22,  2.02s/it]
  4%|4         | 86/2000 [02:40<1:05:19,  2.05s/it]
  4%|4         | 87/2000 [02:42<1:05:21,  2.05s/it]
  4%|4         | 88/2000 [02:44<1:06:07,  2.07s/it]
  4%|4         | 89/2000 [02:46<1:06:19,  2.08s/it]
  4%|4         | 90/2000 [02:48<1:05:16,  2.05s/it]
  5%|4         | 91/2000 [02:50<1:04:49,  2.04s/it]
  5%|4         | 92/2000 [02:52<1:06:24,  2.09s/it]
  5%|4         | 93/2000 [02:54<1:08:16,  2.15s/it]
  5%|4         | 94/2000 [02:57<1:09:38,  2.19s/it]
  5%|4         | 95/2000 [02:59<1:10:06,  2.21s/it]
  5%|4         | 96/2000 [03:01<1:11:47,  2.26s/it]
  5%|4         | 97/2000 [03:03<1:11:00,  2.24s/it]
  5%|4         | 98/2000 [03:05<1:08:22,  2.16s/it]
  5%|4         | 99/2000 [03:08<1:07:35,  2.13s/it]
  5%|5         | 100/2000 [03:09<1:05:48,  2.08s/it]
                                                    

{'loss': '17.16', 'grad_norm': '4.573', 'learning_rate': '9.6e-05', 'epoch': '0.004272'}
{'loss': '12.99', 'grad_norm': '2.53', 'learning_rate': '0.000196', 'epoch': '0.008545'}
{'loss': '10.93', 'grad_norm': '2.002', 'learning_rate': '0.000296', 'epoch': '0.01282'}
{'loss': '10.03', 'grad_norm': '2.038', 'learning_rate': '0.000396', 'epoch': '0.01709'}
  5%|5         | 100/2000 [03:09<1:05:48,  2.08s/it]

  0%|          | 0/239 [00:00<?, ?it/s][A

  1%|          | 2/239 [00:00<00:15, 14.99it/s][A

  2%|1         | 4/239 [00:00<00:24,  9.47it/s][A

  3%|2         | 6/239 [00:00<00:27,  8.39it/s][A

  3%|2         | 7/239 [00:00<00:28,  8.02it/s][A

  3%|3         | 8/239 [00:00<00:29,  7.73it/s][A

  4%|3         | 9/239 [00:01<00:29,  7.69it/s][A

  4%|4         | 10/239 [00:01<00:31,  7.17it/s][A

  5%|4         | 11/239 [00:01<00:31,  7.34it/s][A

  5%|5         | 12/239 [00:01<00:30,  7.42it/s][A

  5%|5         | 13/239 [00:01<00:29,  7.63it/s][A

  6%|5         | 14/239 [00:01<00:28,  7.78it/s][A

  6%|6         | 15/239 [00:01<00:28,  7.96it/s][A

  7%|6         | 16/239 [00:01<00:27,  8.12it/s][A

  7%|7         | 17/239 [00:02<00:27,  8.10it/s][A

  8%|7         | 18/239 [00:02<00:26,  8.36it/s][A

  8%|7         | 19/239 [00:02<00:25,  8.67it/s][A

  8%|8         | 20/239 [00:02<00:25,  8.62it/s][A

  9%|9         | 22/239 [00:02<00:22,  9.53it/s][A

 10%|#         | 24/239 [00:02<00:22,  9.69it/s][A

 11%|#         | 26/239 [00:03<00:22,  9.52it/s][A

 11%|#1        | 27/239 [00:03<00:22,  9.49it/s][A

 12%|#1        | 28/239 [00:03<00:22,  9.40it/s][A

 12%|#2        | 29/239 [00:03<00:23,  9.03it/s][A

 13%|#2        | 30/239 [00:03<00:23,  8.78it/s][A

 13%|#2        | 31/239 [00:03<00:23,  8.85it/s][A

 13%|#3        | 32/239 [00:03<00:23,  8.82it/s][A

 14%|#3        | 33/239 [00:03<00:23,  8.77it/s][A

 14%|#4        | 34/239 [00:03<00:23,  8.68it/s][A

 15%|#4        | 35/239 [00:04<00:23,  8.54it/s][A

 15%|#5        | 36/239 [00:04<00:23,  8.46it/s][A

 15%|#5        | 37/239 [00:04<00:23,  8.60it/s][A

 16%|#5        | 38/239 [00:04<00:22,  8.76it/s][A

 16%|#6        | 39/239 [00:04<00:22,  8.93it/s][A

 17%|#7        | 41/239 [00:04<00:20,  9.45it/s][A

 18%|#7        | 43/239 [00:04<00:19,  9.81it/s][A

 18%|#8        | 44/239 [00:05<00:20,  9.33it/s][A

 19%|#8        | 45/239 [00:05<00:20,  9.44it/s][A

 19%|#9        | 46/239 [00:05<00:20,  9.29it/s][A

 20%|##        | 48/239 [00:05<00:19,  9.68it/s][A

 21%|##        | 49/239 [00:05<00:19,  9.52it/s][A

 21%|##1       | 51/239 [00:05<00:19,  9.85it/s][A

 22%|##2       | 53/239 [00:05<00:18,  9.80it/s][A

 23%|##3       | 55/239 [00:06<00:18, 10.11it/s][A

 24%|##3       | 57/239 [00:06<00:18,  9.89it/s][A

 24%|##4       | 58/239 [00:06<00:18,  9.85it/s][A

 25%|##5       | 60/239 [00:06<00:17,  9.95it/s][A

 26%|##5       | 62/239 [00:06<00:17, 10.01it/s][A

 26%|##6       | 63/239 [00:06<00:18,  9.65it/s][A

 27%|##6       | 64/239 [00:07<00:18,  9.59it/s][A

 27%|##7       | 65/239 [00:07<00:18,  9.65it/s][A

 28%|##7       | 66/239 [00:07<00:18,  9.50it/s][A

 28%|##8       | 67/239 [00:07<00:18,  9.12it/s][A

 28%|##8       | 68/239 [00:07<00:18,  9.22it/s][A

 29%|##8       | 69/239 [00:07<00:18,  9.06it/s][A

 29%|##9       | 70/239 [00:07<00:18,  8.90it/s][A

 30%|##9       | 71/239 [00:07<00:18,  9.04it/s][A

 30%|###       | 72/239 [00:08<00:19,  8.63it/s][A

 31%|###       | 73/239 [00:08<00:19,  8.49it/s][A

 31%|###       | 74/239 [00:08<00:19,  8.35it/s][A

 31%|###1      | 75/239 [00:08<00:19,  8.25it/s][A

 32%|###1      | 76/239 [00:08<00:20,  8.13it/s][A

 32%|###2      | 77/239 [00:08<00:19,  8.15it/s][A

 33%|###2      | 78/239 [00:08<00:20,  7.98it/s][A

 33%|###3      | 79/239 [00:08<00:20,  7.98it/s][A

 33%|###3      | 80/239 [00:09<00:20,  7.76it/s][A

 34%|###3      | 81/239 [00:09<00:20,  7.73it/s][A

 34%|###4      | 82/239 [00:09<00:20,  7.67it/s][A

 35%|###4      | 83/239 [00:09<00:21,  7.39it/s][A

 35%|###5      | 84/239 [00:09<00:20,  7.72it/s][A

 36%|###5      | 85/239 [00:09<00:19,  7.98it/s][A

 36%|###5      | 86/239 [00:09<00:18,  8.20it/s][A

 36%|###6      | 87/239 [00:09<00:18,  8.28it/s][A

 37%|###6      | 88/239 [00:10<00:18,  8.15it/s][A

 37%|###7      | 89/239 [00:10<00:18,  8.12it/s][A

 38%|###7      | 90/239 [00:10<00:17,  8.36it/s][A

 38%|###8      | 91/239 [00:10<00:17,  8.47it/s][A

 38%|###8      | 92/239 [00:10<00:16,  8.72it/s][A

 39%|###8      | 93/239 [00:10<00:16,  8.82it/s][A

 39%|###9      | 94/239 [00:10<00:15,  9.11it/s][A

 40%|####      | 96/239 [00:10<00:15,  9.49it/s][A

 41%|####      | 97/239 [00:10<00:15,  9.40it/s][A

 41%|####1     | 98/239 [00:11<00:15,  9.30it/s][A

 41%|####1     | 99/239 [00:11<00:15,  9.24it/s][A

 42%|####2     | 101/239 [00:11<00:14,  9.82it/s][A

 43%|####3     | 103/239 [00:11<00:13,  9.91it/s][A

 44%|####3     | 104/239 [00:11<00:13,  9.87it/s][A

 44%|####4     | 106/239 [00:11<00:13, 10.01it/s][A

 45%|####5     | 108/239 [00:12<00:13, 10.00it/s][A

 46%|####5     | 109/239 [00:12<00:13,  9.98it/s][A

 46%|####6     | 111/239 [00:12<00:12, 10.34it/s][A

 47%|####7     | 113/239 [00:12<00:11, 10.62it/s][A

 48%|####8     | 115/239 [00:12<00:11, 10.72it/s][A

 49%|####8     | 117/239 [00:12<00:11, 11.00it/s][A

 50%|####9     | 119/239 [00:13<00:10, 11.50it/s][A

 51%|#####     | 121/239 [00:13<00:10, 11.39it/s][A

 51%|#####1    | 123/239 [00:13<00:10, 11.10it/s][A

 52%|#####2    | 125/239 [00:13<00:10, 11.10it/s][A

 53%|#####3    | 127/239 [00:13<00:09, 11.21it/s][A

 54%|#####3    | 129/239 [00:13<00:10, 10.99it/s][A

 55%|#####4    | 131/239 [00:14<00:09, 10.97it/s][A

 56%|#####5    | 133/239 [00:14<00:09, 10.94it/s][A

 56%|#####6    | 135/239 [00:14<00:09, 10.91it/s][A

 57%|#####7    | 137/239 [00:14<00:09, 10.48it/s][A

 58%|#####8    | 139/239 [00:14<00:10,  9.93it/s][A

 59%|#####8    | 141/239 [00:15<00:09, 10.04it/s][A

 60%|#####9    | 143/239 [00:15<00:09, 10.11it/s][A

 61%|######    | 145/239 [00:15<00:09,  9.81it/s][A

 61%|######1   | 146/239 [00:15<00:09,  9.51it/s][A

 62%|######1   | 147/239 [00:15<00:09,  9.44it/s][A

 62%|######1   | 148/239 [00:15<00:09,  9.19it/s][A

 62%|######2   | 149/239 [00:16<00:10,  8.99it/s][A

 63%|######2   | 150/239 [00:16<00:10,  8.61it/s][A

 63%|######3   | 151/239 [00:16<00:10,  8.56it/s][A

 64%|######3   | 152/239 [00:16<00:10,  8.44it/s][A

 64%|######4   | 153/239 [00:16<00:10,  8.41it/s][A

 64%|######4   | 154/239 [00:16<00:10,  8.26it/s][A

 65%|######4   | 155/239 [00:16<00:10,  8.17it/s][A

 65%|######5   | 156/239 [00:16<00:10,  8.06it/s][A

 66%|######5   | 157/239 [00:17<00:10,  7.80it/s][A

 66%|######6   | 158/239 [00:17<00:10,  7.60it/s][A

 67%|######6   | 159/239 [00:17<00:10,  7.87it/s][A

 67%|######6   | 160/239 [00:17<00:10,  7.64it/s][A

 68%|######7   | 162/239 [00:17<00:09,  8.02it/s][A

 68%|######8   | 163/239 [00:17<00:09,  8.07it/s][A

 69%|######8   | 164/239 [00:17<00:09,  7.87it/s][A

 69%|######9   | 165/239 [00:18<00:09,  7.79it/s][A

 69%|######9   | 166/239 [00:18<00:08,  8.23it/s][A

 70%|######9   | 167/239 [00:18<00:08,  8.45it/s][A

 70%|#######   | 168/239 [00:18<00:08,  8.62it/s][A

 71%|#######1  | 170/239 [00:18<00:07,  9.22it/s][A

 72%|#######1  | 172/239 [00:18<00:06,  9.79it/s][A

 72%|#######2  | 173/239 [00:18<00:06,  9.66it/s][A

 73%|#######2  | 174/239 [00:18<00:06,  9.67it/s][A

 74%|#######3  | 176/239 [00:19<00:06,  9.80it/s][A

 74%|#######4  | 177/239 [00:19<00:06,  9.64it/s][A

 74%|#######4  | 178/239 [00:19<00:06,  9.49it/s][A

 75%|#######4  | 179/239 [00:19<00:06,  9.48it/s][A

 75%|#######5  | 180/239 [00:19<00:06,  9.08it/s][A

 76%|#######5  | 181/239 [00:19<00:06,  9.21it/s][A

 77%|#######6  | 183/239 [00:19<00:05,  9.35it/s][A

 77%|#######6  | 184/239 [00:20<00:06,  9.15it/s][A

 77%|#######7  | 185/239 [00:20<00:06,  8.96it/s][A

 78%|#######7  | 186/239 [00:20<00:05,  9.18it/s][A

 78%|#######8  | 187/239 [00:20<00:05,  8.78it/s][A

 79%|#######8  | 188/239 [00:20<00:05,  8.98it/s][A

 79%|#######9  | 189/239 [00:20<00:05,  9.18it/s][A

 79%|#######9  | 190/239 [00:20<00:05,  9.02it/s][A

 80%|#######9  | 191/239 [00:20<00:05,  9.24it/s][A

 80%|########  | 192/239 [00:20<00:05,  9.18it/s][A

 81%|########  | 193/239 [00:21<00:04,  9.31it/s][A

 81%|########1 | 194/239 [00:21<00:05,  8.95it/s][A

 82%|########1 | 195/239 [00:21<00:04,  9.10it/s][A

 82%|########2 | 197/239 [00:21<00:04, 10.07it/s][A

 83%|########3 | 199/239 [00:21<00:04,  9.99it/s][A

 84%|########4 | 201/239 [00:21<00:03, 10.42it/s][A

 85%|########4 | 203/239 [00:22<00:03, 10.42it/s][A

 86%|########5 | 205/239 [00:22<00:03, 10.55it/s][A

 87%|########6 | 207/239 [00:22<00:03, 10.39it/s][A

 87%|########7 | 209/239 [00:22<00:02, 10.13it/s][A

 88%|########8 | 211/239 [00:22<00:02, 10.20it/s][A

 89%|########9 | 213/239 [00:23<00:02, 10.16it/s][A

 90%|########9 | 215/239 [00:23<00:02, 10.16it/s][A

 91%|######### | 217/239 [00:23<00:02,  9.94it/s][A

 92%|#########1| 219/239 [00:23<00:02,  9.93it/s][A

 92%|#########2| 220/239 [00:23<00:01,  9.80it/s][A

 92%|#########2| 221/239 [00:23<00:01,  9.81it/s][A

 93%|#########2| 222/239 [00:23<00:01,  9.66it/s][A

 93%|#########3| 223/239 [00:24<00:01,  9.23it/s][A

 94%|#########3| 224/239 [00:24<00:01,  9.12it/s][A

 94%|#########4| 225/239 [00:24<00:01,  9.10it/s][A

 95%|#########4| 226/239 [00:24<00:01,  9.18it/s][A

 95%|#########5| 228/239 [00:24<00:01,  9.36it/s][A

 96%|#########5| 229/239 [00:24<00:01,  9.36it/s][A

 97%|#########6| 231/239 [00:24<00:00,  9.80it/s][A

 97%|#########7| 232/239 [00:25<00:00,  9.62it/s][A

 97%|#########7| 233/239 [00:25<00:00,  9.53it/s][A

 98%|#########7| 234/239 [00:25<00:00,  9.52it/s][A

 98%|#########8| 235/239 [00:25<00:00,  9.61it/s][A

 99%|#########8| 236/239 [00:25<00:00,  9.38it/s][A

 99%|#########9| 237/239 [00:25<00:00,  9.32it/s][A

100%|#########9| 238/239 [00:25<00:00,  9.00it/s][A

100%|##########| 239/239 [00:25<00:00,  8.93it/s][A
                                                    


                                                 
[A
  5%|5         | 100/2000 [03:35<1:05:48,  2.08s/it]

100%|##########| 239/239 [00:25<00:00,  8.93it/s][A

{'eval_loss': '5.507', 'eval_runtime': '25.93', 'eval_samples_per_second': '36.87', 'eval_steps_per_second': '9.217', 'epoch': '0.01709'}
                                                 [A

Writing model shards:   0%|          | 0/1 [00:00<?, ?it/s][A

Writing model shards: 100%|##########| 1/1 [00:00<00:00,  1.18it/s][A
Writing model shards: 100%|##########| 1/1 [00:00<00:00,  1.18it/s]

  5%|5         | 101/2000 [03:40<5:32:02, 10.49s/it]
  5%|5         | 102/2000 [03:41<4:08:48,  7.87s/it]
  5%|5         | 103/2000 [03:43<3:10:09,  6.01s/it]
  5%|5         | 104/2000 [03:45<2:29:48,  4.74s/it]
  5%|5         | 105/2000 [03:47<2:05:04,  3.96s/it]
  5%|5         | 106/2000 [03:49<1:49:34,  3.47s/it]
  5%|5         | 107/2000 [03:51<1:36:34,  3.06s/it]
  5%|5         | 108/2000 [03:53<1:26:33,  2.74s/it]
  5%|5         | 109/2000 [03:56<1:21:41,  2.59s/it]
  6%|5         | 110/2000 [03:58<1:18:52,  2.50s/it]
  6%|5         | 111/2000 [04:00<1:16:01,  2.41s/it]
  6%|5         | 112/2000 [04:02<1:12:04,  2.29s/it]
  6%|5         | 113/2000 [04:04<1:11:15,  2.27s/it]
  6%|5         | 114/2000 [04:07<1:10:50,  2.25s/it]
  6%|5         | 115/2000 [04:09<1:10:24,  2.24s/it]
  6%|5         | 116/2000 [04:11<1:09:20,  2.21s/it]
  6%|5         | 117/2000 [04:13<1:06:40,  2.12s/it]
  6%|5         | 118/2000 [04:15<1:05:11,  2.08s/it]
  6%|5         | 119/2000 [04:17<1:04:24,  2.05s/it]
  6%|6         | 120/2000 [04:19<1:05:32,  2.09s/it]
  6%|6         | 121/2000 [04:21<1:08:46,  2.20s/it]
  6%|6         | 122/2000 [04:24<1:09:44,  2.23s/it]
  6%|6         | 123/2000 [04:26<1:13:41,  2.36s/it]
  6%|6         | 124/2000 [04:28<1:11:10,  2.28s/it]
  6%|6         | 125/2000 [04:30<1:07:26,  2.16s/it]
                                                    

  6%|6         | 125/2000 [04:30<1:07:26,  2.16s/it]
  6%|6         | 126/2000 [04:32<1:05:40,  2.10s/it]
  6%|6         | 127/2000 [04:34<1:05:22,  2.09s/it]
  6%|6         | 128/2000 [04:36<1:04:38,  2.07s/it]
  6%|6         | 129/2000 [04:39<1:07:31,  2.17s/it]
  6%|6         | 130/2000 [04:41<1:09:48,  2.24s/it]
  7%|6         | 131/2000 [04:43<1:09:58,  2.25s/it]
  7%|6         | 132/2000 [04:46<1:12:13,  2.32s/it]
  7%|6         | 133/2000 [04:49<1:16:16,  2.45s/it]
  7%|6         | 134/2000 [04:51<1:10:49,  2.28s/it]
  7%|6         | 135/2000 [04:53<1:08:06,  2.19s/it]
  7%|6         | 136/2000 [04:55<1:08:36,  2.21s/it]
  7%|6         | 137/2000 [04:57<1:07:24,  2.17s/it]
  7%|6         | 138/2000 [04:59<1:08:08,  2.20s/it]
  7%|6         | 139/2000 [05:02<1:11:00,  2.29s/it]
  7%|7         | 140/2000 [05:04<1:08:42,  2.22s/it]
  7%|7         | 141/2000 [05:06<1:08:39,  2.22s/it]
  7%|7         | 142/2000 [05:08<1:10:49,  2.29s/it]
  7%|7         | 143/2000 [05:11<1:10:05,  2.26s/it]
  7%|7         | 144/2000 [05:13<1:10:07,  2.27s/it]
  7%|7         | 145/2000 [05:15<1:09:10,  2.24s/it]
  7%|7         | 146/2000 [05:17<1:09:56,  2.26s/it]
  7%|7         | 147/2000 [05:19<1:08:06,  2.21s/it]
  7%|7         | 148/2000 [05:22<1:07:18,  2.18s/it]
  7%|7         | 149/2000 [05:24<1:08:30,  2.22s/it]
  8%|7         | 150/2000 [05:26<1:09:04,  2.24s/it]
                                                    

  8%|7         | 150/2000 [05:26<1:09:04,  2.24s/it]
  8%|7         | 151/2000 [05:28<1:07:20,  2.19s/it]
  8%|7         | 152/2000 [05:31<1:09:20,  2.25s/it]
  8%|7         | 153/2000 [05:33<1:10:52,  2.30s/it]
  8%|7         | 154/2000 [05:35<1:10:21,  2.29s/it]
  8%|7         | 155/2000 [05:38<1:10:39,  2.30s/it]
  8%|7         | 156/2000 [05:40<1:13:04,  2.38s/it]
  8%|7         | 157/2000 [05:42<1:10:16,  2.29s/it]
  8%|7         | 158/2000 [05:45<1:11:38,  2.33s/it]
  8%|7         | 159/2000 [05:47<1:11:23,  2.33s/it]
  8%|8         | 160/2000 [05:49<1:11:42,  2.34s/it]
  8%|8         | 161/2000 [05:52<1:12:17,  2.36s/it]
  8%|8         | 162/2000 [05:54<1:12:41,  2.37s/it]
  8%|8         | 163/2000 [05:56<1:09:48,  2.28s/it]
  8%|8         | 164/2000 [05:58<1:05:56,  2.15s/it]
  8%|8         | 165/2000 [06:00<1:04:16,  2.10s/it]
  8%|8         | 166/2000 [06:02<1:03:37,  2.08s/it]
  8%|8         | 167/2000 [06:04<1:02:17,  2.04s/it]
  8%|8         | 168/2000 [06:06<1:00:12,  1.97s/it]
  8%|8         | 169/2000 [06:08<1:00:07,  1.97s/it]
  8%|8         | 170/2000 [06:10<1:01:40,  2.02s/it]
  9%|8         | 171/2000 [06:12<59:49,  1.96s/it]  
  9%|8         | 172/2000 [06:14<1:00:10,  1.98s/it]
  9%|8         | 173/2000 [06:16<1:00:21,  1.98s/it]
  9%|8         | 174/2000 [06:18<59:38,  1.96s/it]  
  9%|8         | 175/2000 [06:20<1:00:57,  2.00s/it]
                                                    

  9%|8         | 175/2000 [06:20<1:00:57,  2.00s/it]
  9%|8         | 176/2000 [06:22<1:02:36,  2.06s/it]
  9%|8         | 177/2000 [06:24<1:03:48,  2.10s/it]
  9%|8         | 178/2000 [06:26<1:05:03,  2.14s/it]
  9%|8         | 179/2000 [06:29<1:06:05,  2.18s/it]
  9%|9         | 180/2000 [06:31<1:05:57,  2.17s/it]
  9%|9         | 181/2000 [06:33<1:04:43,  2.13s/it]
  9%|9         | 182/2000 [06:35<1:04:27,  2.13s/it]
  9%|9         | 183/2000 [06:37<1:04:54,  2.14s/it]
  9%|9         | 184/2000 [06:39<1:03:36,  2.10s/it]
  9%|9         | 185/2000 [06:41<1:00:52,  2.01s/it]
  9%|9         | 186/2000 [06:43<59:34,  1.97s/it]  
  9%|9         | 187/2000 [06:45<58:55,  1.95s/it]
  9%|9         | 188/2000 [06:47<59:55,  1.98s/it]
  9%|9         | 189/2000 [06:49<59:36,  1.97s/it]
 10%|9         | 190/2000 [06:51<59:38,  1.98s/it]
 10%|9         | 191/2000 [06:53<59:08,  1.96s/it]
 10%|9         | 192/2000 [06:55<59:48,  1.98s/it]
 10%|9         | 193/2000 [06:57<59:47,  1.99s/it]
 10%|9         | 194/2000 [06:59<1:00:29,  2.01s/it]
 10%|9         | 195/2000 [07:01<1:02:46,  2.09s/it]
 10%|9         | 196/2000 [07:03<1:04:36,  2.15s/it]
 10%|9         | 197/2000 [07:06<1:06:39,  2.22s/it]
 10%|9         | 198/2000 [07:08<1:04:57,  2.16s/it]
 10%|9         | 199/2000 [07:10<1:05:30,  2.18s/it]
 10%|#         | 200/2000 [07:12<1:07:24,  2.25s/it]
                                                    

{'loss': '9.372', 'grad_norm': '2.481', 'learning_rate': '0.0003998', 'epoch': '0.02136'}
 10%|#         | 200/2000 [07:12<1:07:24,  2.25s/it]
{'loss': '8.87', 'grad_norm': '2.389', 'learning_rate': '0.0003993', 'epoch': '0.02563'}
{'loss': '8.579', 'grad_norm': '2.001', 'learning_rate': '0.0003985', 'epoch': '0.02991'}
{'loss': '8.078', 'grad_norm': '1.789', 'learning_rate': '0.0003973', 'epoch': '0.03418'}

  0%|          | 0/239 [00:00<?, ?it/s][A

  1%|          | 2/239 [00:00<00:20, 11.64it/s][A

  2%|1         | 4/239 [00:00<00:30,  7.67it/s][A

  2%|2         | 5/239 [00:00<00:33,  6.95it/s][A

  3%|2         | 6/239 [00:00<00:35,  6.56it/s][A

  3%|2         | 7/239 [00:00<00:35,  6.56it/s][A

  3%|3         | 8/239 [00:01<00:34,  6.67it/s][A

  4%|3         | 9/239 [00:01<00:33,  6.90it/s][A

  4%|4         | 10/239 [00:01<00:32,  7.05it/s][A

  5%|4         | 11/239 [00:01<00:31,  7.17it/s][A

  5%|5         | 12/239 [00:01<00:31,  7.29it/s][A

  5%|5         | 13/239 [00:01<00:30,  7.44it/s][A

  6%|5         | 14/239 [00:01<00:30,  7.29it/s][A

  6%|6         | 15/239 [00:02<00:30,  7.37it/s][A

  7%|6         | 16/239 [00:02<00:28,  7.76it/s][A

  7%|7         | 17/239 [00:02<00:27,  8.01it/s][A

  8%|7         | 18/239 [00:02<00:27,  8.17it/s][A

  8%|7         | 19/239 [00:02<00:28,  7.86it/s][A

  8%|8         | 20/239 [00:02<00:27,  7.93it/s][A

  9%|8         | 21/239 [00:02<00:27,  7.98it/s][A

  9%|9         | 22/239 [00:02<00:27,  7.96it/s][A

 10%|9         | 23/239 [00:03<00:26,  8.01it/s][A

 10%|#         | 24/239 [00:03<00:25,  8.30it/s][A

 10%|#         | 25/239 [00:03<00:25,  8.53it/s][A

 11%|#         | 26/239 [00:03<00:23,  8.88it/s][A

 11%|#1        | 27/239 [00:03<00:23,  8.90it/s][A

 12%|#1        | 28/239 [00:03<00:24,  8.67it/s][A

 12%|#2        | 29/239 [00:03<00:24,  8.45it/s][A

 13%|#2        | 30/239 [00:03<00:23,  8.74it/s][A

 13%|#2        | 31/239 [00:03<00:23,  8.89it/s][A

 13%|#3        | 32/239 [00:04<00:22,  9.12it/s][A

 14%|#4        | 34/239 [00:04<00:21,  9.67it/s][A

 15%|#5        | 36/239 [00:04<00:19, 10.36it/s][A

 16%|#5        | 38/239 [00:04<00:19, 10.39it/s][A

 17%|#6        | 40/239 [00:04<00:19, 10.34it/s][A

 18%|#7        | 42/239 [00:05<00:19, 10.32it/s][A

 18%|#8        | 44/239 [00:05<00:18, 10.48it/s][A

 19%|#9        | 46/239 [00:05<00:18, 10.67it/s][A

 20%|##        | 48/239 [00:05<00:18, 10.40it/s][A

 21%|##        | 50/239 [00:05<00:18, 10.21it/s][A

 22%|##1       | 52/239 [00:05<00:18, 10.28it/s][A

 23%|##2       | 54/239 [00:06<00:18, 10.20it/s][A

 23%|##3       | 56/239 [00:06<00:17, 10.72it/s][A

 24%|##4       | 58/239 [00:06<00:16, 11.07it/s][A

 25%|##5       | 60/239 [00:06<00:16, 10.84it/s][A

 26%|##5       | 62/239 [00:06<00:16, 10.95it/s][A

 27%|##6       | 64/239 [00:07<00:15, 11.00it/s][A

 28%|##7       | 66/239 [00:07<00:15, 11.12it/s][A

 28%|##8       | 68/239 [00:07<00:15, 10.93it/s][A

 29%|##9       | 70/239 [00:07<00:15, 10.81it/s][A

 30%|###       | 72/239 [00:07<00:15, 10.84it/s][A

 31%|###       | 74/239 [00:07<00:15, 10.53it/s][A

 32%|###1      | 76/239 [00:08<00:15, 10.34it/s][A

 33%|###2      | 78/239 [00:08<00:15, 10.23it/s][A

 33%|###3      | 80/239 [00:08<00:15, 10.03it/s][A

 34%|###4      | 82/239 [00:08<00:16,  9.79it/s][A

 35%|###4      | 83/239 [00:08<00:15,  9.81it/s][A

 35%|###5      | 84/239 [00:09<00:15,  9.77it/s][A

 36%|###5      | 85/239 [00:09<00:16,  9.47it/s][A

 36%|###6      | 87/239 [00:09<00:15,  9.59it/s][A

 37%|###6      | 88/239 [00:09<00:15,  9.67it/s][A

 37%|###7      | 89/239 [00:09<00:15,  9.52it/s][A

 38%|###7      | 90/239 [00:09<00:15,  9.52it/s][A

 38%|###8      | 91/239 [00:09<00:15,  9.38it/s][A

 38%|###8      | 92/239 [00:09<00:15,  9.36it/s][A

 39%|###8      | 93/239 [00:09<00:15,  9.30it/s][A

 39%|###9      | 94/239 [00:10<00:15,  9.36it/s][A

 40%|###9      | 95/239 [00:10<00:15,  9.38it/s][A

 41%|####      | 97/239 [00:10<00:14,  9.87it/s][A

 41%|####1     | 99/239 [00:10<00:14,  9.80it/s][A

 42%|####2     | 101/239 [00:10<00:14,  9.66it/s][A

 43%|####2     | 102/239 [00:10<00:14,  9.68it/s][A

 43%|####3     | 103/239 [00:11<00:14,  9.48it/s][A

 44%|####3     | 105/239 [00:11<00:14,  9.50it/s][A

 44%|####4     | 106/239 [00:11<00:14,  9.40it/s][A

 45%|####4     | 107/239 [00:11<00:14,  9.41it/s][A

 45%|####5     | 108/239 [00:11<00:14,  9.07it/s][A

 46%|####5     | 109/239 [00:11<00:14,  8.92it/s][A

 46%|####6     | 110/239 [00:11<00:14,  9.16it/s][A

 46%|####6     | 111/239 [00:11<00:13,  9.36it/s][A

 47%|####6     | 112/239 [00:12<00:14,  9.06it/s][A

 47%|####7     | 113/239 [00:12<00:13,  9.25it/s][A

 48%|####7     | 114/239 [00:12<00:13,  9.19it/s][A

 48%|####8     | 115/239 [00:12<00:13,  9.41it/s][A

 49%|####8     | 116/239 [00:12<00:13,  8.87it/s][A

 49%|####8     | 117/239 [00:12<00:15,  7.87it/s][A

 49%|####9     | 118/239 [00:12<00:16,  7.53it/s][A

 50%|####9     | 119/239 [00:12<00:15,  7.67it/s][A

 50%|#####     | 120/239 [00:12<00:14,  7.95it/s][A

 51%|#####     | 121/239 [00:13<00:16,  7.15it/s][A

 51%|#####1    | 122/239 [00:13<00:16,  6.99it/s][A

 51%|#####1    | 123/239 [00:13<00:17,  6.79it/s][A

 52%|#####1    | 124/239 [00:13<00:17,  6.66it/s][A

 52%|#####2    | 125/239 [00:13<00:17,  6.55it/s][A

 53%|#####2    | 126/239 [00:13<00:15,  7.27it/s][A

 53%|#####3    | 127/239 [00:14<00:14,  7.75it/s][A

 54%|#####3    | 128/239 [00:14<00:13,  8.29it/s][A

 54%|#####4    | 130/239 [00:14<00:11,  9.25it/s][A

 55%|#####5    | 132/239 [00:14<00:11,  9.72it/s][A

 56%|#####6    | 134/239 [00:14<00:10, 10.01it/s][A

 57%|#####6    | 136/239 [00:14<00:10, 10.16it/s][A

 58%|#####7    | 138/239 [00:15<00:09, 10.28it/s][A

 59%|#####8    | 140/239 [00:15<00:09, 10.42it/s][A

 59%|#####9    | 142/239 [00:15<00:08, 10.95it/s][A

 60%|######    | 144/239 [00:15<00:08, 11.11it/s][A

 61%|######1   | 146/239 [00:15<00:08, 11.06it/s][A

 62%|######1   | 148/239 [00:15<00:08, 10.89it/s][A

 63%|######2   | 150/239 [00:16<00:08, 10.68it/s][A

 64%|######3   | 152/239 [00:16<00:08, 10.40it/s][A

 64%|######4   | 154/239 [00:16<00:08,  9.87it/s][A

 65%|######5   | 156/239 [00:16<00:08, 10.00it/s][A

 66%|######6   | 158/239 [00:16<00:08,  9.80it/s][A

 67%|######6   | 159/239 [00:17<00:08,  9.79it/s][A

 67%|######7   | 161/239 [00:17<00:07,  9.93it/s][A

 68%|######7   | 162/239 [00:17<00:07,  9.87it/s][A

 68%|######8   | 163/239 [00:17<00:07,  9.69it/s][A

 69%|######8   | 164/239 [00:17<00:07,  9.58it/s][A

 69%|######9   | 165/239 [00:17<00:07,  9.59it/s][A

 69%|######9   | 166/239 [00:17<00:07,  9.61it/s][A

 70%|######9   | 167/239 [00:17<00:07,  9.64it/s][A

 70%|#######   | 168/239 [00:18<00:07,  9.59it/s][A

 71%|#######   | 169/239 [00:18<00:07,  9.14it/s][A

 71%|#######1  | 170/239 [00:18<00:07,  8.86it/s][A

 72%|#######1  | 171/239 [00:18<00:07,  8.77it/s][A

 72%|#######1  | 172/239 [00:18<00:07,  8.52it/s][A

 72%|#######2  | 173/239 [00:18<00:08,  7.96it/s][A

 73%|#######2  | 174/239 [00:18<00:07,  8.24it/s][A

 73%|#######3  | 175/239 [00:18<00:07,  8.32it/s][A

 74%|#######3  | 176/239 [00:18<00:07,  8.66it/s][A

 74%|#######4  | 177/239 [00:19<00:07,  8.81it/s][A

 74%|#######4  | 178/239 [00:19<00:06,  8.78it/s][A

 75%|#######4  | 179/239 [00:19<00:07,  8.54it/s][A

 75%|#######5  | 180/239 [00:19<00:07,  8.06it/s][A

 76%|#######5  | 181/239 [00:19<00:07,  7.89it/s][A

 76%|#######6  | 182/239 [00:19<00:07,  8.07it/s][A

 77%|#######6  | 183/239 [00:19<00:06,  8.27it/s][A

 77%|#######6  | 184/239 [00:19<00:06,  8.59it/s][A

 77%|#######7  | 185/239 [00:20<00:06,  8.73it/s][A

 78%|#######7  | 186/239 [00:20<00:06,  8.48it/s][A

 78%|#######8  | 187/239 [00:20<00:06,  8.37it/s][A

 79%|#######8  | 188/239 [00:20<00:06,  8.37it/s][A

 79%|#######9  | 189/239 [00:20<00:05,  8.44it/s][A

 79%|#######9  | 190/239 [00:20<00:05,  8.55it/s][A

 80%|#######9  | 191/239 [00:20<00:05,  8.29it/s][A

 80%|########  | 192/239 [00:20<00:05,  8.28it/s][A

 81%|########  | 193/239 [00:21<00:05,  8.15it/s][A

 81%|########1 | 194/239 [00:21<00:05,  8.51it/s][A

 82%|########1 | 195/239 [00:21<00:04,  8.82it/s][A

 82%|########2 | 197/239 [00:21<00:04,  9.54it/s][A

 83%|########2 | 198/239 [00:21<00:04,  9.21it/s][A

 83%|########3 | 199/239 [00:21<00:04,  9.07it/s][A

 84%|########3 | 200/239 [00:21<00:04,  9.14it/s][A

 84%|########4 | 201/239 [00:21<00:04,  9.11it/s][A

 85%|########4 | 202/239 [00:21<00:03,  9.26it/s][A

 85%|########5 | 204/239 [00:22<00:03,  9.55it/s][A

 86%|########5 | 205/239 [00:22<00:03,  9.43it/s][A

 86%|########6 | 206/239 [00:22<00:03,  9.55it/s][A

 87%|########6 | 207/239 [00:22<00:03,  9.45it/s][A

 87%|########7 | 208/239 [00:22<00:03,  9.27it/s][A

 87%|########7 | 209/239 [00:22<00:03,  9.13it/s][A

 88%|########7 | 210/239 [00:22<00:03,  9.05it/s][A

 88%|########8 | 211/239 [00:22<00:03,  8.75it/s][A

 89%|########8 | 212/239 [00:23<00:03,  8.45it/s][A

 89%|########9 | 213/239 [00:23<00:03,  8.36it/s][A

 90%|########9 | 214/239 [00:23<00:03,  8.10it/s][A

 90%|########9 | 215/239 [00:23<00:02,  8.01it/s][A

 90%|######### | 216/239 [00:23<00:02,  7.82it/s][A

 91%|######### | 217/239 [00:23<00:02,  7.40it/s][A

 91%|#########1| 218/239 [00:23<00:02,  7.14it/s][A

 92%|#########1| 219/239 [00:24<00:02,  7.44it/s][A

 92%|#########2| 220/239 [00:24<00:02,  7.85it/s][A

 92%|#########2| 221/239 [00:24<00:02,  8.31it/s][A

 93%|#########2| 222/239 [00:24<00:02,  8.36it/s][A

 93%|#########3| 223/239 [00:24<00:01,  8.56it/s][A

 94%|#########3| 224/239 [00:24<00:01,  8.60it/s][A

 94%|#########4| 225/239 [00:24<00:01,  8.70it/s][A

 95%|#########4| 226/239 [00:24<00:01,  8.64it/s][A

 95%|#########4| 227/239 [00:24<00:01,  8.31it/s][A

 95%|#########5| 228/239 [00:25<00:01,  8.38it/s][A

 96%|#########5| 229/239 [00:25<00:01,  8.63it/s][A

 96%|#########6| 230/239 [00:25<00:01,  8.74it/s][A

 97%|#########6| 231/239 [00:25<00:00,  8.80it/s][A

 97%|#########7| 233/239 [00:25<00:00,  9.43it/s][A

 98%|#########8| 235/239 [00:25<00:00,  9.53it/s][A

 99%|#########8| 236/239 [00:25<00:00,  9.51it/s][A

 99%|#########9| 237/239 [00:26<00:00,  9.47it/s][A

100%|#########9| 238/239 [00:26<00:00,  9.54it/s][A

100%|##########| 239/239 [00:26<00:00,  9.62it/s][A
                                                    


                                                 
[A
 10%|#         | 200/2000 [07:39<1:07:24,  2.25s/it]

100%|##########| 239/239 [00:26<00:00,  9.62it/s][A

{'eval_loss': '4.634', 'eval_runtime': '26.38', 'eval_samples_per_second': '36.24', 'eval_steps_per_second': '9.06', 'epoch': '0.03418'}
                                                 [A

Writing model shards:   0%|          | 0/1 [00:00<?, ?it/s][A

Writing model shards: 100%|##########| 1/1 [00:00<00:00,  1.58it/s][A
Writing model shards: 100%|##########| 1/1 [00:00<00:00,  1.57it/s]

 10%|#         | 201/2000 [07:43<5:21:00, 10.71s/it]
 10%|#         | 202/2000 [07:45<4:02:02,  8.08s/it]
 10%|#         | 203/2000 [07:47<3:07:34,  6.26s/it]
 10%|#         | 204/2000 [07:49<2:30:56,  5.04s/it]
 10%|#         | 205/2000 [07:51<2:05:00,  4.18s/it]
 10%|#         | 206/2000 [07:54<1:49:14,  3.65s/it]
 10%|#         | 207/2000 [07:56<1:35:15,  3.19s/it]
 10%|#         | 208/2000 [07:58<1:28:36,  2.97s/it]
 10%|#         | 209/2000 [08:01<1:24:56,  2.85s/it]
 10%|#         | 210/2000 [08:03<1:19:29,  2.66s/it]
 11%|#         | 211/2000 [08:06<1:18:59,  2.65s/it]
 11%|#         | 212/2000 [08:08<1:15:11,  2.52s/it]
 11%|#         | 213/2000 [08:10<1:14:50,  2.51s/it]
 11%|#         | 214/2000 [08:13<1:12:52,  2.45s/it]
 11%|#         | 215/2000 [08:15<1:11:38,  2.41s/it]
 11%|#         | 216/2000 [08:17<1:08:34,  2.31s/it]
 11%|#         | 217/2000 [08:19<1:05:16,  2.20s/it]
 11%|#         | 218/2000 [08:21<1:06:53,  2.25s/it]
 11%|#         | 219/2000 [08:23<1:04:58,  2.19s/it]
 11%|#1        | 220/2000 [08:26<1:07:32,  2.28s/it]
 11%|#1        | 221/2000 [08:28<1:10:14,  2.37s/it]
 11%|#1        | 222/2000 [08:31<1:11:59,  2.43s/it]
 11%|#1        | 223/2000 [08:33<1:09:33,  2.35s/it]
 11%|#1        | 224/2000 [08:35<1:07:41,  2.29s/it]
 11%|#1        | 225/2000 [08:38<1:10:35,  2.39s/it]
                                                    

 11%|#1        | 225/2000 [08:38<1:10:35,  2.39s/it]
 11%|#1        | 226/2000 [08:40<1:10:46,  2.39s/it]
 11%|#1        | 227/2000 [08:42<1:08:01,  2.30s/it]
 11%|#1        | 228/2000 [08:44<1:03:11,  2.14s/it]
 11%|#1        | 229/2000 [08:46<59:25,  2.01s/it]  
 12%|#1        | 230/2000 [08:48<58:04,  1.97s/it]
 12%|#1        | 231/2000 [08:50<1:00:27,  2.05s/it]
 12%|#1        | 232/2000 [08:52<1:02:06,  2.11s/it]
 12%|#1        | 233/2000 [08:54<1:03:04,  2.14s/it]
 12%|#1        | 234/2000 [08:57<1:08:51,  2.34s/it]
 12%|#1        | 235/2000 [09:00<1:08:17,  2.32s/it]
 12%|#1        | 236/2000 [09:02<1:06:44,  2.27s/it]
 12%|#1        | 237/2000 [09:04<1:06:51,  2.28s/it]
 12%|#1        | 238/2000 [09:06<1:04:08,  2.18s/it]
 12%|#1        | 239/2000 [09:08<1:04:00,  2.18s/it]
 12%|#2        | 240/2000 [09:10<1:03:17,  2.16s/it]
 12%|#2        | 241/2000 [09:13<1:04:26,  2.20s/it]
 12%|#2        | 242/2000 [09:15<1:06:04,  2.25s/it]
 12%|#2        | 243/2000 [09:17<1:07:08,  2.29s/it]
 12%|#2        | 244/2000 [09:20<1:07:37,  2.31s/it]
 12%|#2        | 245/2000 [09:22<1:06:23,  2.27s/it]
 12%|#2        | 246/2000 [09:25<1:14:00,  2.53s/it]
 12%|#2        | 247/2000 [09:27<1:13:57,  2.53s/it]
 12%|#2        | 248/2000 [09:30<1:11:10,  2.44s/it]
 12%|#2        | 249/2000 [09:32<1:10:49,  2.43s/it]
 12%|#2        | 250/2000 [09:34<1:08:00,  2.33s/it]
                                                    

 12%|#2        | 250/2000 [09:34<1:08:00,  2.33s/it]
 13%|#2        | 251/2000 [09:36<1:05:07,  2.23s/it]
 13%|#2        | 252/2000 [09:39<1:05:41,  2.25s/it]
 13%|#2        | 253/2000 [09:41<1:07:35,  2.32s/it]
 13%|#2        | 254/2000 [09:43<1:07:11,  2.31s/it]
 13%|#2        | 255/2000 [09:45<1:03:53,  2.20s/it]
 13%|#2        | 256/2000 [09:47<1:04:05,  2.21s/it]
 13%|#2        | 257/2000 [09:50<1:08:08,  2.35s/it]
 13%|#2        | 258/2000 [09:52<1:07:13,  2.32s/it]
 13%|#2        | 259/2000 [09:55<1:07:15,  2.32s/it]
 13%|#3        | 260/2000 [09:57<1:05:57,  2.27s/it]
 13%|#3        | 261/2000 [09:59<1:04:41,  2.23s/it]
 13%|#3        | 262/2000 [10:01<1:03:41,  2.20s/it]
 13%|#3        | 263/2000 [10:04<1:05:53,  2.28s/it]
 13%|#3        | 264/2000 [10:06<1:05:30,  2.26s/it]
 13%|#3        | 265/2000 [10:08<1:02:45,  2.17s/it]
 13%|#3        | 266/2000 [10:10<1:02:34,  2.17s/it]
 13%|#3        | 267/2000 [10:12<1:04:24,  2.23s/it]
 13%|#3        | 268/2000 [10:14<1:03:17,  2.19s/it]
 13%|#3        | 269/2000 [10:17<1:03:27,  2.20s/it]
 14%|#3        | 270/2000 [10:19<1:01:30,  2.13s/it]
 14%|#3        | 271/2000 [10:21<1:06:33,  2.31s/it]
 14%|#3        | 272/2000 [10:24<1:08:06,  2.36s/it]
 14%|#3        | 273/2000 [10:26<1:09:20,  2.41s/it]
 14%|#3        | 274/2000 [10:29<1:10:06,  2.44s/it]
 14%|#3        | 275/2000 [10:31<1:10:26,  2.45s/it]
                                                    

 14%|#3        | 275/2000 [10:31<1:10:26,  2.45s/it]
 14%|#3        | 276/2000 [10:34<1:15:27,  2.63s/it]
 14%|#3        | 277/2000 [10:37<1:14:39,  2.60s/it]
 14%|#3        | 278/2000 [10:39<1:12:43,  2.53s/it]
 14%|#3        | 279/2000 [10:42<1:11:21,  2.49s/it]
 14%|#4        | 280/2000 [10:44<1:08:41,  2.40s/it]
 14%|#4        | 281/2000 [10:46<1:08:27,  2.39s/it]
 14%|#4        | 282/2000 [10:48<1:07:07,  2.34s/it]
 14%|#4        | 283/2000 [10:51<1:05:35,  2.29s/it]
 14%|#4        | 284/2000 [10:53<1:03:01,  2.20s/it]
 14%|#4        | 285/2000 [10:55<1:02:09,  2.17s/it]
 14%|#4        | 286/2000 [10:57<1:05:20,  2.29s/it]
 14%|#4        | 287/2000 [11:00<1:06:59,  2.35s/it]
 14%|#4        | 288/2000 [11:02<1:10:05,  2.46s/it]
 14%|#4        | 289/2000 [11:05<1:10:03,  2.46s/it]
 14%|#4        | 290/2000 [11:08<1:13:02,  2.56s/it]
 15%|#4        | 291/2000 [11:10<1:12:42,  2.55s/it]
 15%|#4        | 292/2000 [11:12<1:08:31,  2.41s/it]
 15%|#4        | 293/2000 [11:14<1:05:37,  2.31s/it]
 15%|#4        | 294/2000 [11:17<1:06:51,  2.35s/it]
 15%|#4        | 295/2000 [11:19<1:04:37,  2.27s/it]
 15%|#4        | 296/2000 [11:21<1:05:57,  2.32s/it]
 15%|#4        | 297/2000 [11:24<1:04:22,  2.27s/it]
 15%|#4        | 298/2000 [11:26<1:04:57,  2.29s/it]
 15%|#4        | 299/2000 [11:28<1:06:31,  2.35s/it]
 15%|#5        | 300/2000 [11:31<1:05:06,  2.30s/it]
                                                    

{'loss': '7.805', 'grad_norm': '2.304', 'learning_rate': '0.0003958', 'epoch': '0.03845'}
{'loss': '7.53', 'grad_norm': '1.904', 'learning_rate': '0.000394', 'epoch': '0.04272'}
{'loss': '7.216', 'grad_norm': '1.638', 'learning_rate': '0.0003918', 'epoch': '0.047'}
{'loss': '7.265', 'grad_norm': '1.738', 'learning_rate': '0.0003893', 'epoch': '0.05127'}
 15%|#5        | 300/2000 [11:31<1:05:06,  2.30s/it]

  0%|          | 0/239 [00:00<?, ?it/s][A

  1%|          | 2/239 [00:00<00:14, 16.61it/s][A

  2%|1         | 4/239 [00:00<00:21, 11.15it/s][A

  3%|2         | 6/239 [00:00<00:23,  9.80it/s][A

  3%|3         | 8/239 [00:00<00:23,  9.96it/s][A

  4%|4         | 10/239 [00:01<00:24,  9.46it/s][A

  5%|4         | 11/239 [00:01<00:25,  9.08it/s][A

  5%|5         | 12/239 [00:01<00:25,  8.86it/s][A

  5%|5         | 13/239 [00:01<00:25,  8.92it/s][A

  6%|5         | 14/239 [00:01<00:25,  8.75it/s][A

  6%|6         | 15/239 [00:01<00:25,  8.88it/s][A

  7%|6         | 16/239 [00:01<00:28,  7.77it/s][A

  7%|7         | 17/239 [00:01<00:29,  7.56it/s][A

  8%|7         | 18/239 [00:02<00:28,  7.79it/s][A

  8%|7         | 19/239 [00:02<00:27,  7.93it/s][A

  8%|8         | 20/239 [00:02<00:26,  8.29it/s][A

  9%|9         | 22/239 [00:02<00:23,  9.21it/s][A

 10%|9         | 23/239 [00:02<00:23,  9.38it/s][A

 10%|#         | 24/239 [00:02<00:22,  9.37it/s][A

 11%|#         | 26/239 [00:02<00:21,  9.76it/s][A

 12%|#1        | 28/239 [00:03<00:20, 10.16it/s][A

 13%|#2        | 30/239 [00:03<00:19, 10.51it/s][A

 13%|#3        | 32/239 [00:03<00:19, 10.89it/s][A

 14%|#4        | 34/239 [00:03<00:17, 11.46it/s][A

 15%|#5        | 36/239 [00:03<00:18, 11.02it/s][A

 16%|#5        | 38/239 [00:03<00:19, 10.53it/s][A

 17%|#6        | 40/239 [00:04<00:22,  8.69it/s][A

 18%|#7        | 42/239 [00:04<00:21,  9.11it/s][A

 18%|#8        | 44/239 [00:04<00:19,  9.81it/s][A

 19%|#9        | 46/239 [00:04<00:19, 10.14it/s][A

 20%|##        | 48/239 [00:04<00:17, 10.62it/s][A

 21%|##        | 50/239 [00:05<00:17, 10.74it/s][A

 22%|##1       | 52/239 [00:05<00:17, 10.87it/s][A

 23%|##2       | 54/239 [00:05<00:17, 10.70it/s][A

 23%|##3       | 56/239 [00:05<00:17, 10.40it/s][A

 24%|##4       | 58/239 [00:05<00:16, 10.76it/s][A

 25%|##5       | 60/239 [00:06<00:16, 10.71it/s][A

 26%|##5       | 62/239 [00:06<00:16, 10.98it/s][A

 27%|##6       | 64/239 [00:06<00:16, 10.50it/s][A

 28%|##7       | 66/239 [00:06<00:16, 10.72it/s][A

 28%|##8       | 68/239 [00:06<00:16, 10.43it/s][A

 29%|##9       | 70/239 [00:07<00:16, 10.09it/s][A

 30%|###       | 72/239 [00:07<00:17,  9.72it/s][A

 31%|###       | 73/239 [00:07<00:19,  8.71it/s][A

 31%|###       | 74/239 [00:07<00:18,  8.91it/s][A

 32%|###1      | 76/239 [00:07<00:18,  8.88it/s][A

 32%|###2      | 77/239 [00:07<00:18,  8.72it/s][A

 33%|###2      | 78/239 [00:08<00:18,  8.91it/s][A

 33%|###3      | 79/239 [00:08<00:18,  8.88it/s][A

 34%|###3      | 81/239 [00:08<00:16,  9.59it/s][A

 35%|###4      | 83/239 [00:08<00:15, 10.24it/s][A

 36%|###5      | 85/239 [00:08<00:14, 10.27it/s][A

 36%|###6      | 87/239 [00:08<00:14, 10.28it/s][A

 37%|###7      | 89/239 [00:09<00:14, 10.19it/s][A

 38%|###8      | 91/239 [00:09<00:15,  9.81it/s][A

 38%|###8      | 92/239 [00:09<00:15,  9.75it/s][A

 39%|###8      | 93/239 [00:09<00:15,  9.67it/s][A

 39%|###9      | 94/239 [00:09<00:14,  9.67it/s][A

 40%|###9      | 95/239 [00:09<00:15,  9.56it/s][A

 40%|####      | 96/239 [00:09<00:16,  8.70it/s][A

 41%|####      | 97/239 [00:09<00:16,  8.72it/s][A

 41%|####1     | 98/239 [00:10<00:16,  8.79it/s][A

 41%|####1     | 99/239 [00:10<00:16,  8.67it/s][A

 42%|####1     | 100/239 [00:10<00:16,  8.62it/s][A

 42%|####2     | 101/239 [00:10<00:15,  8.72it/s][A

 43%|####2     | 102/239 [00:10<00:15,  8.73it/s][A

 43%|####3     | 103/239 [00:10<00:15,  8.63it/s][A

 44%|####3     | 104/239 [00:10<00:15,  8.68it/s][A

 44%|####3     | 105/239 [00:10<00:14,  8.99it/s][A

 44%|####4     | 106/239 [00:10<00:14,  8.89it/s][A

 45%|####4     | 107/239 [00:11<00:15,  8.65it/s][A

 45%|####5     | 108/239 [00:11<00:15,  8.69it/s][A

 46%|####5     | 109/239 [00:11<00:14,  8.72it/s][A

 46%|####6     | 110/239 [00:11<00:14,  8.86it/s][A

 46%|####6     | 111/239 [00:11<00:14,  8.97it/s][A

 47%|####6     | 112/239 [00:11<00:14,  9.05it/s][A

 47%|####7     | 113/239 [00:11<00:13,  9.19it/s][A

 48%|####8     | 115/239 [00:12<00:14,  8.44it/s][A

 49%|####8     | 116/239 [00:12<00:15,  8.12it/s][A

 49%|####8     | 117/239 [00:12<00:15,  7.93it/s][A

 49%|####9     | 118/239 [00:12<00:14,  8.23it/s][A

 50%|####9     | 119/239 [00:12<00:14,  8.43it/s][A

 50%|#####     | 120/239 [00:12<00:13,  8.82it/s][A

 51%|#####     | 121/239 [00:12<00:13,  9.03it/s][A

 51%|#####1    | 123/239 [00:12<00:11,  9.75it/s][A

 52%|#####1    | 124/239 [00:13<00:12,  9.19it/s][A

 52%|#####2    | 125/239 [00:13<00:12,  8.81it/s][A

 53%|#####2    | 126/239 [00:13<00:12,  9.06it/s][A

 54%|#####3    | 128/239 [00:13<00:11,  9.54it/s][A

 54%|#####3    | 129/239 [00:13<00:11,  9.59it/s][A

 55%|#####4    | 131/239 [00:13<00:10,  9.87it/s][A

 56%|#####5    | 133/239 [00:13<00:10, 10.48it/s][A

 56%|#####6    | 135/239 [00:14<00:09, 10.78it/s][A

 57%|#####7    | 137/239 [00:14<00:09, 11.27it/s][A

 58%|#####8    | 139/239 [00:14<00:08, 11.43it/s][A

 59%|#####8    | 141/239 [00:14<00:09, 10.82it/s][A

 60%|#####9    | 143/239 [00:14<00:09, 10.61it/s][A

 61%|######    | 145/239 [00:15<00:09, 10.25it/s][A

 62%|######1   | 147/239 [00:15<00:08, 10.63it/s][A

 62%|######2   | 149/239 [00:15<00:08, 10.85it/s][A

 63%|######3   | 151/239 [00:15<00:07, 11.15it/s][A

 64%|######4   | 153/239 [00:15<00:07, 11.52it/s][A

 65%|######4   | 155/239 [00:15<00:07, 11.87it/s][A

 66%|######5   | 157/239 [00:16<00:07, 11.35it/s][A

 67%|######6   | 159/239 [00:16<00:06, 11.50it/s][A

 67%|######7   | 161/239 [00:16<00:06, 11.16it/s][A

 68%|######8   | 163/239 [00:16<00:06, 11.47it/s][A

 69%|######9   | 165/239 [00:16<00:06, 11.42it/s][A

 70%|######9   | 167/239 [00:16<00:06, 11.18it/s][A

 71%|#######   | 169/239 [00:17<00:06, 10.70it/s][A

 72%|#######1  | 171/239 [00:17<00:06, 10.64it/s][A

 72%|#######2  | 173/239 [00:17<00:06, 10.73it/s][A

 73%|#######3  | 175/239 [00:17<00:05, 10.97it/s][A

 74%|#######4  | 177/239 [00:17<00:05, 11.30it/s][A

 75%|#######4  | 179/239 [00:18<00:05, 10.72it/s][A

 76%|#######5  | 181/239 [00:18<00:05, 10.64it/s][A

 77%|#######6  | 183/239 [00:18<00:05, 10.66it/s][A

 77%|#######7  | 185/239 [00:18<00:05, 10.62it/s][A

 78%|#######8  | 187/239 [00:18<00:04, 10.72it/s][A

 79%|#######9  | 189/239 [00:19<00:04, 10.71it/s][A

 80%|#######9  | 191/239 [00:19<00:04, 11.06it/s][A

 81%|########  | 193/239 [00:19<00:04, 11.03it/s][A

 82%|########1 | 195/239 [00:19<00:03, 11.16it/s][A

 82%|########2 | 197/239 [00:19<00:03, 11.18it/s][A

 83%|########3 | 199/239 [00:19<00:03, 11.29it/s][A

 84%|########4 | 201/239 [00:20<00:03, 11.11it/s][A

 85%|########4 | 203/239 [00:20<00:03, 10.74it/s][A

 86%|########5 | 205/239 [00:20<00:03, 10.04it/s][A

 87%|########6 | 207/239 [00:20<00:03,  9.48it/s][A

 87%|########7 | 208/239 [00:20<00:03,  9.37it/s][A

 87%|########7 | 209/239 [00:21<00:03,  9.01it/s][A

 88%|########7 | 210/239 [00:21<00:03,  8.96it/s][A

 88%|########8 | 211/239 [00:21<00:03,  8.52it/s][A

 89%|########8 | 212/239 [00:21<00:03,  8.19it/s][A

 89%|########9 | 213/239 [00:21<00:03,  7.90it/s][A

 90%|########9 | 214/239 [00:21<00:03,  7.66it/s][A

 90%|########9 | 215/239 [00:21<00:03,  7.70it/s][A

 90%|######### | 216/239 [00:21<00:02,  7.87it/s][A

 91%|######### | 217/239 [00:22<00:02,  7.79it/s][A

 91%|#########1| 218/239 [00:22<00:02,  7.70it/s][A

 92%|#########1| 219/239 [00:22<00:02,  7.67it/s][A

 92%|#########2| 220/239 [00:22<00:02,  7.71it/s][A

 92%|#########2| 221/239 [00:22<00:02,  7.89it/s][A

 93%|#########2| 222/239 [00:22<00:02,  8.12it/s][A

 93%|#########3| 223/239 [00:22<00:01,  8.09it/s][A

 94%|#########3| 224/239 [00:22<00:01,  7.92it/s][A

 94%|#########4| 225/239 [00:23<00:01,  7.69it/s][A

 95%|#########4| 226/239 [00:23<00:01,  7.41it/s][A

 95%|#########4| 227/239 [00:23<00:01,  7.33it/s][A

 95%|#########5| 228/239 [00:23<00:01,  7.49it/s][A

 96%|#########5| 229/239 [00:23<00:01,  7.80it/s][A

 96%|#########6| 230/239 [00:23<00:01,  7.69it/s][A

 97%|#########6| 231/239 [00:23<00:01,  7.60it/s][A

 97%|#########7| 232/239 [00:23<00:00,  8.02it/s][A

 97%|#########7| 233/239 [00:24<00:00,  8.00it/s][A

 98%|#########8| 235/239 [00:24<00:00,  8.58it/s][A

 99%|#########8| 236/239 [00:24<00:00,  8.52it/s][A

 99%|#########9| 237/239 [00:24<00:00,  8.28it/s][A

100%|#########9| 238/239 [00:24<00:00,  8.09it/s][A

100%|##########| 239/239 [00:24<00:00,  7.81it/s][A
                                                    


                                                 
[A
 15%|#5        | 300/2000 [11:56<1:05:06,  2.30s/it]

100%|##########| 239/239 [00:24<00:00,  7.81it/s][A

{'eval_loss': '4.293', 'eval_runtime': '25', 'eval_samples_per_second': '38.23', 'eval_steps_per_second': '9.558', 'epoch': '0.05127'}
                                                 [A

Writing model shards:   0%|          | 0/1 [00:00<?, ?it/s][A

Writing model shards: 100%|##########| 1/1 [00:00<00:00,  1.36it/s][A
Writing model shards: 100%|##########| 1/1 [00:00<00:00,  1.36it/s]

 15%|#5        | 301/2000 [11:59<4:50:26, 10.26s/it]
 15%|#5        | 302/2000 [12:01<3:39:37,  7.76s/it]
 15%|#5        | 303/2000 [12:03<2:51:54,  6.08s/it]
 15%|#5        | 304/2000 [12:05<2:16:27,  4.83s/it]
 15%|#5        | 305/2000 [12:07<1:50:06,  3.90s/it]
 15%|#5        | 306/2000 [12:09<1:32:14,  3.27s/it]
 15%|#5        | 307/2000 [12:11<1:18:58,  2.80s/it]
 15%|#5        | 308/2000 [12:12<1:09:32,  2.47s/it]
 15%|#5        | 309/2000 [12:14<1:03:25,  2.25s/it]
 16%|#5        | 310/2000 [12:16<58:49,  2.09s/it]  
 16%|#5        | 311/2000 [12:18<56:14,  2.00s/it]
 16%|#5        | 312/2000 [12:19<54:50,  1.95s/it]
 16%|#5        | 313/2000 [12:21<54:52,  1.95s/it]
 16%|#5        | 314/2000 [12:23<54:07,  1.93s/it]
 16%|#5        | 315/2000 [12:25<53:19,  1.90s/it]
 16%|#5        | 316/2000 [12:27<52:13,  1.86s/it]
 16%|#5        | 317/2000 [12:29<52:09,  1.86s/it]
 16%|#5        | 318/2000 [12:30<51:55,  1.85s/it]
 16%|#5        | 319/2000 [12:32<51:12,  1.83s/it]
 16%|#6        | 320/2000 [12:34<52:27,  1.87s/it]
 16%|#6        | 321/2000 [12:36<53:34,  1.91s/it]
 16%|#6        | 322/2000 [12:38<53:52,  1.93s/it]
 16%|#6        | 323/2000 [12:40<55:12,  1.98s/it]
 16%|#6        | 324/2000 [12:42<54:49,  1.96s/it]
 16%|#6        | 325/2000 [12:44<55:21,  1.98s/it]
                                                  

 16%|#6        | 325/2000 [12:44<55:21,  1.98s/it]
 16%|#6        | 326/2000 [12:46<55:56,  2.00s/it]
 16%|#6        | 327/2000 [12:49<57:57,  2.08s/it]
 16%|#6        | 328/2000 [12:51<58:24,  2.10s/it]
 16%|#6        | 329/2000 [12:53<58:37,  2.10s/it]
 16%|#6        | 330/2000 [12:55<57:43,  2.07s/it]
 17%|#6        | 331/2000 [12:57<59:04,  2.12s/it]
 17%|#6        | 332/2000 [12:59<58:53,  2.12s/it]
 17%|#6        | 333/2000 [13:02<1:02:34,  2.25s/it]
 17%|#6        | 334/2000 [13:04<1:00:11,  2.17s/it]
 17%|#6        | 335/2000 [13:06<58:17,  2.10s/it]  
 17%|#6        | 336/2000 [13:08<57:48,  2.08s/it]
 17%|#6        | 337/2000 [13:10<57:30,  2.07s/it]
 17%|#6        | 338/2000 [13:12<56:08,  2.03s/it]
 17%|#6        | 339/2000 [13:13<54:29,  1.97s/it]
 17%|#7        | 340/2000 [13:16<54:46,  1.98s/it]
 17%|#7        | 341/2000 [13:18<55:37,  2.01s/it]
 17%|#7        | 342/2000 [13:20<57:24,  2.08s/it]
 17%|#7        | 343/2000 [13:22<58:15,  2.11s/it]
 17%|#7        | 344/2000 [13:24<1:00:12,  2.18s/it]
 17%|#7        | 345/2000 [13:27<1:00:37,  2.20s/it]
 17%|#7        | 346/2000 [13:29<1:03:07,  2.29s/it]
 17%|#7        | 347/2000 [13:32<1:05:38,  2.38s/it]
 17%|#7        | 348/2000 [13:34<1:02:11,  2.26s/it]
 17%|#7        | 349/2000 [13:36<58:51,  2.14s/it]  
 18%|#7        | 350/2000 [13:38<59:45,  2.17s/it]
                                                  

 18%|#7        | 350/2000 [13:38<59:45,  2.17s/it]
 18%|#7        | 351/2000 [13:40<58:25,  2.13s/it]
 18%|#7        | 352/2000 [13:42<55:35,  2.02s/it]
 18%|#7        | 353/2000 [13:43<52:39,  1.92s/it]
 18%|#7        | 354/2000 [13:45<52:08,  1.90s/it]
 18%|#7        | 355/2000 [13:47<51:30,  1.88s/it]
 18%|#7        | 356/2000 [13:49<51:55,  1.90s/it]
 18%|#7        | 357/2000 [13:51<51:05,  1.87s/it]
 18%|#7        | 358/2000 [13:53<51:05,  1.87s/it]
 18%|#7        | 359/2000 [13:54<51:13,  1.87s/it]
 18%|#8        | 360/2000 [13:56<49:43,  1.82s/it]
 18%|#8        | 361/2000 [13:58<49:49,  1.82s/it]
 18%|#8        | 362/2000 [14:00<48:47,  1.79s/it]
 18%|#8        | 363/2000 [14:01<48:44,  1.79s/it]
 18%|#8        | 364/2000 [14:03<48:15,  1.77s/it]
 18%|#8        | 365/2000 [14:05<48:37,  1.78s/it]
 18%|#8        | 366/2000 [14:07<49:33,  1.82s/it]
 18%|#8        | 367/2000 [14:09<49:49,  1.83s/it]
 18%|#8        | 368/2000 [14:11<49:26,  1.82s/it]
 18%|#8        | 369/2000 [14:12<49:55,  1.84s/it]
 18%|#8        | 370/2000 [14:14<50:30,  1.86s/it]
 19%|#8        | 371/2000 [14:16<49:29,  1.82s/it]
 19%|#8        | 372/2000 [14:18<48:41,  1.79s/it]
 19%|#8        | 373/2000 [14:20<48:13,  1.78s/it]
 19%|#8        | 374/2000 [14:22<49:59,  1.84s/it]
 19%|#8        | 375/2000 [14:23<50:10,  1.85s/it]
                                                  

 19%|#8        | 375/2000 [14:23<50:10,  1.85s/it]
 19%|#8        | 376/2000 [14:25<50:32,  1.87s/it]
 19%|#8        | 377/2000 [14:27<51:20,  1.90s/it]
 19%|#8        | 378/2000 [14:29<51:34,  1.91s/it]
 19%|#8        | 379/2000 [14:31<52:08,  1.93s/it]
 19%|#9        | 380/2000 [14:33<51:07,  1.89s/it]
 19%|#9        | 381/2000 [14:35<50:32,  1.87s/it]
 19%|#9        | 382/2000 [14:37<52:06,  1.93s/it]
 19%|#9        | 383/2000 [14:39<50:28,  1.87s/it]
 19%|#9        | 384/2000 [14:41<50:47,  1.89s/it]
 19%|#9        | 385/2000 [14:42<50:32,  1.88s/it]
 19%|#9        | 386/2000 [14:44<50:09,  1.86s/it]
 19%|#9        | 387/2000 [14:46<49:31,  1.84s/it]
 19%|#9        | 388/2000 [14:48<48:56,  1.82s/it]
 19%|#9        | 389/2000 [14:50<49:03,  1.83s/it]
 20%|#9        | 390/2000 [14:51<48:36,  1.81s/it]
 20%|#9        | 391/2000 [14:53<49:19,  1.84s/it]
 20%|#9        | 392/2000 [14:55<50:03,  1.87s/it]
 20%|#9        | 393/2000 [14:57<50:25,  1.88s/it]
 20%|#9        | 394/2000 [14:59<50:18,  1.88s/it]
 20%|#9        | 395/2000 [15:01<51:09,  1.91s/it]
 20%|#9        | 396/2000 [15:03<52:03,  1.95s/it]
 20%|#9        | 397/2000 [15:05<52:17,  1.96s/it]
 20%|#9        | 398/2000 [15:07<51:04,  1.91s/it]
 20%|#9        | 399/2000 [15:09<51:04,  1.91s/it]
 20%|##        | 400/2000 [15:11<50:10,  1.88s/it]
                                                  

{'loss': '7.061', 'grad_norm': '1.569', 'learning_rate': '0.0003864', 'epoch': '0.05554'}
 20%|##        | 400/2000 [15:11<50:10,  1.88s/it]
{'loss': '6.993', 'grad_norm': '1.55', 'learning_rate': '0.0003833', 'epoch': '0.05981'}
{'loss': '6.786', 'grad_norm': '2.148', 'learning_rate': '0.0003798', 'epoch': '0.06409'}
{'loss': '6.715', 'grad_norm': '2.245', 'learning_rate': '0.0003761', 'epoch': '0.06836'}

  0%|          | 0/239 [00:00<?, ?it/s][A

  1%|1         | 3/239 [00:00<00:13, 17.67it/s][A

  2%|2         | 5/239 [00:00<00:16, 13.97it/s][A

  3%|2         | 7/239 [00:00<00:17, 13.42it/s][A

  4%|3         | 9/239 [00:00<00:18, 12.51it/s][A

  5%|4         | 11/239 [00:00<00:18, 12.65it/s][A

  5%|5         | 13/239 [00:00<00:17, 12.63it/s][A

  6%|6         | 15/239 [00:01<00:18, 12.20it/s][A

  7%|7         | 17/239 [00:01<00:17, 12.39it/s][A

  8%|7         | 19/239 [00:01<00:17, 12.49it/s][A

  9%|8         | 21/239 [00:01<00:16, 12.92it/s][A

 10%|9         | 23/239 [00:01<00:16, 12.84it/s][A

 10%|#         | 25/239 [00:01<00:16, 12.76it/s][A

 11%|#1        | 27/239 [00:02<00:18, 11.65it/s][A

 12%|#2        | 29/239 [00:02<00:18, 11.10it/s][A

 13%|#2        | 31/239 [00:02<00:17, 11.73it/s][A

 14%|#3        | 33/239 [00:02<00:18, 11.27it/s][A

 15%|#4        | 35/239 [00:02<00:18, 11.06it/s][A

 15%|#5        | 37/239 [00:03<00:18, 10.74it/s][A

 16%|#6        | 39/239 [00:03<00:18, 10.82it/s][A

 17%|#7        | 41/239 [00:03<00:18, 10.74it/s][A

 18%|#7        | 43/239 [00:03<00:17, 10.96it/s][A

 19%|#8        | 45/239 [00:03<00:17, 10.82it/s][A

 20%|#9        | 47/239 [00:03<00:17, 11.25it/s][A

 21%|##        | 49/239 [00:04<00:16, 11.31it/s][A

 21%|##1       | 51/239 [00:04<00:16, 11.67it/s][A

 22%|##2       | 53/239 [00:04<00:15, 11.95it/s][A

 23%|##3       | 55/239 [00:04<00:15, 11.80it/s][A

 24%|##3       | 57/239 [00:04<00:15, 12.01it/s][A

 25%|##4       | 59/239 [00:04<00:14, 12.19it/s][A

 26%|##5       | 61/239 [00:05<00:15, 11.61it/s][A

 26%|##6       | 63/239 [00:05<00:16, 10.93it/s][A

 27%|##7       | 65/239 [00:05<00:16, 10.85it/s][A

 28%|##8       | 67/239 [00:05<00:15, 11.25it/s][A

 29%|##8       | 69/239 [00:05<00:14, 11.74it/s][A

 30%|##9       | 71/239 [00:06<00:14, 11.99it/s][A

 31%|###       | 73/239 [00:06<00:13, 12.19it/s][A

 31%|###1      | 75/239 [00:06<00:13, 12.31it/s][A

 32%|###2      | 77/239 [00:06<00:13, 11.70it/s][A

 33%|###3      | 79/239 [00:06<00:14, 11.04it/s][A

 34%|###3      | 81/239 [00:06<00:14, 10.61it/s][A

 35%|###4      | 83/239 [00:07<00:15, 10.17it/s][A

 36%|###5      | 85/239 [00:07<00:14, 10.28it/s][A

 36%|###6      | 87/239 [00:07<00:13, 11.07it/s][A

 37%|###7      | 89/239 [00:07<00:13, 11.48it/s][A

 38%|###8      | 91/239 [00:07<00:12, 11.81it/s][A

 39%|###8      | 93/239 [00:07<00:12, 11.71it/s][A

 40%|###9      | 95/239 [00:08<00:11, 12.35it/s][A

 41%|####      | 97/239 [00:08<00:11, 11.96it/s][A

 41%|####1     | 99/239 [00:08<00:11, 12.66it/s][A

 42%|####2     | 101/239 [00:08<00:11, 12.03it/s][A

 43%|####3     | 103/239 [00:08<00:10, 12.86it/s][A

 44%|####3     | 105/239 [00:08<00:10, 12.43it/s][A

 45%|####4     | 107/239 [00:09<00:10, 12.89it/s][A

 46%|####5     | 109/239 [00:09<00:10, 12.80it/s][A

 46%|####6     | 111/239 [00:09<00:10, 12.40it/s][A

 47%|####7     | 113/239 [00:09<00:09, 12.86it/s][A

 48%|####8     | 115/239 [00:09<00:10, 11.72it/s][A

 49%|####8     | 117/239 [00:09<00:11, 10.77it/s][A

 50%|####9     | 119/239 [00:10<00:11, 10.70it/s][A

 51%|#####     | 121/239 [00:10<00:11, 10.14it/s][A

 51%|#####1    | 123/239 [00:10<00:11, 10.36it/s][A

 52%|#####2    | 125/239 [00:10<00:10, 10.57it/s][A

 53%|#####3    | 127/239 [00:10<00:10, 10.82it/s][A

 54%|#####3    | 129/239 [00:11<00:10, 10.75it/s][A

 55%|#####4    | 131/239 [00:11<00:09, 10.96it/s][A

 56%|#####5    | 133/239 [00:11<00:09, 11.12it/s][A

 56%|#####6    | 135/239 [00:11<00:09, 11.21it/s][A

 57%|#####7    | 137/239 [00:11<00:09, 10.71it/s][A

 58%|#####8    | 139/239 [00:12<00:09, 10.20it/s][A

 59%|#####8    | 141/239 [00:12<00:08, 11.04it/s][A

 60%|#####9    | 143/239 [00:12<00:08, 11.48it/s][A

 61%|######    | 145/239 [00:12<00:07, 11.80it/s][A

 62%|######1   | 147/239 [00:12<00:07, 11.51it/s][A

 62%|######2   | 149/239 [00:12<00:07, 12.40it/s][A

 63%|######3   | 151/239 [00:13<00:08, 10.90it/s][A

 64%|######4   | 153/239 [00:13<00:07, 11.98it/s][A

 65%|######4   | 155/239 [00:13<00:06, 12.04it/s][A

 66%|######5   | 157/239 [00:13<00:06, 12.02it/s][A

 67%|######6   | 159/239 [00:13<00:06, 12.23it/s][A

 67%|######7   | 161/239 [00:13<00:06, 12.29it/s][A

 68%|######8   | 163/239 [00:14<00:06, 11.86it/s][A

 69%|######9   | 165/239 [00:14<00:06, 11.92it/s][A

 70%|######9   | 167/239 [00:14<00:05, 12.14it/s][A

 71%|#######   | 169/239 [00:14<00:05, 12.65it/s][A

 72%|#######1  | 171/239 [00:14<00:05, 12.22it/s][A

 72%|#######2  | 173/239 [00:14<00:05, 11.72it/s][A

 73%|#######3  | 175/239 [00:15<00:05, 11.03it/s][A

 74%|#######4  | 177/239 [00:15<00:05, 10.60it/s][A

 75%|#######4  | 179/239 [00:15<00:05, 10.08it/s][A

 76%|#######5  | 181/239 [00:15<00:05, 10.47it/s][A

 77%|#######6  | 183/239 [00:15<00:05, 10.33it/s][A

 77%|#######7  | 185/239 [00:16<00:05, 10.79it/s][A

 78%|#######8  | 187/239 [00:16<00:04, 11.28it/s][A

 79%|#######9  | 189/239 [00:16<00:04, 10.77it/s][A

 80%|#######9  | 191/239 [00:16<00:04, 10.99it/s][A

 81%|########  | 193/239 [00:16<00:04, 11.15it/s][A

 82%|########1 | 195/239 [00:16<00:03, 11.06it/s][A

 82%|########2 | 197/239 [00:17<00:03, 10.66it/s][A

 83%|########3 | 199/239 [00:17<00:03, 11.34it/s][A

 84%|########4 | 201/239 [00:17<00:03, 12.05it/s][A

 85%|########4 | 203/239 [00:17<00:03, 11.56it/s][A

 86%|########5 | 205/239 [00:17<00:02, 11.79it/s][A

 87%|########6 | 207/239 [00:17<00:02, 12.44it/s][A

 87%|########7 | 209/239 [00:18<00:02, 12.35it/s][A

 88%|########8 | 211/239 [00:18<00:02, 12.52it/s][A

 89%|########9 | 213/239 [00:18<00:02, 11.53it/s][A

 90%|########9 | 215/239 [00:18<00:02, 11.67it/s][A

 91%|######### | 217/239 [00:18<00:01, 11.78it/s][A

 92%|#########1| 219/239 [00:18<00:01, 12.04it/s][A

 92%|#########2| 221/239 [00:19<00:01, 12.59it/s][A

 93%|#########3| 223/239 [00:19<00:01, 12.46it/s][A

 94%|#########4| 225/239 [00:19<00:01, 12.66it/s][A

 95%|#########4| 227/239 [00:19<00:00, 12.29it/s][A

 96%|#########5| 229/239 [00:19<00:00, 12.01it/s][A

 97%|#########6| 231/239 [00:19<00:00, 12.59it/s][A

 97%|#########7| 233/239 [00:20<00:00, 11.87it/s][A

 98%|#########8| 235/239 [00:20<00:00, 12.45it/s][A

 99%|#########9| 237/239 [00:20<00:00, 12.89it/s][A

100%|##########| 239/239 [00:20<00:00, 12.83it/s][A
                                                  


                                                 
[A
 20%|##        | 400/2000 [15:31<50:10,  1.88s/it]

100%|##########| 239/239 [00:20<00:00, 12.83it/s][A

{'eval_loss': '4.093', 'eval_runtime': '20.64', 'eval_samples_per_second': '46.32', 'eval_steps_per_second': '11.58', 'epoch': '0.06836'}
                                                 [A

Writing model shards:   0%|          | 0/1 [00:00<?, ?it/s][A

Writing model shards: 100%|##########| 1/1 [00:00<00:00,  2.05it/s][A
Writing model shards: 100%|##########| 1/1 [00:00<00:00,  2.05it/s]

 20%|##        | 401/2000 [15:34<3:44:50,  8.44s/it]
 20%|##        | 402/2000 [15:36<2:51:35,  6.44s/it]
 20%|##        | 403/2000 [15:38<2:13:59,  5.03s/it]
 20%|##        | 404/2000 [15:40<1:49:13,  4.11s/it]
 20%|##        | 405/2000 [15:42<1:31:28,  3.44s/it]
 20%|##        | 406/2000 [15:44<1:18:50,  2.97s/it]
 20%|##        | 407/2000 [15:46<1:10:51,  2.67s/it]
 20%|##        | 408/2000 [15:47<1:05:16,  2.46s/it]
 20%|##        | 409/2000 [15:50<1:01:46,  2.33s/it]
 20%|##        | 410/2000 [15:51<58:58,  2.23s/it]  
 21%|##        | 411/2000 [15:53<55:36,  2.10s/it]
 21%|##        | 412/2000 [15:55<53:51,  2.03s/it]
 21%|##        | 413/2000 [15:57<53:23,  2.02s/it]
 21%|##        | 414/2000 [15:59<53:10,  2.01s/it]
 21%|##        | 415/2000 [16:01<52:42,  2.00s/it]
 21%|##        | 416/2000 [16:03<51:03,  1.93s/it]
 21%|##        | 417/2000 [16:05<51:01,  1.93s/it]
 21%|##        | 418/2000 [16:07<49:14,  1.87s/it]
 21%|##        | 419/2000 [16:09<50:06,  1.90s/it]
 21%|##1       | 420/2000 [16:10<50:04,  1.90s/it]
 21%|##1       | 421/2000 [16:12<50:49,  1.93s/it]
 21%|##1       | 422/2000 [16:14<49:20,  1.88s/it]
 21%|##1       | 423/2000 [16:16<49:52,  1.90s/it]
 21%|##1       | 424/2000 [16:18<50:32,  1.92s/it]
 21%|##1       | 425/2000 [16:20<49:11,  1.87s/it]
                                                  

 21%|##1       | 425/2000 [16:20<49:11,  1.87s/it]
 21%|##1       | 426/2000 [16:22<50:31,  1.93s/it]
 21%|##1       | 427/2000 [16:24<49:39,  1.89s/it]
 21%|##1       | 428/2000 [16:26<49:19,  1.88s/it]
 21%|##1       | 429/2000 [16:27<49:02,  1.87s/it]
 22%|##1       | 430/2000 [16:29<49:16,  1.88s/it]
 22%|##1       | 431/2000 [16:31<48:30,  1.86s/it]
 22%|##1       | 432/2000 [16:33<49:51,  1.91s/it]
 22%|##1       | 433/2000 [16:35<50:28,  1.93s/it]
 22%|##1       | 434/2000 [16:37<50:35,  1.94s/it]
 22%|##1       | 435/2000 [16:39<49:52,  1.91s/it]
 22%|##1       | 436/2000 [16:41<49:15,  1.89s/it]
 22%|##1       | 437/2000 [16:43<48:37,  1.87s/it]
 22%|##1       | 438/2000 [16:44<48:26,  1.86s/it]
 22%|##1       | 439/2000 [16:46<48:07,  1.85s/it]
 22%|##2       | 440/2000 [16:48<48:00,  1.85s/it]
 22%|##2       | 441/2000 [16:50<49:00,  1.89s/it]
 22%|##2       | 442/2000 [16:52<48:48,  1.88s/it]
 22%|##2       | 443/2000 [16:55<55:54,  2.15s/it]
 22%|##2       | 444/2000 [16:57<58:32,  2.26s/it]
 22%|##2       | 445/2000 [17:00<1:02:16,  2.40s/it]
 22%|##2       | 446/2000 [17:02<58:02,  2.24s/it]  
 22%|##2       | 447/2000 [17:04<55:39,  2.15s/it]
 22%|##2       | 448/2000 [17:06<54:03,  2.09s/it]
 22%|##2       | 449/2000 [17:08<54:36,  2.11s/it]
 22%|##2       | 450/2000 [17:10<52:30,  2.03s/it]
                                                  

 22%|##2       | 450/2000 [17:10<52:30,  2.03s/it]
 23%|##2       | 451/2000 [17:12<50:36,  1.96s/it]
 23%|##2       | 452/2000 [17:13<49:48,  1.93s/it]
 23%|##2       | 453/2000 [17:16<52:36,  2.04s/it]
 23%|##2       | 454/2000 [17:18<51:33,  2.00s/it]
 23%|##2       | 455/2000 [17:19<49:39,  1.93s/it]
 23%|##2       | 456/2000 [17:21<48:54,  1.90s/it]
 23%|##2       | 457/2000 [17:23<48:27,  1.88s/it]
 23%|##2       | 458/2000 [17:25<50:23,  1.96s/it]
 23%|##2       | 459/2000 [17:27<48:55,  1.90s/it]
 23%|##3       | 460/2000 [17:29<48:22,  1.88s/it]
 23%|##3       | 461/2000 [17:31<48:46,  1.90s/it]
 23%|##3       | 462/2000 [17:33<51:00,  1.99s/it]
 23%|##3       | 463/2000 [17:35<50:28,  1.97s/it]
 23%|##3       | 464/2000 [17:37<50:42,  1.98s/it]
 23%|##3       | 465/2000 [17:39<48:59,  1.92s/it]
 23%|##3       | 466/2000 [17:41<49:02,  1.92s/it]
 23%|##3       | 467/2000 [17:43<49:21,  1.93s/it]
 23%|##3       | 468/2000 [17:44<48:50,  1.91s/it]
 23%|##3       | 469/2000 [17:46<48:14,  1.89s/it]
 24%|##3       | 470/2000 [17:48<47:52,  1.88s/it]
 24%|##3       | 471/2000 [17:50<47:20,  1.86s/it]
 24%|##3       | 472/2000 [17:52<47:06,  1.85s/it]
 24%|##3       | 473/2000 [17:54<48:26,  1.90s/it]
 24%|##3       | 474/2000 [17:56<47:45,  1.88s/it]
 24%|##3       | 475/2000 [17:57<48:01,  1.89s/it]
                                                  

 24%|##3       | 475/2000 [17:58<48:01,  1.89s/it]
 24%|##3       | 476/2000 [17:59<48:05,  1.89s/it]
 24%|##3       | 477/2000 [18:01<48:53,  1.93s/it]
 24%|##3       | 478/2000 [18:03<48:30,  1.91s/it]
 24%|##3       | 479/2000 [18:05<48:59,  1.93s/it]
 24%|##4       | 480/2000 [18:07<48:59,  1.93s/it]
 24%|##4       | 481/2000 [18:09<48:53,  1.93s/it]
 24%|##4       | 482/2000 [18:11<49:42,  1.97s/it]
 24%|##4       | 483/2000 [18:13<48:29,  1.92s/it]
 24%|##4       | 484/2000 [18:15<52:11,  2.07s/it]
 24%|##4       | 485/2000 [18:17<50:46,  2.01s/it]
 24%|##4       | 486/2000 [18:19<51:03,  2.02s/it]
 24%|##4       | 487/2000 [18:21<49:49,  1.98s/it]
 24%|##4       | 488/2000 [18:23<48:32,  1.93s/it]
 24%|##4       | 489/2000 [18:25<47:28,  1.88s/it]
 24%|##4       | 490/2000 [18:27<48:21,  1.92s/it]
 25%|##4       | 491/2000 [18:29<48:33,  1.93s/it]
 25%|##4       | 492/2000 [18:31<48:14,  1.92s/it]
 25%|##4       | 493/2000 [18:33<47:57,  1.91s/it]
 25%|##4       | 494/2000 [18:34<46:57,  1.87s/it]
 25%|##4       | 495/2000 [18:37<50:31,  2.01s/it]
 25%|##4       | 496/2000 [18:39<49:53,  1.99s/it]
 25%|##4       | 497/2000 [18:40<48:47,  1.95s/it]
 25%|##4       | 498/2000 [18:42<48:05,  1.92s/it]
 25%|##4       | 499/2000 [18:44<48:19,  1.93s/it]
 25%|##5       | 500/2000 [18:46<48:31,  1.94s/it]
                                                  

{'loss': '6.588', 'grad_norm': '1.591', 'learning_rate': '0.000372', 'epoch': '0.07263'}
 25%|##5       | 500/2000 [18:46<48:31,  1.94s/it]
{'loss': '6.575', 'grad_norm': '1.794', 'learning_rate': '0.0003676', 'epoch': '0.0769'}
{'loss': '6.385', 'grad_norm': '1.666', 'learning_rate': '0.000363', 'epoch': '0.08118'}
{'loss': '6.304', 'grad_norm': '1.743', 'learning_rate': '0.000358', 'epoch': '0.08545'}

  0%|          | 0/239 [00:00<?, ?it/s][A

  1%|1         | 3/239 [00:00<00:11, 21.08it/s][A

  3%|2         | 6/239 [00:00<00:16, 14.31it/s][A

  3%|3         | 8/239 [00:00<00:16, 13.76it/s][A

  4%|4         | 10/239 [00:00<00:16, 13.62it/s][A

  5%|5         | 12/239 [00:00<00:17, 12.62it/s][A

  6%|5         | 14/239 [00:01<00:17, 12.59it/s][A

  7%|6         | 16/239 [00:01<00:17, 13.05it/s][A

  8%|7         | 18/239 [00:01<00:17, 12.30it/s][A

  8%|8         | 20/239 [00:01<00:20, 10.90it/s][A

  9%|9         | 22/239 [00:01<00:20, 10.57it/s][A

 10%|#         | 24/239 [00:01<00:19, 11.02it/s][A

 11%|#         | 26/239 [00:02<00:19, 10.74it/s][A

 12%|#1        | 28/239 [00:02<00:19, 11.02it/s][A

 13%|#2        | 30/239 [00:02<00:19, 10.99it/s][A

 13%|#3        | 32/239 [00:02<00:19, 10.71it/s][A

 14%|#4        | 34/239 [00:02<00:19, 10.38it/s][A

 15%|#5        | 36/239 [00:03<00:18, 10.84it/s][A

 16%|#5        | 38/239 [00:03<00:18, 10.85it/s][A

 17%|#6        | 40/239 [00:03<00:20,  9.93it/s][A

 18%|#7        | 42/239 [00:03<00:19, 10.08it/s][A

 18%|#8        | 44/239 [00:03<00:19, 10.11it/s][A

 19%|#9        | 46/239 [00:04<00:19,  9.83it/s][A

 20%|##        | 48/239 [00:04<00:19,  9.82it/s][A

 21%|##        | 50/239 [00:04<00:18, 10.19it/s][A

 22%|##1       | 52/239 [00:04<00:17, 10.43it/s][A

 23%|##2       | 54/239 [00:04<00:17, 10.50it/s][A

 23%|##3       | 56/239 [00:05<00:17, 10.76it/s][A

 24%|##4       | 58/239 [00:05<00:17, 10.27it/s][A

 25%|##5       | 60/239 [00:05<00:17, 10.47it/s][A

 26%|##5       | 62/239 [00:05<00:16, 10.87it/s][A

 27%|##6       | 64/239 [00:05<00:15, 10.97it/s][A

 28%|##7       | 66/239 [00:05<00:15, 10.88it/s][A

 28%|##8       | 68/239 [00:06<00:15, 10.90it/s][A

 29%|##9       | 70/239 [00:06<00:15, 10.78it/s][A

 30%|###       | 72/239 [00:06<00:15, 10.95it/s][A

 31%|###       | 74/239 [00:06<00:14, 11.02it/s][A

 32%|###1      | 76/239 [00:06<00:14, 10.92it/s][A

 33%|###2      | 78/239 [00:07<00:14, 11.01it/s][A

 33%|###3      | 80/239 [00:07<00:14, 10.85it/s][A

 34%|###4      | 82/239 [00:07<00:14, 10.56it/s][A

 35%|###5      | 84/239 [00:07<00:14, 10.99it/s][A

 36%|###5      | 86/239 [00:07<00:14, 10.64it/s][A

 37%|###6      | 88/239 [00:08<00:13, 10.82it/s][A

 38%|###7      | 90/239 [00:08<00:14, 10.63it/s][A

 38%|###8      | 92/239 [00:08<00:13, 10.55it/s][A

 39%|###9      | 94/239 [00:08<00:14,  9.89it/s][A

 40%|###9      | 95/239 [00:08<00:15,  9.53it/s][A

 40%|####      | 96/239 [00:08<00:15,  9.39it/s][A

 41%|####      | 97/239 [00:08<00:15,  9.43it/s][A

 41%|####1     | 98/239 [00:09<00:14,  9.55it/s][A

 42%|####1     | 100/239 [00:09<00:13, 10.14it/s][A

 43%|####2     | 102/239 [00:09<00:12, 10.55it/s][A

 44%|####3     | 104/239 [00:09<00:12, 10.50it/s][A

 44%|####4     | 106/239 [00:09<00:13,  9.73it/s][A

 45%|####4     | 107/239 [00:09<00:13,  9.69it/s][A

 45%|####5     | 108/239 [00:10<00:13,  9.64it/s][A

 46%|####5     | 109/239 [00:10<00:14,  9.16it/s][A

 46%|####6     | 110/239 [00:10<00:15,  8.18it/s][A

 46%|####6     | 111/239 [00:10<00:15,  8.25it/s][A

 47%|####6     | 112/239 [00:10<00:15,  8.25it/s][A

 47%|####7     | 113/239 [00:10<00:14,  8.46it/s][A

 48%|####7     | 114/239 [00:10<00:14,  8.65it/s][A

 48%|####8     | 115/239 [00:10<00:14,  8.72it/s][A

 49%|####8     | 116/239 [00:11<00:13,  8.95it/s][A

 49%|####9     | 118/239 [00:11<00:12,  9.49it/s][A

 50%|#####     | 120/239 [00:11<00:12,  9.76it/s][A

 51%|#####1    | 122/239 [00:11<00:11, 10.18it/s][A

 52%|#####1    | 124/239 [00:11<00:11,  9.64it/s][A

 52%|#####2    | 125/239 [00:11<00:13,  8.61it/s][A

 53%|#####3    | 127/239 [00:12<00:12,  9.17it/s][A

 54%|#####3    | 129/239 [00:12<00:11,  9.58it/s][A

 55%|#####4    | 131/239 [00:12<00:10, 10.16it/s][A

 56%|#####5    | 133/239 [00:12<00:10, 10.57it/s][A

 56%|#####6    | 135/239 [00:12<00:10, 10.36it/s][A

 57%|#####7    | 137/239 [00:13<00:09, 10.24it/s][A

 58%|#####8    | 139/239 [00:13<00:09, 11.05it/s][A

 59%|#####8    | 141/239 [00:13<00:08, 11.56it/s][A

 60%|#####9    | 143/239 [00:13<00:08, 11.39it/s][A

 61%|######    | 145/239 [00:13<00:07, 11.86it/s][A

 62%|######1   | 147/239 [00:13<00:07, 11.93it/s][A

 62%|######2   | 149/239 [00:14<00:07, 12.15it/s][A

 63%|######3   | 151/239 [00:14<00:07, 12.31it/s][A

 64%|######4   | 153/239 [00:14<00:06, 12.44it/s][A

 65%|######4   | 155/239 [00:14<00:07, 11.59it/s][A

 66%|######5   | 157/239 [00:14<00:07, 11.47it/s][A

 67%|######6   | 159/239 [00:15<00:07, 10.29it/s][A

 67%|######7   | 161/239 [00:15<00:07, 10.39it/s][A

 68%|######8   | 163/239 [00:15<00:07, 10.76it/s][A

 69%|######9   | 165/239 [00:15<00:07, 10.30it/s][A

 70%|######9   | 167/239 [00:15<00:07,  9.92it/s][A

 71%|#######   | 169/239 [00:16<00:07,  9.94it/s][A

 72%|#######1  | 171/239 [00:16<00:06, 10.23it/s][A

 72%|#######2  | 173/239 [00:16<00:06,  9.91it/s][A

 73%|#######3  | 175/239 [00:16<00:06, 10.53it/s][A

 74%|#######4  | 177/239 [00:16<00:05, 10.76it/s][A

 75%|#######4  | 179/239 [00:16<00:05, 10.60it/s][A

 76%|#######5  | 181/239 [00:17<00:05, 10.80it/s][A

 77%|#######6  | 183/239 [00:17<00:04, 11.27it/s][A

 77%|#######7  | 185/239 [00:17<00:04, 11.37it/s][A

 78%|#######8  | 187/239 [00:17<00:04, 11.56it/s][A

 79%|#######9  | 189/239 [00:17<00:04, 11.40it/s][A

 80%|#######9  | 191/239 [00:18<00:04, 10.88it/s][A

 81%|########  | 193/239 [00:18<00:04, 10.74it/s][A

 82%|########1 | 195/239 [00:18<00:04, 10.91it/s][A

 82%|########2 | 197/239 [00:18<00:03, 11.74it/s][A

 83%|########3 | 199/239 [00:18<00:03, 11.61it/s][A

 84%|########4 | 201/239 [00:18<00:03, 11.86it/s][A

 85%|########4 | 203/239 [00:19<00:03, 11.99it/s][A

 86%|########5 | 205/239 [00:19<00:02, 12.43it/s][A

 87%|########6 | 207/239 [00:19<00:02, 11.82it/s][A

 87%|########7 | 209/239 [00:19<00:02, 11.62it/s][A

 88%|########8 | 211/239 [00:19<00:02, 11.79it/s][A

 89%|########9 | 213/239 [00:19<00:02, 11.84it/s][A

 90%|########9 | 215/239 [00:20<00:02, 11.52it/s][A

 91%|######### | 217/239 [00:20<00:01, 11.76it/s][A

 92%|#########1| 219/239 [00:20<00:01, 11.74it/s][A

 92%|#########2| 221/239 [00:20<00:01, 11.91it/s][A

 93%|#########3| 223/239 [00:20<00:01, 11.62it/s][A

 94%|#########4| 225/239 [00:20<00:01, 11.56it/s][A

 95%|#########4| 227/239 [00:21<00:01, 11.58it/s][A

 96%|#########5| 229/239 [00:21<00:00, 11.93it/s][A

 97%|#########6| 231/239 [00:21<00:00, 11.52it/s][A

 97%|#########7| 233/239 [00:21<00:00, 12.12it/s][A

 98%|#########8| 235/239 [00:21<00:00, 12.20it/s][A

 99%|#########9| 237/239 [00:21<00:00, 12.36it/s][A

100%|##########| 239/239 [00:22<00:00, 11.94it/s][A
                                                  


                                                 
[A
 25%|##5       | 500/2000 [19:08<48:31,  1.94s/it]

100%|##########| 239/239 [00:22<00:00, 11.94it/s][A

                                                 [A
{'eval_loss': '3.922', 'eval_runtime': '22.14', 'eval_samples_per_second': '43.17', 'eval_steps_per_second': '10.79', 'epoch': '0.08545'}

Writing model shards:   0%|          | 0/1 [00:00<?, ?it/s][A

Writing model shards: 100%|##########| 1/1 [00:00<00:00,  1.60it/s][A
Writing model shards: 100%|##########| 1/1 [00:00<00:00,  1.60it/s]

 25%|##5       | 501/2000 [19:13<3:51:24,  9.26s/it]
 25%|##5       | 502/2000 [19:14<2:54:19,  6.98s/it]
 25%|##5       | 503/2000 [19:16<2:14:37,  5.40s/it]
 25%|##5       | 504/2000 [19:18<1:49:25,  4.39s/it]
 25%|##5       | 505/2000 [19:20<1:30:31,  3.63s/it]
 25%|##5       | 506/2000 [19:22<1:17:34,  3.12s/it]
 25%|##5       | 507/2000 [19:24<1:09:21,  2.79s/it]
 25%|##5       | 508/2000 [19:26<1:03:20,  2.55s/it]
 25%|##5       | 509/2000 [19:28<59:15,  2.38s/it]  
 26%|##5       | 510/2000 [19:30<54:34,  2.20s/it]
 26%|##5       | 511/2000 [19:31<51:44,  2.08s/it]
 26%|##5       | 512/2000 [19:33<50:10,  2.02s/it]
 26%|##5       | 513/2000 [19:35<49:45,  2.01s/it]
 26%|##5       | 514/2000 [19:37<49:01,  1.98s/it]
 26%|##5       | 515/2000 [19:39<48:25,  1.96s/it]
 26%|##5       | 516/2000 [19:41<47:58,  1.94s/it]
 26%|##5       | 517/2000 [19:43<48:56,  1.98s/it]
 26%|##5       | 518/2000 [19:45<49:05,  1.99s/it]
 26%|##5       | 519/2000 [19:47<48:58,  1.98s/it]
 26%|##6       | 520/2000 [19:49<48:31,  1.97s/it]
 26%|##6       | 521/2000 [19:51<47:48,  1.94s/it]
 26%|##6       | 522/2000 [19:53<47:57,  1.95s/it]
 26%|##6       | 523/2000 [19:55<47:57,  1.95s/it]
 26%|##6       | 524/2000 [19:57<49:06,  2.00s/it]
 26%|##6       | 525/2000 [19:59<48:11,  1.96s/it]
                                                  

 26%|##6       | 525/2000 [19:59<48:11,  1.96s/it]
 26%|##6       | 526/2000 [20:01<50:19,  2.05s/it]
 26%|##6       | 527/2000 [20:03<48:40,  1.98s/it]
 26%|##6       | 528/2000 [20:05<48:24,  1.97s/it]
 26%|##6       | 529/2000 [20:07<47:53,  1.95s/it]
 26%|##6       | 530/2000 [20:09<48:00,  1.96s/it]
 27%|##6       | 531/2000 [20:10<46:39,  1.91s/it]
 27%|##6       | 532/2000 [20:12<47:26,  1.94s/it]
 27%|##6       | 533/2000 [20:14<47:32,  1.94s/it]
 27%|##6       | 534/2000 [20:16<47:29,  1.94s/it]
 27%|##6       | 535/2000 [20:19<50:24,  2.06s/it]
 27%|##6       | 536/2000 [20:21<49:13,  2.02s/it]
 27%|##6       | 537/2000 [20:22<47:57,  1.97s/it]
 27%|##6       | 538/2000 [20:24<47:29,  1.95s/it]
 27%|##6       | 539/2000 [20:26<46:56,  1.93s/it]
 27%|##7       | 540/2000 [20:28<46:23,  1.91s/it]
 27%|##7       | 541/2000 [20:30<46:23,  1.91s/it]
 27%|##7       | 542/2000 [20:32<47:04,  1.94s/it]
 27%|##7       | 543/2000 [20:34<47:18,  1.95s/it]
 27%|##7       | 544/2000 [20:36<47:31,  1.96s/it]
 27%|##7       | 545/2000 [20:38<46:29,  1.92s/it]
 27%|##7       | 546/2000 [20:40<45:42,  1.89s/it]
 27%|##7       | 547/2000 [20:41<45:08,  1.86s/it]
 27%|##7       | 548/2000 [20:43<44:48,  1.85s/it]
 27%|##7       | 549/2000 [20:45<45:35,  1.89s/it]
 28%|##7       | 550/2000 [20:47<46:31,  1.93s/it]
                                                  

 28%|##7       | 550/2000 [20:47<46:31,  1.93s/it]
 28%|##7       | 551/2000 [20:49<46:49,  1.94s/it]
 28%|##7       | 552/2000 [20:51<45:56,  1.90s/it]
 28%|##7       | 553/2000 [20:53<46:06,  1.91s/it]
 28%|##7       | 554/2000 [20:55<46:28,  1.93s/it]
 28%|##7       | 555/2000 [20:57<46:49,  1.94s/it]
 28%|##7       | 556/2000 [20:59<46:48,  1.94s/it]
 28%|##7       | 557/2000 [21:01<46:55,  1.95s/it]
 28%|##7       | 558/2000 [21:03<46:46,  1.95s/it]
 28%|##7       | 559/2000 [21:04<45:29,  1.89s/it]
 28%|##8       | 560/2000 [21:06<45:02,  1.88s/it]
 28%|##8       | 561/2000 [21:09<48:01,  2.00s/it]
 28%|##8       | 562/2000 [21:10<46:41,  1.95s/it]
 28%|##8       | 563/2000 [21:12<46:49,  1.96s/it]
 28%|##8       | 564/2000 [21:14<46:31,  1.94s/it]
 28%|##8       | 565/2000 [21:16<46:14,  1.93s/it]
 28%|##8       | 566/2000 [21:18<45:18,  1.90s/it]
 28%|##8       | 567/2000 [21:20<44:37,  1.87s/it]
 28%|##8       | 568/2000 [21:22<46:11,  1.94s/it]
 28%|##8       | 569/2000 [21:24<45:02,  1.89s/it]
 28%|##8       | 570/2000 [21:26<45:39,  1.92s/it]
 29%|##8       | 571/2000 [21:28<48:18,  2.03s/it]
 29%|##8       | 572/2000 [21:30<46:10,  1.94s/it]
 29%|##8       | 573/2000 [21:32<46:23,  1.95s/it]
 29%|##8       | 574/2000 [21:34<46:09,  1.94s/it]
 29%|##8       | 575/2000 [21:36<46:20,  1.95s/it]
                                                  

 29%|##8       | 575/2000 [21:36<46:20,  1.95s/it]
 29%|##8       | 576/2000 [21:37<46:13,  1.95s/it]
 29%|##8       | 577/2000 [21:39<45:52,  1.93s/it]
 29%|##8       | 578/2000 [21:41<46:10,  1.95s/it]
 29%|##8       | 579/2000 [21:43<45:28,  1.92s/it]
 29%|##9       | 580/2000 [21:46<48:07,  2.03s/it]
 29%|##9       | 581/2000 [21:47<45:47,  1.94s/it]
 29%|##9       | 582/2000 [21:49<45:58,  1.95s/it]
 29%|##9       | 583/2000 [21:51<45:44,  1.94s/it]
 29%|##9       | 584/2000 [21:53<45:09,  1.91s/it]
 29%|##9       | 585/2000 [21:55<47:23,  2.01s/it]
 29%|##9       | 586/2000 [21:57<46:08,  1.96s/it]
 29%|##9       | 587/2000 [21:59<45:30,  1.93s/it]
 29%|##9       | 588/2000 [22:01<45:52,  1.95s/it]
 29%|##9       | 589/2000 [22:03<46:08,  1.96s/it]
 30%|##9       | 590/2000 [22:05<45:38,  1.94s/it]
 30%|##9       | 591/2000 [22:07<45:21,  1.93s/it]
 30%|##9       | 592/2000 [22:09<45:19,  1.93s/it]
 30%|##9       | 593/2000 [22:10<44:44,  1.91s/it]
 30%|##9       | 594/2000 [22:12<44:12,  1.89s/it]
 30%|##9       | 595/2000 [22:14<43:51,  1.87s/it]
 30%|##9       | 596/2000 [22:16<43:40,  1.87s/it]
 30%|##9       | 597/2000 [22:18<43:54,  1.88s/it]
 30%|##9       | 598/2000 [22:20<43:36,  1.87s/it]
 30%|##9       | 599/2000 [22:22<43:23,  1.86s/it]
 30%|###       | 600/2000 [22:24<44:10,  1.89s/it]
                                                  

 30%|###       | 600/2000 [22:24<44:10,  1.89s/it]
{'loss': '6.206', 'grad_norm': '1.735', 'learning_rate': '0.0003528', 'epoch': '0.08972'}
{'loss': '6.162', 'grad_norm': '1.65', 'learning_rate': '0.0003474', 'epoch': '0.09399'}
{'loss': '6.09', 'grad_norm': '1.669', 'learning_rate': '0.0003417', 'epoch': '0.09827'}
{'loss': '6.011', 'grad_norm': '1.641', 'learning_rate': '0.0003357', 'epoch': '0.1025'}

  0%|          | 0/239 [00:00<?, ?it/s][A

  1%|          | 2/239 [00:00<00:12, 18.76it/s][A

  2%|1         | 4/239 [00:00<00:19, 12.29it/s][A

  3%|2         | 6/239 [00:00<00:21, 11.09it/s][A

  3%|3         | 8/239 [00:00<00:21, 10.86it/s][A

  4%|4         | 10/239 [00:00<00:20, 11.09it/s][A

  5%|5         | 12/239 [00:01<00:20, 10.90it/s][A

  6%|5         | 14/239 [00:01<00:20, 11.08it/s][A

  7%|6         | 16/239 [00:01<00:19, 11.21it/s][A

  8%|7         | 18/239 [00:01<00:20, 10.97it/s][A

  8%|8         | 20/239 [00:01<00:19, 11.45it/s][A

  9%|9         | 22/239 [00:01<00:17, 12.14it/s][A

 10%|#         | 24/239 [00:02<00:18, 11.93it/s][A

 11%|#         | 26/239 [00:02<00:17, 12.15it/s][A

 12%|#1        | 28/239 [00:02<00:17, 12.31it/s][A

 13%|#2        | 30/239 [00:02<00:16, 12.41it/s][A

 13%|#3        | 32/239 [00:02<00:16, 12.49it/s][A

 14%|#4        | 34/239 [00:02<00:17, 11.81it/s][A

 15%|#5        | 36/239 [00:03<00:17, 11.87it/s][A

 16%|#5        | 38/239 [00:03<00:16, 12.29it/s][A

 17%|#6        | 40/239 [00:03<00:16, 12.06it/s][A

 18%|#7        | 42/239 [00:03<00:16, 11.88it/s][A

 18%|#8        | 44/239 [00:03<00:17, 11.47it/s][A

 19%|#9        | 46/239 [00:03<00:15, 12.15it/s][A

 20%|##        | 48/239 [00:04<00:16, 11.39it/s][A

 21%|##        | 50/239 [00:04<00:17, 10.77it/s][A

 22%|##1       | 52/239 [00:04<00:17, 10.49it/s][A

 23%|##2       | 54/239 [00:04<00:17, 10.63it/s][A

 23%|##3       | 56/239 [00:04<00:15, 11.54it/s][A

 24%|##4       | 58/239 [00:04<00:15, 11.86it/s][A

 25%|##5       | 60/239 [00:05<00:15, 11.44it/s][A

 26%|##5       | 62/239 [00:05<00:15, 11.16it/s][A

 27%|##6       | 64/239 [00:05<00:14, 11.84it/s][A

 28%|##7       | 66/239 [00:05<00:14, 11.79it/s][A

 28%|##8       | 68/239 [00:05<00:14, 11.95it/s][A

 29%|##9       | 70/239 [00:06<00:13, 12.11it/s][A

 30%|###       | 72/239 [00:06<00:14, 11.41it/s][A

 31%|###       | 74/239 [00:06<00:15, 10.90it/s][A

 32%|###1      | 76/239 [00:06<00:15, 10.49it/s][A

 33%|###2      | 78/239 [00:06<00:15, 10.26it/s][A

 33%|###3      | 80/239 [00:07<00:15, 10.09it/s][A

 34%|###4      | 82/239 [00:07<00:16,  9.70it/s][A

 35%|###5      | 84/239 [00:07<00:15,  9.97it/s][A

 36%|###5      | 86/239 [00:07<00:15,  9.99it/s][A

 37%|###6      | 88/239 [00:07<00:14, 10.20it/s][A

 38%|###7      | 90/239 [00:07<00:13, 10.72it/s][A

 38%|###8      | 92/239 [00:08<00:13, 10.69it/s][A

 39%|###9      | 94/239 [00:08<00:14, 10.27it/s][A

 40%|####      | 96/239 [00:08<00:13, 10.45it/s][A

 41%|####1     | 98/239 [00:08<00:13, 10.74it/s][A

 42%|####1     | 100/239 [00:08<00:12, 11.24it/s][A

 43%|####2     | 102/239 [00:09<00:12, 11.24it/s][A

 44%|####3     | 104/239 [00:09<00:12, 11.09it/s][A

 44%|####4     | 106/239 [00:09<00:12, 10.93it/s][A

 45%|####5     | 108/239 [00:09<00:11, 11.10it/s][A

 46%|####6     | 110/239 [00:09<00:11, 11.41it/s][A

 47%|####6     | 112/239 [00:09<00:11, 11.25it/s][A

 48%|####7     | 114/239 [00:10<00:11, 11.25it/s][A

 49%|####8     | 116/239 [00:10<00:10, 11.43it/s][A

 49%|####9     | 118/239 [00:10<00:11, 10.89it/s][A

 50%|#####     | 120/239 [00:10<00:10, 11.50it/s][A

 51%|#####1    | 122/239 [00:10<00:10, 11.59it/s][A

 52%|#####1    | 124/239 [00:11<00:09, 11.92it/s][A

 53%|#####2    | 126/239 [00:11<00:09, 11.66it/s][A

 54%|#####3    | 128/239 [00:11<00:09, 11.74it/s][A

 54%|#####4    | 130/239 [00:11<00:09, 12.01it/s][A

 55%|#####5    | 132/239 [00:11<00:09, 11.22it/s][A

 56%|#####6    | 134/239 [00:11<00:09, 11.29it/s][A

 57%|#####6    | 136/239 [00:12<00:09, 11.27it/s][A

 58%|#####7    | 138/239 [00:12<00:08, 11.42it/s][A

 59%|#####8    | 140/239 [00:12<00:08, 11.20it/s][A

 59%|#####9    | 142/239 [00:12<00:08, 11.22it/s][A

 60%|######    | 144/239 [00:12<00:08, 11.29it/s][A

 61%|######1   | 146/239 [00:12<00:08, 11.24it/s][A

 62%|######1   | 148/239 [00:13<00:07, 11.44it/s][A

 63%|######2   | 150/239 [00:13<00:07, 11.70it/s][A

 64%|######3   | 152/239 [00:13<00:07, 11.71it/s][A

 64%|######4   | 154/239 [00:13<00:07, 11.70it/s][A

 65%|######5   | 156/239 [00:13<00:07, 11.62it/s][A

 66%|######6   | 158/239 [00:13<00:06, 11.69it/s][A

 67%|######6   | 160/239 [00:14<00:07, 11.10it/s][A

 68%|######7   | 162/239 [00:14<00:06, 11.06it/s][A

 69%|######8   | 164/239 [00:14<00:07, 10.59it/s][A

 69%|######9   | 166/239 [00:14<00:06, 10.85it/s][A

 70%|#######   | 168/239 [00:14<00:06, 11.07it/s][A

 71%|#######1  | 170/239 [00:15<00:06, 10.93it/s][A

 72%|#######1  | 172/239 [00:15<00:06, 11.07it/s][A

 73%|#######2  | 174/239 [00:15<00:05, 11.49it/s][A

 74%|#######3  | 176/239 [00:15<00:05, 11.19it/s][A

 74%|#######4  | 178/239 [00:15<00:05, 11.14it/s][A

 75%|#######5  | 180/239 [00:15<00:05, 11.51it/s][A

 76%|#######6  | 182/239 [00:16<00:04, 11.71it/s][A

 77%|#######6  | 184/239 [00:16<00:04, 11.98it/s][A

 78%|#######7  | 186/239 [00:16<00:04, 11.94it/s][A

 79%|#######8  | 188/239 [00:16<00:04, 11.08it/s][A

 79%|#######9  | 190/239 [00:16<00:04, 10.91it/s][A

 80%|########  | 192/239 [00:17<00:04, 10.79it/s][A

 81%|########1 | 194/239 [00:17<00:04, 10.97it/s][A

 82%|########2 | 196/239 [00:17<00:04, 10.60it/s][A

 83%|########2 | 198/239 [00:17<00:04,  9.90it/s][A

 84%|########3 | 200/239 [00:17<00:03, 10.27it/s][A

 85%|########4 | 202/239 [00:17<00:03, 10.72it/s][A

 85%|########5 | 204/239 [00:18<00:03, 10.77it/s][A

 86%|########6 | 206/239 [00:18<00:02, 11.17it/s][A

 87%|########7 | 208/239 [00:18<00:02, 11.36it/s][A

 88%|########7 | 210/239 [00:18<00:02, 11.10it/s][A

 89%|########8 | 212/239 [00:18<00:02, 11.53it/s][A

 90%|########9 | 214/239 [00:19<00:02, 11.50it/s][A

 90%|######### | 216/239 [00:19<00:01, 11.50it/s][A

 91%|#########1| 218/239 [00:19<00:01, 11.43it/s][A

 92%|#########2| 220/239 [00:19<00:01, 11.86it/s][A

 93%|#########2| 222/239 [00:19<00:01, 11.28it/s][A

 94%|#########3| 224/239 [00:19<00:01, 11.22it/s][A

 95%|#########4| 226/239 [00:20<00:01, 11.57it/s][A

 95%|#########5| 228/239 [00:20<00:01, 10.93it/s][A

 96%|#########6| 230/239 [00:20<00:00, 10.97it/s][A

 97%|#########7| 232/239 [00:20<00:00, 11.12it/s][A

 98%|#########7| 234/239 [00:20<00:00, 10.81it/s][A

 99%|#########8| 236/239 [00:21<00:00, 10.99it/s][A

100%|#########9| 238/239 [00:21<00:00, 11.11it/s][A
                                                  


                                                 
[A
 30%|###       | 600/2000 [22:45<44:10,  1.89s/it]

100%|##########| 239/239 [00:21<00:00, 11.11it/s][A

{'eval_loss': '3.795', 'eval_runtime': '21.4', 'eval_samples_per_second': '44.67', 'eval_steps_per_second': '11.17', 'epoch': '0.1025'}
                                                 [A

Writing model shards:   0%|          | 0/1 [00:00<?, ?it/s][A

Writing model shards: 100%|##########| 1/1 [00:00<00:00,  1.71it/s][A
Writing model shards: 100%|##########| 1/1 [00:00<00:00,  1.71it/s]

 30%|###       | 601/2000 [22:49<3:27:59,  8.92s/it]
 30%|###       | 602/2000 [22:51<2:37:25,  6.76s/it]
 30%|###       | 603/2000 [22:52<2:02:55,  5.28s/it]
 30%|###       | 604/2000 [22:54<1:38:43,  4.24s/it]
 30%|###       | 605/2000 [22:56<1:23:05,  3.57s/it]
 30%|###       | 606/2000 [22:58<1:10:50,  3.05s/it]
 30%|###       | 607/2000 [23:00<1:02:09,  2.68s/it]
 30%|###       | 608/2000 [23:02<56:06,  2.42s/it]  
 30%|###       | 609/2000 [23:04<52:11,  2.25s/it]
 30%|###       | 610/2000 [23:05<49:13,  2.12s/it]
 31%|###       | 611/2000 [23:07<47:59,  2.07s/it]
 31%|###       | 612/2000 [23:09<46:09,  2.00s/it]
 31%|###       | 613/2000 [23:11<45:16,  1.96s/it]
 31%|###       | 614/2000 [23:13<44:11,  1.91s/it]
 31%|###       | 615/2000 [23:15<45:14,  1.96s/it]
 31%|###       | 616/2000 [23:17<44:52,  1.95s/it]
 31%|###       | 617/2000 [23:19<44:05,  1.91s/it]
 31%|###       | 618/2000 [23:21<44:17,  1.92s/it]
 31%|###       | 619/2000 [23:22<43:48,  1.90s/it]
 31%|###1      | 620/2000 [23:24<43:48,  1.90s/it]
 31%|###1      | 621/2000 [23:26<42:57,  1.87s/it]
 31%|###1      | 622/2000 [23:28<42:49,  1.86s/it]
 31%|###1      | 623/2000 [23:30<42:31,  1.85s/it]
 31%|###1      | 624/2000 [23:32<43:24,  1.89s/it]
 31%|###1      | 625/2000 [23:34<43:36,  1.90s/it]
                                                  

 31%|###1      | 625/2000 [23:34<43:36,  1.90s/it]
 31%|###1      | 626/2000 [23:36<42:52,  1.87s/it]
 31%|###1      | 627/2000 [23:38<43:23,  1.90s/it]
 31%|###1      | 628/2000 [23:39<43:34,  1.91s/it]
 31%|###1      | 629/2000 [23:41<43:14,  1.89s/it]
 32%|###1      | 630/2000 [23:43<42:33,  1.86s/it]
 32%|###1      | 631/2000 [23:45<42:02,  1.84s/it]
 32%|###1      | 632/2000 [23:47<41:51,  1.84s/it]
 32%|###1      | 633/2000 [23:49<41:37,  1.83s/it]
 32%|###1      | 634/2000 [23:51<43:05,  1.89s/it]
 32%|###1      | 635/2000 [23:52<42:40,  1.88s/it]
 32%|###1      | 636/2000 [23:54<44:00,  1.94s/it]
 32%|###1      | 637/2000 [23:57<46:35,  2.05s/it]
 32%|###1      | 638/2000 [23:59<44:50,  1.98s/it]
 32%|###1      | 639/2000 [24:01<44:43,  1.97s/it]
 32%|###2      | 640/2000 [24:02<43:33,  1.92s/it]
 32%|###2      | 641/2000 [24:04<43:58,  1.94s/it]
 32%|###2      | 642/2000 [24:06<43:30,  1.92s/it]
 32%|###2      | 643/2000 [24:08<43:45,  1.93s/it]
 32%|###2      | 644/2000 [24:10<43:17,  1.92s/it]
 32%|###2      | 645/2000 [24:12<43:37,  1.93s/it]
 32%|###2      | 646/2000 [24:14<44:35,  1.98s/it]
 32%|###2      | 647/2000 [24:16<44:16,  1.96s/it]
 32%|###2      | 648/2000 [24:18<44:22,  1.97s/it]
 32%|###2      | 649/2000 [24:20<44:24,  1.97s/it]
 32%|###2      | 650/2000 [24:22<43:15,  1.92s/it]
                                                  

 32%|###2      | 650/2000 [24:22<43:15,  1.92s/it]
 33%|###2      | 651/2000 [24:24<42:19,  1.88s/it]
 33%|###2      | 652/2000 [24:25<42:00,  1.87s/it]
 33%|###2      | 653/2000 [24:27<42:30,  1.89s/it]
 33%|###2      | 654/2000 [24:29<43:23,  1.93s/it]
 33%|###2      | 655/2000 [24:31<42:43,  1.91s/it]
 33%|###2      | 656/2000 [24:33<42:14,  1.89s/it]
 33%|###2      | 657/2000 [24:35<43:44,  1.95s/it]
 33%|###2      | 658/2000 [24:37<42:22,  1.89s/it]
 33%|###2      | 659/2000 [24:39<42:19,  1.89s/it]
 33%|###3      | 660/2000 [24:41<41:15,  1.85s/it]
 33%|###3      | 661/2000 [24:43<41:48,  1.87s/it]
 33%|###3      | 662/2000 [24:45<43:17,  1.94s/it]
 33%|###3      | 663/2000 [24:46<42:37,  1.91s/it]
 33%|###3      | 664/2000 [24:48<42:11,  1.89s/it]
 33%|###3      | 665/2000 [24:50<42:25,  1.91s/it]
 33%|###3      | 666/2000 [24:52<42:08,  1.90s/it]
 33%|###3      | 667/2000 [24:54<42:16,  1.90s/it]
 33%|###3      | 668/2000 [24:56<41:27,  1.87s/it]
 33%|###3      | 669/2000 [24:58<41:44,  1.88s/it]
 34%|###3      | 670/2000 [25:00<41:56,  1.89s/it]
 34%|###3      | 671/2000 [25:01<41:26,  1.87s/it]
 34%|###3      | 672/2000 [25:03<42:21,  1.91s/it]
 34%|###3      | 673/2000 [25:05<41:58,  1.90s/it]
 34%|###3      | 674/2000 [25:07<42:11,  1.91s/it]
 34%|###3      | 675/2000 [25:09<42:08,  1.91s/it]
                                                  

 34%|###3      | 675/2000 [25:09<42:08,  1.91s/it]
 34%|###3      | 676/2000 [25:11<41:07,  1.86s/it]
 34%|###3      | 677/2000 [25:13<41:25,  1.88s/it]
 34%|###3      | 678/2000 [25:15<41:45,  1.90s/it]
 34%|###3      | 679/2000 [25:17<41:39,  1.89s/it]
 34%|###4      | 680/2000 [25:18<40:44,  1.85s/it]
 34%|###4      | 681/2000 [25:21<42:05,  1.91s/it]
 34%|###4      | 682/2000 [25:22<42:27,  1.93s/it]
 34%|###4      | 683/2000 [25:24<41:24,  1.89s/it]
 34%|###4      | 684/2000 [25:26<41:50,  1.91s/it]
 34%|###4      | 685/2000 [25:28<42:58,  1.96s/it]
 34%|###4      | 686/2000 [25:30<42:26,  1.94s/it]
 34%|###4      | 687/2000 [25:32<41:01,  1.87s/it]
 34%|###4      | 688/2000 [25:34<40:53,  1.87s/it]
 34%|###4      | 689/2000 [25:36<41:02,  1.88s/it]
 34%|###4      | 690/2000 [25:38<40:51,  1.87s/it]
 35%|###4      | 691/2000 [25:40<41:30,  1.90s/it]
 35%|###4      | 692/2000 [25:41<40:09,  1.84s/it]
 35%|###4      | 693/2000 [25:43<40:37,  1.87s/it]
 35%|###4      | 694/2000 [25:45<41:10,  1.89s/it]
 35%|###4      | 695/2000 [25:47<41:04,  1.89s/it]
 35%|###4      | 696/2000 [25:49<40:31,  1.86s/it]
 35%|###4      | 697/2000 [25:51<40:00,  1.84s/it]
 35%|###4      | 698/2000 [25:52<39:33,  1.82s/it]
 35%|###4      | 699/2000 [25:54<39:26,  1.82s/it]
 35%|###5      | 700/2000 [25:56<39:35,  1.83s/it]
                                                  

 35%|###5      | 700/2000 [25:56<39:35,  1.83s/it]
{'loss': '6.116', 'grad_norm': '1.68', 'learning_rate': '0.0003295', 'epoch': '0.1068'}
{'loss': '5.843', 'grad_norm': '1.429', 'learning_rate': '0.0003231', 'epoch': '0.1111'}
{'loss': '5.8', 'grad_norm': '1.408', 'learning_rate': '0.0003165', 'epoch': '0.1154'}
{'loss': '5.783', 'grad_norm': '1.331', 'learning_rate': '0.0003097', 'epoch': '0.1196'}

  0%|          | 0/239 [00:00<?, ?it/s][A

  1%|1         | 3/239 [00:00<00:12, 18.40it/s][A

  2%|2         | 5/239 [00:00<00:15, 14.75it/s][A

  3%|2         | 7/239 [00:00<00:18, 12.86it/s][A

  4%|3         | 9/239 [00:00<00:17, 12.78it/s][A

  5%|4         | 11/239 [00:00<00:18, 12.31it/s][A

  5%|5         | 13/239 [00:01<00:18, 12.41it/s][A

  6%|6         | 15/239 [00:01<00:18, 12.09it/s][A

  7%|7         | 17/239 [00:01<00:17, 12.66it/s][A

  8%|7         | 19/239 [00:01<00:17, 12.51it/s][A

  9%|8         | 21/239 [00:01<00:17, 12.33it/s][A

 10%|9         | 23/239 [00:01<00:17, 12.41it/s][A

 10%|#         | 25/239 [00:01<00:18, 11.78it/s][A

 11%|#1        | 27/239 [00:02<00:17, 12.05it/s][A

 12%|#2        | 29/239 [00:02<00:17, 11.89it/s][A

 13%|#2        | 31/239 [00:02<00:17, 11.60it/s][A

 14%|#3        | 33/239 [00:02<00:16, 12.33it/s][A

 15%|#4        | 35/239 [00:02<00:16, 12.38it/s][A

 15%|#5        | 37/239 [00:02<00:16, 12.25it/s][A

 16%|#6        | 39/239 [00:03<00:15, 12.53it/s][A

 17%|#7        | 41/239 [00:03<00:17, 11.42it/s][A

 18%|#7        | 43/239 [00:03<00:18, 10.83it/s][A

 19%|#8        | 45/239 [00:03<00:18, 10.28it/s][A

 20%|#9        | 47/239 [00:04<00:19,  9.61it/s][A

 21%|##        | 49/239 [00:04<00:18, 10.33it/s][A

 21%|##1       | 51/239 [00:04<00:18,  9.90it/s][A

 22%|##2       | 53/239 [00:04<00:18, 10.33it/s][A

 23%|##3       | 55/239 [00:04<00:17, 10.67it/s][A

 24%|##3       | 57/239 [00:04<00:16, 10.91it/s][A

 25%|##4       | 59/239 [00:05<00:16, 10.80it/s][A

 26%|##5       | 61/239 [00:05<00:16, 10.72it/s][A

 26%|##6       | 63/239 [00:05<00:16, 10.62it/s][A

 27%|##7       | 65/239 [00:05<00:15, 10.90it/s][A

 28%|##8       | 67/239 [00:05<00:15, 10.79it/s][A

 29%|##8       | 69/239 [00:06<00:15, 11.00it/s][A

 30%|##9       | 71/239 [00:06<00:16, 10.17it/s][A

 31%|###       | 73/239 [00:06<00:14, 11.10it/s][A

 31%|###1      | 75/239 [00:06<00:15, 10.82it/s][A

 32%|###2      | 77/239 [00:06<00:14, 11.25it/s][A

 33%|###3      | 79/239 [00:06<00:15, 10.45it/s][A

 34%|###3      | 81/239 [00:07<00:13, 11.30it/s][A

 35%|###4      | 83/239 [00:07<00:13, 11.77it/s][A

 36%|###5      | 85/239 [00:07<00:13, 11.70it/s][A

 36%|###6      | 87/239 [00:07<00:13, 11.45it/s][A

 37%|###7      | 89/239 [00:07<00:12, 11.98it/s][A

 38%|###8      | 91/239 [00:07<00:12, 11.51it/s][A

 39%|###8      | 93/239 [00:08<00:12, 11.55it/s][A

 40%|###9      | 95/239 [00:08<00:13, 11.06it/s][A

 41%|####      | 97/239 [00:08<00:12, 11.61it/s][A

 41%|####1     | 99/239 [00:08<00:11, 11.91it/s][A

 42%|####2     | 101/239 [00:08<00:11, 12.11it/s][A

 43%|####3     | 103/239 [00:08<00:11, 12.27it/s][A

 44%|####3     | 105/239 [00:09<00:11, 11.69it/s][A

 45%|####4     | 107/239 [00:09<00:10, 12.26it/s][A

 46%|####5     | 109/239 [00:09<00:10, 12.07it/s][A

 46%|####6     | 111/239 [00:09<00:11, 11.53it/s][A

 47%|####7     | 113/239 [00:09<00:11, 11.14it/s][A

 48%|####8     | 115/239 [00:10<00:10, 11.37it/s][A

 49%|####8     | 117/239 [00:10<00:10, 11.73it/s][A

 50%|####9     | 119/239 [00:10<00:10, 11.66it/s][A

 51%|#####     | 121/239 [00:10<00:09, 12.30it/s][A

 51%|#####1    | 123/239 [00:10<00:09, 12.40it/s][A

 52%|#####2    | 125/239 [00:10<00:09, 12.48it/s][A

 53%|#####3    | 127/239 [00:10<00:09, 12.14it/s][A

 54%|#####3    | 129/239 [00:11<00:09, 11.66it/s][A

 55%|#####4    | 131/239 [00:11<00:09, 11.63it/s][A

 56%|#####5    | 133/239 [00:11<00:08, 11.93it/s][A

 56%|#####6    | 135/239 [00:11<00:08, 11.81it/s][A

 57%|#####7    | 137/239 [00:11<00:09, 11.10it/s][A

 58%|#####8    | 139/239 [00:12<00:08, 11.23it/s][A

 59%|#####8    | 141/239 [00:12<00:08, 11.64it/s][A

 60%|#####9    | 143/239 [00:12<00:08, 11.82it/s][A

 61%|######    | 145/239 [00:12<00:07, 12.51it/s][A

 62%|######1   | 147/239 [00:12<00:07, 12.20it/s][A

 62%|######2   | 149/239 [00:12<00:07, 11.31it/s][A

 63%|######3   | 151/239 [00:13<00:08, 10.68it/s][A

 64%|######4   | 153/239 [00:13<00:08, 10.01it/s][A

 65%|######4   | 155/239 [00:13<00:08,  9.66it/s][A

 66%|######5   | 157/239 [00:13<00:07, 10.42it/s][A

 67%|######6   | 159/239 [00:13<00:07, 10.85it/s][A

 67%|######7   | 161/239 [00:14<00:06, 11.19it/s][A

 68%|######8   | 163/239 [00:14<00:06, 11.59it/s][A

 69%|######9   | 165/239 [00:14<00:06, 11.57it/s][A

 70%|######9   | 167/239 [00:14<00:06, 11.49it/s][A

 71%|#######   | 169/239 [00:14<00:06, 11.51it/s][A

 72%|#######1  | 171/239 [00:14<00:05, 11.47it/s][A

 72%|#######2  | 173/239 [00:15<00:05, 11.85it/s][A

 73%|#######3  | 175/239 [00:15<00:05, 11.75it/s][A

 74%|#######4  | 177/239 [00:15<00:05, 11.67it/s][A

 75%|#######4  | 179/239 [00:15<00:05, 11.59it/s][A

 76%|#######5  | 181/239 [00:15<00:04, 11.92it/s][A

 77%|#######6  | 183/239 [00:15<00:04, 12.12it/s][A

 77%|#######7  | 185/239 [00:16<00:04, 11.86it/s][A

 78%|#######8  | 187/239 [00:16<00:04, 11.99it/s][A

 79%|#######9  | 189/239 [00:16<00:04, 12.28it/s][A

 80%|#######9  | 191/239 [00:16<00:03, 12.02it/s][A

 81%|########  | 193/239 [00:16<00:03, 11.74it/s][A

 82%|########1 | 195/239 [00:16<00:04, 10.84it/s][A

 82%|########2 | 197/239 [00:17<00:03, 11.69it/s][A

 83%|########3 | 199/239 [00:17<00:03, 11.95it/s][A

 84%|########4 | 201/239 [00:17<00:03, 11.82it/s][A

 85%|########4 | 203/239 [00:17<00:03, 11.68it/s][A

 86%|########5 | 205/239 [00:17<00:02, 11.99it/s][A

 87%|########6 | 207/239 [00:17<00:02, 11.93it/s][A

 87%|########7 | 209/239 [00:18<00:02, 12.05it/s][A

 88%|########8 | 211/239 [00:18<00:02, 11.14it/s][A

 89%|########9 | 213/239 [00:18<00:02, 10.32it/s][A

 90%|########9 | 215/239 [00:18<00:02, 10.31it/s][A

 91%|######### | 217/239 [00:18<00:02, 10.91it/s][A

 92%|#########1| 219/239 [00:19<00:01, 11.37it/s][A

 92%|#########2| 221/239 [00:19<00:01, 12.06it/s][A

 93%|#########3| 223/239 [00:19<00:01, 11.88it/s][A

 94%|#########4| 225/239 [00:19<00:01, 12.10it/s][A

 95%|#########4| 227/239 [00:19<00:01, 11.58it/s][A

 96%|#########5| 229/239 [00:19<00:00, 11.24it/s][A

 97%|#########6| 231/239 [00:20<00:00, 10.73it/s][A

 97%|#########7| 233/239 [00:20<00:00, 10.68it/s][A

 98%|#########8| 235/239 [00:20<00:00, 10.38it/s][A

 99%|#########9| 237/239 [00:20<00:00, 11.26it/s][A

100%|##########| 239/239 [00:20<00:00, 11.34it/s][A
                                                  


                                                 
[A
 35%|###5      | 700/2000 [26:17<39:35,  1.83s/it]

100%|##########| 239/239 [00:20<00:00, 11.34it/s][A

{'eval_loss': '3.669', 'eval_runtime': '20.94', 'eval_samples_per_second': '45.66', 'eval_steps_per_second': '11.42', 'epoch': '0.1196'}
                                                 [A

Writing model shards:   0%|          | 0/1 [00:00<?, ?it/s][A

Writing model shards: 100%|##########| 1/1 [00:00<00:00,  1.88it/s][A
Writing model shards: 100%|##########| 1/1 [00:00<00:00,  1.88it/s]

 35%|###5      | 701/2000 [26:20<3:05:35,  8.57s/it]
 35%|###5      | 702/2000 [26:22<2:20:29,  6.49s/it]
 35%|###5      | 703/2000 [26:24<1:50:42,  5.12s/it]
 35%|###5      | 704/2000 [26:26<1:29:51,  4.16s/it]
 35%|###5      | 705/2000 [26:28<1:14:33,  3.45s/it]
 35%|###5      | 706/2000 [26:30<1:04:38,  3.00s/it]
 35%|###5      | 707/2000 [26:31<56:58,  2.64s/it]  
 35%|###5      | 708/2000 [26:34<54:52,  2.55s/it]
 35%|###5      | 709/2000 [26:35<49:08,  2.28s/it]
 36%|###5      | 710/2000 [26:37<46:51,  2.18s/it]
 36%|###5      | 711/2000 [26:39<44:41,  2.08s/it]
 36%|###5      | 712/2000 [26:41<43:36,  2.03s/it]
 36%|###5      | 713/2000 [26:43<42:19,  1.97s/it]
 36%|###5      | 714/2000 [26:45<44:07,  2.06s/it]
 36%|###5      | 715/2000 [26:47<42:22,  1.98s/it]
 36%|###5      | 716/2000 [26:49<41:39,  1.95s/it]
 36%|###5      | 717/2000 [26:51<40:42,  1.90s/it]
 36%|###5      | 718/2000 [26:53<40:58,  1.92s/it]
 36%|###5      | 719/2000 [26:54<40:24,  1.89s/it]
 36%|###6      | 720/2000 [26:56<40:02,  1.88s/it]
 36%|###6      | 721/2000 [26:58<39:57,  1.87s/it]
 36%|###6      | 722/2000 [27:00<39:42,  1.86s/it]
 36%|###6      | 723/2000 [27:02<39:52,  1.87s/it]
 36%|###6      | 724/2000 [27:04<40:15,  1.89s/it]
 36%|###6      | 725/2000 [27:06<41:29,  1.95s/it]
                                                  

 36%|###6      | 725/2000 [27:06<41:29,  1.95s/it]
 36%|###6      | 726/2000 [27:08<41:10,  1.94s/it]
 36%|###6      | 727/2000 [27:10<41:15,  1.94s/it]
 36%|###6      | 728/2000 [27:12<41:45,  1.97s/it]
 36%|###6      | 729/2000 [27:14<40:39,  1.92s/it]
 36%|###6      | 730/2000 [27:15<40:30,  1.91s/it]
 37%|###6      | 731/2000 [27:17<40:06,  1.90s/it]
 37%|###6      | 732/2000 [27:19<40:18,  1.91s/it]
 37%|###6      | 733/2000 [27:21<39:15,  1.86s/it]
 37%|###6      | 734/2000 [27:23<38:58,  1.85s/it]
 37%|###6      | 735/2000 [27:25<40:09,  1.90s/it]
 37%|###6      | 736/2000 [27:27<39:36,  1.88s/it]
 37%|###6      | 737/2000 [27:29<40:32,  1.93s/it]
 37%|###6      | 738/2000 [27:31<40:23,  1.92s/it]
 37%|###6      | 739/2000 [27:32<39:04,  1.86s/it]
 37%|###7      | 740/2000 [27:34<38:06,  1.81s/it]
 37%|###7      | 741/2000 [27:36<38:54,  1.85s/it]
 37%|###7      | 742/2000 [27:38<39:53,  1.90s/it]
 37%|###7      | 743/2000 [27:40<40:39,  1.94s/it]
 37%|###7      | 744/2000 [27:42<39:45,  1.90s/it]
 37%|###7      | 745/2000 [27:44<39:26,  1.89s/it]
 37%|###7      | 746/2000 [27:45<38:49,  1.86s/it]
 37%|###7      | 747/2000 [27:47<38:34,  1.85s/it]
 37%|###7      | 748/2000 [27:49<39:18,  1.88s/it]
 37%|###7      | 749/2000 [27:51<39:10,  1.88s/it]
 38%|###7      | 750/2000 [27:53<38:48,  1.86s/it]
                                                  

 38%|###7      | 750/2000 [27:53<38:48,  1.86s/it]
 38%|###7      | 751/2000 [27:55<39:10,  1.88s/it]
 38%|###7      | 752/2000 [27:57<38:38,  1.86s/it]
 38%|###7      | 753/2000 [27:59<39:40,  1.91s/it]
 38%|###7      | 754/2000 [28:01<39:46,  1.92s/it]
 38%|###7      | 755/2000 [28:03<40:07,  1.93s/it]
 38%|###7      | 756/2000 [28:05<40:03,  1.93s/it]
 38%|###7      | 757/2000 [28:06<39:21,  1.90s/it]
 38%|###7      | 758/2000 [28:08<39:38,  1.91s/it]
 38%|###7      | 759/2000 [28:10<39:07,  1.89s/it]
 38%|###8      | 760/2000 [28:12<38:53,  1.88s/it]
 38%|###8      | 761/2000 [28:14<38:44,  1.88s/it]
 38%|###8      | 762/2000 [28:16<39:01,  1.89s/it]
 38%|###8      | 763/2000 [28:18<38:56,  1.89s/it]
 38%|###8      | 764/2000 [28:20<39:46,  1.93s/it]
 38%|###8      | 765/2000 [28:21<38:32,  1.87s/it]
 38%|###8      | 766/2000 [28:24<40:34,  1.97s/it]
 38%|###8      | 767/2000 [28:25<39:34,  1.93s/it]
 38%|###8      | 768/2000 [28:27<39:48,  1.94s/it]
 38%|###8      | 769/2000 [28:29<39:00,  1.90s/it]
 38%|###8      | 770/2000 [28:31<38:05,  1.86s/it]
 39%|###8      | 771/2000 [28:33<39:17,  1.92s/it]
 39%|###8      | 772/2000 [28:35<38:42,  1.89s/it]
 39%|###8      | 773/2000 [28:37<38:49,  1.90s/it]
 39%|###8      | 774/2000 [28:39<39:31,  1.93s/it]
 39%|###8      | 775/2000 [28:41<39:15,  1.92s/it]
                                                  

 39%|###8      | 775/2000 [28:41<39:15,  1.92s/it]
 39%|###8      | 776/2000 [28:43<38:33,  1.89s/it]
 39%|###8      | 777/2000 [28:44<38:10,  1.87s/it]
 39%|###8      | 778/2000 [28:46<37:37,  1.85s/it]
 39%|###8      | 779/2000 [28:48<38:23,  1.89s/it]
 39%|###9      | 780/2000 [28:50<38:08,  1.88s/it]
 39%|###9      | 781/2000 [28:52<37:40,  1.85s/it]
 39%|###9      | 782/2000 [28:54<37:44,  1.86s/it]
 39%|###9      | 783/2000 [28:56<38:29,  1.90s/it]
 39%|###9      | 784/2000 [28:58<38:16,  1.89s/it]
 39%|###9      | 785/2000 [28:59<37:44,  1.86s/it]
 39%|###9      | 786/2000 [29:01<38:18,  1.89s/it]
 39%|###9      | 787/2000 [29:03<38:24,  1.90s/it]
 39%|###9      | 788/2000 [29:05<38:24,  1.90s/it]
 39%|###9      | 789/2000 [29:07<38:37,  1.91s/it]
 40%|###9      | 790/2000 [29:09<39:54,  1.98s/it]
 40%|###9      | 791/2000 [29:11<39:54,  1.98s/it]
 40%|###9      | 792/2000 [29:13<41:21,  2.05s/it]
 40%|###9      | 793/2000 [29:15<39:57,  1.99s/it]
 40%|###9      | 794/2000 [29:17<39:24,  1.96s/it]
 40%|###9      | 795/2000 [29:19<38:28,  1.92s/it]
 40%|###9      | 796/2000 [29:21<38:03,  1.90s/it]
 40%|###9      | 797/2000 [29:23<37:38,  1.88s/it]
 40%|###9      | 798/2000 [29:25<39:13,  1.96s/it]
 40%|###9      | 799/2000 [29:27<39:24,  1.97s/it]
 40%|####      | 800/2000 [29:29<38:30,  1.93s/it]
                                                  

{'loss': '5.738', 'grad_norm': '1.755', 'learning_rate': '0.0003027', 'epoch': '0.1239'}
{'loss': '5.655', 'grad_norm': '1.487', 'learning_rate': '0.0002955', 'epoch': '0.1282'}
{'loss': '5.516', 'grad_norm': '1.418', 'learning_rate': '0.0002881', 'epoch': '0.1324'}
{'loss': '5.455', 'grad_norm': '1.506', 'learning_rate': '0.0002806', 'epoch': '0.1367'}
 40%|####      | 800/2000 [29:29<38:30,  1.93s/it]

  0%|          | 0/239 [00:00<?, ?it/s][A

  1%|1         | 3/239 [00:00<00:14, 16.12it/s][A

  2%|2         | 5/239 [00:00<00:19, 12.14it/s][A

  3%|2         | 7/239 [00:00<00:19, 12.09it/s][A

  4%|3         | 9/239 [00:00<00:21, 10.89it/s][A

  5%|4         | 11/239 [00:00<00:21, 10.58it/s][A

  5%|5         | 13/239 [00:01<00:21, 10.46it/s][A

  6%|6         | 15/239 [00:01<00:21, 10.41it/s][A

  7%|7         | 17/239 [00:01<00:21, 10.34it/s][A

  8%|7         | 19/239 [00:01<00:20, 10.79it/s][A

  9%|8         | 21/239 [00:01<00:19, 11.15it/s][A

 10%|9         | 23/239 [00:02<00:19, 10.94it/s][A

 10%|#         | 25/239 [00:02<00:18, 11.37it/s][A

 11%|#1        | 27/239 [00:02<00:18, 11.29it/s][A

 12%|#2        | 29/239 [00:02<00:18, 11.11it/s][A

 13%|#2        | 31/239 [00:02<00:18, 11.22it/s][A

 14%|#3        | 33/239 [00:02<00:18, 11.29it/s][A

 15%|#4        | 35/239 [00:03<00:18, 11.12it/s][A

 15%|#5        | 37/239 [00:03<00:18, 10.94it/s][A

 16%|#6        | 39/239 [00:03<00:18, 10.65it/s][A

 17%|#7        | 41/239 [00:03<00:18, 10.96it/s][A

 18%|#7        | 43/239 [00:03<00:17, 10.94it/s][A

 19%|#8        | 45/239 [00:04<00:17, 11.17it/s][A

 20%|#9        | 47/239 [00:04<00:16, 11.41it/s][A

 21%|##        | 49/239 [00:04<00:15, 11.95it/s][A

 21%|##1       | 51/239 [00:04<00:16, 11.42it/s][A

 22%|##2       | 53/239 [00:04<00:16, 11.13it/s][A

 23%|##3       | 55/239 [00:04<00:16, 11.48it/s][A

 24%|##3       | 57/239 [00:05<00:16, 11.25it/s][A

 25%|##4       | 59/239 [00:05<00:16, 11.24it/s][A

 26%|##5       | 61/239 [00:05<00:16, 10.99it/s][A

 26%|##6       | 63/239 [00:05<00:16, 10.91it/s][A

 27%|##7       | 65/239 [00:05<00:17, 10.16it/s][A

 28%|##8       | 67/239 [00:06<00:17,  9.72it/s][A

 28%|##8       | 68/239 [00:06<00:18,  9.26it/s][A

 29%|##8       | 69/239 [00:06<00:18,  9.09it/s][A

 29%|##9       | 70/239 [00:06<00:18,  8.92it/s][A

 30%|##9       | 71/239 [00:06<00:20,  8.36it/s][A

 30%|###       | 72/239 [00:06<00:20,  8.32it/s][A

 31%|###       | 73/239 [00:06<00:20,  8.19it/s][A

 31%|###       | 74/239 [00:07<00:21,  7.59it/s][A

 31%|###1      | 75/239 [00:07<00:24,  6.76it/s][A

 32%|###1      | 76/239 [00:07<00:23,  7.02it/s][A

 32%|###2      | 77/239 [00:07<00:23,  7.04it/s][A

 33%|###2      | 78/239 [00:07<00:22,  7.24it/s][A

 33%|###3      | 79/239 [00:07<00:21,  7.43it/s][A

 33%|###3      | 80/239 [00:07<00:21,  7.24it/s][A

 34%|###3      | 81/239 [00:08<00:21,  7.48it/s][A

 34%|###4      | 82/239 [00:08<00:19,  8.02it/s][A

 35%|###4      | 83/239 [00:08<00:20,  7.71it/s][A

 35%|###5      | 84/239 [00:08<00:20,  7.69it/s][A

 36%|###5      | 85/239 [00:08<00:20,  7.54it/s][A

 36%|###5      | 86/239 [00:08<00:21,  7.24it/s][A

 36%|###6      | 87/239 [00:08<00:23,  6.43it/s][A

 37%|###6      | 88/239 [00:09<00:22,  6.58it/s][A

 37%|###7      | 89/239 [00:09<00:22,  6.69it/s][A

 38%|###7      | 90/239 [00:09<00:21,  6.88it/s][A

 38%|###8      | 91/239 [00:09<00:21,  6.91it/s][A

 38%|###8      | 92/239 [00:09<00:20,  7.11it/s][A

 39%|###8      | 93/239 [00:09<00:19,  7.44it/s][A

 39%|###9      | 94/239 [00:09<00:18,  7.93it/s][A

 40%|###9      | 95/239 [00:09<00:18,  7.94it/s][A

 40%|####      | 96/239 [00:10<00:17,  8.03it/s][A

 41%|####1     | 98/239 [00:10<00:15,  9.25it/s][A

 42%|####1     | 100/239 [00:10<00:13, 10.09it/s][A

 43%|####2     | 102/239 [00:10<00:12, 10.81it/s][A

 44%|####3     | 104/239 [00:10<00:11, 11.30it/s][A

 44%|####4     | 106/239 [00:10<00:11, 11.21it/s][A

 45%|####5     | 108/239 [00:11<00:11, 11.63it/s][A

 46%|####6     | 110/239 [00:11<00:10, 12.20it/s][A

 47%|####6     | 112/239 [00:11<00:10, 12.13it/s][A

 48%|####7     | 114/239 [00:11<00:10, 11.93it/s][A

 49%|####8     | 116/239 [00:11<00:10, 11.94it/s][A

 49%|####9     | 118/239 [00:11<00:10, 11.46it/s][A

 50%|#####     | 120/239 [00:12<00:10, 11.24it/s][A

 51%|#####1    | 122/239 [00:12<00:10, 11.26it/s][A

 52%|#####1    | 124/239 [00:12<00:11, 10.36it/s][A

 53%|#####2    | 126/239 [00:12<00:11,  9.85it/s][A

 54%|#####3    | 128/239 [00:12<00:11,  9.99it/s][A

 54%|#####4    | 130/239 [00:13<00:11,  9.49it/s][A

 55%|#####4    | 131/239 [00:13<00:11,  9.31it/s][A

 56%|#####5    | 133/239 [00:13<00:10,  9.78it/s][A

 56%|#####6    | 134/239 [00:13<00:10,  9.64it/s][A

 57%|#####6    | 136/239 [00:13<00:10, 10.25it/s][A

 58%|#####7    | 138/239 [00:13<00:09, 11.12it/s][A

 59%|#####8    | 140/239 [00:14<00:09, 10.97it/s][A

 59%|#####9    | 142/239 [00:14<00:08, 11.55it/s][A

 60%|######    | 144/239 [00:14<00:08, 11.64it/s][A

 61%|######1   | 146/239 [00:14<00:07, 12.15it/s][A

 62%|######1   | 148/239 [00:14<00:07, 11.89it/s][A

 63%|######2   | 150/239 [00:14<00:07, 12.04it/s][A

 64%|######3   | 152/239 [00:15<00:07, 12.37it/s][A

 64%|######4   | 154/239 [00:15<00:06, 12.21it/s][A

 65%|######5   | 156/239 [00:15<00:07, 11.66it/s][A

 66%|######6   | 158/239 [00:15<00:07, 11.42it/s][A

 67%|######6   | 160/239 [00:15<00:07, 11.18it/s][A

 68%|######7   | 162/239 [00:15<00:06, 11.47it/s][A

 69%|######8   | 164/239 [00:16<00:06, 11.78it/s][A

 69%|######9   | 166/239 [00:16<00:06, 12.07it/s][A

 70%|#######   | 168/239 [00:16<00:06, 11.66it/s][A

 71%|#######1  | 170/239 [00:16<00:06, 11.14it/s][A

 72%|#######1  | 172/239 [00:16<00:06, 11.08it/s][A

 73%|#######2  | 174/239 [00:16<00:05, 10.97it/s][A

 74%|#######3  | 176/239 [00:17<00:05, 11.42it/s][A

 74%|#######4  | 178/239 [00:17<00:05, 11.70it/s][A

 75%|#######5  | 180/239 [00:17<00:05, 11.67it/s][A

 76%|#######6  | 182/239 [00:17<00:05, 11.29it/s][A

 77%|#######6  | 184/239 [00:17<00:04, 11.38it/s][A

 78%|#######7  | 186/239 [00:18<00:04, 11.32it/s][A

 79%|#######8  | 188/239 [00:18<00:04, 11.05it/s][A

 79%|#######9  | 190/239 [00:18<00:04, 10.92it/s][A

 80%|########  | 192/239 [00:18<00:04, 10.93it/s][A

 81%|########1 | 194/239 [00:18<00:04, 10.97it/s][A

 82%|########2 | 196/239 [00:18<00:03, 11.14it/s][A

 83%|########2 | 198/239 [00:19<00:03, 10.82it/s][A

 84%|########3 | 200/239 [00:19<00:03, 10.95it/s][A

 85%|########4 | 202/239 [00:19<00:03, 11.08it/s][A

 85%|########5 | 204/239 [00:19<00:03, 11.19it/s][A

 86%|########6 | 206/239 [00:19<00:02, 11.34it/s][A

 87%|########7 | 208/239 [00:20<00:02, 11.30it/s][A

 88%|########7 | 210/239 [00:20<00:02, 10.99it/s][A

 89%|########8 | 212/239 [00:20<00:02, 11.16it/s][A

 90%|########9 | 214/239 [00:20<00:02, 11.20it/s][A

 90%|######### | 216/239 [00:20<00:01, 11.59it/s][A

 91%|#########1| 218/239 [00:20<00:01, 10.85it/s][A

 92%|#########2| 220/239 [00:21<00:01, 11.20it/s][A

 93%|#########2| 222/239 [00:21<00:01, 11.72it/s][A

 94%|#########3| 224/239 [00:21<00:01, 11.46it/s][A

 95%|#########4| 226/239 [00:21<00:01, 11.09it/s][A

 95%|#########5| 228/239 [00:21<00:00, 11.26it/s][A

 96%|#########6| 230/239 [00:21<00:00, 11.22it/s][A

 97%|#########7| 232/239 [00:22<00:00, 11.36it/s][A

 98%|#########7| 234/239 [00:22<00:00, 11.14it/s][A

 99%|#########8| 236/239 [00:22<00:00, 11.56it/s][A

100%|#########9| 238/239 [00:22<00:00, 11.07it/s][A
                                                  


                                                 
[A
 40%|####      | 800/2000 [29:52<38:30,  1.93s/it]

100%|##########| 239/239 [00:22<00:00, 11.07it/s][A

{'eval_loss': '3.549', 'eval_runtime': '22.89', 'eval_samples_per_second': '41.76', 'eval_steps_per_second': '10.44', 'epoch': '0.1367'}
                                                 [A

Writing model shards:   0%|          | 0/1 [00:00<?, ?it/s][A

Writing model shards: 100%|##########| 1/1 [00:00<00:00,  1.60it/s][A
Writing model shards: 100%|##########| 1/1 [00:00<00:00,  1.60it/s]

 40%|####      | 801/2000 [29:55<3:06:42,  9.34s/it]
 40%|####      | 802/2000 [29:57<2:20:32,  7.04s/it]
 40%|####      | 803/2000 [29:59<1:48:31,  5.44s/it]
 40%|####      | 804/2000 [30:00<1:25:57,  4.31s/it]
 40%|####      | 805/2000 [30:02<1:10:59,  3.56s/it]
 40%|####      | 806/2000 [30:04<1:00:42,  3.05s/it]
 40%|####      | 807/2000 [30:06<53:28,  2.69s/it]  
 40%|####      | 808/2000 [30:08<49:17,  2.48s/it]
 40%|####      | 809/2000 [30:10<44:34,  2.25s/it]
 40%|####      | 810/2000 [30:11<42:08,  2.13s/it]
 41%|####      | 811/2000 [30:13<39:37,  2.00s/it]
 41%|####      | 812/2000 [30:15<38:04,  1.92s/it]
 41%|####      | 813/2000 [30:17<36:49,  1.86s/it]
 41%|####      | 814/2000 [30:18<37:01,  1.87s/it]
 41%|####      | 815/2000 [30:20<36:44,  1.86s/it]
 41%|####      | 816/2000 [30:22<36:46,  1.86s/it]
 41%|####      | 817/2000 [30:24<37:06,  1.88s/it]
 41%|####      | 818/2000 [30:26<36:55,  1.87s/it]
 41%|####      | 819/2000 [30:28<36:40,  1.86s/it]
 41%|####1     | 820/2000 [30:30<36:30,  1.86s/it]
 41%|####1     | 821/2000 [30:31<36:21,  1.85s/it]
 41%|####1     | 822/2000 [30:33<36:20,  1.85s/it]
 41%|####1     | 823/2000 [30:35<36:14,  1.85s/it]
 41%|####1     | 824/2000 [30:37<36:04,  1.84s/it]
 41%|####1     | 825/2000 [30:39<36:02,  1.84s/it]
                                                  

 41%|####1     | 825/2000 [30:39<36:02,  1.84s/it]
 41%|####1     | 826/2000 [30:41<35:54,  1.83s/it]
 41%|####1     | 827/2000 [30:42<35:56,  1.84s/it]
 41%|####1     | 828/2000 [30:44<35:23,  1.81s/it]
 41%|####1     | 829/2000 [30:46<36:03,  1.85s/it]
 42%|####1     | 830/2000 [30:48<36:31,  1.87s/it]
 42%|####1     | 831/2000 [30:50<37:24,  1.92s/it]
 42%|####1     | 832/2000 [30:52<36:58,  1.90s/it]
 42%|####1     | 833/2000 [30:54<36:11,  1.86s/it]
 42%|####1     | 834/2000 [30:55<35:40,  1.84s/it]
 42%|####1     | 835/2000 [30:57<35:10,  1.81s/it]
 42%|####1     | 836/2000 [31:00<38:18,  1.97s/it]
 42%|####1     | 837/2000 [31:01<37:02,  1.91s/it]
 42%|####1     | 838/2000 [31:03<36:40,  1.89s/it]
 42%|####1     | 839/2000 [31:05<36:27,  1.88s/it]
 42%|####2     | 840/2000 [31:07<37:02,  1.92s/it]
 42%|####2     | 841/2000 [31:09<37:16,  1.93s/it]
 42%|####2     | 842/2000 [31:11<36:01,  1.87s/it]
 42%|####2     | 843/2000 [31:13<36:35,  1.90s/it]
 42%|####2     | 844/2000 [31:15<37:01,  1.92s/it]
 42%|####2     | 845/2000 [31:16<36:14,  1.88s/it]
 42%|####2     | 846/2000 [31:18<35:26,  1.84s/it]
 42%|####2     | 847/2000 [31:20<36:38,  1.91s/it]
 42%|####2     | 848/2000 [31:22<35:23,  1.84s/it]
 42%|####2     | 849/2000 [31:24<36:20,  1.89s/it]
 42%|####2     | 850/2000 [31:26<36:22,  1.90s/it]
                                                  

 42%|####2     | 850/2000 [31:26<36:22,  1.90s/it]
 43%|####2     | 851/2000 [31:28<39:17,  2.05s/it]
 43%|####2     | 852/2000 [31:30<36:45,  1.92s/it]
 43%|####2     | 853/2000 [31:32<36:26,  1.91s/it]
 43%|####2     | 854/2000 [31:34<35:57,  1.88s/it]
 43%|####2     | 855/2000 [31:35<35:36,  1.87s/it]
 43%|####2     | 856/2000 [31:37<35:18,  1.85s/it]
 43%|####2     | 857/2000 [31:39<35:40,  1.87s/it]
 43%|####2     | 858/2000 [31:41<36:10,  1.90s/it]
 43%|####2     | 859/2000 [31:43<35:30,  1.87s/it]
 43%|####3     | 860/2000 [31:45<35:47,  1.88s/it]
 43%|####3     | 861/2000 [31:47<35:13,  1.86s/it]
 43%|####3     | 862/2000 [31:48<34:49,  1.84s/it]
 43%|####3     | 863/2000 [31:50<34:33,  1.82s/it]
 43%|####3     | 864/2000 [31:52<35:24,  1.87s/it]
 43%|####3     | 865/2000 [31:54<35:05,  1.85s/it]
 43%|####3     | 866/2000 [31:56<35:55,  1.90s/it]
 43%|####3     | 867/2000 [31:58<35:37,  1.89s/it]
 43%|####3     | 868/2000 [32:00<35:34,  1.89s/it]
 43%|####3     | 869/2000 [32:02<34:37,  1.84s/it]
 44%|####3     | 870/2000 [32:03<35:14,  1.87s/it]
 44%|####3     | 871/2000 [32:05<36:00,  1.91s/it]
 44%|####3     | 872/2000 [32:07<35:49,  1.91s/it]
 44%|####3     | 873/2000 [32:09<35:20,  1.88s/it]
 44%|####3     | 874/2000 [32:11<35:15,  1.88s/it]
 44%|####3     | 875/2000 [32:13<34:49,  1.86s/it]
                                                  

 44%|####3     | 875/2000 [32:13<34:49,  1.86s/it]
 44%|####3     | 876/2000 [32:15<34:30,  1.84s/it]
 44%|####3     | 877/2000 [32:17<35:52,  1.92s/it]
 44%|####3     | 878/2000 [32:19<37:12,  1.99s/it]
 44%|####3     | 879/2000 [32:21<36:10,  1.94s/it]
 44%|####4     | 880/2000 [32:23<35:49,  1.92s/it]
 44%|####4     | 881/2000 [32:24<34:57,  1.87s/it]
 44%|####4     | 882/2000 [32:26<35:22,  1.90s/it]
 44%|####4     | 883/2000 [32:28<34:55,  1.88s/it]
 44%|####4     | 884/2000 [32:30<35:27,  1.91s/it]
 44%|####4     | 885/2000 [32:32<35:13,  1.90s/it]
 44%|####4     | 886/2000 [32:34<35:48,  1.93s/it]
 44%|####4     | 887/2000 [32:36<36:08,  1.95s/it]
 44%|####4     | 888/2000 [32:38<35:51,  1.93s/it]
 44%|####4     | 889/2000 [32:40<35:43,  1.93s/it]
 44%|####4     | 890/2000 [32:42<37:55,  2.05s/it]
 45%|####4     | 891/2000 [32:44<37:18,  2.02s/it]
 45%|####4     | 892/2000 [32:46<36:43,  1.99s/it]
 45%|####4     | 893/2000 [32:48<35:30,  1.92s/it]
 45%|####4     | 894/2000 [32:50<36:22,  1.97s/it]
 45%|####4     | 895/2000 [32:52<35:50,  1.95s/it]
 45%|####4     | 896/2000 [32:54<35:20,  1.92s/it]
 45%|####4     | 897/2000 [32:56<37:29,  2.04s/it]
 45%|####4     | 898/2000 [32:58<37:13,  2.03s/it]
 45%|####4     | 899/2000 [33:00<39:28,  2.15s/it]
 45%|####5     | 900/2000 [33:03<39:51,  2.17s/it]
                                                  

{'loss': '5.441', 'grad_norm': '1.385', 'learning_rate': '0.000273', 'epoch': '0.141'}
{'loss': '5.296', 'grad_norm': '1.693', 'learning_rate': '0.0002653', 'epoch': '0.1453'}
{'loss': '5.271', 'grad_norm': '1.671', 'learning_rate': '0.0002574', 'epoch': '0.1495'}
{'loss': '5.187', 'grad_norm': '1.521', 'learning_rate': '0.0002494', 'epoch': '0.1538'}
 45%|####5     | 900/2000 [33:03<39:51,  2.17s/it]

  0%|          | 0/239 [00:00<?, ?it/s][A

  1%|          | 2/239 [00:00<00:15, 15.16it/s][A

  2%|1         | 4/239 [00:00<00:27,  8.45it/s][A

  3%|2         | 6/239 [00:00<00:37,  6.21it/s][A

  3%|2         | 7/239 [00:01<00:36,  6.30it/s][A

  3%|3         | 8/239 [00:01<00:34,  6.60it/s][A

  4%|3         | 9/239 [00:01<00:33,  6.81it/s][A

  4%|4         | 10/239 [00:01<00:32,  7.00it/s][A

  5%|4         | 11/239 [00:01<00:31,  7.27it/s][A

  5%|5         | 12/239 [00:01<00:30,  7.47it/s][A

  5%|5         | 13/239 [00:01<00:29,  7.58it/s][A

  6%|6         | 15/239 [00:02<00:27,  8.05it/s][A

  7%|6         | 16/239 [00:02<00:29,  7.57it/s][A

  7%|7         | 17/239 [00:02<00:31,  7.09it/s][A

  8%|7         | 18/239 [00:02<00:31,  7.01it/s][A

  8%|7         | 19/239 [00:02<00:31,  7.05it/s][A

  8%|8         | 20/239 [00:02<00:31,  6.92it/s][A

  9%|8         | 21/239 [00:02<00:31,  6.83it/s][A

  9%|9         | 22/239 [00:03<00:31,  6.94it/s][A

 10%|9         | 23/239 [00:03<00:31,  6.95it/s][A

 10%|#         | 24/239 [00:03<00:29,  7.27it/s][A

 10%|#         | 25/239 [00:03<00:27,  7.76it/s][A

 11%|#1        | 27/239 [00:03<00:23,  8.96it/s][A

 12%|#2        | 29/239 [00:03<00:22,  9.52it/s][A

 13%|#2        | 31/239 [00:04<00:21,  9.85it/s][A

 14%|#3        | 33/239 [00:04<00:19, 10.64it/s][A

 15%|#4        | 35/239 [00:04<00:20,  9.74it/s][A

 15%|#5        | 36/239 [00:04<00:22,  9.19it/s][A

 16%|#5        | 38/239 [00:04<00:21,  9.20it/s][A

 16%|#6        | 39/239 [00:04<00:22,  9.05it/s][A

 17%|#6        | 40/239 [00:05<00:23,  8.52it/s][A

 17%|#7        | 41/239 [00:05<00:24,  8.15it/s][A

 18%|#7        | 42/239 [00:05<00:24,  8.06it/s][A

 18%|#7        | 43/239 [00:05<00:25,  7.82it/s][A

 18%|#8        | 44/239 [00:05<00:24,  8.05it/s][A

 19%|#8        | 45/239 [00:05<00:24,  7.77it/s][A

 19%|#9        | 46/239 [00:05<00:23,  8.12it/s][A

 20%|#9        | 47/239 [00:05<00:22,  8.42it/s][A

 20%|##        | 48/239 [00:06<00:21,  8.76it/s][A

 21%|##        | 49/239 [00:06<00:21,  8.74it/s][A

 21%|##        | 50/239 [00:06<00:22,  8.51it/s][A

 21%|##1       | 51/239 [00:06<00:21,  8.56it/s][A

 22%|##1       | 52/239 [00:06<00:21,  8.60it/s][A

 22%|##2       | 53/239 [00:06<00:21,  8.46it/s][A

 23%|##2       | 54/239 [00:06<00:22,  8.28it/s][A

 23%|##3       | 55/239 [00:06<00:22,  8.31it/s][A

 23%|##3       | 56/239 [00:06<00:23,  7.82it/s][A

 24%|##3       | 57/239 [00:07<00:22,  8.19it/s][A

 24%|##4       | 58/239 [00:07<00:21,  8.40it/s][A

 25%|##4       | 59/239 [00:07<00:21,  8.51it/s][A

 25%|##5       | 60/239 [00:07<00:20,  8.62it/s][A

 26%|##5       | 61/239 [00:07<00:21,  8.42it/s][A

 26%|##5       | 62/239 [00:07<00:21,  8.36it/s][A

 26%|##6       | 63/239 [00:07<00:22,  7.80it/s][A

 27%|##6       | 64/239 [00:07<00:22,  7.91it/s][A

 27%|##7       | 65/239 [00:08<00:21,  8.13it/s][A

 28%|##7       | 66/239 [00:08<00:21,  8.03it/s][A

 28%|##8       | 67/239 [00:08<00:20,  8.24it/s][A

 28%|##8       | 68/239 [00:08<00:21,  8.04it/s][A

 29%|##8       | 69/239 [00:08<00:21,  8.04it/s][A

 29%|##9       | 70/239 [00:08<00:21,  7.89it/s][A

 30%|##9       | 71/239 [00:08<00:21,  7.67it/s][A

 30%|###       | 72/239 [00:08<00:22,  7.47it/s][A

 31%|###       | 73/239 [00:09<00:22,  7.36it/s][A

 31%|###       | 74/239 [00:09<00:22,  7.31it/s][A

 31%|###1      | 75/239 [00:09<00:22,  7.44it/s][A

 32%|###1      | 76/239 [00:09<00:20,  7.85it/s][A

 32%|###2      | 77/239 [00:09<00:20,  7.84it/s][A

 33%|###2      | 78/239 [00:09<00:20,  7.89it/s][A

 33%|###3      | 79/239 [00:09<00:21,  7.62it/s][A

 33%|###3      | 80/239 [00:10<00:20,  7.88it/s][A

 34%|###3      | 81/239 [00:10<00:19,  7.99it/s][A

 34%|###4      | 82/239 [00:10<00:19,  8.25it/s][A

 35%|###4      | 83/239 [00:10<00:18,  8.43it/s][A

 35%|###5      | 84/239 [00:10<00:17,  8.65it/s][A

 36%|###5      | 86/239 [00:10<00:16,  9.11it/s][A

 36%|###6      | 87/239 [00:10<00:17,  8.85it/s][A

 37%|###6      | 88/239 [00:10<00:17,  8.64it/s][A

 37%|###7      | 89/239 [00:11<00:17,  8.34it/s][A

 38%|###7      | 90/239 [00:11<00:18,  8.23it/s][A

 38%|###8      | 91/239 [00:11<00:19,  7.74it/s][A

 38%|###8      | 92/239 [00:11<00:19,  7.58it/s][A

 39%|###8      | 93/239 [00:11<00:18,  7.86it/s][A

 39%|###9      | 94/239 [00:11<00:18,  7.94it/s][A

 40%|###9      | 95/239 [00:11<00:17,  8.09it/s][A

 40%|####      | 96/239 [00:11<00:17,  8.24it/s][A

 41%|####      | 97/239 [00:12<00:17,  8.23it/s][A

 41%|####1     | 98/239 [00:12<00:16,  8.58it/s][A

 41%|####1     | 99/239 [00:12<00:16,  8.57it/s][A

 42%|####1     | 100/239 [00:12<00:15,  8.81it/s][A

 43%|####2     | 102/239 [00:12<00:13,  9.94it/s][A

 43%|####3     | 103/239 [00:12<00:13,  9.92it/s][A

 44%|####3     | 105/239 [00:12<00:12, 10.76it/s][A

 45%|####4     | 107/239 [00:12<00:11, 11.24it/s][A

 46%|####5     | 109/239 [00:13<00:11, 10.84it/s][A

 46%|####6     | 111/239 [00:13<00:11, 11.02it/s][A

 47%|####7     | 113/239 [00:13<00:11, 11.45it/s][A

 48%|####8     | 115/239 [00:13<00:11, 11.05it/s][A

 49%|####8     | 117/239 [00:13<00:11, 10.77it/s][A

 50%|####9     | 119/239 [00:14<00:11, 10.27it/s][A

 51%|#####     | 121/239 [00:14<00:12,  9.72it/s][A

 51%|#####1    | 122/239 [00:14<00:12,  9.41it/s][A

 52%|#####1    | 124/239 [00:14<00:12,  9.39it/s][A

 52%|#####2    | 125/239 [00:14<00:12,  9.32it/s][A

 53%|#####2    | 126/239 [00:14<00:12,  9.41it/s][A

 54%|#####3    | 128/239 [00:15<00:11,  9.53it/s][A

 54%|#####3    | 129/239 [00:15<00:11,  9.32it/s][A

 55%|#####4    | 131/239 [00:15<00:11,  9.27it/s][A

 55%|#####5    | 132/239 [00:15<00:12,  8.88it/s][A

 56%|#####5    | 133/239 [00:15<00:12,  8.70it/s][A

 56%|#####6    | 135/239 [00:15<00:11,  9.07it/s][A

 57%|#####6    | 136/239 [00:16<00:11,  8.78it/s][A

 57%|#####7    | 137/239 [00:16<00:11,  8.89it/s][A

 58%|#####8    | 139/239 [00:16<00:10,  9.25it/s][A

 59%|#####8    | 140/239 [00:16<00:10,  9.41it/s][A

 59%|#####8    | 141/239 [00:16<00:10,  9.37it/s][A

 60%|#####9    | 143/239 [00:16<00:09, 10.06it/s][A

 61%|######    | 145/239 [00:16<00:08, 10.86it/s][A

 62%|######1   | 147/239 [00:17<00:08, 11.33it/s][A

 62%|######2   | 149/239 [00:17<00:08, 10.82it/s][A

 63%|######3   | 151/239 [00:17<00:07, 11.02it/s][A

 64%|######4   | 153/239 [00:17<00:08, 10.46it/s][A

 65%|######4   | 155/239 [00:17<00:08,  9.93it/s][A

 66%|######5   | 157/239 [00:18<00:08, 10.22it/s][A

 67%|######6   | 159/239 [00:18<00:08,  9.60it/s][A

 67%|######6   | 160/239 [00:18<00:08,  9.50it/s][A

 67%|######7   | 161/239 [00:18<00:08,  9.25it/s][A

 68%|######8   | 163/239 [00:18<00:07, 10.08it/s][A

 69%|######9   | 165/239 [00:18<00:07,  9.82it/s][A

 69%|######9   | 166/239 [00:19<00:07,  9.51it/s][A

 70%|######9   | 167/239 [00:19<00:07,  9.09it/s][A

 70%|#######   | 168/239 [00:19<00:08,  8.82it/s][A

 71%|#######   | 169/239 [00:19<00:08,  8.54it/s][A

 71%|#######1  | 170/239 [00:19<00:08,  8.10it/s][A

 72%|#######1  | 171/239 [00:19<00:08,  8.30it/s][A

 72%|#######1  | 172/239 [00:19<00:08,  8.15it/s][A

 72%|#######2  | 173/239 [00:19<00:07,  8.44it/s][A

 73%|#######2  | 174/239 [00:19<00:07,  8.43it/s][A

 73%|#######3  | 175/239 [00:20<00:07,  8.57it/s][A

 74%|#######3  | 176/239 [00:20<00:07,  8.83it/s][A

 74%|#######4  | 177/239 [00:20<00:07,  8.61it/s][A

 74%|#######4  | 178/239 [00:20<00:07,  8.50it/s][A

 75%|#######4  | 179/239 [00:20<00:07,  8.36it/s][A

 75%|#######5  | 180/239 [00:20<00:06,  8.63it/s][A

 76%|#######5  | 181/239 [00:20<00:06,  8.40it/s][A

 76%|#######6  | 182/239 [00:20<00:07,  8.09it/s][A

 77%|#######6  | 183/239 [00:21<00:07,  7.23it/s][A

 77%|#######6  | 184/239 [00:21<00:07,  7.27it/s][A

 77%|#######7  | 185/239 [00:21<00:07,  7.32it/s][A

 78%|#######7  | 186/239 [00:21<00:06,  7.58it/s][A

 78%|#######8  | 187/239 [00:21<00:06,  8.00it/s][A

 79%|#######8  | 188/239 [00:21<00:06,  8.28it/s][A

 79%|#######9  | 189/239 [00:21<00:05,  8.48it/s][A

 79%|#######9  | 190/239 [00:21<00:05,  8.64it/s][A

 80%|#######9  | 191/239 [00:22<00:05,  8.92it/s][A

 80%|########  | 192/239 [00:22<00:05,  9.19it/s][A

 81%|########  | 193/239 [00:22<00:05,  9.00it/s][A

 81%|########1 | 194/239 [00:22<00:05,  8.90it/s][A

 82%|########1 | 195/239 [00:22<00:05,  8.67it/s][A

 82%|########2 | 196/239 [00:22<00:05,  8.54it/s][A

 82%|########2 | 197/239 [00:22<00:05,  8.33it/s][A

 83%|########2 | 198/239 [00:22<00:04,  8.31it/s][A

 83%|########3 | 199/239 [00:23<00:05,  7.80it/s][A

 84%|########3 | 200/239 [00:23<00:04,  8.03it/s][A

 84%|########4 | 201/239 [00:23<00:04,  7.76it/s][A

 85%|########4 | 202/239 [00:23<00:04,  7.77it/s][A

 85%|########4 | 203/239 [00:23<00:04,  8.10it/s][A

 85%|########5 | 204/239 [00:23<00:04,  7.94it/s][A

 86%|########5 | 205/239 [00:23<00:04,  8.27it/s][A

 87%|########6 | 207/239 [00:23<00:03,  8.58it/s][A

 87%|########7 | 208/239 [00:24<00:03,  8.73it/s][A

 87%|########7 | 209/239 [00:24<00:03,  8.80it/s][A

 88%|########7 | 210/239 [00:24<00:03,  8.88it/s][A

 88%|########8 | 211/239 [00:24<00:03,  8.95it/s][A

 89%|########8 | 212/239 [00:24<00:03,  8.87it/s][A

 89%|########9 | 213/239 [00:24<00:02,  8.93it/s][A

 90%|########9 | 214/239 [00:24<00:02,  9.06it/s][A

 90%|########9 | 215/239 [00:24<00:02,  9.31it/s][A

 90%|######### | 216/239 [00:24<00:02,  9.48it/s][A

 91%|#########1| 218/239 [00:25<00:02,  9.80it/s][A

 92%|#########2| 220/239 [00:25<00:01,  9.96it/s][A

 92%|#########2| 221/239 [00:25<00:01,  9.87it/s][A

 93%|#########3| 223/239 [00:25<00:01, 10.17it/s][A

 94%|#########4| 225/239 [00:25<00:01,  9.63it/s][A

 95%|#########4| 227/239 [00:26<00:01, 10.04it/s][A

 96%|#########5| 229/239 [00:26<00:01,  9.90it/s][A

 96%|#########6| 230/239 [00:26<00:00,  9.63it/s][A

 97%|#########6| 231/239 [00:26<00:00,  9.57it/s][A

 97%|#########7| 232/239 [00:26<00:00,  9.19it/s][A

 97%|#########7| 233/239 [00:26<00:00,  9.06it/s][A

 98%|#########7| 234/239 [00:26<00:00,  8.76it/s][A

 98%|#########8| 235/239 [00:26<00:00,  8.54it/s][A

 99%|#########8| 236/239 [00:27<00:00,  8.55it/s][A

 99%|#########9| 237/239 [00:27<00:00,  7.93it/s][A

100%|#########9| 238/239 [00:27<00:00,  7.61it/s][A

100%|##########| 239/239 [00:27<00:00,  7.35it/s][A
                                                  


                                                 
[A
 45%|####5     | 900/2000 [33:30<39:51,  2.17s/it]

100%|##########| 239/239 [00:27<00:00,  7.35it/s][A

{'eval_loss': '3.427', 'eval_runtime': '27.67', 'eval_samples_per_second': '34.55', 'eval_steps_per_second': '8.638', 'epoch': '0.1538'}
                                                 [A

Writing model shards:   0%|          | 0/1 [00:00<?, ?it/s][A

Writing model shards: 100%|##########| 1/1 [00:00<00:00,  1.31it/s][A
Writing model shards: 100%|##########| 1/1 [00:00<00:00,  1.30it/s]

 45%|####5     | 901/2000 [33:35<3:23:22, 11.10s/it]
 45%|####5     | 902/2000 [33:36<2:31:48,  8.30s/it]
 45%|####5     | 903/2000 [33:38<1:55:50,  6.34s/it]
 45%|####5     | 904/2000 [33:40<1:31:06,  4.99s/it]
 45%|####5     | 905/2000 [33:42<1:14:45,  4.10s/it]
 45%|####5     | 906/2000 [33:44<1:03:16,  3.47s/it]
 45%|####5     | 907/2000 [33:46<55:52,  3.07s/it]  
 45%|####5     | 908/2000 [33:49<57:07,  3.14s/it]
 45%|####5     | 909/2000 [33:51<49:46,  2.74s/it]
 46%|####5     | 910/2000 [33:53<44:40,  2.46s/it]
 46%|####5     | 911/2000 [33:55<41:50,  2.31s/it]
 46%|####5     | 912/2000 [33:57<39:44,  2.19s/it]
 46%|####5     | 913/2000 [33:59<37:57,  2.10s/it]
 46%|####5     | 914/2000 [34:00<36:00,  1.99s/it]
 46%|####5     | 915/2000 [34:02<35:16,  1.95s/it]
 46%|####5     | 916/2000 [34:04<34:43,  1.92s/it]
 46%|####5     | 917/2000 [34:06<33:59,  1.88s/it]
 46%|####5     | 918/2000 [34:08<33:54,  1.88s/it]
 46%|####5     | 919/2000 [34:10<34:33,  1.92s/it]
 46%|####6     | 920/2000 [34:12<34:51,  1.94s/it]
 46%|####6     | 921/2000 [34:14<34:18,  1.91s/it]
 46%|####6     | 922/2000 [34:16<34:31,  1.92s/it]
 46%|####6     | 923/2000 [34:18<35:05,  1.96s/it]
 46%|####6     | 924/2000 [34:20<36:01,  2.01s/it]
 46%|####6     | 925/2000 [34:22<36:35,  2.04s/it]
                                                  

 46%|####6     | 925/2000 [34:22<36:35,  2.04s/it]
 46%|####6     | 926/2000 [34:24<36:22,  2.03s/it]
 46%|####6     | 927/2000 [34:26<36:25,  2.04s/it]
 46%|####6     | 928/2000 [34:28<36:26,  2.04s/it]
 46%|####6     | 929/2000 [34:30<38:43,  2.17s/it]
 46%|####6     | 930/2000 [34:32<37:50,  2.12s/it]
 47%|####6     | 931/2000 [34:35<37:23,  2.10s/it]
 47%|####6     | 932/2000 [34:36<36:31,  2.05s/it]
 47%|####6     | 933/2000 [34:38<36:13,  2.04s/it]
 47%|####6     | 934/2000 [34:41<36:10,  2.04s/it]
 47%|####6     | 935/2000 [34:43<35:52,  2.02s/it]
 47%|####6     | 936/2000 [34:45<36:59,  2.09s/it]
 47%|####6     | 937/2000 [34:47<36:30,  2.06s/it]
 47%|####6     | 938/2000 [34:49<36:07,  2.04s/it]
 47%|####6     | 939/2000 [34:51<37:00,  2.09s/it]
 47%|####6     | 940/2000 [34:53<37:47,  2.14s/it]
 47%|####7     | 941/2000 [34:55<37:25,  2.12s/it]
 47%|####7     | 942/2000 [34:58<38:13,  2.17s/it]
 47%|####7     | 943/2000 [35:00<39:07,  2.22s/it]
 47%|####7     | 944/2000 [35:02<39:55,  2.27s/it]
 47%|####7     | 945/2000 [35:04<39:20,  2.24s/it]
 47%|####7     | 946/2000 [35:07<38:20,  2.18s/it]
 47%|####7     | 947/2000 [35:09<37:24,  2.13s/it]
 47%|####7     | 948/2000 [35:10<35:31,  2.03s/it]
 47%|####7     | 949/2000 [35:12<34:14,  1.95s/it]
 48%|####7     | 950/2000 [35:14<34:24,  1.97s/it]
                                                  

 48%|####7     | 950/2000 [35:14<34:24,  1.97s/it]
 48%|####7     | 951/2000 [35:16<33:36,  1.92s/it]
 48%|####7     | 952/2000 [35:18<33:22,  1.91s/it]
 48%|####7     | 953/2000 [35:20<34:16,  1.96s/it]
 48%|####7     | 954/2000 [35:22<34:18,  1.97s/it]
 48%|####7     | 955/2000 [35:24<35:41,  2.05s/it]
 48%|####7     | 956/2000 [35:26<35:46,  2.06s/it]
 48%|####7     | 957/2000 [35:28<35:49,  2.06s/it]
 48%|####7     | 958/2000 [35:30<36:18,  2.09s/it]
 48%|####7     | 959/2000 [35:33<36:34,  2.11s/it]
 48%|####8     | 960/2000 [35:34<35:19,  2.04s/it]
 48%|####8     | 961/2000 [35:36<33:47,  1.95s/it]
 48%|####8     | 962/2000 [35:38<33:00,  1.91s/it]
 48%|####8     | 963/2000 [35:40<31:48,  1.84s/it]
 48%|####8     | 964/2000 [35:41<31:12,  1.81s/it]
 48%|####8     | 965/2000 [35:43<30:31,  1.77s/it]
 48%|####8     | 966/2000 [35:45<30:33,  1.77s/it]
 48%|####8     | 967/2000 [35:47<31:18,  1.82s/it]
 48%|####8     | 968/2000 [35:48<30:43,  1.79s/it]
 48%|####8     | 969/2000 [35:50<30:39,  1.78s/it]
 48%|####8     | 970/2000 [35:52<31:13,  1.82s/it]
 49%|####8     | 971/2000 [35:54<31:53,  1.86s/it]
 49%|####8     | 972/2000 [35:56<32:50,  1.92s/it]
 49%|####8     | 973/2000 [35:58<33:33,  1.96s/it]
 49%|####8     | 974/2000 [36:00<34:17,  2.01s/it]
 49%|####8     | 975/2000 [36:03<36:15,  2.12s/it]
                                                  

 49%|####8     | 975/2000 [36:03<36:15,  2.12s/it]
 49%|####8     | 976/2000 [36:05<37:36,  2.20s/it]
 49%|####8     | 977/2000 [36:07<36:46,  2.16s/it]
 49%|####8     | 978/2000 [36:09<36:18,  2.13s/it]
 49%|####8     | 979/2000 [36:11<36:13,  2.13s/it]
 49%|####9     | 980/2000 [36:14<36:28,  2.15s/it]
 49%|####9     | 981/2000 [36:16<36:50,  2.17s/it]
 49%|####9     | 982/2000 [36:18<37:30,  2.21s/it]
 49%|####9     | 983/2000 [36:20<36:23,  2.15s/it]
 49%|####9     | 984/2000 [36:22<35:51,  2.12s/it]
 49%|####9     | 985/2000 [36:24<35:49,  2.12s/it]
 49%|####9     | 986/2000 [36:26<35:37,  2.11s/it]
 49%|####9     | 987/2000 [36:28<34:19,  2.03s/it]
 49%|####9     | 988/2000 [36:30<33:53,  2.01s/it]
 49%|####9     | 989/2000 [36:32<34:00,  2.02s/it]
 50%|####9     | 990/2000 [36:34<33:14,  1.97s/it]
 50%|####9     | 991/2000 [36:36<34:05,  2.03s/it]
 50%|####9     | 992/2000 [36:38<34:23,  2.05s/it]
 50%|####9     | 993/2000 [36:40<34:31,  2.06s/it]
 50%|####9     | 994/2000 [36:42<34:02,  2.03s/it]
 50%|####9     | 995/2000 [36:44<32:31,  1.94s/it]
 50%|####9     | 996/2000 [36:46<31:45,  1.90s/it]
 50%|####9     | 997/2000 [36:48<32:28,  1.94s/it]
 50%|####9     | 998/2000 [36:50<31:43,  1.90s/it]
 50%|####9     | 999/2000 [36:52<31:58,  1.92s/it]
 50%|#####     | 1000/2000 [36:54<32:05,  1.93s/it]
                                                   

{'loss': '5.012', 'grad_norm': '1.478', 'learning_rate': '0.0002414', 'epoch': '0.1581'}
{'loss': '5.059', 'grad_norm': '1.439', 'learning_rate': '0.0002332', 'epoch': '0.1624'}
{'loss': '4.944', 'grad_norm': '1.561', 'learning_rate': '0.0002251', 'epoch': '0.1666'}
{'loss': '4.951', 'grad_norm': '1.473', 'learning_rate': '0.0002168', 'epoch': '0.1709'}
 50%|#####     | 1000/2000 [36:54<32:05,  1.93s/it]

  0%|          | 0/239 [00:00<?, ?it/s][A

  1%|          | 2/239 [00:00<00:13, 18.12it/s][A

  2%|1         | 4/239 [00:00<00:20, 11.41it/s][A

  3%|2         | 6/239 [00:00<00:23, 10.08it/s][A

  3%|3         | 8/239 [00:00<00:25,  9.20it/s][A

  4%|3         | 9/239 [00:00<00:26,  8.74it/s][A

  4%|4         | 10/239 [00:01<00:27,  8.31it/s][A

  5%|4         | 11/239 [00:01<00:28,  8.06it/s][A

  5%|5         | 12/239 [00:01<00:29,  7.80it/s][A

  5%|5         | 13/239 [00:01<00:30,  7.52it/s][A

  6%|5         | 14/239 [00:01<00:30,  7.29it/s][A

  6%|6         | 15/239 [00:01<00:30,  7.32it/s][A

  7%|6         | 16/239 [00:01<00:30,  7.33it/s][A

  7%|7         | 17/239 [00:02<00:29,  7.55it/s][A

  8%|7         | 18/239 [00:02<00:28,  7.86it/s][A

  8%|7         | 19/239 [00:02<00:27,  8.13it/s][A

  8%|8         | 20/239 [00:02<00:27,  7.97it/s][A

  9%|8         | 21/239 [00:02<00:26,  8.38it/s][A

  9%|9         | 22/239 [00:02<00:26,  8.23it/s][A

 10%|9         | 23/239 [00:02<00:25,  8.44it/s][A

 10%|#         | 25/239 [00:02<00:24,  8.66it/s][A

 11%|#         | 26/239 [00:03<00:24,  8.78it/s][A

 12%|#1        | 28/239 [00:03<00:23,  9.13it/s][A

 12%|#2        | 29/239 [00:03<00:23,  8.80it/s][A

 13%|#2        | 30/239 [00:03<00:23,  8.78it/s][A

 13%|#2        | 31/239 [00:03<00:23,  8.85it/s][A

 13%|#3        | 32/239 [00:03<00:23,  8.68it/s][A

 14%|#3        | 33/239 [00:03<00:24,  8.26it/s][A

 14%|#4        | 34/239 [00:04<00:24,  8.30it/s][A

 15%|#4        | 35/239 [00:04<00:25,  8.10it/s][A

 15%|#5        | 36/239 [00:04<00:24,  8.31it/s][A

 16%|#5        | 38/239 [00:04<00:23,  8.63it/s][A

 16%|#6        | 39/239 [00:04<00:23,  8.68it/s][A

 17%|#6        | 40/239 [00:04<00:22,  8.79it/s][A

 18%|#7        | 42/239 [00:04<00:21,  9.16it/s][A

 18%|#7        | 43/239 [00:05<00:21,  8.99it/s][A

 18%|#8        | 44/239 [00:05<00:21,  9.03it/s][A

 19%|#8        | 45/239 [00:05<00:21,  9.14it/s][A

 20%|#9        | 47/239 [00:05<00:19,  9.75it/s][A

 21%|##        | 49/239 [00:05<00:19,  9.65it/s][A

 21%|##        | 50/239 [00:05<00:19,  9.54it/s][A

 21%|##1       | 51/239 [00:05<00:20,  9.37it/s][A

 22%|##1       | 52/239 [00:05<00:21,  8.87it/s][A

 22%|##2       | 53/239 [00:06<00:20,  8.99it/s][A

 23%|##2       | 54/239 [00:06<00:20,  8.99it/s][A

 23%|##3       | 55/239 [00:06<00:21,  8.70it/s][A

 23%|##3       | 56/239 [00:06<00:24,  7.44it/s][A

 24%|##3       | 57/239 [00:06<00:23,  7.75it/s][A

 24%|##4       | 58/239 [00:06<00:22,  8.05it/s][A

 25%|##4       | 59/239 [00:06<00:22,  7.98it/s][A

 25%|##5       | 60/239 [00:06<00:22,  8.04it/s][A

 26%|##5       | 61/239 [00:07<00:21,  8.47it/s][A

 26%|##5       | 62/239 [00:07<00:19,  8.86it/s][A

 26%|##6       | 63/239 [00:07<00:19,  9.11it/s][A

 27%|##6       | 64/239 [00:07<00:19,  9.20it/s][A

 28%|##7       | 66/239 [00:07<00:16, 10.32it/s][A

 28%|##8       | 68/239 [00:07<00:16, 10.14it/s][A

 29%|##9       | 70/239 [00:07<00:16, 10.27it/s][A

 30%|###       | 72/239 [00:08<00:16, 10.06it/s][A

 31%|###       | 74/239 [00:08<00:16, 10.13it/s][A

 32%|###1      | 76/239 [00:08<00:16, 10.05it/s][A

 33%|###2      | 78/239 [00:08<00:16,  9.71it/s][A

 33%|###3      | 80/239 [00:08<00:16,  9.71it/s][A

 34%|###3      | 81/239 [00:09<00:16,  9.55it/s][A

 34%|###4      | 82/239 [00:09<00:17,  9.15it/s][A

 35%|###4      | 83/239 [00:09<00:17,  8.91it/s][A

 35%|###5      | 84/239 [00:09<00:18,  8.57it/s][A

 36%|###5      | 85/239 [00:09<00:18,  8.39it/s][A

 36%|###5      | 86/239 [00:09<00:17,  8.75it/s][A

 36%|###6      | 87/239 [00:09<00:17,  8.66it/s][A

 37%|###6      | 88/239 [00:09<00:18,  8.11it/s][A

 37%|###7      | 89/239 [00:10<00:19,  7.76it/s][A

 38%|###7      | 90/239 [00:10<00:18,  8.09it/s][A

 38%|###8      | 91/239 [00:10<00:18,  7.97it/s][A

 38%|###8      | 92/239 [00:10<00:19,  7.69it/s][A

 39%|###8      | 93/239 [00:10<00:19,  7.37it/s][A

 39%|###9      | 94/239 [00:10<00:19,  7.35it/s][A

 40%|###9      | 95/239 [00:10<00:18,  7.72it/s][A

 40%|####      | 96/239 [00:11<00:18,  7.80it/s][A

 41%|####      | 97/239 [00:11<00:18,  7.82it/s][A

 41%|####1     | 98/239 [00:11<00:17,  7.97it/s][A

 41%|####1     | 99/239 [00:11<00:17,  7.90it/s][A

 42%|####1     | 100/239 [00:11<00:18,  7.58it/s][A

 42%|####2     | 101/239 [00:11<00:17,  7.84it/s][A

 43%|####2     | 102/239 [00:11<00:17,  7.81it/s][A

 43%|####3     | 103/239 [00:11<00:17,  7.65it/s][A

 44%|####3     | 104/239 [00:12<00:17,  7.50it/s][A

 44%|####3     | 105/239 [00:12<00:17,  7.60it/s][A

 44%|####4     | 106/239 [00:12<00:17,  7.81it/s][A

 45%|####4     | 107/239 [00:12<00:16,  8.06it/s][A

 45%|####5     | 108/239 [00:12<00:15,  8.40it/s][A

 46%|####5     | 109/239 [00:12<00:14,  8.76it/s][A

 46%|####6     | 110/239 [00:12<00:14,  8.96it/s][A

 46%|####6     | 111/239 [00:12<00:14,  8.67it/s][A

 47%|####6     | 112/239 [00:12<00:14,  8.78it/s][A

 47%|####7     | 113/239 [00:13<00:13,  9.10it/s][A

 48%|####7     | 114/239 [00:13<00:13,  9.22it/s][A

 48%|####8     | 115/239 [00:13<00:13,  9.29it/s][A

 49%|####8     | 117/239 [00:13<00:12, 10.04it/s][A

 50%|####9     | 119/239 [00:13<00:10, 11.31it/s][A

 51%|#####     | 121/239 [00:13<00:10, 11.75it/s][A

 51%|#####1    | 123/239 [00:13<00:09, 12.04it/s][A

 52%|#####2    | 125/239 [00:14<00:09, 12.14it/s][A

 53%|#####3    | 127/239 [00:14<00:09, 11.28it/s][A

 54%|#####3    | 129/239 [00:14<00:10, 10.60it/s][A

 55%|#####4    | 131/239 [00:14<00:09, 11.01it/s][A

 56%|#####5    | 133/239 [00:14<00:09, 10.90it/s][A

 56%|#####6    | 135/239 [00:15<00:09, 11.29it/s][A

 57%|#####7    | 137/239 [00:15<00:09, 11.27it/s][A

 58%|#####8    | 139/239 [00:15<00:08, 11.32it/s][A

 59%|#####8    | 141/239 [00:15<00:08, 11.37it/s][A

 60%|#####9    | 143/239 [00:15<00:08, 11.39it/s][A

 61%|######    | 145/239 [00:15<00:08, 11.17it/s][A

 62%|######1   | 147/239 [00:16<00:08, 10.73it/s][A

 62%|######2   | 149/239 [00:16<00:08, 10.28it/s][A

 63%|######3   | 151/239 [00:16<00:08, 10.33it/s][A

 64%|######4   | 153/239 [00:16<00:08, 10.72it/s][A

 65%|######4   | 155/239 [00:16<00:07, 10.56it/s][A

 66%|######5   | 157/239 [00:17<00:07, 10.65it/s][A

 67%|######6   | 159/239 [00:17<00:07, 11.18it/s][A

 67%|######7   | 161/239 [00:17<00:06, 11.24it/s][A

 68%|######8   | 163/239 [00:17<00:06, 11.46it/s][A

 69%|######9   | 165/239 [00:17<00:06, 11.69it/s][A

 70%|######9   | 167/239 [00:17<00:05, 12.22it/s][A

 71%|#######   | 169/239 [00:18<00:05, 12.33it/s][A

 72%|#######1  | 171/239 [00:18<00:05, 12.80it/s][A

 72%|#######2  | 173/239 [00:18<00:05, 12.69it/s][A

 73%|#######3  | 175/239 [00:18<00:05, 12.34it/s][A

 74%|#######4  | 177/239 [00:18<00:04, 12.52it/s][A

 75%|#######4  | 179/239 [00:18<00:04, 12.85it/s][A

 76%|#######5  | 181/239 [00:18<00:04, 12.77it/s][A

 77%|#######6  | 183/239 [00:19<00:04, 12.71it/s][A

 77%|#######7  | 185/239 [00:19<00:04, 11.93it/s][A

 78%|#######8  | 187/239 [00:19<00:04, 11.50it/s][A

 79%|#######9  | 189/239 [00:19<00:04, 12.15it/s][A

 80%|#######9  | 191/239 [00:19<00:03, 12.27it/s][A

 81%|########  | 193/239 [00:20<00:03, 11.83it/s][A

 82%|########1 | 195/239 [00:20<00:03, 12.23it/s][A

 82%|########2 | 197/239 [00:20<00:03, 11.99it/s][A

 83%|########3 | 199/239 [00:20<00:03, 11.83it/s][A

 84%|########4 | 201/239 [00:20<00:03, 12.05it/s][A

 85%|########4 | 203/239 [00:20<00:03, 11.62it/s][A

 86%|########5 | 205/239 [00:21<00:02, 11.81it/s][A

 87%|########6 | 207/239 [00:21<00:02, 11.71it/s][A

 87%|########7 | 209/239 [00:21<00:02, 12.30it/s][A

 88%|########8 | 211/239 [00:21<00:02, 12.04it/s][A

 89%|########9 | 213/239 [00:21<00:02, 12.21it/s][A

 90%|########9 | 215/239 [00:21<00:02, 11.99it/s][A

 91%|######### | 217/239 [00:22<00:01, 11.46it/s][A

 92%|#########1| 219/239 [00:22<00:01, 11.46it/s][A

 92%|#########2| 221/239 [00:22<00:01, 11.17it/s][A

 93%|#########3| 223/239 [00:22<00:01, 10.97it/s][A

 94%|#########4| 225/239 [00:22<00:01, 10.83it/s][A

 95%|#########4| 227/239 [00:22<00:01, 11.01it/s][A

 96%|#########5| 229/239 [00:23<00:00, 11.13it/s][A

 97%|#########6| 231/239 [00:23<00:00, 11.52it/s][A

 97%|#########7| 233/239 [00:23<00:00, 11.19it/s][A

 98%|#########8| 235/239 [00:23<00:00, 10.76it/s][A

 99%|#########9| 237/239 [00:23<00:00, 11.18it/s][A

100%|##########| 239/239 [00:23<00:00, 11.56it/s][A
                                                   


                                                 
[A
 50%|#####     | 1000/2000 [37:18<32:05,  1.93s/it]

100%|##########| 239/239 [00:24<00:00, 11.56it/s][A

{'eval_loss': '3.281', 'eval_runtime': '24.12', 'eval_samples_per_second': '39.63', 'eval_steps_per_second': '9.909', 'epoch': '0.1709'}
                                                 [A

Writing model shards:   0%|          | 0/1 [00:00<?, ?it/s][A

Writing model shards: 100%|##########| 1/1 [00:00<00:00,  1.70it/s][A
Writing model shards: 100%|##########| 1/1 [00:00<00:00,  1.70it/s]

 50%|#####     | 1001/2000 [37:21<2:40:29,  9.64s/it]
 50%|#####     | 1002/2000 [37:23<2:00:37,  7.25s/it]
 50%|#####     | 1003/2000 [37:25<1:33:25,  5.62s/it]
 50%|#####     | 1004/2000 [37:26<1:13:40,  4.44s/it]
 50%|#####     | 1005/2000 [37:28<59:57,  3.62s/it]  
 50%|#####     | 1006/2000 [37:30<50:20,  3.04s/it]
 50%|#####     | 1007/2000 [37:32<43:28,  2.63s/it]
 50%|#####     | 1008/2000 [37:33<38:44,  2.34s/it]
 50%|#####     | 1009/2000 [37:35<36:22,  2.20s/it]
 50%|#####     | 1010/2000 [37:37<34:46,  2.11s/it]
 51%|#####     | 1011/2000 [37:39<34:05,  2.07s/it]
 51%|#####     | 1012/2000 [37:41<34:27,  2.09s/it]
 51%|#####     | 1013/2000 [37:43<34:33,  2.10s/it]
 51%|#####     | 1014/2000 [37:45<33:28,  2.04s/it]
 51%|#####     | 1015/2000 [37:47<33:32,  2.04s/it]
 51%|#####     | 1016/2000 [37:49<33:57,  2.07s/it]
 51%|#####     | 1017/2000 [37:51<33:46,  2.06s/it]
 51%|#####     | 1018/2000 [37:53<33:34,  2.05s/it]
 51%|#####     | 1019/2000 [37:55<33:33,  2.05s/it]
 51%|#####1    | 1020/2000 [37:57<32:26,  1.99s/it]
 51%|#####1    | 1021/2000 [37:59<33:01,  2.02s/it]
 51%|#####1    | 1022/2000 [38:02<33:41,  2.07s/it]
 51%|#####1    | 1023/2000 [38:03<32:36,  2.00s/it]
 51%|#####1    | 1024/2000 [38:05<32:21,  1.99s/it]
 51%|#####1    | 1025/2000 [38:07<31:55,  1.96s/it]
                                                   

 51%|#####1    | 1025/2000 [38:07<31:55,  1.96s/it]
 51%|#####1    | 1026/2000 [38:09<31:28,  1.94s/it]
 51%|#####1    | 1027/2000 [38:11<31:47,  1.96s/it]
 51%|#####1    | 1028/2000 [38:13<31:23,  1.94s/it]
 51%|#####1    | 1029/2000 [38:15<32:28,  2.01s/it]
 52%|#####1    | 1030/2000 [38:17<32:57,  2.04s/it]
 52%|#####1    | 1031/2000 [38:19<33:24,  2.07s/it]
 52%|#####1    | 1032/2000 [38:22<33:46,  2.09s/it]
 52%|#####1    | 1033/2000 [38:24<33:47,  2.10s/it]
 52%|#####1    | 1034/2000 [38:26<33:04,  2.05s/it]
 52%|#####1    | 1035/2000 [38:27<32:04,  1.99s/it]
 52%|#####1    | 1036/2000 [38:29<31:55,  1.99s/it]
 52%|#####1    | 1037/2000 [38:31<32:04,  2.00s/it]
 52%|#####1    | 1038/2000 [38:33<32:00,  2.00s/it]
 52%|#####1    | 1039/2000 [38:36<32:22,  2.02s/it]
 52%|#####2    | 1040/2000 [38:38<32:46,  2.05s/it]
 52%|#####2    | 1041/2000 [38:40<33:05,  2.07s/it]
 52%|#####2    | 1042/2000 [38:42<34:28,  2.16s/it]
 52%|#####2    | 1043/2000 [38:44<34:12,  2.15s/it]
 52%|#####2    | 1044/2000 [38:46<33:40,  2.11s/it]
 52%|#####2    | 1045/2000 [38:48<33:33,  2.11s/it]
 52%|#####2    | 1046/2000 [38:50<33:15,  2.09s/it]
 52%|#####2    | 1047/2000 [38:52<32:56,  2.07s/it]
 52%|#####2    | 1048/2000 [38:54<32:01,  2.02s/it]
 52%|#####2    | 1049/2000 [38:56<31:37,  2.00s/it]
 52%|#####2    | 1050/2000 [38:58<31:17,  1.98s/it]
                                                   

 52%|#####2    | 1050/2000 [38:58<31:17,  1.98s/it]
 53%|#####2    | 1051/2000 [39:00<31:16,  1.98s/it]
 53%|#####2    | 1052/2000 [39:02<30:59,  1.96s/it]
 53%|#####2    | 1053/2000 [39:04<30:48,  1.95s/it]
 53%|#####2    | 1054/2000 [39:06<30:36,  1.94s/it]
 53%|#####2    | 1055/2000 [39:08<30:36,  1.94s/it]
 53%|#####2    | 1056/2000 [39:10<29:51,  1.90s/it]
 53%|#####2    | 1057/2000 [39:12<30:18,  1.93s/it]
 53%|#####2    | 1058/2000 [39:14<30:35,  1.95s/it]
 53%|#####2    | 1059/2000 [39:16<30:55,  1.97s/it]
 53%|#####3    | 1060/2000 [39:18<30:30,  1.95s/it]
 53%|#####3    | 1061/2000 [39:19<29:49,  1.91s/it]
 53%|#####3    | 1062/2000 [39:21<30:03,  1.92s/it]
 53%|#####3    | 1063/2000 [39:24<30:52,  1.98s/it]
 53%|#####3    | 1064/2000 [39:26<31:13,  2.00s/it]
 53%|#####3    | 1065/2000 [39:28<33:14,  2.13s/it]
 53%|#####3    | 1066/2000 [39:30<33:23,  2.15s/it]
 53%|#####3    | 1067/2000 [39:32<34:00,  2.19s/it]
 53%|#####3    | 1068/2000 [39:35<33:16,  2.14s/it]
 53%|#####3    | 1069/2000 [39:37<32:55,  2.12s/it]
 54%|#####3    | 1070/2000 [39:39<32:16,  2.08s/it]
 54%|#####3    | 1071/2000 [39:41<31:43,  2.05s/it]
 54%|#####3    | 1072/2000 [39:43<31:48,  2.06s/it]
 54%|#####3    | 1073/2000 [39:45<31:18,  2.03s/it]
 54%|#####3    | 1074/2000 [39:47<30:55,  2.00s/it]
 54%|#####3    | 1075/2000 [39:48<30:24,  1.97s/it]
                                                   

 54%|#####3    | 1075/2000 [39:48<30:24,  1.97s/it]
 54%|#####3    | 1076/2000 [39:50<29:53,  1.94s/it]
 54%|#####3    | 1077/2000 [39:52<29:34,  1.92s/it]
 54%|#####3    | 1078/2000 [39:54<29:25,  1.92s/it]
 54%|#####3    | 1079/2000 [39:56<29:19,  1.91s/it]
 54%|#####4    | 1080/2000 [39:58<29:11,  1.90s/it]
 54%|#####4    | 1081/2000 [40:00<29:24,  1.92s/it]
 54%|#####4    | 1082/2000 [40:02<28:57,  1.89s/it]
 54%|#####4    | 1083/2000 [40:04<29:02,  1.90s/it]
 54%|#####4    | 1084/2000 [40:06<29:49,  1.95s/it]
 54%|#####4    | 1085/2000 [40:08<30:03,  1.97s/it]
 54%|#####4    | 1086/2000 [40:10<30:08,  1.98s/it]
 54%|#####4    | 1087/2000 [40:11<29:06,  1.91s/it]
 54%|#####4    | 1088/2000 [40:13<28:40,  1.89s/it]
 54%|#####4    | 1089/2000 [40:15<28:47,  1.90s/it]
 55%|#####4    | 1090/2000 [40:17<28:29,  1.88s/it]
 55%|#####4    | 1091/2000 [40:19<28:29,  1.88s/it]
 55%|#####4    | 1092/2000 [40:21<27:56,  1.85s/it]
 55%|#####4    | 1093/2000 [40:23<28:04,  1.86s/it]
 55%|#####4    | 1094/2000 [40:24<28:22,  1.88s/it]
 55%|#####4    | 1095/2000 [40:26<27:59,  1.86s/it]
 55%|#####4    | 1096/2000 [40:28<27:52,  1.85s/it]
 55%|#####4    | 1097/2000 [40:30<29:14,  1.94s/it]
 55%|#####4    | 1098/2000 [40:32<29:06,  1.94s/it]
 55%|#####4    | 1099/2000 [40:34<29:49,  1.99s/it]
 55%|#####5    | 1100/2000 [40:36<28:52,  1.92s/it]
                                                   

{'loss': '4.791', 'grad_norm': '1.682', 'learning_rate': '0.0002086', 'epoch': '0.1752'}
{'loss': '4.765', 'grad_norm': '1.755', 'learning_rate': '0.0002003', 'epoch': '0.1794'}
{'loss': '4.746', 'grad_norm': '1.721', 'learning_rate': '0.0001921', 'epoch': '0.1837'}
{'loss': '4.542', 'grad_norm': '1.571', 'learning_rate': '0.0001838', 'epoch': '0.188'}
 55%|#####5    | 1100/2000 [40:36<28:52,  1.92s/it]

  0%|          | 0/239 [00:00<?, ?it/s][A

  1%|1         | 3/239 [00:00<00:12, 18.90it/s][A

  2%|2         | 5/239 [00:00<00:18, 12.93it/s][A

  3%|2         | 7/239 [00:00<00:20, 11.30it/s][A

  4%|3         | 9/239 [00:00<00:20, 11.06it/s][A

  5%|4         | 11/239 [00:00<00:20, 11.11it/s][A

  5%|5         | 13/239 [00:01<00:20, 11.23it/s][A

  6%|6         | 15/239 [00:01<00:20, 11.07it/s][A

  7%|7         | 17/239 [00:01<00:20, 10.99it/s][A

  8%|7         | 19/239 [00:01<00:20, 10.68it/s][A

  9%|8         | 21/239 [00:01<00:20, 10.45it/s][A

 10%|9         | 23/239 [00:02<00:21, 10.06it/s][A

 10%|#         | 25/239 [00:02<00:20, 10.36it/s][A

 11%|#1        | 27/239 [00:02<00:21,  9.92it/s][A

 12%|#2        | 29/239 [00:02<00:21,  9.64it/s][A

 13%|#2        | 30/239 [00:02<00:21,  9.53it/s][A

 13%|#2        | 31/239 [00:02<00:22,  9.42it/s][A

 13%|#3        | 32/239 [00:03<00:23,  8.73it/s][A

 14%|#3        | 33/239 [00:03<00:23,  8.81it/s][A

 14%|#4        | 34/239 [00:03<00:23,  8.73it/s][A

 15%|#4        | 35/239 [00:03<00:24,  8.48it/s][A

 15%|#5        | 36/239 [00:03<00:23,  8.48it/s][A

 15%|#5        | 37/239 [00:03<00:24,  8.31it/s][A

 16%|#5        | 38/239 [00:03<00:25,  7.83it/s][A

 16%|#6        | 39/239 [00:03<00:25,  7.76it/s][A

 17%|#6        | 40/239 [00:04<00:25,  7.69it/s][A

 17%|#7        | 41/239 [00:04<00:26,  7.54it/s][A

 18%|#7        | 42/239 [00:04<00:28,  6.96it/s][A

 18%|#7        | 43/239 [00:04<00:27,  7.11it/s][A

 18%|#8        | 44/239 [00:04<00:27,  7.07it/s][A

 19%|#8        | 45/239 [00:04<00:27,  7.14it/s][A

 19%|#9        | 46/239 [00:04<00:27,  6.94it/s][A

 20%|#9        | 47/239 [00:05<00:27,  7.06it/s][A

 20%|##        | 48/239 [00:05<00:27,  7.03it/s][A

 21%|##        | 49/239 [00:05<00:28,  6.67it/s][A

 21%|##        | 50/239 [00:05<00:27,  6.86it/s][A

 21%|##1       | 51/239 [00:05<00:27,  6.90it/s][A

 22%|##1       | 52/239 [00:05<00:26,  7.17it/s][A

 22%|##2       | 53/239 [00:05<00:25,  7.41it/s][A

 23%|##2       | 54/239 [00:06<00:24,  7.45it/s][A

 23%|##3       | 55/239 [00:06<00:24,  7.52it/s][A

 23%|##3       | 56/239 [00:06<00:24,  7.44it/s][A

 24%|##3       | 57/239 [00:06<00:25,  7.21it/s][A

 24%|##4       | 58/239 [00:06<00:25,  7.10it/s][A

 25%|##4       | 59/239 [00:06<00:24,  7.39it/s][A

 25%|##5       | 60/239 [00:06<00:23,  7.63it/s][A

 26%|##5       | 61/239 [00:06<00:22,  8.06it/s][A

 26%|##5       | 62/239 [00:07<00:21,  8.26it/s][A

 26%|##6       | 63/239 [00:07<00:20,  8.49it/s][A

 27%|##7       | 65/239 [00:07<00:18,  9.41it/s][A

 28%|##8       | 67/239 [00:07<00:17,  9.76it/s][A

 29%|##8       | 69/239 [00:07<00:16, 10.57it/s][A

 30%|##9       | 71/239 [00:07<00:16, 10.03it/s][A

 31%|###       | 73/239 [00:08<00:17,  9.23it/s][A

 31%|###       | 74/239 [00:08<00:17,  9.19it/s][A

 31%|###1      | 75/239 [00:08<00:18,  8.89it/s][A

 32%|###1      | 76/239 [00:08<00:18,  8.64it/s][A

 33%|###2      | 78/239 [00:08<00:17,  9.04it/s][A

 33%|###3      | 80/239 [00:09<00:17,  9.28it/s][A

 34%|###3      | 81/239 [00:09<00:18,  8.72it/s][A

 34%|###4      | 82/239 [00:09<00:18,  8.33it/s][A

 35%|###4      | 83/239 [00:09<00:19,  8.18it/s][A

 35%|###5      | 84/239 [00:09<00:18,  8.38it/s][A

 36%|###5      | 86/239 [00:09<00:16,  9.17it/s][A

 36%|###6      | 87/239 [00:09<00:17,  8.59it/s][A

 37%|###6      | 88/239 [00:10<00:18,  8.04it/s][A

 37%|###7      | 89/239 [00:10<00:18,  8.05it/s][A

 38%|###7      | 90/239 [00:10<00:17,  8.44it/s][A

 38%|###8      | 91/239 [00:10<00:17,  8.28it/s][A

 38%|###8      | 92/239 [00:10<00:17,  8.23it/s][A

 39%|###8      | 93/239 [00:10<00:18,  8.10it/s][A

 39%|###9      | 94/239 [00:10<00:18,  7.96it/s][A

 40%|###9      | 95/239 [00:10<00:18,  7.69it/s][A

 40%|####      | 96/239 [00:11<00:18,  7.86it/s][A

 41%|####      | 97/239 [00:11<00:18,  7.76it/s][A

 41%|####1     | 98/239 [00:11<00:18,  7.71it/s][A

 41%|####1     | 99/239 [00:11<00:18,  7.64it/s][A

 42%|####1     | 100/239 [00:11<00:17,  7.75it/s][A

 42%|####2     | 101/239 [00:11<00:18,  7.66it/s][A

 43%|####2     | 102/239 [00:11<00:17,  7.64it/s][A

 43%|####3     | 103/239 [00:11<00:18,  7.46it/s][A

 44%|####3     | 104/239 [00:12<00:18,  7.49it/s][A

 44%|####3     | 105/239 [00:12<00:18,  7.41it/s][A

 44%|####4     | 106/239 [00:12<00:18,  7.29it/s][A

 45%|####4     | 107/239 [00:12<00:17,  7.35it/s][A

 45%|####5     | 108/239 [00:12<00:16,  7.87it/s][A

 46%|####5     | 109/239 [00:12<00:15,  8.19it/s][A

 46%|####6     | 110/239 [00:12<00:16,  7.85it/s][A

 46%|####6     | 111/239 [00:12<00:15,  8.13it/s][A

 47%|####7     | 113/239 [00:13<00:14,  8.78it/s][A

 48%|####7     | 114/239 [00:13<00:14,  8.74it/s][A

 48%|####8     | 115/239 [00:13<00:14,  8.76it/s][A

 49%|####8     | 116/239 [00:13<00:14,  8.51it/s][A

 49%|####8     | 117/239 [00:13<00:14,  8.30it/s][A

 49%|####9     | 118/239 [00:13<00:15,  7.83it/s][A

 50%|####9     | 119/239 [00:13<00:15,  7.89it/s][A

 50%|#####     | 120/239 [00:14<00:15,  7.53it/s][A

 51%|#####     | 121/239 [00:14<00:15,  7.80it/s][A

 51%|#####1    | 122/239 [00:14<00:14,  8.23it/s][A

 51%|#####1    | 123/239 [00:14<00:14,  8.12it/s][A

 52%|#####1    | 124/239 [00:14<00:14,  8.11it/s][A

 52%|#####2    | 125/239 [00:14<00:14,  8.05it/s][A

 53%|#####2    | 126/239 [00:14<00:14,  7.92it/s][A

 53%|#####3    | 127/239 [00:14<00:13,  8.02it/s][A

 54%|#####3    | 128/239 [00:15<00:14,  7.81it/s][A

 54%|#####3    | 129/239 [00:15<00:14,  7.66it/s][A

 54%|#####4    | 130/239 [00:15<00:14,  7.44it/s][A

 55%|#####4    | 131/239 [00:15<00:14,  7.21it/s][A

 55%|#####5    | 132/239 [00:15<00:14,  7.57it/s][A

 56%|#####5    | 133/239 [00:15<00:13,  7.97it/s][A

 56%|#####6    | 134/239 [00:15<00:12,  8.25it/s][A

 56%|#####6    | 135/239 [00:15<00:13,  7.83it/s][A

 57%|#####6    | 136/239 [00:16<00:12,  8.31it/s][A

 57%|#####7    | 137/239 [00:16<00:12,  8.44it/s][A

 58%|#####7    | 138/239 [00:16<00:12,  8.39it/s][A

 58%|#####8    | 139/239 [00:16<00:12,  8.33it/s][A

 59%|#####8    | 140/239 [00:16<00:11,  8.56it/s][A

 59%|#####8    | 141/239 [00:16<00:11,  8.58it/s][A

 59%|#####9    | 142/239 [00:16<00:11,  8.44it/s][A

 60%|#####9    | 143/239 [00:16<00:11,  8.03it/s][A

 60%|######    | 144/239 [00:17<00:12,  7.59it/s][A

 61%|######    | 145/239 [00:17<00:12,  7.54it/s][A

 61%|######1   | 146/239 [00:17<00:13,  7.00it/s][A

 62%|######1   | 147/239 [00:17<00:15,  5.96it/s][A

 62%|######1   | 148/239 [00:17<00:15,  5.85it/s][A

 62%|######2   | 149/239 [00:17<00:15,  5.89it/s][A

 63%|######2   | 150/239 [00:18<00:16,  5.41it/s][A

 63%|######3   | 151/239 [00:18<00:17,  5.01it/s][A

 64%|######3   | 152/239 [00:18<00:17,  4.84it/s][A

 64%|######4   | 153/239 [00:18<00:17,  4.85it/s][A

 64%|######4   | 154/239 [00:19<00:18,  4.69it/s][A

 65%|######4   | 155/239 [00:19<00:15,  5.55it/s][A

 65%|######5   | 156/239 [00:19<00:13,  6.06it/s][A

 66%|######5   | 157/239 [00:19<00:12,  6.68it/s][A

 66%|######6   | 158/239 [00:19<00:11,  7.33it/s][A

 67%|######6   | 159/239 [00:19<00:10,  7.74it/s][A

 67%|######6   | 160/239 [00:19<00:09,  8.08it/s][A

 67%|######7   | 161/239 [00:19<00:09,  8.42it/s][A

 68%|######7   | 162/239 [00:20<00:10,  7.07it/s][A

 68%|######8   | 163/239 [00:20<00:11,  6.71it/s][A

 69%|######8   | 164/239 [00:20<00:10,  7.27it/s][A

 69%|######9   | 165/239 [00:20<00:09,  7.68it/s][A

 70%|######9   | 167/239 [00:20<00:08,  8.51it/s][A

 71%|#######   | 169/239 [00:20<00:07,  8.97it/s][A

 71%|#######1  | 170/239 [00:20<00:07,  9.15it/s][A

 72%|#######1  | 172/239 [00:21<00:07,  9.46it/s][A

 72%|#######2  | 173/239 [00:21<00:07,  9.21it/s][A

 73%|#######2  | 174/239 [00:21<00:07,  9.05it/s][A

 73%|#######3  | 175/239 [00:21<00:07,  8.96it/s][A

 74%|#######4  | 177/239 [00:21<00:06,  9.30it/s][A

 75%|#######4  | 179/239 [00:21<00:06,  9.56it/s][A

 76%|#######5  | 181/239 [00:22<00:06,  9.59it/s][A

 77%|#######6  | 183/239 [00:22<00:05, 10.02it/s][A

 77%|#######6  | 184/239 [00:22<00:05,  9.84it/s][A

 77%|#######7  | 185/239 [00:22<00:05,  9.66it/s][A

 78%|#######7  | 186/239 [00:22<00:05,  9.64it/s][A

 79%|#######8  | 188/239 [00:22<00:05,  9.64it/s][A

 79%|#######9  | 189/239 [00:22<00:05,  9.30it/s][A

 79%|#######9  | 190/239 [00:23<00:05,  9.44it/s][A

 80%|########  | 192/239 [00:23<00:04,  9.80it/s][A

 81%|########1 | 194/239 [00:23<00:04,  9.85it/s][A

 82%|########2 | 196/239 [00:23<00:04, 10.39it/s][A

 83%|########2 | 198/239 [00:23<00:03, 10.56it/s][A

 84%|########3 | 200/239 [00:23<00:03, 10.51it/s][A

 85%|########4 | 202/239 [00:24<00:03, 11.14it/s][A

 85%|########5 | 204/239 [00:24<00:03, 10.95it/s][A

 86%|########6 | 206/239 [00:24<00:03, 10.96it/s][A

 87%|########7 | 208/239 [00:24<00:02, 11.57it/s][A

 88%|########7 | 210/239 [00:24<00:02, 11.94it/s][A

 89%|########8 | 212/239 [00:24<00:02, 11.39it/s][A

 90%|########9 | 214/239 [00:25<00:02, 12.08it/s][A

 90%|######### | 216/239 [00:25<00:01, 11.98it/s][A

 91%|#########1| 218/239 [00:25<00:01, 11.80it/s][A

 92%|#########2| 220/239 [00:25<00:01, 10.72it/s][A

 93%|#########2| 222/239 [00:25<00:01, 10.51it/s][A

 94%|#########3| 224/239 [00:26<00:01, 10.32it/s][A

 95%|#########4| 226/239 [00:26<00:01, 10.05it/s][A

 95%|#########5| 228/239 [00:26<00:01,  9.86it/s][A

 96%|#########5| 229/239 [00:26<00:01,  9.81it/s][A

 97%|#########6| 231/239 [00:26<00:00, 10.35it/s][A

 97%|#########7| 233/239 [00:26<00:00, 10.69it/s][A

 98%|#########8| 235/239 [00:27<00:00, 10.89it/s][A

 99%|#########9| 237/239 [00:27<00:00, 10.79it/s][A

100%|##########| 239/239 [00:27<00:00, 10.55it/s][A
                                                   


                                                 
[A
 55%|#####5    | 1100/2000 [41:04<28:52,  1.92s/it]

100%|##########| 239/239 [00:27<00:00, 10.55it/s][A

{'eval_loss': '3.135', 'eval_runtime': '27.62', 'eval_samples_per_second': '34.62', 'eval_steps_per_second': '8.655', 'epoch': '0.188'}
                                                 [A

Writing model shards:   0%|          | 0/1 [00:00<?, ?it/s][A

Writing model shards: 100%|##########| 1/1 [00:00<00:00,  1.43it/s][A
Writing model shards: 100%|##########| 1/1 [00:00<00:00,  1.43it/s]

 55%|#####5    | 1101/2000 [41:08<2:42:08, 10.82s/it]
 55%|#####5    | 1102/2000 [41:09<2:01:10,  8.10s/it]
 55%|#####5    | 1103/2000 [41:11<1:33:19,  6.24s/it]
 55%|#####5    | 1104/2000 [41:13<1:15:01,  5.02s/it]
 55%|#####5    | 1105/2000 [41:16<1:01:34,  4.13s/it]
 55%|#####5    | 1106/2000 [41:17<51:43,  3.47s/it]  
 55%|#####5    | 1107/2000 [41:19<44:39,  3.00s/it]
 55%|#####5    | 1108/2000 [41:21<39:21,  2.65s/it]
 55%|#####5    | 1109/2000 [41:23<35:50,  2.41s/it]
 56%|#####5    | 1110/2000 [41:25<33:35,  2.27s/it]
 56%|#####5    | 1111/2000 [41:27<33:46,  2.28s/it]
 56%|#####5    | 1112/2000 [41:29<32:53,  2.22s/it]
 56%|#####5    | 1113/2000 [41:32<33:41,  2.28s/it]
 56%|#####5    | 1114/2000 [41:34<32:39,  2.21s/it]
 56%|#####5    | 1115/2000 [41:36<32:06,  2.18s/it]
 56%|#####5    | 1116/2000 [41:38<30:53,  2.10s/it]
 56%|#####5    | 1117/2000 [41:40<30:45,  2.09s/it]
 56%|#####5    | 1118/2000 [41:42<30:09,  2.05s/it]
 56%|#####5    | 1119/2000 [41:44<28:57,  1.97s/it]
 56%|#####6    | 1120/2000 [41:46<28:44,  1.96s/it]
 56%|#####6    | 1121/2000 [41:48<28:30,  1.95s/it]
 56%|#####6    | 1122/2000 [41:49<28:11,  1.93s/it]
 56%|#####6    | 1123/2000 [41:51<27:38,  1.89s/it]
 56%|#####6    | 1124/2000 [41:53<27:22,  1.87s/it]
 56%|#####6    | 1125/2000 [41:55<27:46,  1.90s/it]
                                                   

 56%|#####6    | 1125/2000 [41:55<27:46,  1.90s/it]
 56%|#####6    | 1126/2000 [41:57<27:48,  1.91s/it]
 56%|#####6    | 1127/2000 [41:59<28:02,  1.93s/it]
 56%|#####6    | 1128/2000 [42:01<28:07,  1.94s/it]
 56%|#####6    | 1129/2000 [42:03<27:45,  1.91s/it]
 56%|#####6    | 1130/2000 [42:05<27:56,  1.93s/it]
 57%|#####6    | 1131/2000 [42:07<27:44,  1.92s/it]
 57%|#####6    | 1132/2000 [42:09<28:54,  2.00s/it]
 57%|#####6    | 1133/2000 [42:11<29:47,  2.06s/it]
 57%|#####6    | 1134/2000 [42:13<30:12,  2.09s/it]
 57%|#####6    | 1135/2000 [42:15<30:01,  2.08s/it]
 57%|#####6    | 1136/2000 [42:17<30:31,  2.12s/it]
 57%|#####6    | 1137/2000 [42:20<30:41,  2.13s/it]
 57%|#####6    | 1138/2000 [42:22<30:26,  2.12s/it]
 57%|#####6    | 1139/2000 [42:24<30:30,  2.13s/it]
 57%|#####6    | 1140/2000 [42:26<29:57,  2.09s/it]
 57%|#####7    | 1141/2000 [42:28<29:25,  2.06s/it]
 57%|#####7    | 1142/2000 [42:30<29:09,  2.04s/it]
 57%|#####7    | 1143/2000 [42:32<28:43,  2.01s/it]
 57%|#####7    | 1144/2000 [42:34<28:08,  1.97s/it]
 57%|#####7    | 1145/2000 [42:36<28:19,  1.99s/it]
 57%|#####7    | 1146/2000 [42:37<27:43,  1.95s/it]
 57%|#####7    | 1147/2000 [42:39<27:53,  1.96s/it]
 57%|#####7    | 1148/2000 [42:41<27:31,  1.94s/it]
 57%|#####7    | 1149/2000 [42:43<26:57,  1.90s/it]
 57%|#####7    | 1150/2000 [42:45<27:41,  1.96s/it]
                                                   

 57%|#####7    | 1150/2000 [42:45<27:41,  1.96s/it]
 58%|#####7    | 1151/2000 [42:47<27:40,  1.96s/it]
 58%|#####7    | 1152/2000 [42:49<26:33,  1.88s/it]
 58%|#####7    | 1153/2000 [42:51<26:10,  1.85s/it]
 58%|#####7    | 1154/2000 [42:53<26:32,  1.88s/it]
 58%|#####7    | 1155/2000 [42:55<26:48,  1.90s/it]
 58%|#####7    | 1156/2000 [42:57<26:48,  1.91s/it]
 58%|#####7    | 1157/2000 [42:58<26:07,  1.86s/it]
 58%|#####7    | 1158/2000 [43:00<25:55,  1.85s/it]
 58%|#####7    | 1159/2000 [43:02<25:34,  1.82s/it]
 58%|#####8    | 1160/2000 [43:04<25:38,  1.83s/it]
 58%|#####8    | 1161/2000 [43:06<26:10,  1.87s/it]
 58%|#####8    | 1162/2000 [43:07<25:47,  1.85s/it]
 58%|#####8    | 1163/2000 [43:10<26:49,  1.92s/it]
 58%|#####8    | 1164/2000 [43:12<26:58,  1.94s/it]
 58%|#####8    | 1165/2000 [43:14<27:42,  1.99s/it]
 58%|#####8    | 1166/2000 [43:15<27:06,  1.95s/it]
 58%|#####8    | 1167/2000 [43:17<26:43,  1.92s/it]
 58%|#####8    | 1168/2000 [43:19<27:10,  1.96s/it]
 58%|#####8    | 1169/2000 [43:21<27:39,  2.00s/it]
 58%|#####8    | 1170/2000 [43:24<27:41,  2.00s/it]
 59%|#####8    | 1171/2000 [43:26<27:58,  2.02s/it]
 59%|#####8    | 1172/2000 [43:28<27:51,  2.02s/it]
 59%|#####8    | 1173/2000 [43:30<28:04,  2.04s/it]
 59%|#####8    | 1174/2000 [43:33<32:07,  2.33s/it]
 59%|#####8    | 1175/2000 [43:35<30:43,  2.23s/it]
                                                   

 59%|#####8    | 1175/2000 [43:35<30:43,  2.23s/it]
 59%|#####8    | 1176/2000 [43:37<30:10,  2.20s/it]
 59%|#####8    | 1177/2000 [43:39<30:10,  2.20s/it]
 59%|#####8    | 1178/2000 [43:41<30:16,  2.21s/it]
 59%|#####8    | 1179/2000 [43:44<30:29,  2.23s/it]
 59%|#####8    | 1180/2000 [43:46<31:15,  2.29s/it]
 59%|#####9    | 1181/2000 [43:48<30:59,  2.27s/it]
 59%|#####9    | 1182/2000 [43:50<30:12,  2.22s/it]
 59%|#####9    | 1183/2000 [43:52<29:27,  2.16s/it]
 59%|#####9    | 1184/2000 [43:55<30:12,  2.22s/it]
 59%|#####9    | 1185/2000 [43:57<29:59,  2.21s/it]
 59%|#####9    | 1186/2000 [43:59<30:05,  2.22s/it]
 59%|#####9    | 1187/2000 [44:01<30:48,  2.27s/it]
 59%|#####9    | 1188/2000 [44:04<30:24,  2.25s/it]
 59%|#####9    | 1189/2000 [44:06<32:14,  2.39s/it]
 60%|#####9    | 1190/2000 [44:08<31:02,  2.30s/it]
 60%|#####9    | 1191/2000 [44:10<29:44,  2.21s/it]
 60%|#####9    | 1192/2000 [44:13<29:23,  2.18s/it]
 60%|#####9    | 1193/2000 [44:15<31:08,  2.32s/it]
 60%|#####9    | 1194/2000 [44:17<30:23,  2.26s/it]
 60%|#####9    | 1195/2000 [44:19<29:05,  2.17s/it]
 60%|#####9    | 1196/2000 [44:21<27:09,  2.03s/it]
 60%|#####9    | 1197/2000 [44:23<25:39,  1.92s/it]
 60%|#####9    | 1198/2000 [44:24<24:38,  1.84s/it]
 60%|#####9    | 1199/2000 [44:26<24:01,  1.80s/it]
 60%|######    | 1200/2000 [44:28<24:16,  1.82s/it]
                                                   

{'loss': '4.512', 'grad_norm': '1.457', 'learning_rate': '0.0001756', 'epoch': '0.1923'}
{'loss': '4.549', 'grad_norm': '1.473', 'learning_rate': '0.0001674', 'epoch': '0.1965'}
{'loss': '4.582', 'grad_norm': '2.034', 'learning_rate': '0.0001593', 'epoch': '0.2008'}
 60%|######    | 1200/2000 [44:28<24:16,  1.82s/it]
{'loss': '4.391', 'grad_norm': '1.449', 'learning_rate': '0.0001512', 'epoch': '0.2051'}

  0%|          | 0/239 [00:00<?, ?it/s][A

  1%|1         | 3/239 [00:00<00:13, 17.39it/s][A

  2%|2         | 5/239 [00:00<00:15, 14.65it/s][A

  3%|2         | 7/239 [00:00<00:19, 12.11it/s][A

  4%|3         | 9/239 [00:00<00:19, 11.86it/s][A

  5%|4         | 11/239 [00:00<00:20, 10.99it/s][A

  5%|5         | 13/239 [00:01<00:20, 10.82it/s][A

  6%|6         | 15/239 [00:01<00:22, 10.18it/s][A

  7%|7         | 17/239 [00:01<00:22,  9.77it/s][A

  8%|7         | 18/239 [00:01<00:22,  9.77it/s][A

  8%|7         | 19/239 [00:01<00:22,  9.75it/s][A

  9%|8         | 21/239 [00:01<00:21, 10.02it/s][A

 10%|9         | 23/239 [00:02<00:21, 10.05it/s][A

 10%|#         | 25/239 [00:02<00:22,  9.55it/s][A

 11%|#         | 26/239 [00:02<00:22,  9.34it/s][A

 11%|#1        | 27/239 [00:02<00:22,  9.27it/s][A

 12%|#1        | 28/239 [00:02<00:22,  9.21it/s][A

 13%|#2        | 30/239 [00:02<00:21,  9.61it/s][A

 13%|#2        | 31/239 [00:03<00:22,  9.22it/s][A

 13%|#3        | 32/239 [00:03<00:22,  9.21it/s][A

 14%|#3        | 33/239 [00:03<00:22,  9.03it/s][A

 14%|#4        | 34/239 [00:03<00:22,  8.97it/s][A

 15%|#4        | 35/239 [00:03<00:25,  8.15it/s][A

 15%|#5        | 36/239 [00:03<00:25,  7.99it/s][A

 15%|#5        | 37/239 [00:03<00:25,  8.08it/s][A

 16%|#5        | 38/239 [00:03<00:24,  8.17it/s][A

 16%|#6        | 39/239 [00:04<00:24,  8.12it/s][A

 17%|#7        | 41/239 [00:04<00:22,  8.98it/s][A

 18%|#7        | 43/239 [00:04<00:20,  9.42it/s][A

 18%|#8        | 44/239 [00:04<00:21,  9.03it/s][A

 19%|#9        | 46/239 [00:04<00:21,  9.01it/s][A

 20%|#9        | 47/239 [00:04<00:21,  9.05it/s][A

 20%|##        | 48/239 [00:04<00:21,  9.01it/s][A

 21%|##        | 49/239 [00:05<00:21,  9.00it/s][A

 21%|##        | 50/239 [00:05<00:20,  9.00it/s][A

 21%|##1       | 51/239 [00:05<00:20,  9.05it/s][A

 22%|##2       | 53/239 [00:05<00:20,  9.17it/s][A

 23%|##2       | 54/239 [00:05<00:19,  9.25it/s][A

 23%|##3       | 55/239 [00:05<00:19,  9.20it/s][A

 24%|##3       | 57/239 [00:05<00:19,  9.20it/s][A

 25%|##4       | 59/239 [00:06<00:19,  9.38it/s][A

 26%|##5       | 61/239 [00:06<00:18,  9.57it/s][A

 26%|##5       | 62/239 [00:06<00:18,  9.54it/s][A

 26%|##6       | 63/239 [00:06<00:18,  9.36it/s][A

 27%|##6       | 64/239 [00:06<00:19,  8.98it/s][A

 28%|##7       | 66/239 [00:06<00:18,  9.43it/s][A

 28%|##8       | 67/239 [00:07<00:18,  9.39it/s][A

 28%|##8       | 68/239 [00:07<00:18,  9.49it/s][A

 29%|##9       | 70/239 [00:07<00:17,  9.63it/s][A

 30%|##9       | 71/239 [00:07<00:17,  9.40it/s][A

 30%|###       | 72/239 [00:07<00:17,  9.33it/s][A

 31%|###       | 73/239 [00:07<00:17,  9.25it/s][A

 31%|###       | 74/239 [00:07<00:18,  8.90it/s][A

 31%|###1      | 75/239 [00:07<00:18,  8.84it/s][A

 32%|###1      | 76/239 [00:08<00:17,  9.13it/s][A

 32%|###2      | 77/239 [00:08<00:18,  8.88it/s][A

 33%|###2      | 78/239 [00:08<00:17,  9.11it/s][A

 33%|###3      | 79/239 [00:08<00:17,  9.01it/s][A

 33%|###3      | 80/239 [00:08<00:18,  8.76it/s][A

 34%|###4      | 82/239 [00:08<00:17,  8.73it/s][A

 35%|###4      | 83/239 [00:08<00:18,  8.65it/s][A

 35%|###5      | 84/239 [00:08<00:17,  8.69it/s][A

 36%|###5      | 85/239 [00:09<00:18,  8.48it/s][A

 36%|###5      | 86/239 [00:09<00:17,  8.82it/s][A

 36%|###6      | 87/239 [00:09<00:17,  8.54it/s][A

 37%|###6      | 88/239 [00:09<00:21,  6.94it/s][A

 37%|###7      | 89/239 [00:09<00:21,  7.13it/s][A

 38%|###7      | 90/239 [00:09<00:20,  7.19it/s][A

 38%|###8      | 91/239 [00:09<00:19,  7.47it/s][A

 38%|###8      | 92/239 [00:10<00:19,  7.39it/s][A

 39%|###8      | 93/239 [00:10<00:19,  7.55it/s][A

 39%|###9      | 94/239 [00:10<00:19,  7.27it/s][A

 40%|###9      | 95/239 [00:10<00:19,  7.54it/s][A

 40%|####      | 96/239 [00:10<00:18,  7.64it/s][A

 41%|####      | 97/239 [00:10<00:17,  8.17it/s][A

 41%|####1     | 98/239 [00:10<00:18,  7.79it/s][A

 41%|####1     | 99/239 [00:10<00:17,  8.12it/s][A

 42%|####2     | 101/239 [00:11<00:16,  8.54it/s][A

 43%|####2     | 102/239 [00:11<00:16,  8.37it/s][A

 43%|####3     | 103/239 [00:11<00:15,  8.52it/s][A

 44%|####3     | 104/239 [00:11<00:16,  8.41it/s][A

 44%|####3     | 105/239 [00:11<00:15,  8.45it/s][A

 44%|####4     | 106/239 [00:11<00:15,  8.61it/s][A

 45%|####4     | 107/239 [00:11<00:15,  8.64it/s][A

 45%|####5     | 108/239 [00:11<00:15,  8.23it/s][A

 46%|####5     | 109/239 [00:12<00:15,  8.27it/s][A

 46%|####6     | 110/239 [00:12<00:16,  8.00it/s][A

 47%|####6     | 112/239 [00:12<00:14,  8.89it/s][A

 47%|####7     | 113/239 [00:12<00:13,  9.03it/s][A

 48%|####7     | 114/239 [00:12<00:14,  8.39it/s][A

 48%|####8     | 115/239 [00:12<00:15,  8.08it/s][A

 49%|####8     | 116/239 [00:12<00:15,  7.95it/s][A

 49%|####8     | 117/239 [00:13<00:15,  7.98it/s][A

 49%|####9     | 118/239 [00:13<00:14,  8.17it/s][A

 50%|####9     | 119/239 [00:13<00:14,  8.26it/s][A

 50%|#####     | 120/239 [00:13<00:14,  8.24it/s][A

 51%|#####     | 121/239 [00:13<00:14,  8.06it/s][A

 51%|#####1    | 122/239 [00:13<00:14,  8.08it/s][A

 51%|#####1    | 123/239 [00:13<00:14,  8.18it/s][A

 52%|#####1    | 124/239 [00:13<00:13,  8.29it/s][A

 52%|#####2    | 125/239 [00:13<00:13,  8.46it/s][A

 53%|#####2    | 126/239 [00:14<00:13,  8.33it/s][A

 53%|#####3    | 127/239 [00:14<00:14,  7.84it/s][A

 54%|#####3    | 128/239 [00:14<00:14,  7.63it/s][A

 54%|#####3    | 129/239 [00:14<00:14,  7.63it/s][A

 54%|#####4    | 130/239 [00:14<00:14,  7.66it/s][A

 55%|#####4    | 131/239 [00:14<00:13,  7.79it/s][A

 55%|#####5    | 132/239 [00:14<00:13,  8.06it/s][A

 56%|#####5    | 133/239 [00:15<00:12,  8.31it/s][A

 56%|#####6    | 135/239 [00:15<00:11,  9.11it/s][A

 57%|#####6    | 136/239 [00:15<00:11,  9.28it/s][A

 58%|#####7    | 138/239 [00:15<00:10,  9.48it/s][A

 59%|#####8    | 140/239 [00:15<00:10,  9.84it/s][A

 59%|#####9    | 142/239 [00:15<00:10,  9.67it/s][A

 60%|######    | 144/239 [00:16<00:09, 10.35it/s][A

 61%|######1   | 146/239 [00:16<00:08, 10.38it/s][A

 62%|######1   | 148/239 [00:16<00:09, 10.02it/s][A

 63%|######2   | 150/239 [00:16<00:09,  9.59it/s][A

 63%|######3   | 151/239 [00:16<00:09,  9.48it/s][A

 64%|######3   | 152/239 [00:16<00:09,  9.53it/s][A

 64%|######4   | 153/239 [00:17<00:08,  9.56it/s][A

 64%|######4   | 154/239 [00:17<00:09,  9.43it/s][A

 65%|######4   | 155/239 [00:17<00:09,  9.08it/s][A

 65%|######5   | 156/239 [00:17<00:09,  8.85it/s][A

 66%|######5   | 157/239 [00:17<00:09,  8.64it/s][A

 66%|######6   | 158/239 [00:17<00:09,  8.75it/s][A

 67%|######6   | 159/239 [00:17<00:09,  8.54it/s][A

 67%|######6   | 160/239 [00:17<00:09,  8.39it/s][A

 67%|######7   | 161/239 [00:17<00:09,  8.57it/s][A

 68%|######7   | 162/239 [00:18<00:08,  8.90it/s][A

 69%|######8   | 164/239 [00:18<00:07,  9.39it/s][A

 69%|######9   | 165/239 [00:18<00:08,  9.16it/s][A

 70%|######9   | 167/239 [00:18<00:07, 10.19it/s][A

 70%|#######   | 168/239 [00:18<00:07,  9.69it/s][A

 71%|#######   | 169/239 [00:18<00:07,  9.28it/s][A

 71%|#######1  | 170/239 [00:18<00:07,  9.31it/s][A

 72%|#######1  | 171/239 [00:19<00:07,  9.31it/s][A

 72%|#######1  | 172/239 [00:19<00:07,  9.21it/s][A

 73%|#######2  | 174/239 [00:19<00:07,  9.21it/s][A

 73%|#######3  | 175/239 [00:19<00:06,  9.28it/s][A

 74%|#######3  | 176/239 [00:19<00:06,  9.11it/s][A

 74%|#######4  | 177/239 [00:19<00:06,  9.11it/s][A

 74%|#######4  | 178/239 [00:19<00:06,  8.95it/s][A

 75%|#######4  | 179/239 [00:19<00:06,  8.64it/s][A

 75%|#######5  | 180/239 [00:20<00:06,  8.55it/s][A

 76%|#######5  | 181/239 [00:20<00:06,  8.70it/s][A

 76%|#######6  | 182/239 [00:20<00:06,  8.66it/s][A

 77%|#######6  | 183/239 [00:20<00:06,  8.56it/s][A

 77%|#######6  | 184/239 [00:20<00:07,  7.52it/s][A

 77%|#######7  | 185/239 [00:20<00:07,  7.67it/s][A

 78%|#######7  | 186/239 [00:20<00:07,  7.43it/s][A

 78%|#######8  | 187/239 [00:20<00:07,  7.05it/s][A

 79%|#######8  | 188/239 [00:21<00:07,  6.54it/s][A

 79%|#######9  | 189/239 [00:21<00:07,  6.26it/s][A

 79%|#######9  | 190/239 [00:21<00:07,  6.49it/s][A

 80%|#######9  | 191/239 [00:21<00:08,  5.90it/s][A

 80%|########  | 192/239 [00:21<00:08,  5.51it/s][A

 81%|########  | 193/239 [00:22<00:08,  5.45it/s][A

 81%|########1 | 194/239 [00:22<00:08,  5.06it/s][A

 82%|########1 | 195/239 [00:22<00:08,  5.41it/s][A

 82%|########2 | 196/239 [00:22<00:07,  5.98it/s][A

 82%|########2 | 197/239 [00:22<00:06,  6.51it/s][A

 83%|########2 | 198/239 [00:22<00:05,  7.07it/s][A

 83%|########3 | 199/239 [00:22<00:05,  7.69it/s][A

 84%|########3 | 200/239 [00:23<00:04,  8.03it/s][A

 85%|########4 | 202/239 [00:23<00:04,  8.94it/s][A

 85%|########5 | 204/239 [00:23<00:03,  9.74it/s][A

 86%|########6 | 206/239 [00:23<00:03, 10.00it/s][A

 87%|########7 | 208/239 [00:23<00:03, 10.14it/s][A

 88%|########7 | 210/239 [00:23<00:02, 10.31it/s][A

 89%|########8 | 212/239 [00:24<00:02, 10.58it/s][A

 90%|########9 | 214/239 [00:24<00:02, 10.75it/s][A

 90%|######### | 216/239 [00:24<00:02, 10.04it/s][A

 91%|#########1| 218/239 [00:24<00:01, 10.52it/s][A

 92%|#########2| 220/239 [00:24<00:01, 10.67it/s][A

 93%|#########2| 222/239 [00:25<00:01, 11.13it/s][A

 94%|#########3| 224/239 [00:25<00:01, 11.55it/s][A

 95%|#########4| 226/239 [00:25<00:01, 11.85it/s][A

 95%|#########5| 228/239 [00:25<00:00, 11.67it/s][A

 96%|#########6| 230/239 [00:25<00:00, 12.05it/s][A

 97%|#########7| 232/239 [00:25<00:00, 11.76it/s][A

 98%|#########7| 234/239 [00:26<00:00, 11.81it/s][A

 99%|#########8| 236/239 [00:26<00:00, 11.93it/s][A

100%|#########9| 238/239 [00:26<00:00, 11.59it/s][A
                                                   


                                                 
[A
 60%|######    | 1200/2000 [44:54<24:16,  1.82s/it]

100%|##########| 239/239 [00:26<00:00, 11.59it/s][A

{'eval_loss': '3.031', 'eval_runtime': '26.59', 'eval_samples_per_second': '35.95', 'eval_steps_per_second': '8.988', 'epoch': '0.2051'}
                                                 [A

Writing model shards:   0%|          | 0/1 [00:00<?, ?it/s][A

Writing model shards: 100%|##########| 1/1 [00:00<00:00,  1.12it/s][A
Writing model shards: 100%|##########| 1/1 [00:00<00:00,  1.12it/s]

 60%|######    | 1201/2000 [44:59<2:19:58, 10.51s/it]
 60%|######    | 1202/2000 [45:01<1:45:08,  7.91s/it]
 60%|######    | 1203/2000 [45:03<1:21:53,  6.16s/it]
 60%|######    | 1204/2000 [45:05<1:05:21,  4.93s/it]
 60%|######    | 1205/2000 [45:07<53:41,  4.05s/it]  
 60%|######    | 1206/2000 [45:09<46:32,  3.52s/it]
 60%|######    | 1207/2000 [45:11<40:44,  3.08s/it]
 60%|######    | 1208/2000 [45:13<36:15,  2.75s/it]
 60%|######    | 1209/2000 [45:15<33:53,  2.57s/it]
 60%|######    | 1210/2000 [45:18<33:17,  2.53s/it]
 61%|######    | 1211/2000 [45:20<31:16,  2.38s/it]
 61%|######    | 1212/2000 [45:21<28:55,  2.20s/it]
 61%|######    | 1213/2000 [45:23<27:09,  2.07s/it]
 61%|######    | 1214/2000 [45:25<25:47,  1.97s/it]
 61%|######    | 1215/2000 [45:27<25:29,  1.95s/it]
 61%|######    | 1216/2000 [45:29<25:16,  1.93s/it]
 61%|######    | 1217/2000 [45:30<24:11,  1.85s/it]
 61%|######    | 1218/2000 [45:32<23:18,  1.79s/it]
 61%|######    | 1219/2000 [45:34<23:21,  1.80s/it]
 61%|######1   | 1220/2000 [45:36<23:19,  1.79s/it]
 61%|######1   | 1221/2000 [45:37<23:30,  1.81s/it]
 61%|######1   | 1222/2000 [45:39<23:12,  1.79s/it]
 61%|######1   | 1223/2000 [45:41<22:55,  1.77s/it]
 61%|######1   | 1224/2000 [45:43<23:39,  1.83s/it]
 61%|######1   | 1225/2000 [45:45<24:14,  1.88s/it]
                                                   

 61%|######1   | 1225/2000 [45:45<24:14,  1.88s/it]
 61%|######1   | 1226/2000 [45:47<24:06,  1.87s/it]
 61%|######1   | 1227/2000 [45:49<23:55,  1.86s/it]
 61%|######1   | 1228/2000 [45:50<23:58,  1.86s/it]
 61%|######1   | 1229/2000 [45:52<23:36,  1.84s/it]
 62%|######1   | 1230/2000 [45:54<23:30,  1.83s/it]
 62%|######1   | 1231/2000 [45:56<23:48,  1.86s/it]
 62%|######1   | 1232/2000 [45:58<24:00,  1.88s/it]
 62%|######1   | 1233/2000 [46:00<24:20,  1.90s/it]
 62%|######1   | 1234/2000 [46:02<24:20,  1.91s/it]
 62%|######1   | 1235/2000 [46:04<24:04,  1.89s/it]
 62%|######1   | 1236/2000 [46:05<23:29,  1.84s/it]
 62%|######1   | 1237/2000 [46:07<23:18,  1.83s/it]
 62%|######1   | 1238/2000 [46:09<23:04,  1.82s/it]
 62%|######1   | 1239/2000 [46:11<23:26,  1.85s/it]
 62%|######2   | 1240/2000 [46:13<23:13,  1.83s/it]
 62%|######2   | 1241/2000 [46:14<23:04,  1.82s/it]
 62%|######2   | 1242/2000 [46:16<22:51,  1.81s/it]
 62%|######2   | 1243/2000 [46:18<23:31,  1.86s/it]
 62%|######2   | 1244/2000 [46:20<23:33,  1.87s/it]
 62%|######2   | 1245/2000 [46:22<23:29,  1.87s/it]
 62%|######2   | 1246/2000 [46:24<23:34,  1.88s/it]
 62%|######2   | 1247/2000 [46:26<23:33,  1.88s/it]
 62%|######2   | 1248/2000 [46:28<23:40,  1.89s/it]
 62%|######2   | 1249/2000 [46:29<23:29,  1.88s/it]
 62%|######2   | 1250/2000 [46:31<23:49,  1.91s/it]
                                                   

 62%|######2   | 1250/2000 [46:31<23:49,  1.91s/it]
 63%|######2   | 1251/2000 [46:33<23:42,  1.90s/it]
 63%|######2   | 1252/2000 [46:35<23:34,  1.89s/it]
 63%|######2   | 1253/2000 [46:37<23:25,  1.88s/it]
 63%|######2   | 1254/2000 [46:39<23:27,  1.89s/it]
 63%|######2   | 1255/2000 [46:41<22:55,  1.85s/it]
 63%|######2   | 1256/2000 [46:43<23:23,  1.89s/it]
 63%|######2   | 1257/2000 [46:45<23:43,  1.92s/it]
 63%|######2   | 1258/2000 [46:47<23:39,  1.91s/it]
 63%|######2   | 1259/2000 [46:48<22:59,  1.86s/it]
 63%|######3   | 1260/2000 [46:50<23:19,  1.89s/it]
 63%|######3   | 1261/2000 [46:52<23:09,  1.88s/it]
 63%|######3   | 1262/2000 [46:54<23:23,  1.90s/it]
 63%|######3   | 1263/2000 [46:56<23:04,  1.88s/it]
 63%|######3   | 1264/2000 [46:58<23:22,  1.91s/it]
 63%|######3   | 1265/2000 [47:00<23:12,  1.89s/it]
 63%|######3   | 1266/2000 [47:02<23:12,  1.90s/it]
 63%|######3   | 1267/2000 [47:03<23:02,  1.89s/it]
 63%|######3   | 1268/2000 [47:05<23:25,  1.92s/it]
 63%|######3   | 1269/2000 [47:07<23:19,  1.91s/it]
 64%|######3   | 1270/2000 [47:09<22:54,  1.88s/it]
 64%|######3   | 1271/2000 [47:11<23:10,  1.91s/it]
 64%|######3   | 1272/2000 [47:13<22:42,  1.87s/it]
 64%|######3   | 1273/2000 [47:15<23:26,  1.93s/it]
 64%|######3   | 1274/2000 [47:17<23:29,  1.94s/it]
 64%|######3   | 1275/2000 [47:19<23:30,  1.95s/it]
                                                   

 64%|######3   | 1275/2000 [47:19<23:30,  1.95s/it]
 64%|######3   | 1276/2000 [47:21<23:26,  1.94s/it]
 64%|######3   | 1277/2000 [47:23<23:23,  1.94s/it]
 64%|######3   | 1278/2000 [47:25<23:25,  1.95s/it]
 64%|######3   | 1279/2000 [47:27<23:21,  1.94s/it]
 64%|######4   | 1280/2000 [47:29<23:49,  1.98s/it]
 64%|######4   | 1281/2000 [47:31<23:09,  1.93s/it]
 64%|######4   | 1282/2000 [47:33<23:00,  1.92s/it]
 64%|######4   | 1283/2000 [47:34<22:53,  1.92s/it]
 64%|######4   | 1284/2000 [47:36<23:15,  1.95s/it]
 64%|######4   | 1285/2000 [47:38<23:28,  1.97s/it]
 64%|######4   | 1286/2000 [47:40<23:35,  1.98s/it]
 64%|######4   | 1287/2000 [47:42<23:02,  1.94s/it]
 64%|######4   | 1288/2000 [47:44<22:31,  1.90s/it]
 64%|######4   | 1289/2000 [47:46<22:11,  1.87s/it]
 64%|######4   | 1290/2000 [47:48<22:37,  1.91s/it]
 65%|######4   | 1291/2000 [47:50<22:26,  1.90s/it]
 65%|######4   | 1292/2000 [47:52<22:18,  1.89s/it]
 65%|######4   | 1293/2000 [47:54<22:17,  1.89s/it]
 65%|######4   | 1294/2000 [47:55<22:09,  1.88s/it]
 65%|######4   | 1295/2000 [47:57<22:08,  1.88s/it]
 65%|######4   | 1296/2000 [47:59<22:07,  1.89s/it]
 65%|######4   | 1297/2000 [48:01<22:02,  1.88s/it]
 65%|######4   | 1298/2000 [48:03<21:58,  1.88s/it]
 65%|######4   | 1299/2000 [48:05<22:35,  1.93s/it]
 65%|######5   | 1300/2000 [48:07<22:06,  1.90s/it]
                                                   

{'loss': '4.323', 'grad_norm': '1.697', 'learning_rate': '0.0001432', 'epoch': '0.2093'}
{'loss': '4.305', 'grad_norm': '1.62', 'learning_rate': '0.0001354', 'epoch': '0.2136'}
{'loss': '4.31', 'grad_norm': '1.585', 'learning_rate': '0.0001276', 'epoch': '0.2179'}
{'loss': '4.177', 'grad_norm': '1.682', 'learning_rate': '0.00012', 'epoch': '0.2222'}
 65%|######5   | 1300/2000 [48:07<22:06,  1.90s/it]

  0%|          | 0/239 [00:00<?, ?it/s][A

  1%|1         | 3/239 [00:00<00:11, 19.92it/s][A

  2%|2         | 5/239 [00:00<00:14, 16.40it/s][A

  3%|2         | 7/239 [00:00<00:15, 14.60it/s][A

  4%|3         | 9/239 [00:00<00:19, 11.87it/s][A

  5%|4         | 11/239 [00:00<00:22, 10.11it/s][A

  5%|5         | 13/239 [00:01<00:21, 10.52it/s][A

  6%|6         | 15/239 [00:01<00:21, 10.51it/s][A

  7%|7         | 17/239 [00:01<00:21, 10.45it/s][A

  8%|7         | 19/239 [00:01<00:20, 10.82it/s][A

  9%|8         | 21/239 [00:01<00:20, 10.71it/s][A

 10%|9         | 23/239 [00:02<00:19, 10.92it/s][A

 10%|#         | 25/239 [00:02<00:19, 11.08it/s][A

 11%|#1        | 27/239 [00:02<00:18, 11.18it/s][A

 12%|#2        | 29/239 [00:02<00:19, 10.96it/s][A

 13%|#2        | 31/239 [00:02<00:19, 10.62it/s][A

 14%|#3        | 33/239 [00:02<00:19, 10.79it/s][A

 15%|#4        | 35/239 [00:03<00:18, 10.98it/s][A

 15%|#5        | 37/239 [00:03<00:18, 10.78it/s][A

 16%|#6        | 39/239 [00:03<00:18, 11.05it/s][A

 17%|#7        | 41/239 [00:03<00:16, 11.71it/s][A

 18%|#7        | 43/239 [00:03<00:17, 11.41it/s][A

 19%|#8        | 45/239 [00:03<00:16, 11.74it/s][A

 20%|#9        | 47/239 [00:04<00:16, 11.99it/s][A

 21%|##        | 49/239 [00:04<00:15, 12.16it/s][A

 21%|##1       | 51/239 [00:04<00:15, 12.29it/s][A

 22%|##2       | 53/239 [00:04<00:15, 12.39it/s][A

 23%|##3       | 55/239 [00:04<00:14, 12.44it/s][A

 24%|##3       | 57/239 [00:04<00:14, 12.48it/s][A

 25%|##4       | 59/239 [00:05<00:14, 12.51it/s][A

 26%|##5       | 61/239 [00:05<00:14, 12.53it/s][A

 26%|##6       | 63/239 [00:05<00:14, 12.20it/s][A

 27%|##7       | 65/239 [00:05<00:15, 11.59it/s][A

 28%|##8       | 67/239 [00:05<00:13, 12.30it/s][A

 29%|##8       | 69/239 [00:05<00:15, 11.28it/s][A

 30%|##9       | 71/239 [00:06<00:14, 11.72it/s][A

 31%|###       | 73/239 [00:06<00:15, 11.07it/s][A

 31%|###1      | 75/239 [00:06<00:13, 12.14it/s][A

 32%|###2      | 77/239 [00:06<00:13, 11.89it/s][A

 33%|###3      | 79/239 [00:06<00:13, 11.72it/s][A

 34%|###3      | 81/239 [00:06<00:13, 11.39it/s][A

 35%|###4      | 83/239 [00:07<00:12, 12.06it/s][A

 36%|###5      | 85/239 [00:07<00:12, 11.87it/s][A

 36%|###6      | 87/239 [00:07<00:12, 11.93it/s][A

 37%|###7      | 89/239 [00:07<00:12, 12.28it/s][A

 38%|###8      | 91/239 [00:07<00:13, 11.34it/s][A

 39%|###8      | 93/239 [00:07<00:12, 12.05it/s][A

 40%|###9      | 95/239 [00:08<00:12, 11.86it/s][A

 41%|####      | 97/239 [00:08<00:11, 12.42it/s][A

 41%|####1     | 99/239 [00:08<00:12, 11.64it/s][A

 42%|####2     | 101/239 [00:08<00:11, 12.05it/s][A

 43%|####3     | 103/239 [00:08<00:12, 11.23it/s][A

 44%|####3     | 105/239 [00:09<00:12, 11.01it/s][A

 45%|####4     | 107/239 [00:09<00:11, 11.76it/s][A

 46%|####5     | 109/239 [00:09<00:11, 11.34it/s][A

 46%|####6     | 111/239 [00:09<00:11, 11.55it/s][A

 47%|####7     | 113/239 [00:09<00:10, 12.01it/s][A

 48%|####8     | 115/239 [00:09<00:10, 11.78it/s][A

 49%|####8     | 117/239 [00:10<00:10, 11.87it/s][A

 50%|####9     | 119/239 [00:10<00:09, 12.23it/s][A

 51%|#####     | 121/239 [00:10<00:10, 11.66it/s][A

 51%|#####1    | 123/239 [00:10<00:09, 11.93it/s][A

 52%|#####2    | 125/239 [00:10<00:09, 12.11it/s][A

 53%|#####3    | 127/239 [00:10<00:09, 12.27it/s][A

 54%|#####3    | 129/239 [00:11<00:08, 12.37it/s][A

 55%|#####4    | 131/239 [00:11<00:08, 12.07it/s][A

 56%|#####5    | 133/239 [00:11<00:08, 12.22it/s][A

 56%|#####6    | 135/239 [00:11<00:08, 11.67it/s][A

 57%|#####7    | 137/239 [00:11<00:08, 12.29it/s][A

 58%|#####8    | 139/239 [00:11<00:08, 12.34it/s][A

 59%|#####8    | 141/239 [00:12<00:08, 11.76it/s][A

 60%|#####9    | 143/239 [00:12<00:07, 12.01it/s][A

 61%|######    | 145/239 [00:12<00:07, 11.82it/s][A

 62%|######1   | 147/239 [00:12<00:07, 12.40it/s][A

 62%|######2   | 149/239 [00:12<00:07, 12.13it/s][A

 63%|######3   | 151/239 [00:12<00:07, 12.27it/s][A

 64%|######4   | 153/239 [00:13<00:07, 12.00it/s][A

 65%|######4   | 155/239 [00:13<00:07, 11.87it/s][A

 66%|######5   | 157/239 [00:13<00:06, 12.42it/s][A

 67%|######6   | 159/239 [00:13<00:06, 12.11it/s][A

 67%|######7   | 161/239 [00:13<00:06, 11.32it/s][A

 68%|######8   | 163/239 [00:13<00:06, 11.14it/s][A

 69%|######9   | 165/239 [00:14<00:06, 11.43it/s][A

 70%|######9   | 167/239 [00:14<00:06, 11.43it/s][A

 71%|#######   | 169/239 [00:14<00:06, 11.13it/s][A

 72%|#######1  | 171/239 [00:14<00:05, 11.49it/s][A

 72%|#######2  | 173/239 [00:14<00:05, 11.81it/s][A

 73%|#######3  | 175/239 [00:14<00:05, 11.42it/s][A

 74%|#######4  | 177/239 [00:15<00:05, 12.09it/s][A

 75%|#######4  | 179/239 [00:15<00:04, 12.25it/s][A

 76%|#######5  | 181/239 [00:15<00:04, 12.35it/s][A

 77%|#######6  | 183/239 [00:15<00:04, 12.43it/s][A

 77%|#######7  | 185/239 [00:15<00:04, 12.05it/s][A

 78%|#######8  | 187/239 [00:15<00:04, 12.32it/s][A

 79%|#######9  | 189/239 [00:16<00:04, 12.05it/s][A

 80%|#######9  | 191/239 [00:16<00:03, 12.20it/s][A

 81%|########  | 193/239 [00:16<00:03, 12.33it/s][A

 82%|########1 | 195/239 [00:16<00:03, 12.42it/s][A

 82%|########2 | 197/239 [00:16<00:03, 12.10it/s][A

 83%|########3 | 199/239 [00:16<00:03, 11.67it/s][A

 84%|########4 | 201/239 [00:17<00:03, 11.77it/s][A

 85%|########4 | 203/239 [00:17<00:03, 11.67it/s][A

 86%|########5 | 205/239 [00:17<00:02, 12.29it/s][A

 87%|########6 | 207/239 [00:17<00:02, 11.44it/s][A

 87%|########7 | 209/239 [00:17<00:02, 12.03it/s][A

 88%|########8 | 211/239 [00:17<00:02, 11.84it/s][A

 89%|########9 | 213/239 [00:18<00:02, 12.05it/s][A

 90%|########9 | 215/239 [00:18<00:01, 12.59it/s][A

 91%|######### | 217/239 [00:18<00:01, 12.60it/s][A

 92%|#########1| 219/239 [00:18<00:01, 12.59it/s][A

 92%|#########2| 221/239 [00:18<00:01, 12.23it/s][A

 93%|#########3| 223/239 [00:18<00:01, 12.35it/s][A

 94%|#########4| 225/239 [00:19<00:01, 12.08it/s][A

 95%|#########4| 227/239 [00:19<00:00, 12.54it/s][A

 96%|#########5| 229/239 [00:19<00:00, 12.34it/s][A

 97%|#########6| 231/239 [00:19<00:00, 12.71it/s][A

 97%|#########7| 233/239 [00:19<00:00, 12.29it/s][A

 98%|#########8| 235/239 [00:19<00:00, 12.26it/s][A

 99%|#########9| 237/239 [00:19<00:00, 12.20it/s][A

100%|##########| 239/239 [00:20<00:00, 12.62it/s][A
                                                   


                                                 
[A
 65%|######5   | 1300/2000 [48:27<22:06,  1.90s/it]

100%|##########| 239/239 [00:20<00:00, 12.62it/s][A

                                                 [A
{'eval_loss': '2.945', 'eval_runtime': '20.23', 'eval_samples_per_second': '47.24', 'eval_steps_per_second': '11.81', 'epoch': '0.2222'}

Writing model shards:   0%|          | 0/1 [00:00<?, ?it/s][A

Writing model shards: 100%|##########| 1/1 [00:00<00:00,  2.11it/s][A
Writing model shards: 100%|##########| 1/1 [00:00<00:00,  2.11it/s]

 65%|######5   | 1301/2000 [48:30<1:37:18,  8.35s/it]
 65%|######5   | 1302/2000 [48:32<1:14:13,  6.38s/it]
 65%|######5   | 1303/2000 [48:34<58:22,  5.02s/it]  
 65%|######5   | 1304/2000 [48:36<47:14,  4.07s/it]
 65%|######5   | 1305/2000 [48:38<40:11,  3.47s/it]
 65%|######5   | 1306/2000 [48:40<34:48,  3.01s/it]
 65%|######5   | 1307/2000 [48:42<31:11,  2.70s/it]
 65%|######5   | 1308/2000 [48:44<28:13,  2.45s/it]
 65%|######5   | 1309/2000 [48:45<26:08,  2.27s/it]
 66%|######5   | 1310/2000 [48:47<25:26,  2.21s/it]
 66%|######5   | 1311/2000 [48:49<24:28,  2.13s/it]
 66%|######5   | 1312/2000 [48:51<23:24,  2.04s/it]
 66%|######5   | 1313/2000 [48:53<22:57,  2.01s/it]
 66%|######5   | 1314/2000 [48:55<23:16,  2.04s/it]
 66%|######5   | 1315/2000 [48:57<22:58,  2.01s/it]
 66%|######5   | 1316/2000 [48:59<22:47,  2.00s/it]
 66%|######5   | 1317/2000 [49:01<22:19,  1.96s/it]
 66%|######5   | 1318/2000 [49:03<21:52,  1.92s/it]
 66%|######5   | 1319/2000 [49:05<21:36,  1.90s/it]
 66%|######6   | 1320/2000 [49:07<21:22,  1.89s/it]
 66%|######6   | 1321/2000 [49:08<21:11,  1.87s/it]
 66%|######6   | 1322/2000 [49:11<21:41,  1.92s/it]
 66%|######6   | 1323/2000 [49:13<21:56,  1.94s/it]
 66%|######6   | 1324/2000 [49:15<22:05,  1.96s/it]
 66%|######6   | 1325/2000 [49:16<21:40,  1.93s/it]
                                                   

 66%|######6   | 1325/2000 [49:16<21:40,  1.93s/it]
 66%|######6   | 1326/2000 [49:19<23:07,  2.06s/it]
 66%|######6   | 1327/2000 [49:21<22:11,  1.98s/it]
 66%|######6   | 1328/2000 [49:22<21:51,  1.95s/it]
 66%|######6   | 1329/2000 [49:24<22:06,  1.98s/it]
 66%|######6   | 1330/2000 [49:26<22:02,  1.97s/it]
 67%|######6   | 1331/2000 [49:28<22:18,  2.00s/it]
 67%|######6   | 1332/2000 [49:30<22:17,  2.00s/it]
 67%|######6   | 1333/2000 [49:33<22:34,  2.03s/it]
 67%|######6   | 1334/2000 [49:34<22:10,  2.00s/it]
 67%|######6   | 1335/2000 [49:37<22:40,  2.05s/it]
 67%|######6   | 1336/2000 [49:39<24:39,  2.23s/it]
 67%|######6   | 1337/2000 [49:42<25:29,  2.31s/it]
 67%|######6   | 1338/2000 [49:44<26:37,  2.41s/it]
 67%|######6   | 1339/2000 [49:48<30:18,  2.75s/it]
 67%|######7   | 1340/2000 [49:50<29:11,  2.65s/it]
 67%|######7   | 1341/2000 [49:53<29:13,  2.66s/it]
 67%|######7   | 1342/2000 [49:55<26:54,  2.45s/it]
 67%|######7   | 1343/2000 [49:57<25:04,  2.29s/it]
 67%|######7   | 1344/2000 [49:59<23:46,  2.17s/it]
 67%|######7   | 1345/2000 [50:01<22:24,  2.05s/it]
 67%|######7   | 1346/2000 [50:02<21:25,  1.97s/it]
 67%|######7   | 1347/2000 [50:04<20:31,  1.89s/it]
 67%|######7   | 1348/2000 [50:06<20:25,  1.88s/it]
 67%|######7   | 1349/2000 [50:08<20:42,  1.91s/it]
 68%|######7   | 1350/2000 [50:10<20:16,  1.87s/it]
                                                   

 68%|######7   | 1350/2000 [50:10<20:16,  1.87s/it]
 68%|######7   | 1351/2000 [50:12<20:09,  1.86s/it]
 68%|######7   | 1352/2000 [50:13<20:08,  1.86s/it]
 68%|######7   | 1353/2000 [50:16<21:02,  1.95s/it]
 68%|######7   | 1354/2000 [50:17<20:29,  1.90s/it]
 68%|######7   | 1355/2000 [50:20<21:11,  1.97s/it]
 68%|######7   | 1356/2000 [50:21<20:19,  1.89s/it]
 68%|######7   | 1357/2000 [50:23<20:30,  1.91s/it]
 68%|######7   | 1358/2000 [50:25<20:19,  1.90s/it]
 68%|######7   | 1359/2000 [50:27<20:00,  1.87s/it]
 68%|######8   | 1360/2000 [50:29<19:43,  1.85s/it]
 68%|######8   | 1361/2000 [50:30<19:24,  1.82s/it]
 68%|######8   | 1362/2000 [50:32<19:43,  1.85s/it]
 68%|######8   | 1363/2000 [50:34<19:40,  1.85s/it]
 68%|######8   | 1364/2000 [50:36<19:37,  1.85s/it]
 68%|######8   | 1365/2000 [50:38<20:00,  1.89s/it]
 68%|######8   | 1366/2000 [50:40<19:57,  1.89s/it]
 68%|######8   | 1367/2000 [50:42<20:01,  1.90s/it]
 68%|######8   | 1368/2000 [50:44<20:13,  1.92s/it]
 68%|######8   | 1369/2000 [50:46<19:59,  1.90s/it]
 68%|######8   | 1370/2000 [50:48<19:53,  1.89s/it]
 69%|######8   | 1371/2000 [50:49<19:22,  1.85s/it]
 69%|######8   | 1372/2000 [50:51<18:58,  1.81s/it]
 69%|######8   | 1373/2000 [50:53<18:42,  1.79s/it]
 69%|######8   | 1374/2000 [50:55<19:23,  1.86s/it]
 69%|######8   | 1375/2000 [50:57<19:21,  1.86s/it]
                                                   

 69%|######8   | 1375/2000 [50:57<19:21,  1.86s/it]
 69%|######8   | 1376/2000 [50:59<19:38,  1.89s/it]
 69%|######8   | 1377/2000 [51:00<19:28,  1.88s/it]
 69%|######8   | 1378/2000 [51:02<19:32,  1.88s/it]
 69%|######8   | 1379/2000 [51:04<19:22,  1.87s/it]
 69%|######9   | 1380/2000 [51:06<19:16,  1.87s/it]
 69%|######9   | 1381/2000 [51:08<19:13,  1.86s/it]
 69%|######9   | 1382/2000 [51:10<19:09,  1.86s/it]
 69%|######9   | 1383/2000 [51:12<19:03,  1.85s/it]
 69%|######9   | 1384/2000 [51:14<19:39,  1.92s/it]
 69%|######9   | 1385/2000 [51:16<19:56,  1.95s/it]
 69%|######9   | 1386/2000 [51:18<20:24,  1.99s/it]
 69%|######9   | 1387/2000 [51:20<19:56,  1.95s/it]
 69%|######9   | 1388/2000 [51:22<20:02,  1.97s/it]
 69%|######9   | 1389/2000 [51:24<19:46,  1.94s/it]
 70%|######9   | 1390/2000 [51:25<19:37,  1.93s/it]
 70%|######9   | 1391/2000 [51:27<19:28,  1.92s/it]
 70%|######9   | 1392/2000 [51:29<19:22,  1.91s/it]
 70%|######9   | 1393/2000 [51:31<18:51,  1.86s/it]
 70%|######9   | 1394/2000 [51:33<19:27,  1.93s/it]
 70%|######9   | 1395/2000 [51:35<19:36,  1.94s/it]
 70%|######9   | 1396/2000 [51:37<19:40,  1.95s/it]
 70%|######9   | 1397/2000 [51:39<19:45,  1.97s/it]
 70%|######9   | 1398/2000 [51:41<19:11,  1.91s/it]
 70%|######9   | 1399/2000 [51:43<20:22,  2.03s/it]
 70%|#######   | 1400/2000 [51:45<19:28,  1.95s/it]
                                                   

{'loss': '4.218', 'grad_norm': '1.489', 'learning_rate': '0.0001125', 'epoch': '0.2264'}
{'loss': '4.123', 'grad_norm': '1.592', 'learning_rate': '0.0001051', 'epoch': '0.2307'}
{'loss': '4.101', 'grad_norm': '1.438', 'learning_rate': '9.791e-05', 'epoch': '0.235'}
{'loss': '4.099', 'grad_norm': '1.645', 'learning_rate': '9.089e-05', 'epoch': '0.2393'}
 70%|#######   | 1400/2000 [51:45<19:28,  1.95s/it]

  0%|          | 0/239 [00:00<?, ?it/s][A

  1%|1         | 3/239 [00:00<00:13, 18.03it/s][A

  2%|2         | 5/239 [00:00<00:15, 15.25it/s][A

  3%|2         | 7/239 [00:00<00:16, 14.37it/s][A

  4%|3         | 9/239 [00:00<00:16, 14.01it/s][A

  5%|4         | 11/239 [00:00<00:16, 13.84it/s][A

  5%|5         | 13/239 [00:00<00:19, 11.78it/s][A

  6%|6         | 15/239 [00:01<00:21, 10.65it/s][A

  7%|7         | 17/239 [00:01<00:20, 10.72it/s][A

  8%|7         | 19/239 [00:01<00:20, 10.50it/s][A

  9%|8         | 21/239 [00:01<00:20, 10.69it/s][A

 10%|9         | 23/239 [00:01<00:19, 11.11it/s][A

 10%|#         | 25/239 [00:02<00:18, 11.43it/s][A

 11%|#1        | 27/239 [00:02<00:18, 11.58it/s][A

 12%|#2        | 29/239 [00:02<00:17, 11.77it/s][A

 13%|#2        | 31/239 [00:02<00:18, 11.41it/s][A

 14%|#3        | 33/239 [00:02<00:17, 11.96it/s][A

 15%|#4        | 35/239 [00:02<00:16, 12.14it/s][A

 15%|#5        | 37/239 [00:03<00:16, 12.18it/s][A

 16%|#6        | 39/239 [00:03<00:16, 12.18it/s][A

 17%|#7        | 41/239 [00:03<00:16, 12.34it/s][A

 18%|#7        | 43/239 [00:03<00:15, 12.39it/s][A

 19%|#8        | 45/239 [00:03<00:15, 12.44it/s][A

 20%|#9        | 47/239 [00:03<00:15, 12.72it/s][A

 21%|##        | 49/239 [00:04<00:15, 12.10it/s][A

 21%|##1       | 51/239 [00:04<00:15, 12.52it/s][A

 22%|##2       | 53/239 [00:04<00:14, 12.70it/s][A

 23%|##3       | 55/239 [00:04<00:14, 12.65it/s][A

 24%|##3       | 57/239 [00:04<00:14, 12.83it/s][A

 25%|##4       | 59/239 [00:04<00:13, 12.86it/s][A

 26%|##5       | 61/239 [00:05<00:14, 12.43it/s][A

 26%|##6       | 63/239 [00:05<00:13, 12.62it/s][A

 27%|##7       | 65/239 [00:05<00:13, 12.78it/s][A

 28%|##8       | 67/239 [00:05<00:13, 12.59it/s][A

 29%|##8       | 69/239 [00:05<00:13, 12.34it/s][A

 30%|##9       | 71/239 [00:05<00:13, 12.77it/s][A

 31%|###       | 73/239 [00:05<00:12, 12.78it/s][A

 31%|###1      | 75/239 [00:06<00:12, 12.95it/s][A

 32%|###2      | 77/239 [00:06<00:12, 12.72it/s][A

 33%|###3      | 79/239 [00:06<00:12, 12.45it/s][A

 34%|###3      | 81/239 [00:06<00:12, 12.41it/s][A

 35%|###4      | 83/239 [00:06<00:12, 12.62it/s][A

 36%|###5      | 85/239 [00:06<00:12, 12.82it/s][A

 36%|###6      | 87/239 [00:07<00:12, 12.65it/s][A

 37%|###7      | 89/239 [00:07<00:12, 12.47it/s][A

 38%|###8      | 91/239 [00:07<00:11, 12.69it/s][A

 39%|###8      | 93/239 [00:07<00:12, 12.08it/s][A

 40%|###9      | 95/239 [00:07<00:12, 11.75it/s][A

 41%|####      | 97/239 [00:07<00:13, 10.58it/s][A

 41%|####1     | 99/239 [00:08<00:13, 10.15it/s][A

 42%|####2     | 101/239 [00:08<00:13, 10.48it/s][A

 43%|####3     | 103/239 [00:08<00:13, 10.46it/s][A

 44%|####3     | 105/239 [00:08<00:12, 10.74it/s][A

 45%|####4     | 107/239 [00:08<00:12, 10.80it/s][A

 46%|####5     | 109/239 [00:09<00:12, 10.59it/s][A

 46%|####6     | 111/239 [00:09<00:11, 11.47it/s][A

 47%|####7     | 113/239 [00:09<00:10, 11.93it/s][A

 48%|####8     | 115/239 [00:09<00:10, 12.01it/s][A

 49%|####8     | 117/239 [00:09<00:10, 12.15it/s][A

 50%|####9     | 119/239 [00:09<00:09, 12.32it/s][A

 51%|#####     | 121/239 [00:10<00:09, 12.19it/s][A

 51%|#####1    | 123/239 [00:10<00:09, 12.17it/s][A

 52%|#####2    | 125/239 [00:10<00:09, 12.26it/s][A

 53%|#####3    | 127/239 [00:10<00:09, 12.31it/s][A

 54%|#####3    | 129/239 [00:10<00:09, 12.21it/s][A

 55%|#####4    | 131/239 [00:10<00:08, 12.37it/s][A

 56%|#####5    | 133/239 [00:11<00:08, 12.15it/s][A

 56%|#####6    | 135/239 [00:11<00:08, 12.54it/s][A

 57%|#####7    | 137/239 [00:11<00:08, 11.73it/s][A

 58%|#####8    | 139/239 [00:11<00:08, 12.20it/s][A

 59%|#####8    | 141/239 [00:11<00:07, 12.32it/s][A

 60%|#####9    | 143/239 [00:11<00:07, 12.36it/s][A

 61%|######    | 145/239 [00:12<00:07, 12.37it/s][A

 62%|######1   | 147/239 [00:12<00:07, 12.13it/s][A

 62%|######2   | 149/239 [00:12<00:07, 12.56it/s][A

 63%|######3   | 151/239 [00:12<00:07, 11.99it/s][A

 64%|######4   | 153/239 [00:12<00:07, 12.26it/s][A

 65%|######4   | 155/239 [00:12<00:06, 12.33it/s][A

 66%|######5   | 157/239 [00:12<00:06, 12.34it/s][A

 67%|######6   | 159/239 [00:13<00:06, 12.06it/s][A

 67%|######7   | 161/239 [00:13<00:06, 12.21it/s][A

 68%|######8   | 163/239 [00:13<00:06, 12.25it/s][A

 69%|######9   | 165/239 [00:13<00:06, 11.58it/s][A

 70%|######9   | 167/239 [00:13<00:06, 11.03it/s][A

 71%|#######   | 169/239 [00:14<00:06, 10.83it/s][A

 72%|#######1  | 171/239 [00:14<00:06, 10.61it/s][A

 72%|#######2  | 173/239 [00:14<00:06, 10.70it/s][A

 73%|#######3  | 175/239 [00:14<00:05, 10.96it/s][A

 74%|#######4  | 177/239 [00:14<00:05, 11.01it/s][A

 75%|#######4  | 179/239 [00:14<00:05, 10.95it/s][A

 76%|#######5  | 181/239 [00:15<00:05, 11.57it/s][A

 77%|#######6  | 183/239 [00:15<00:04, 11.77it/s][A

 77%|#######7  | 185/239 [00:15<00:04, 12.09it/s][A

 78%|#######8  | 187/239 [00:15<00:04, 11.95it/s][A

 79%|#######9  | 189/239 [00:15<00:04, 12.27it/s][A

 80%|#######9  | 191/239 [00:15<00:03, 12.34it/s][A

 81%|########  | 193/239 [00:16<00:03, 12.26it/s][A

 82%|########1 | 195/239 [00:16<00:03, 12.47it/s][A

 82%|########2 | 197/239 [00:16<00:03, 12.24it/s][A

 83%|########3 | 199/239 [00:16<00:03, 12.46it/s][A

 84%|########4 | 201/239 [00:16<00:03, 12.49it/s][A

 85%|########4 | 203/239 [00:16<00:03, 10.84it/s][A

 86%|########5 | 205/239 [00:17<00:03,  9.80it/s][A

 87%|########6 | 207/239 [00:17<00:03, 10.11it/s][A

 87%|########7 | 209/239 [00:17<00:02, 10.61it/s][A

 88%|########8 | 211/239 [00:17<00:02, 10.95it/s][A

 89%|########9 | 213/239 [00:17<00:02, 11.31it/s][A

 90%|########9 | 215/239 [00:18<00:02, 11.52it/s][A

 91%|######### | 217/239 [00:18<00:01, 11.36it/s][A

 92%|#########1| 219/239 [00:18<00:01, 11.52it/s][A

 92%|#########2| 221/239 [00:18<00:01, 11.80it/s][A

 93%|#########3| 223/239 [00:18<00:01, 11.74it/s][A

 94%|#########4| 225/239 [00:18<00:01, 12.18it/s][A

 95%|#########4| 227/239 [00:19<00:01, 11.79it/s][A

 96%|#########5| 229/239 [00:19<00:00, 11.65it/s][A

 97%|#########6| 231/239 [00:19<00:00, 12.00it/s][A

 97%|#########7| 233/239 [00:19<00:00, 11.91it/s][A

 98%|#########8| 235/239 [00:19<00:00, 11.87it/s][A

 99%|#########9| 237/239 [00:19<00:00, 11.98it/s][A

100%|##########| 239/239 [00:20<00:00, 12.00it/s][A
                                                   


                                                 
[A
 70%|#######   | 1400/2000 [52:05<19:28,  1.95s/it]

100%|##########| 239/239 [00:20<00:00, 12.00it/s][A

{'eval_loss': '2.878', 'eval_runtime': '20.17', 'eval_samples_per_second': '47.39', 'eval_steps_per_second': '11.85', 'epoch': '0.2393'}
                                                 [A

Writing model shards:   0%|          | 0/1 [00:00<?, ?it/s][A

Writing model shards: 100%|##########| 1/1 [00:00<00:00,  2.08it/s][A
Writing model shards: 100%|##########| 1/1 [00:00<00:00,  2.08it/s]

 70%|#######   | 1401/2000 [52:08<1:23:32,  8.37s/it]
 70%|#######   | 1402/2000 [52:10<1:03:28,  6.37s/it]
 70%|#######   | 1403/2000 [52:12<49:53,  5.01s/it]  
 70%|#######   | 1404/2000 [52:14<40:17,  4.06s/it]
 70%|#######   | 1405/2000 [52:16<33:59,  3.43s/it]
 70%|#######   | 1406/2000 [52:17<29:13,  2.95s/it]
 70%|#######   | 1407/2000 [52:19<25:34,  2.59s/it]
 70%|#######   | 1408/2000 [52:21<23:32,  2.39s/it]
 70%|#######   | 1409/2000 [52:23<22:03,  2.24s/it]
 70%|#######   | 1410/2000 [52:25<21:01,  2.14s/it]
 71%|#######   | 1411/2000 [52:27<19:59,  2.04s/it]
 71%|#######   | 1412/2000 [52:29<19:38,  2.00s/it]
 71%|#######   | 1413/2000 [52:30<19:16,  1.97s/it]
 71%|#######   | 1414/2000 [52:32<18:49,  1.93s/it]
 71%|#######   | 1415/2000 [52:34<18:23,  1.89s/it]
 71%|#######   | 1416/2000 [52:36<18:04,  1.86s/it]
 71%|#######   | 1417/2000 [52:38<17:52,  1.84s/it]
 71%|#######   | 1418/2000 [52:39<17:48,  1.84s/it]
 71%|#######   | 1419/2000 [52:41<17:38,  1.82s/it]
 71%|#######1  | 1420/2000 [52:43<17:33,  1.82s/it]
 71%|#######1  | 1421/2000 [52:45<17:52,  1.85s/it]
 71%|#######1  | 1422/2000 [52:47<17:57,  1.86s/it]
 71%|#######1  | 1423/2000 [52:49<18:03,  1.88s/it]
 71%|#######1  | 1424/2000 [52:51<18:00,  1.88s/it]
 71%|#######1  | 1425/2000 [52:53<18:01,  1.88s/it]
                                                   

 71%|#######1  | 1425/2000 [52:53<18:01,  1.88s/it]
 71%|#######1  | 1426/2000 [52:54<18:02,  1.89s/it]
 71%|#######1  | 1427/2000 [52:56<17:55,  1.88s/it]
 71%|#######1  | 1428/2000 [52:58<17:49,  1.87s/it]
 71%|#######1  | 1429/2000 [53:00<17:45,  1.87s/it]
 72%|#######1  | 1430/2000 [53:02<17:40,  1.86s/it]
 72%|#######1  | 1431/2000 [53:04<17:36,  1.86s/it]
 72%|#######1  | 1432/2000 [53:06<17:36,  1.86s/it]
 72%|#######1  | 1433/2000 [53:07<17:31,  1.85s/it]
 72%|#######1  | 1434/2000 [53:09<17:28,  1.85s/it]
 72%|#######1  | 1435/2000 [53:11<17:26,  1.85s/it]
 72%|#######1  | 1436/2000 [53:13<17:24,  1.85s/it]
 72%|#######1  | 1437/2000 [53:15<17:22,  1.85s/it]
 72%|#######1  | 1438/2000 [53:17<17:19,  1.85s/it]
 72%|#######1  | 1439/2000 [53:19<17:17,  1.85s/it]
 72%|#######2  | 1440/2000 [53:20<17:19,  1.86s/it]
 72%|#######2  | 1441/2000 [53:22<17:16,  1.85s/it]
 72%|#######2  | 1442/2000 [53:24<16:47,  1.80s/it]
 72%|#######2  | 1443/2000 [53:26<17:11,  1.85s/it]
 72%|#######2  | 1444/2000 [53:28<17:49,  1.92s/it]
 72%|#######2  | 1445/2000 [53:30<17:35,  1.90s/it]
 72%|#######2  | 1446/2000 [53:32<17:36,  1.91s/it]
 72%|#######2  | 1447/2000 [53:34<17:18,  1.88s/it]
 72%|#######2  | 1448/2000 [53:35<17:07,  1.86s/it]
 72%|#######2  | 1449/2000 [53:37<17:40,  1.92s/it]
 72%|#######2  | 1450/2000 [53:39<17:36,  1.92s/it]
                                                   

 72%|#######2  | 1450/2000 [53:39<17:36,  1.92s/it]
 73%|#######2  | 1451/2000 [53:42<18:36,  2.03s/it]
 73%|#######2  | 1452/2000 [53:43<17:57,  1.97s/it]
 73%|#######2  | 1453/2000 [53:45<17:27,  1.91s/it]
 73%|#######2  | 1454/2000 [53:47<17:21,  1.91s/it]
 73%|#######2  | 1455/2000 [53:49<17:09,  1.89s/it]
 73%|#######2  | 1456/2000 [53:51<18:34,  2.05s/it]
 73%|#######2  | 1457/2000 [53:53<17:56,  1.98s/it]
 73%|#######2  | 1458/2000 [53:55<17:39,  1.95s/it]
 73%|#######2  | 1459/2000 [53:57<18:14,  2.02s/it]
 73%|#######3  | 1460/2000 [53:59<18:25,  2.05s/it]
 73%|#######3  | 1461/2000 [54:03<22:01,  2.45s/it]
 73%|#######3  | 1462/2000 [54:06<22:51,  2.55s/it]
 73%|#######3  | 1463/2000 [54:08<23:04,  2.58s/it]
 73%|#######3  | 1464/2000 [54:10<21:49,  2.44s/it]
 73%|#######3  | 1465/2000 [54:14<23:34,  2.64s/it]
 73%|#######3  | 1466/2000 [54:16<23:40,  2.66s/it]
 73%|#######3  | 1467/2000 [54:19<23:03,  2.60s/it]
 73%|#######3  | 1468/2000 [54:21<21:51,  2.46s/it]
 73%|#######3  | 1469/2000 [54:23<21:07,  2.39s/it]
 74%|#######3  | 1470/2000 [54:25<19:41,  2.23s/it]
 74%|#######3  | 1471/2000 [54:27<18:47,  2.13s/it]
 74%|#######3  | 1472/2000 [54:29<17:49,  2.03s/it]
 74%|#######3  | 1473/2000 [54:30<17:12,  1.96s/it]
 74%|#######3  | 1474/2000 [54:32<16:36,  1.90s/it]
 74%|#######3  | 1475/2000 [54:34<16:29,  1.88s/it]
                                                   

 74%|#######3  | 1475/2000 [54:34<16:29,  1.88s/it]
 74%|#######3  | 1476/2000 [54:36<16:21,  1.87s/it]
 74%|#######3  | 1477/2000 [54:38<16:30,  1.89s/it]
 74%|#######3  | 1478/2000 [54:40<16:48,  1.93s/it]
 74%|#######3  | 1479/2000 [54:42<17:08,  1.97s/it]
 74%|#######4  | 1480/2000 [54:44<17:22,  2.00s/it]
 74%|#######4  | 1481/2000 [54:46<16:39,  1.93s/it]
 74%|#######4  | 1482/2000 [54:48<16:28,  1.91s/it]
 74%|#######4  | 1483/2000 [54:49<16:12,  1.88s/it]
 74%|#######4  | 1484/2000 [54:51<16:00,  1.86s/it]
 74%|#######4  | 1485/2000 [54:53<15:37,  1.82s/it]
 74%|#######4  | 1486/2000 [54:55<15:11,  1.77s/it]
 74%|#######4  | 1487/2000 [54:57<15:43,  1.84s/it]
 74%|#######4  | 1488/2000 [54:59<16:47,  1.97s/it]
 74%|#######4  | 1489/2000 [55:00<15:54,  1.87s/it]
 74%|#######4  | 1490/2000 [55:02<15:46,  1.85s/it]
 75%|#######4  | 1491/2000 [55:04<15:17,  1.80s/it]
 75%|#######4  | 1492/2000 [55:06<15:12,  1.80s/it]
 75%|#######4  | 1493/2000 [55:08<15:18,  1.81s/it]
 75%|#######4  | 1494/2000 [55:09<15:01,  1.78s/it]
 75%|#######4  | 1495/2000 [55:11<15:36,  1.86s/it]
 75%|#######4  | 1496/2000 [55:13<15:35,  1.86s/it]
 75%|#######4  | 1497/2000 [55:15<15:35,  1.86s/it]
 75%|#######4  | 1498/2000 [55:17<15:11,  1.82s/it]
 75%|#######4  | 1499/2000 [55:18<14:56,  1.79s/it]
 75%|#######5  | 1500/2000 [55:20<15:13,  1.83s/it]
                                                   

{'loss': '3.998', 'grad_norm': '1.99', 'learning_rate': '8.405e-05', 'epoch': '0.2435'}
{'loss': '3.991', 'grad_norm': '1.787', 'learning_rate': '7.742e-05', 'epoch': '0.2478'}
{'loss': '4.015', 'grad_norm': '1.539', 'learning_rate': '7.099e-05', 'epoch': '0.2521'}
{'loss': '4.016', 'grad_norm': '1.559', 'learning_rate': '6.479e-05', 'epoch': '0.2563'}
 75%|#######5  | 1500/2000 [55:20<15:13,  1.83s/it]

  0%|          | 0/239 [00:00<?, ?it/s][A

  1%|1         | 3/239 [00:00<00:11, 20.12it/s][A

  3%|2         | 6/239 [00:00<00:14, 15.63it/s][A

  3%|3         | 8/239 [00:00<00:17, 13.38it/s][A

  4%|4         | 10/239 [00:00<00:16, 13.53it/s][A

  5%|5         | 12/239 [00:00<00:17, 13.24it/s][A

  6%|5         | 14/239 [00:01<00:17, 13.08it/s][A

  7%|6         | 16/239 [00:01<00:17, 12.69it/s][A

  8%|7         | 18/239 [00:01<00:18, 11.64it/s][A

  8%|8         | 20/239 [00:01<00:18, 11.78it/s][A

  9%|9         | 22/239 [00:01<00:18, 11.70it/s][A

 10%|#         | 24/239 [00:01<00:17, 11.97it/s][A

 11%|#         | 26/239 [00:02<00:17, 11.92it/s][A

 12%|#1        | 28/239 [00:02<00:17, 12.10it/s][A

 13%|#2        | 30/239 [00:02<00:16, 12.56it/s][A

 13%|#3        | 32/239 [00:02<00:16, 12.21it/s][A

 14%|#4        | 34/239 [00:02<00:16, 12.35it/s][A

 15%|#5        | 36/239 [00:02<00:16, 12.08it/s][A

 16%|#5        | 38/239 [00:03<00:16, 12.18it/s][A

 17%|#6        | 40/239 [00:03<00:15, 12.78it/s][A

 18%|#7        | 42/239 [00:03<00:15, 12.76it/s][A

 18%|#8        | 44/239 [00:03<00:14, 13.13it/s][A

 19%|#9        | 46/239 [00:03<00:14, 12.99it/s][A

 20%|##        | 48/239 [00:03<00:15, 12.51it/s][A

 21%|##        | 50/239 [00:04<00:17, 10.82it/s][A

 22%|##1       | 52/239 [00:04<00:17, 10.83it/s][A

 23%|##2       | 54/239 [00:04<00:17, 10.42it/s][A

 23%|##3       | 56/239 [00:04<00:17, 10.51it/s][A

 24%|##4       | 58/239 [00:04<00:16, 11.07it/s][A

 25%|##5       | 60/239 [00:04<00:15, 11.19it/s][A

 26%|##5       | 62/239 [00:05<00:16, 10.99it/s][A

 27%|##6       | 64/239 [00:05<00:15, 11.14it/s][A

 28%|##7       | 66/239 [00:05<00:15, 10.97it/s][A

 28%|##8       | 68/239 [00:05<00:15, 11.10it/s][A

 29%|##9       | 70/239 [00:05<00:16, 10.39it/s][A

 30%|###       | 72/239 [00:06<00:14, 11.27it/s][A

 31%|###       | 74/239 [00:06<00:14, 11.07it/s][A

 32%|###1      | 76/239 [00:06<00:14, 11.18it/s][A

 33%|###2      | 78/239 [00:06<00:14, 11.28it/s][A

 33%|###3      | 80/239 [00:06<00:15, 10.54it/s][A

 34%|###4      | 82/239 [00:06<00:13, 11.67it/s][A

 35%|###5      | 84/239 [00:07<00:12, 11.95it/s][A

 36%|###5      | 86/239 [00:07<00:12, 12.15it/s][A

 37%|###6      | 88/239 [00:07<00:12, 12.28it/s][A

 38%|###7      | 90/239 [00:07<00:12, 12.04it/s][A

 38%|###8      | 92/239 [00:07<00:11, 12.57it/s][A

 39%|###9      | 94/239 [00:07<00:12, 11.90it/s][A

 40%|####      | 96/239 [00:08<00:11, 12.47it/s][A

 41%|####1     | 98/239 [00:08<00:11, 12.54it/s][A

 42%|####1     | 100/239 [00:08<00:11, 12.57it/s][A

 43%|####2     | 102/239 [00:08<00:10, 12.48it/s][A

 44%|####3     | 104/239 [00:08<00:10, 12.62it/s][A

 44%|####4     | 106/239 [00:08<00:10, 13.01it/s][A

 45%|####5     | 108/239 [00:09<00:11, 11.63it/s][A

 46%|####6     | 110/239 [00:09<00:10, 12.50it/s][A

 47%|####6     | 112/239 [00:09<00:10, 12.18it/s][A

 48%|####7     | 114/239 [00:09<00:09, 12.68it/s][A

 49%|####8     | 116/239 [00:09<00:09, 12.32it/s][A

 49%|####9     | 118/239 [00:09<00:09, 12.41it/s][A

 50%|#####     | 120/239 [00:09<00:09, 12.39it/s][A

 51%|#####1    | 122/239 [00:10<00:09, 12.21it/s][A

 52%|#####1    | 124/239 [00:10<00:09, 12.69it/s][A

 53%|#####2    | 126/239 [00:10<00:08, 12.67it/s][A

 54%|#####3    | 128/239 [00:10<00:09, 12.29it/s][A

 54%|#####4    | 130/239 [00:10<00:08, 12.68it/s][A

 55%|#####5    | 132/239 [00:10<00:08, 12.76it/s][A

 56%|#####6    | 134/239 [00:11<00:08, 12.73it/s][A

 57%|#####6    | 136/239 [00:11<00:08, 12.72it/s][A

 58%|#####7    | 138/239 [00:11<00:08, 12.32it/s][A

 59%|#####8    | 140/239 [00:11<00:07, 12.41it/s][A

 59%|#####9    | 142/239 [00:11<00:07, 12.48it/s][A

 60%|######    | 144/239 [00:11<00:07, 12.54it/s][A

 61%|######1   | 146/239 [00:12<00:07, 12.17it/s][A

 62%|######1   | 148/239 [00:12<00:07, 12.37it/s][A

 63%|######2   | 150/239 [00:12<00:06, 12.85it/s][A

 64%|######3   | 152/239 [00:12<00:07, 12.41it/s][A

 64%|######4   | 154/239 [00:12<00:07, 12.04it/s][A

 65%|######5   | 156/239 [00:12<00:06, 12.68it/s][A

 66%|######6   | 158/239 [00:13<00:06, 12.67it/s][A

 67%|######6   | 160/239 [00:13<00:06, 12.65it/s][A

 68%|######7   | 162/239 [00:13<00:06, 12.66it/s][A

 69%|######8   | 164/239 [00:13<00:06, 12.31it/s][A

 69%|######9   | 166/239 [00:13<00:05, 12.79it/s][A

 70%|#######   | 168/239 [00:13<00:05, 12.75it/s][A

 71%|#######1  | 170/239 [00:13<00:05, 12.74it/s][A

 72%|#######1  | 172/239 [00:14<00:05, 12.71it/s][A

 73%|#######2  | 174/239 [00:14<00:05, 12.69it/s][A

 74%|#######3  | 176/239 [00:14<00:04, 12.64it/s][A

 74%|#######4  | 178/239 [00:14<00:04, 12.33it/s][A

 75%|#######5  | 180/239 [00:14<00:04, 12.41it/s][A

 76%|#######6  | 182/239 [00:14<00:04, 12.87it/s][A

 77%|#######6  | 184/239 [00:15<00:04, 12.42it/s][A

 78%|#######7  | 186/239 [00:15<00:04, 12.88it/s][A

 79%|#######8  | 188/239 [00:15<00:03, 12.80it/s][A

 79%|#######9  | 190/239 [00:15<00:03, 12.78it/s][A

 80%|########  | 192/239 [00:15<00:03, 12.74it/s][A

 81%|########1 | 194/239 [00:15<00:03, 12.72it/s][A

 82%|########2 | 196/239 [00:16<00:03, 12.32it/s][A

 83%|########2 | 198/239 [00:16<00:03, 11.56it/s][A

 84%|########3 | 200/239 [00:16<00:03, 11.31it/s][A

 85%|########4 | 202/239 [00:16<00:03, 11.45it/s][A

 85%|########5 | 204/239 [00:16<00:02, 12.28it/s][A

 86%|########6 | 206/239 [00:16<00:02, 12.61it/s][A

 87%|########7 | 208/239 [00:17<00:02, 11.91it/s][A

 88%|########7 | 210/239 [00:17<00:02, 12.12it/s][A

 89%|########8 | 212/239 [00:17<00:02, 12.67it/s][A

 90%|########9 | 214/239 [00:17<00:02, 12.30it/s][A

 90%|######### | 216/239 [00:17<00:01, 12.77it/s][A

 91%|#########1| 218/239 [00:17<00:01, 12.34it/s][A

 92%|#########2| 220/239 [00:18<00:01, 12.39it/s][A

 93%|#########2| 222/239 [00:18<00:01, 11.83it/s][A

 94%|#########3| 224/239 [00:18<00:01, 12.08it/s][A

 95%|#########4| 226/239 [00:18<00:01, 13.00it/s][A

 95%|#########5| 228/239 [00:18<00:00, 12.90it/s][A

 96%|#########6| 230/239 [00:18<00:00, 12.84it/s][A

 97%|#########7| 232/239 [00:18<00:00, 11.93it/s][A

 98%|#########7| 234/239 [00:19<00:00, 12.64it/s][A

 99%|#########8| 236/239 [00:19<00:00, 12.65it/s][A

100%|#########9| 238/239 [00:19<00:00, 12.48it/s][A
                                                   


                                                 
[A
 75%|#######5  | 1500/2000 [55:40<15:13,  1.83s/it]

100%|##########| 239/239 [00:19<00:00, 12.48it/s][A

{'eval_loss': '2.837', 'eval_runtime': '19.61', 'eval_samples_per_second': '48.76', 'eval_steps_per_second': '12.19', 'epoch': '0.2563'}
                                                 [A

Writing model shards:   0%|          | 0/1 [00:00<?, ?it/s][A

Writing model shards: 100%|##########| 1/1 [00:00<00:00,  2.03it/s][A
Writing model shards: 100%|##########| 1/1 [00:00<00:00,  2.02it/s]

 75%|#######5  | 1501/2000 [55:43<1:07:02,  8.06s/it]
 75%|#######5  | 1502/2000 [55:45<51:26,  6.20s/it]  
 75%|#######5  | 1503/2000 [55:47<40:16,  4.86s/it]
 75%|#######5  | 1504/2000 [55:48<32:27,  3.93s/it]
 75%|#######5  | 1505/2000 [55:50<27:00,  3.27s/it]
 75%|#######5  | 1506/2000 [55:52<23:39,  2.87s/it]
 75%|#######5  | 1507/2000 [55:54<20:53,  2.54s/it]
 75%|#######5  | 1508/2000 [55:56<18:55,  2.31s/it]
 75%|#######5  | 1509/2000 [55:57<17:36,  2.15s/it]
 76%|#######5  | 1510/2000 [55:59<16:57,  2.08s/it]
 76%|#######5  | 1511/2000 [56:01<16:23,  2.01s/it]
 76%|#######5  | 1512/2000 [56:03<16:14,  2.00s/it]
 76%|#######5  | 1513/2000 [56:05<15:48,  1.95s/it]
 76%|#######5  | 1514/2000 [56:07<15:22,  1.90s/it]
 76%|#######5  | 1515/2000 [56:08<15:05,  1.87s/it]
 76%|#######5  | 1516/2000 [56:10<14:50,  1.84s/it]
 76%|#######5  | 1517/2000 [56:12<14:43,  1.83s/it]
 76%|#######5  | 1518/2000 [56:14<14:39,  1.82s/it]
 76%|#######5  | 1519/2000 [56:16<14:44,  1.84s/it]
 76%|#######6  | 1520/2000 [56:18<14:35,  1.82s/it]
 76%|#######6  | 1521/2000 [56:19<14:48,  1.86s/it]
 76%|#######6  | 1522/2000 [56:21<14:33,  1.83s/it]
 76%|#######6  | 1523/2000 [56:23<14:44,  1.85s/it]
 76%|#######6  | 1524/2000 [56:25<14:35,  1.84s/it]
 76%|#######6  | 1525/2000 [56:27<14:28,  1.83s/it]
                                                   

 76%|#######6  | 1525/2000 [56:27<14:28,  1.83s/it]
 76%|#######6  | 1526/2000 [56:29<14:26,  1.83s/it]
 76%|#######6  | 1527/2000 [56:30<14:23,  1.83s/it]
 76%|#######6  | 1528/2000 [56:32<14:28,  1.84s/it]
 76%|#######6  | 1529/2000 [56:34<14:53,  1.90s/it]
 76%|#######6  | 1530/2000 [56:36<14:41,  1.88s/it]
 77%|#######6  | 1531/2000 [56:38<14:21,  1.84s/it]
 77%|#######6  | 1532/2000 [56:40<14:14,  1.83s/it]
 77%|#######6  | 1533/2000 [56:42<14:13,  1.83s/it]
 77%|#######6  | 1534/2000 [56:43<14:02,  1.81s/it]
 77%|#######6  | 1535/2000 [56:45<14:13,  1.84s/it]
 77%|#######6  | 1536/2000 [56:47<14:19,  1.85s/it]
 77%|#######6  | 1537/2000 [56:49<14:24,  1.87s/it]
 77%|#######6  | 1538/2000 [56:51<14:10,  1.84s/it]
 77%|#######6  | 1539/2000 [56:52<13:55,  1.81s/it]
 77%|#######7  | 1540/2000 [56:54<13:42,  1.79s/it]
 77%|#######7  | 1541/2000 [56:56<13:31,  1.77s/it]
 77%|#######7  | 1542/2000 [56:58<13:55,  1.82s/it]
 77%|#######7  | 1543/2000 [57:00<13:59,  1.84s/it]
 77%|#######7  | 1544/2000 [57:02<14:08,  1.86s/it]
 77%|#######7  | 1545/2000 [57:04<14:32,  1.92s/it]
 77%|#######7  | 1546/2000 [57:06<14:18,  1.89s/it]
 77%|#######7  | 1547/2000 [57:07<14:05,  1.87s/it]
 77%|#######7  | 1548/2000 [57:09<14:01,  1.86s/it]
 77%|#######7  | 1549/2000 [57:11<13:51,  1.84s/it]
 78%|#######7  | 1550/2000 [57:13<14:00,  1.87s/it]
                                                   

 78%|#######7  | 1550/2000 [57:13<14:00,  1.87s/it]
 78%|#######7  | 1551/2000 [57:15<13:54,  1.86s/it]
 78%|#######7  | 1552/2000 [57:17<14:32,  1.95s/it]
 78%|#######7  | 1553/2000 [57:19<14:55,  2.00s/it]
 78%|#######7  | 1554/2000 [57:21<14:52,  2.00s/it]
 78%|#######7  | 1555/2000 [57:23<15:46,  2.13s/it]
 78%|#######7  | 1556/2000 [57:26<15:32,  2.10s/it]
 78%|#######7  | 1557/2000 [57:28<15:25,  2.09s/it]
 78%|#######7  | 1558/2000 [57:30<15:23,  2.09s/it]
 78%|#######7  | 1559/2000 [57:32<15:51,  2.16s/it]
 78%|#######8  | 1560/2000 [57:34<15:08,  2.07s/it]
 78%|#######8  | 1561/2000 [57:36<14:44,  2.02s/it]
 78%|#######8  | 1562/2000 [57:38<14:37,  2.00s/it]
 78%|#######8  | 1563/2000 [57:40<14:20,  1.97s/it]
 78%|#######8  | 1564/2000 [57:41<14:00,  1.93s/it]
 78%|#######8  | 1565/2000 [57:43<13:44,  1.89s/it]
 78%|#######8  | 1566/2000 [57:45<13:54,  1.92s/it]
 78%|#######8  | 1567/2000 [57:47<13:43,  1.90s/it]
 78%|#######8  | 1568/2000 [57:49<13:54,  1.93s/it]
 78%|#######8  | 1569/2000 [57:51<14:07,  1.97s/it]
 78%|#######8  | 1570/2000 [57:53<13:55,  1.94s/it]
 79%|#######8  | 1571/2000 [57:55<14:00,  1.96s/it]
 79%|#######8  | 1572/2000 [57:57<14:00,  1.96s/it]
 79%|#######8  | 1573/2000 [57:59<14:04,  1.98s/it]
 79%|#######8  | 1574/2000 [58:01<14:23,  2.03s/it]
 79%|#######8  | 1575/2000 [58:03<14:13,  2.01s/it]
                                                   

 79%|#######8  | 1575/2000 [58:03<14:13,  2.01s/it]
 79%|#######8  | 1576/2000 [58:05<14:09,  2.00s/it]
 79%|#######8  | 1577/2000 [58:07<13:47,  1.96s/it]
 79%|#######8  | 1578/2000 [58:09<13:44,  1.95s/it]
 79%|#######8  | 1579/2000 [58:11<13:58,  1.99s/it]
 79%|#######9  | 1580/2000 [58:13<13:49,  1.97s/it]
 79%|#######9  | 1581/2000 [58:15<14:20,  2.05s/it]
 79%|#######9  | 1582/2000 [58:18<15:10,  2.18s/it]
 79%|#######9  | 1583/2000 [58:20<15:04,  2.17s/it]
 79%|#######9  | 1584/2000 [58:22<14:34,  2.10s/it]
 79%|#######9  | 1585/2000 [58:24<14:20,  2.07s/it]
 79%|#######9  | 1586/2000 [58:26<14:11,  2.06s/it]
 79%|#######9  | 1587/2000 [58:28<13:54,  2.02s/it]
 79%|#######9  | 1588/2000 [58:30<13:52,  2.02s/it]
 79%|#######9  | 1589/2000 [58:32<14:01,  2.05s/it]
 80%|#######9  | 1590/2000 [58:34<13:52,  2.03s/it]
 80%|#######9  | 1591/2000 [58:36<13:09,  1.93s/it]
 80%|#######9  | 1592/2000 [58:37<12:54,  1.90s/it]
 80%|#######9  | 1593/2000 [58:39<12:47,  1.89s/it]
 80%|#######9  | 1594/2000 [58:41<12:43,  1.88s/it]
 80%|#######9  | 1595/2000 [58:43<12:46,  1.89s/it]
 80%|#######9  | 1596/2000 [58:45<12:39,  1.88s/it]
 80%|#######9  | 1597/2000 [58:47<12:44,  1.90s/it]
 80%|#######9  | 1598/2000 [58:49<12:39,  1.89s/it]
 80%|#######9  | 1599/2000 [58:50<12:15,  1.84s/it]
 80%|########  | 1600/2000 [58:52<12:02,  1.81s/it]
                                                   

{'loss': '3.877', 'grad_norm': '1.895', 'learning_rate': '5.881e-05', 'epoch': '0.2606'}
{'loss': '3.939', 'grad_norm': '1.794', 'learning_rate': '5.308e-05', 'epoch': '0.2649'}
{'loss': '3.885', 'grad_norm': '1.681', 'learning_rate': '4.76e-05', 'epoch': '0.2692'}
{'loss': '3.896', 'grad_norm': '1.344', 'learning_rate': '4.238e-05', 'epoch': '0.2734'}
 80%|########  | 1600/2000 [58:52<12:02,  1.81s/it]

  0%|          | 0/239 [00:00<?, ?it/s][A

  1%|1         | 3/239 [00:00<00:12, 18.88it/s][A

  2%|2         | 5/239 [00:00<00:16, 14.61it/s][A

  3%|2         | 7/239 [00:00<00:17, 13.17it/s][A

  4%|3         | 9/239 [00:00<00:16, 13.62it/s][A

  5%|4         | 11/239 [00:00<00:17, 12.78it/s][A

  5%|5         | 13/239 [00:00<00:16, 13.37it/s][A

  6%|6         | 15/239 [00:01<00:16, 13.58it/s][A

  7%|7         | 17/239 [00:01<00:17, 13.03it/s][A

  8%|7         | 19/239 [00:01<00:17, 12.52it/s][A

  9%|8         | 21/239 [00:01<00:18, 11.67it/s][A

 10%|9         | 23/239 [00:01<00:19, 11.02it/s][A

 10%|#         | 25/239 [00:02<00:19, 10.95it/s][A

 11%|#1        | 27/239 [00:02<00:18, 11.30it/s][A

 12%|#2        | 29/239 [00:02<00:17, 11.67it/s][A

 13%|#2        | 31/239 [00:02<00:18, 11.10it/s][A

 14%|#3        | 33/239 [00:02<00:19, 10.82it/s][A

 15%|#4        | 35/239 [00:02<00:18, 11.22it/s][A

 15%|#5        | 37/239 [00:03<00:17, 11.66it/s][A

 16%|#6        | 39/239 [00:03<00:16, 11.77it/s][A

 17%|#7        | 41/239 [00:03<00:16, 11.75it/s][A

 18%|#7        | 43/239 [00:03<00:15, 12.45it/s][A

 19%|#8        | 45/239 [00:03<00:15, 12.40it/s][A

 20%|#9        | 47/239 [00:03<00:15, 12.66it/s][A

 21%|##        | 49/239 [00:04<00:15, 12.20it/s][A

 21%|##1       | 51/239 [00:04<00:14, 12.68it/s][A

 22%|##2       | 53/239 [00:04<00:15, 12.31it/s][A

 23%|##3       | 55/239 [00:04<00:14, 12.41it/s][A

 24%|##3       | 57/239 [00:04<00:14, 12.48it/s][A

 25%|##4       | 59/239 [00:04<00:14, 12.54it/s][A

 26%|##5       | 61/239 [00:04<00:14, 12.55it/s][A

 26%|##6       | 63/239 [00:05<00:14, 12.56it/s][A

 27%|##7       | 65/239 [00:05<00:14, 11.92it/s][A

 28%|##8       | 67/239 [00:05<00:14, 12.07it/s][A

 29%|##8       | 69/239 [00:05<00:13, 12.32it/s][A

 30%|##9       | 71/239 [00:05<00:13, 12.70it/s][A

 31%|###       | 73/239 [00:05<00:13, 12.67it/s][A

 31%|###1      | 75/239 [00:06<00:12, 12.64it/s][A

 32%|###2      | 77/239 [00:06<00:12, 12.71it/s][A

 33%|###3      | 79/239 [00:06<00:13, 11.88it/s][A

 34%|###3      | 81/239 [00:06<00:14, 10.86it/s][A

 35%|###4      | 83/239 [00:06<00:14, 10.74it/s][A

 36%|###5      | 85/239 [00:07<00:14, 10.40it/s][A

 36%|###6      | 87/239 [00:07<00:15, 10.06it/s][A

 37%|###7      | 89/239 [00:07<00:13, 10.86it/s][A

 38%|###8      | 91/239 [00:07<00:13, 10.87it/s][A

 39%|###8      | 93/239 [00:07<00:13, 11.17it/s][A

 40%|###9      | 95/239 [00:07<00:12, 11.36it/s][A

 41%|####      | 97/239 [00:08<00:12, 11.44it/s][A

 41%|####1     | 99/239 [00:08<00:12, 11.48it/s][A

 42%|####2     | 101/239 [00:08<00:11, 11.64it/s][A

 43%|####3     | 103/239 [00:08<00:11, 11.60it/s][A

 44%|####3     | 105/239 [00:08<00:11, 11.55it/s][A

 45%|####4     | 107/239 [00:08<00:11, 11.84it/s][A

 46%|####5     | 109/239 [00:09<00:11, 11.56it/s][A

 46%|####6     | 111/239 [00:09<00:11, 11.45it/s][A

 47%|####7     | 113/239 [00:09<00:11, 11.14it/s][A

 48%|####8     | 115/239 [00:09<00:11, 11.17it/s][A

 49%|####8     | 117/239 [00:09<00:10, 11.45it/s][A

 50%|####9     | 119/239 [00:10<00:10, 11.58it/s][A

 51%|#####     | 121/239 [00:10<00:10, 11.56it/s][A

 51%|#####1    | 123/239 [00:10<00:10, 11.55it/s][A

 52%|#####2    | 125/239 [00:10<00:09, 12.20it/s][A

 53%|#####3    | 127/239 [00:10<00:09, 12.31it/s][A

 54%|#####3    | 129/239 [00:10<00:08, 12.40it/s][A

 55%|#####4    | 131/239 [00:10<00:08, 12.84it/s][A

 56%|#####5    | 133/239 [00:11<00:08, 12.77it/s][A

 56%|#####6    | 135/239 [00:11<00:08, 12.32it/s][A

 57%|#####7    | 137/239 [00:11<00:07, 12.78it/s][A

 58%|#####8    | 139/239 [00:11<00:07, 12.63it/s][A

 59%|#####8    | 141/239 [00:11<00:07, 12.71it/s][A

 60%|#####9    | 143/239 [00:11<00:07, 12.69it/s][A

 61%|######    | 145/239 [00:12<00:07, 12.74it/s][A

 62%|######1   | 147/239 [00:12<00:07, 12.60it/s][A

 62%|######2   | 149/239 [00:12<00:06, 13.00it/s][A

 63%|######3   | 151/239 [00:12<00:07, 12.28it/s][A

 64%|######4   | 153/239 [00:12<00:06, 12.99it/s][A

 65%|######4   | 155/239 [00:12<00:06, 12.46it/s][A

 66%|######5   | 157/239 [00:13<00:06, 12.56it/s][A

 67%|######6   | 159/239 [00:13<00:06, 12.58it/s][A

 67%|######7   | 161/239 [00:13<00:06, 12.60it/s][A

 68%|######8   | 163/239 [00:13<00:06, 11.90it/s][A

 69%|######9   | 165/239 [00:13<00:06, 11.99it/s][A

 70%|######9   | 167/239 [00:13<00:05, 12.63it/s][A

 71%|#######   | 169/239 [00:14<00:05, 12.61it/s][A

 72%|#######1  | 171/239 [00:14<00:05, 12.60it/s][A

 72%|#######2  | 173/239 [00:14<00:05, 11.84it/s][A

 73%|#######3  | 175/239 [00:14<00:05, 12.11it/s][A

 74%|#######4  | 177/239 [00:14<00:04, 12.46it/s][A

 75%|#######4  | 179/239 [00:14<00:04, 12.66it/s][A

 76%|#######5  | 181/239 [00:14<00:04, 12.67it/s][A

 77%|#######6  | 183/239 [00:15<00:04, 11.63it/s][A

 77%|#######7  | 185/239 [00:15<00:04, 11.26it/s][A

 78%|#######8  | 187/239 [00:15<00:04, 10.73it/s][A

 79%|#######9  | 189/239 [00:15<00:04, 10.95it/s][A

 80%|#######9  | 191/239 [00:15<00:04, 11.39it/s][A

 81%|########  | 193/239 [00:16<00:03, 11.74it/s][A

 82%|########1 | 195/239 [00:16<00:03, 11.44it/s][A

 82%|########2 | 197/239 [00:16<00:03, 11.81it/s][A

 83%|########3 | 199/239 [00:16<00:03, 10.94it/s][A

 84%|########4 | 201/239 [00:16<00:03, 11.10it/s][A

 85%|########4 | 203/239 [00:16<00:03, 11.84it/s][A

 86%|########5 | 205/239 [00:17<00:02, 11.97it/s][A

 87%|########6 | 207/239 [00:17<00:02, 11.90it/s][A

 87%|########7 | 209/239 [00:17<00:02, 12.13it/s][A

 88%|########8 | 211/239 [00:17<00:02, 12.25it/s][A

 89%|########9 | 213/239 [00:17<00:02, 12.00it/s][A

 90%|########9 | 215/239 [00:17<00:02, 11.96it/s][A

 91%|######### | 217/239 [00:18<00:01, 11.78it/s][A

 92%|#########1| 219/239 [00:18<00:01, 11.69it/s][A

 92%|#########2| 221/239 [00:18<00:01, 11.86it/s][A

 93%|#########3| 223/239 [00:18<00:01, 11.74it/s][A

 94%|#########4| 225/239 [00:18<00:01, 12.34it/s][A

 95%|#########4| 227/239 [00:18<00:00, 12.18it/s][A

 96%|#########5| 229/239 [00:19<00:00, 12.22it/s][A

 97%|#########6| 231/239 [00:19<00:00, 12.09it/s][A

 97%|#########7| 233/239 [00:19<00:00, 12.48it/s][A

 98%|#########8| 235/239 [00:19<00:00, 12.50it/s][A

 99%|#########9| 237/239 [00:19<00:00, 11.84it/s][A

100%|##########| 239/239 [00:19<00:00, 12.41it/s][A
                                                   


                                                 
[A
 80%|########  | 1600/2000 [59:12<12:02,  1.81s/it]

100%|##########| 239/239 [00:19<00:00, 12.41it/s][A

{'eval_loss': '2.795', 'eval_runtime': '19.99', 'eval_samples_per_second': '47.82', 'eval_steps_per_second': '11.95', 'epoch': '0.2734'}
                                                 [A

Writing model shards:   0%|          | 0/1 [00:00<?, ?it/s][A

Writing model shards: 100%|##########| 1/1 [00:00<00:00,  1.40it/s][A
Writing model shards: 100%|##########| 1/1 [00:00<00:00,  1.40it/s]

 80%|########  | 1601/2000 [59:15<54:51,  8.25s/it]
 80%|########  | 1602/2000 [59:17<41:38,  6.28s/it]
 80%|########  | 1603/2000 [59:19<32:48,  4.96s/it]
 80%|########  | 1604/2000 [59:21<26:24,  4.00s/it]
 80%|########  | 1605/2000 [59:23<22:02,  3.35s/it]
 80%|########  | 1606/2000 [59:24<19:05,  2.91s/it]
 80%|########  | 1607/2000 [59:26<16:51,  2.57s/it]
 80%|########  | 1608/2000 [59:28<15:17,  2.34s/it]
 80%|########  | 1609/2000 [59:30<14:12,  2.18s/it]
 80%|########  | 1610/2000 [59:32<13:26,  2.07s/it]
 81%|########  | 1611/2000 [59:34<13:10,  2.03s/it]
 81%|########  | 1612/2000 [59:36<13:17,  2.06s/it]
 81%|########  | 1613/2000 [59:38<13:12,  2.05s/it]
 81%|########  | 1614/2000 [59:40<12:46,  1.99s/it]
 81%|########  | 1615/2000 [59:41<12:21,  1.93s/it]
 81%|########  | 1616/2000 [59:43<12:22,  1.93s/it]
 81%|########  | 1617/2000 [59:45<12:35,  1.97s/it]
 81%|########  | 1618/2000 [59:47<12:19,  1.94s/it]
 81%|########  | 1619/2000 [59:49<12:12,  1.92s/it]
 81%|########1 | 1620/2000 [59:51<12:14,  1.93s/it]
 81%|########1 | 1621/2000 [59:53<12:19,  1.95s/it]
 81%|########1 | 1622/2000 [59:55<12:25,  1.97s/it]
 81%|########1 | 1623/2000 [59:57<12:36,  2.01s/it]
 81%|########1 | 1624/2000 [59:59<12:35,  2.01s/it]
 81%|########1 | 1625/2000 [1:00:01<13:02,  2.09s/it]
                                                     

 81%|########1 | 1625/2000 [1:00:01<13:02,  2.09s/it]
 81%|########1 | 1626/2000 [1:00:03<12:38,  2.03s/it]
 81%|########1 | 1627/2000 [1:00:05<12:26,  2.00s/it]
 81%|########1 | 1628/2000 [1:00:07<12:17,  1.98s/it]
 81%|########1 | 1629/2000 [1:00:09<12:14,  1.98s/it]
 82%|########1 | 1630/2000 [1:00:11<12:06,  1.96s/it]
 82%|########1 | 1631/2000 [1:00:13<11:55,  1.94s/it]
 82%|########1 | 1632/2000 [1:00:15<11:58,  1.95s/it]
 82%|########1 | 1633/2000 [1:00:17<12:21,  2.02s/it]
 82%|########1 | 1634/2000 [1:00:19<12:38,  2.07s/it]
 82%|########1 | 1635/2000 [1:00:21<12:40,  2.08s/it]
 82%|########1 | 1636/2000 [1:00:24<13:15,  2.18s/it]
 82%|########1 | 1637/2000 [1:00:26<13:48,  2.28s/it]
 82%|########1 | 1638/2000 [1:00:28<13:13,  2.19s/it]
 82%|########1 | 1639/2000 [1:00:30<12:49,  2.13s/it]
 82%|########2 | 1640/2000 [1:00:32<12:32,  2.09s/it]
 82%|########2 | 1641/2000 [1:00:34<12:38,  2.11s/it]
 82%|########2 | 1642/2000 [1:00:37<12:41,  2.13s/it]
 82%|########2 | 1643/2000 [1:00:39<12:29,  2.10s/it]
 82%|########2 | 1644/2000 [1:00:41<12:13,  2.06s/it]
 82%|########2 | 1645/2000 [1:00:43<12:39,  2.14s/it]
 82%|########2 | 1646/2000 [1:00:45<12:46,  2.17s/it]
 82%|########2 | 1647/2000 [1:00:47<12:33,  2.13s/it]
 82%|########2 | 1648/2000 [1:00:49<12:29,  2.13s/it]
 82%|########2 | 1649/2000 [1:00:51<12:22,  2.12s/it]
 82%|########2 | 1650/2000 [1:00:54<12:22,  2.12s/it]
                                                     

 82%|########2 | 1650/2000 [1:00:54<12:22,  2.12s/it]
 83%|########2 | 1651/2000 [1:00:56<12:15,  2.11s/it]
 83%|########2 | 1652/2000 [1:00:58<12:10,  2.10s/it]
 83%|########2 | 1653/2000 [1:01:00<12:31,  2.17s/it]
 83%|########2 | 1654/2000 [1:01:03<13:00,  2.25s/it]
 83%|########2 | 1655/2000 [1:01:05<13:43,  2.39s/it]
 83%|########2 | 1656/2000 [1:01:07<13:21,  2.33s/it]
 83%|########2 | 1657/2000 [1:01:09<12:44,  2.23s/it]
 83%|########2 | 1658/2000 [1:01:11<12:15,  2.15s/it]
 83%|########2 | 1659/2000 [1:01:14<12:08,  2.14s/it]
 83%|########2 | 1660/2000 [1:01:16<12:04,  2.13s/it]
 83%|########3 | 1661/2000 [1:01:18<11:42,  2.07s/it]
 83%|########3 | 1662/2000 [1:01:20<11:27,  2.04s/it]
 83%|########3 | 1663/2000 [1:01:21<11:11,  1.99s/it]
 83%|########3 | 1664/2000 [1:01:23<11:08,  1.99s/it]
 83%|########3 | 1665/2000 [1:01:25<11:14,  2.01s/it]
 83%|########3 | 1666/2000 [1:01:28<11:31,  2.07s/it]
 83%|########3 | 1667/2000 [1:01:30<11:28,  2.07s/it]
 83%|########3 | 1668/2000 [1:01:32<12:09,  2.20s/it]
 83%|########3 | 1669/2000 [1:01:34<12:12,  2.21s/it]
 84%|########3 | 1670/2000 [1:01:37<11:58,  2.18s/it]
 84%|########3 | 1671/2000 [1:01:39<12:05,  2.21s/it]
 84%|########3 | 1672/2000 [1:01:41<12:12,  2.23s/it]
 84%|########3 | 1673/2000 [1:01:43<11:36,  2.13s/it]
 84%|########3 | 1674/2000 [1:01:45<11:58,  2.20s/it]
 84%|########3 | 1675/2000 [1:01:48<12:19,  2.27s/it]
                                                     

 84%|########3 | 1675/2000 [1:01:48<12:19,  2.27s/it]
 84%|########3 | 1676/2000 [1:01:50<12:12,  2.26s/it]
 84%|########3 | 1677/2000 [1:01:52<11:54,  2.21s/it]
 84%|########3 | 1678/2000 [1:01:54<11:48,  2.20s/it]
 84%|########3 | 1679/2000 [1:01:56<11:39,  2.18s/it]
 84%|########4 | 1680/2000 [1:01:59<11:33,  2.17s/it]
 84%|########4 | 1681/2000 [1:02:01<11:39,  2.19s/it]
 84%|########4 | 1682/2000 [1:02:03<11:16,  2.13s/it]
 84%|########4 | 1683/2000 [1:02:05<10:51,  2.05s/it]
 84%|########4 | 1684/2000 [1:02:07<10:39,  2.02s/it]
 84%|########4 | 1685/2000 [1:02:08<10:12,  1.94s/it]
 84%|########4 | 1686/2000 [1:02:10<09:56,  1.90s/it]
 84%|########4 | 1687/2000 [1:02:12<09:33,  1.83s/it]
 84%|########4 | 1688/2000 [1:02:14<09:22,  1.80s/it]
 84%|########4 | 1689/2000 [1:02:15<09:10,  1.77s/it]
 84%|########4 | 1690/2000 [1:02:17<09:12,  1.78s/it]
 85%|########4 | 1691/2000 [1:02:19<09:12,  1.79s/it]
 85%|########4 | 1692/2000 [1:02:21<09:18,  1.81s/it]
 85%|########4 | 1693/2000 [1:02:23<09:20,  1.83s/it]
 85%|########4 | 1694/2000 [1:02:25<09:24,  1.84s/it]
 85%|########4 | 1695/2000 [1:02:26<09:32,  1.88s/it]
 85%|########4 | 1696/2000 [1:02:29<09:46,  1.93s/it]
 85%|########4 | 1697/2000 [1:02:31<09:53,  1.96s/it]
 85%|########4 | 1698/2000 [1:02:33<09:50,  1.95s/it]
 85%|########4 | 1699/2000 [1:02:34<09:50,  1.96s/it]
 85%|########5 | 1700/2000 [1:02:36<09:40,  1.94s/it]
                                                     

{'loss': '3.892', 'grad_norm': '1.585', 'learning_rate': '3.742e-05', 'epoch': '0.2777'}
{'loss': '3.866', 'grad_norm': '1.514', 'learning_rate': '3.275e-05', 'epoch': '0.282'}
{'loss': '3.858', 'grad_norm': '1.494', 'learning_rate': '2.836e-05', 'epoch': '0.2863'}
{'loss': '3.895', 'grad_norm': '1.554', 'learning_rate': '2.426e-05', 'epoch': '0.2905'}
 85%|########5 | 1700/2000 [1:02:36<09:40,  1.94s/it]

  0%|          | 0/239 [00:00<?, ?it/s][A

  1%|1         | 3/239 [00:00<00:14, 15.96it/s][A

  2%|2         | 5/239 [00:00<00:18, 12.61it/s][A

  3%|2         | 7/239 [00:00<00:22, 10.42it/s][A

  4%|3         | 9/239 [00:00<00:24,  9.25it/s][A

  4%|4         | 10/239 [00:01<00:26,  8.73it/s][A

  5%|4         | 11/239 [00:01<00:27,  8.44it/s][A

  5%|5         | 12/239 [00:01<00:27,  8.40it/s][A

  5%|5         | 13/239 [00:01<00:27,  8.10it/s][A

  6%|5         | 14/239 [00:01<00:27,  8.12it/s][A

  6%|6         | 15/239 [00:01<00:28,  7.95it/s][A

  7%|7         | 17/239 [00:01<00:25,  8.64it/s][A

  8%|7         | 18/239 [00:01<00:25,  8.73it/s][A

  8%|7         | 19/239 [00:02<00:25,  8.76it/s][A

  8%|8         | 20/239 [00:02<00:25,  8.73it/s][A

  9%|8         | 21/239 [00:02<00:24,  8.98it/s][A

  9%|9         | 22/239 [00:02<00:24,  8.94it/s][A

 10%|#         | 24/239 [00:02<00:24,  8.90it/s][A

 10%|#         | 25/239 [00:02<00:24,  8.65it/s][A

 11%|#         | 26/239 [00:02<00:25,  8.35it/s][A

 11%|#1        | 27/239 [00:03<00:28,  7.43it/s][A

 12%|#1        | 28/239 [00:03<00:30,  6.82it/s][A

 12%|#2        | 29/239 [00:03<00:29,  7.01it/s][A

 13%|#2        | 30/239 [00:03<00:32,  6.44it/s][A

 13%|#2        | 31/239 [00:03<00:36,  5.70it/s][A

 13%|#3        | 32/239 [00:04<00:38,  5.37it/s][A

 14%|#3        | 33/239 [00:04<00:39,  5.19it/s][A

 14%|#4        | 34/239 [00:04<00:37,  5.43it/s][A

 15%|#4        | 35/239 [00:04<00:35,  5.76it/s][A

 15%|#5        | 36/239 [00:04<00:33,  6.07it/s][A

 15%|#5        | 37/239 [00:04<00:30,  6.58it/s][A

 16%|#5        | 38/239 [00:04<00:28,  7.09it/s][A

 17%|#6        | 40/239 [00:05<00:23,  8.41it/s][A

 17%|#7        | 41/239 [00:05<00:22,  8.67it/s][A

 18%|#7        | 42/239 [00:05<00:22,  8.88it/s][A

 18%|#8        | 44/239 [00:05<00:20,  9.55it/s][A

 19%|#9        | 46/239 [00:05<00:19,  9.73it/s][A

 20%|#9        | 47/239 [00:05<00:19,  9.72it/s][A

 20%|##        | 48/239 [00:05<00:19,  9.64it/s][A

 21%|##        | 49/239 [00:06<00:19,  9.63it/s][A

 21%|##        | 50/239 [00:06<00:20,  9.07it/s][A

 22%|##1       | 52/239 [00:06<00:18, 10.01it/s][A

 23%|##2       | 54/239 [00:06<00:17, 10.66it/s][A

 23%|##3       | 56/239 [00:06<00:17, 10.66it/s][A

 24%|##4       | 58/239 [00:06<00:17, 10.09it/s][A

 25%|##5       | 60/239 [00:07<00:17, 10.25it/s][A

 26%|##5       | 62/239 [00:07<00:17,  9.99it/s][A

 27%|##6       | 64/239 [00:07<00:18,  9.43it/s][A

 27%|##7       | 65/239 [00:07<00:18,  9.38it/s][A

 28%|##7       | 66/239 [00:07<00:18,  9.12it/s][A

 28%|##8       | 68/239 [00:07<00:17,  9.52it/s][A

 29%|##9       | 70/239 [00:08<00:17,  9.47it/s][A

 30%|##9       | 71/239 [00:08<00:18,  9.33it/s][A

 30%|###       | 72/239 [00:08<00:18,  9.12it/s][A

 31%|###       | 73/239 [00:08<00:18,  9.17it/s][A

 31%|###       | 74/239 [00:08<00:17,  9.34it/s][A

 31%|###1      | 75/239 [00:08<00:17,  9.17it/s][A

 32%|###1      | 76/239 [00:08<00:18,  8.83it/s][A

 32%|###2      | 77/239 [00:08<00:18,  8.64it/s][A

 33%|###2      | 78/239 [00:09<00:19,  8.36it/s][A

 33%|###3      | 79/239 [00:09<00:20,  7.92it/s][A

 33%|###3      | 80/239 [00:09<00:20,  7.65it/s][A

 34%|###3      | 81/239 [00:09<00:19,  7.93it/s][A

 34%|###4      | 82/239 [00:09<00:19,  8.19it/s][A

 35%|###4      | 83/239 [00:09<00:18,  8.50it/s][A

 35%|###5      | 84/239 [00:09<00:18,  8.40it/s][A

 36%|###5      | 85/239 [00:09<00:18,  8.13it/s][A

 36%|###5      | 86/239 [00:10<00:18,  8.37it/s][A

 36%|###6      | 87/239 [00:10<00:17,  8.78it/s][A

 37%|###6      | 88/239 [00:10<00:17,  8.77it/s][A

 37%|###7      | 89/239 [00:10<00:16,  9.01it/s][A

 38%|###7      | 90/239 [00:10<00:16,  9.16it/s][A

 38%|###8      | 92/239 [00:10<00:15,  9.53it/s][A

 39%|###9      | 94/239 [00:10<00:14, 10.27it/s][A

 40%|####      | 96/239 [00:11<00:13, 10.75it/s][A

 41%|####1     | 98/239 [00:11<00:13, 10.54it/s][A

 42%|####1     | 100/239 [00:11<00:13, 10.38it/s][A

 43%|####2     | 102/239 [00:11<00:13, 10.12it/s][A

 44%|####3     | 104/239 [00:11<00:13,  9.72it/s][A

 44%|####4     | 106/239 [00:12<00:13,  9.80it/s][A

 45%|####4     | 107/239 [00:12<00:13,  9.63it/s][A

 45%|####5     | 108/239 [00:12<00:14,  9.26it/s][A

 46%|####5     | 109/239 [00:12<00:14,  8.98it/s][A

 46%|####6     | 110/239 [00:12<00:14,  8.75it/s][A

 47%|####6     | 112/239 [00:12<00:14,  9.00it/s][A

 48%|####7     | 114/239 [00:12<00:13,  9.48it/s][A

 49%|####8     | 116/239 [00:13<00:12,  9.66it/s][A

 49%|####9     | 118/239 [00:13<00:11, 10.18it/s][A

 50%|#####     | 120/239 [00:13<00:11, 10.63it/s][A

 51%|#####1    | 122/239 [00:13<00:11, 10.57it/s][A

 52%|#####1    | 124/239 [00:13<00:11,  9.96it/s][A

 53%|#####2    | 126/239 [00:14<00:11,  9.79it/s][A

 53%|#####3    | 127/239 [00:14<00:12,  9.05it/s][A

 54%|#####3    | 128/239 [00:14<00:13,  8.41it/s][A

 54%|#####3    | 129/239 [00:14<00:13,  8.15it/s][A

 54%|#####4    | 130/239 [00:14<00:13,  7.91it/s][A

 55%|#####4    | 131/239 [00:14<00:13,  8.01it/s][A

 55%|#####5    | 132/239 [00:14<00:13,  7.93it/s][A

 56%|#####5    | 133/239 [00:15<00:13,  7.65it/s][A

 56%|#####6    | 134/239 [00:15<00:13,  7.73it/s][A

 56%|#####6    | 135/239 [00:15<00:13,  7.89it/s][A

 57%|#####7    | 137/239 [00:15<00:11,  8.56it/s][A

 58%|#####7    | 138/239 [00:15<00:11,  8.54it/s][A

 58%|#####8    | 139/239 [00:15<00:11,  8.73it/s][A

 59%|#####8    | 140/239 [00:15<00:11,  8.96it/s][A

 59%|#####8    | 141/239 [00:16<00:10,  8.91it/s][A

 59%|#####9    | 142/239 [00:16<00:10,  9.06it/s][A

 60%|#####9    | 143/239 [00:16<00:10,  8.95it/s][A

 61%|######    | 145/239 [00:16<00:10,  9.23it/s][A

 62%|######1   | 147/239 [00:16<00:09,  9.66it/s][A

 62%|######1   | 148/239 [00:16<00:09,  9.42it/s][A

 62%|######2   | 149/239 [00:16<00:09,  9.28it/s][A

 63%|######2   | 150/239 [00:16<00:09,  9.26it/s][A

 63%|######3   | 151/239 [00:17<00:10,  8.73it/s][A

 64%|######3   | 152/239 [00:17<00:10,  8.55it/s][A

 64%|######4   | 153/239 [00:17<00:10,  8.42it/s][A

 65%|######4   | 155/239 [00:17<00:09,  8.95it/s][A

 65%|######5   | 156/239 [00:17<00:09,  8.83it/s][A

 66%|######5   | 157/239 [00:17<00:10,  8.17it/s][A

 66%|######6   | 158/239 [00:17<00:09,  8.22it/s][A

 67%|######6   | 159/239 [00:18<00:10,  7.99it/s][A

 67%|######6   | 160/239 [00:18<00:09,  7.98it/s][A

 67%|######7   | 161/239 [00:18<00:09,  7.88it/s][A

 68%|######7   | 162/239 [00:18<00:09,  8.18it/s][A

 68%|######8   | 163/239 [00:18<00:09,  8.06it/s][A

 69%|######8   | 164/239 [00:18<00:09,  8.08it/s][A

 69%|######9   | 165/239 [00:18<00:09,  8.21it/s][A

 69%|######9   | 166/239 [00:18<00:09,  8.09it/s][A

 70%|######9   | 167/239 [00:19<00:08,  8.12it/s][A

 70%|#######   | 168/239 [00:19<00:08,  8.11it/s][A

 71%|#######   | 169/239 [00:19<00:08,  8.31it/s][A

 71%|#######1  | 170/239 [00:19<00:08,  8.23it/s][A

 72%|#######1  | 171/239 [00:19<00:08,  8.25it/s][A

 72%|#######1  | 172/239 [00:19<00:08,  7.87it/s][A

 72%|#######2  | 173/239 [00:19<00:08,  7.77it/s][A

 73%|#######2  | 174/239 [00:19<00:08,  7.66it/s][A

 73%|#######3  | 175/239 [00:20<00:08,  7.59it/s][A

 74%|#######3  | 176/239 [00:20<00:08,  7.28it/s][A

 74%|#######4  | 177/239 [00:20<00:08,  7.14it/s][A

 74%|#######4  | 178/239 [00:20<00:08,  7.25it/s][A

 75%|#######4  | 179/239 [00:20<00:08,  7.35it/s][A

 75%|#######5  | 180/239 [00:20<00:07,  7.40it/s][A

 76%|#######5  | 181/239 [00:20<00:07,  7.49it/s][A

 76%|#######6  | 182/239 [00:21<00:07,  7.69it/s][A

 77%|#######6  | 183/239 [00:21<00:07,  7.92it/s][A

 77%|#######6  | 184/239 [00:21<00:06,  7.92it/s][A

 77%|#######7  | 185/239 [00:21<00:06,  8.26it/s][A

 78%|#######7  | 186/239 [00:21<00:06,  8.38it/s][A

 78%|#######8  | 187/239 [00:21<00:06,  8.31it/s][A

 79%|#######8  | 188/239 [00:21<00:06,  8.10it/s][A

 79%|#######9  | 189/239 [00:21<00:05,  8.47it/s][A

 79%|#######9  | 190/239 [00:21<00:05,  8.29it/s][A

 80%|#######9  | 191/239 [00:22<00:05,  8.23it/s][A

 80%|########  | 192/239 [00:22<00:05,  8.03it/s][A

 81%|########  | 193/239 [00:22<00:05,  8.00it/s][A

 81%|########1 | 194/239 [00:22<00:05,  8.19it/s][A

 82%|########1 | 195/239 [00:22<00:05,  8.06it/s][A

 82%|########2 | 196/239 [00:22<00:05,  8.10it/s][A

 82%|########2 | 197/239 [00:22<00:05,  7.97it/s][A

 83%|########2 | 198/239 [00:22<00:05,  8.11it/s][A

 83%|########3 | 199/239 [00:23<00:04,  8.33it/s][A

 84%|########3 | 200/239 [00:23<00:04,  8.27it/s][A

 84%|########4 | 201/239 [00:23<00:04,  8.25it/s][A

 85%|########4 | 202/239 [00:23<00:04,  8.35it/s][A

 85%|########4 | 203/239 [00:23<00:04,  8.37it/s][A

 85%|########5 | 204/239 [00:23<00:04,  8.49it/s][A

 86%|########5 | 205/239 [00:23<00:04,  8.34it/s][A

 86%|########6 | 206/239 [00:23<00:04,  8.16it/s][A

 87%|########6 | 207/239 [00:24<00:04,  7.90it/s][A

 87%|########7 | 208/239 [00:24<00:03,  7.92it/s][A

 87%|########7 | 209/239 [00:24<00:03,  8.05it/s][A

 88%|########7 | 210/239 [00:24<00:03,  8.06it/s][A

 88%|########8 | 211/239 [00:24<00:03,  7.81it/s][A

 89%|########8 | 212/239 [00:24<00:03,  7.86it/s][A

 89%|########9 | 213/239 [00:24<00:03,  7.75it/s][A

 90%|########9 | 214/239 [00:24<00:03,  7.51it/s][A

 90%|########9 | 215/239 [00:25<00:03,  7.61it/s][A

 90%|######### | 216/239 [00:25<00:02,  7.82it/s][A

 91%|######### | 217/239 [00:25<00:02,  7.49it/s][A

 91%|#########1| 218/239 [00:25<00:03,  6.90it/s][A

 92%|#########1| 219/239 [00:25<00:02,  7.21it/s][A

 92%|#########2| 220/239 [00:25<00:02,  6.70it/s][A

 92%|#########2| 221/239 [00:25<00:02,  7.04it/s][A

 93%|#########2| 222/239 [00:26<00:02,  6.81it/s][A

 93%|#########3| 223/239 [00:26<00:02,  7.23it/s][A

 94%|#########3| 224/239 [00:26<00:02,  7.33it/s][A

 94%|#########4| 225/239 [00:26<00:01,  7.74it/s][A

 95%|#########4| 226/239 [00:26<00:01,  8.15it/s][A

 95%|#########4| 227/239 [00:26<00:01,  8.11it/s][A

 95%|#########5| 228/239 [00:26<00:01,  8.20it/s][A

 96%|#########5| 229/239 [00:26<00:01,  8.07it/s][A

 96%|#########6| 230/239 [00:27<00:01,  8.41it/s][A

 97%|#########6| 231/239 [00:27<00:00,  8.34it/s][A

 97%|#########7| 232/239 [00:27<00:00,  8.73it/s][A

 97%|#########7| 233/239 [00:27<00:00,  9.01it/s][A

 98%|#########8| 235/239 [00:27<00:00,  9.72it/s][A

 99%|#########9| 237/239 [00:27<00:00, 10.09it/s][A

100%|#########9| 238/239 [00:27<00:00, 10.03it/s][A

100%|##########| 239/239 [00:27<00:00,  9.82it/s][A
                                                     


                                                 
[A
 85%|########5 | 1700/2000 [1:03:04<09:40,  1.94s/it]

100%|##########| 239/239 [00:28<00:00,  9.82it/s][A

{'eval_loss': '2.772', 'eval_runtime': '28.1', 'eval_samples_per_second': '34.02', 'eval_steps_per_second': '8.505', 'epoch': '0.2905'}
                                                 [A

Writing model shards:   0%|          | 0/1 [00:00<?, ?it/s][A

Writing model shards: 100%|##########| 1/1 [00:00<00:00,  1.47it/s][A
Writing model shards: 100%|##########| 1/1 [00:00<00:00,  1.47it/s]

 85%|########5 | 1701/2000 [1:03:09<55:20, 11.11s/it]
 85%|########5 | 1702/2000 [1:03:11<41:13,  8.30s/it]
 85%|########5 | 1703/2000 [1:03:12<31:25,  6.35s/it]
 85%|########5 | 1704/2000 [1:03:14<24:33,  4.98s/it]
 85%|########5 | 1705/2000 [1:03:16<20:12,  4.11s/it]
 85%|########5 | 1706/2000 [1:03:19<17:25,  3.55s/it]
 85%|########5 | 1707/2000 [1:03:21<15:10,  3.11s/it]
 85%|########5 | 1708/2000 [1:03:23<13:25,  2.76s/it]
 85%|########5 | 1709/2000 [1:03:25<12:27,  2.57s/it]
 86%|########5 | 1710/2000 [1:03:27<11:47,  2.44s/it]
 86%|########5 | 1711/2000 [1:03:29<11:08,  2.31s/it]
 86%|########5 | 1712/2000 [1:03:31<10:51,  2.26s/it]
 86%|########5 | 1713/2000 [1:03:33<10:52,  2.27s/it]
 86%|########5 | 1714/2000 [1:03:36<11:01,  2.31s/it]
 86%|########5 | 1715/2000 [1:03:38<10:45,  2.27s/it]
 86%|########5 | 1716/2000 [1:03:40<10:54,  2.30s/it]
 86%|########5 | 1717/2000 [1:03:42<10:36,  2.25s/it]
 86%|########5 | 1718/2000 [1:03:44<10:12,  2.17s/it]
 86%|########5 | 1719/2000 [1:03:46<09:51,  2.10s/it]
 86%|########6 | 1720/2000 [1:03:48<09:47,  2.10s/it]
 86%|########6 | 1721/2000 [1:03:51<10:01,  2.16s/it]
 86%|########6 | 1722/2000 [1:03:53<09:47,  2.11s/it]
 86%|########6 | 1723/2000 [1:03:55<09:24,  2.04s/it]
 86%|########6 | 1724/2000 [1:03:56<09:10,  2.00s/it]
 86%|########6 | 1725/2000 [1:03:58<09:01,  1.97s/it]
                                                     

 86%|########6 | 1725/2000 [1:03:58<09:01,  1.97s/it]
 86%|########6 | 1726/2000 [1:04:00<09:04,  1.99s/it]
 86%|########6 | 1727/2000 [1:04:02<09:05,  2.00s/it]
 86%|########6 | 1728/2000 [1:04:05<09:14,  2.04s/it]
 86%|########6 | 1729/2000 [1:04:06<09:03,  2.01s/it]
 86%|########6 | 1730/2000 [1:04:08<08:49,  1.96s/it]
 87%|########6 | 1731/2000 [1:04:10<08:54,  1.99s/it]
 87%|########6 | 1732/2000 [1:04:12<08:44,  1.96s/it]
 87%|########6 | 1733/2000 [1:04:14<08:55,  2.01s/it]
 87%|########6 | 1734/2000 [1:04:16<08:53,  2.01s/it]
 87%|########6 | 1735/2000 [1:04:18<08:53,  2.01s/it]
 87%|########6 | 1736/2000 [1:04:20<08:51,  2.01s/it]
 87%|########6 | 1737/2000 [1:04:23<09:07,  2.08s/it]
 87%|########6 | 1738/2000 [1:04:25<09:13,  2.11s/it]
 87%|########6 | 1739/2000 [1:04:27<09:37,  2.21s/it]
 87%|########7 | 1740/2000 [1:04:30<09:48,  2.26s/it]
 87%|########7 | 1741/2000 [1:04:32<09:51,  2.28s/it]
 87%|########7 | 1742/2000 [1:04:34<09:34,  2.23s/it]
 87%|########7 | 1743/2000 [1:04:36<09:23,  2.19s/it]
 87%|########7 | 1744/2000 [1:04:38<08:59,  2.11s/it]
 87%|########7 | 1745/2000 [1:04:40<08:54,  2.10s/it]
 87%|########7 | 1746/2000 [1:04:42<08:54,  2.10s/it]
 87%|########7 | 1747/2000 [1:04:45<09:18,  2.21s/it]
 87%|########7 | 1748/2000 [1:04:47<09:34,  2.28s/it]
 87%|########7 | 1749/2000 [1:04:49<09:09,  2.19s/it]
 88%|########7 | 1750/2000 [1:04:52<09:43,  2.33s/it]
                                                     

 88%|########7 | 1750/2000 [1:04:52<09:43,  2.33s/it]
 88%|########7 | 1751/2000 [1:04:54<09:38,  2.33s/it]
 88%|########7 | 1752/2000 [1:04:57<09:40,  2.34s/it]
 88%|########7 | 1753/2000 [1:04:59<09:12,  2.24s/it]
 88%|########7 | 1754/2000 [1:05:01<09:04,  2.21s/it]
 88%|########7 | 1755/2000 [1:05:04<09:49,  2.41s/it]
 88%|########7 | 1756/2000 [1:05:06<09:37,  2.36s/it]
 88%|########7 | 1757/2000 [1:05:08<09:18,  2.30s/it]
 88%|########7 | 1758/2000 [1:05:10<09:15,  2.29s/it]
 88%|########7 | 1759/2000 [1:05:12<08:28,  2.11s/it]
 88%|########8 | 1760/2000 [1:05:14<07:54,  1.98s/it]
 88%|########8 | 1761/2000 [1:05:15<07:44,  1.94s/it]
 88%|########8 | 1762/2000 [1:05:17<07:23,  1.86s/it]
 88%|########8 | 1763/2000 [1:05:19<07:10,  1.82s/it]
 88%|########8 | 1764/2000 [1:05:21<07:08,  1.82s/it]
 88%|########8 | 1765/2000 [1:05:22<07:02,  1.80s/it]
 88%|########8 | 1766/2000 [1:05:24<06:53,  1.77s/it]
 88%|########8 | 1767/2000 [1:05:26<06:53,  1.77s/it]
 88%|########8 | 1768/2000 [1:05:28<07:06,  1.84s/it]
 88%|########8 | 1769/2000 [1:05:30<06:52,  1.79s/it]
 88%|########8 | 1770/2000 [1:05:31<06:57,  1.82s/it]
 89%|########8 | 1771/2000 [1:05:33<06:56,  1.82s/it]
 89%|########8 | 1772/2000 [1:05:35<06:47,  1.79s/it]
 89%|########8 | 1773/2000 [1:05:37<06:53,  1.82s/it]
 89%|########8 | 1774/2000 [1:05:39<06:50,  1.81s/it]
 89%|########8 | 1775/2000 [1:05:41<06:59,  1.86s/it]
                                                     

 89%|########8 | 1775/2000 [1:05:41<06:59,  1.86s/it]
 89%|########8 | 1776/2000 [1:05:42<06:49,  1.83s/it]
 89%|########8 | 1777/2000 [1:05:44<06:38,  1.79s/it]
 89%|########8 | 1778/2000 [1:05:46<06:53,  1.86s/it]
 89%|########8 | 1779/2000 [1:05:48<06:49,  1.85s/it]
 89%|########9 | 1780/2000 [1:05:50<06:51,  1.87s/it]
 89%|########9 | 1781/2000 [1:05:52<06:55,  1.90s/it]
 89%|########9 | 1782/2000 [1:05:54<06:54,  1.90s/it]
 89%|########9 | 1783/2000 [1:05:56<06:53,  1.90s/it]
 89%|########9 | 1784/2000 [1:05:57<06:42,  1.86s/it]
 89%|########9 | 1785/2000 [1:05:59<06:48,  1.90s/it]
 89%|########9 | 1786/2000 [1:06:01<06:36,  1.85s/it]
 89%|########9 | 1787/2000 [1:06:03<06:42,  1.89s/it]
 89%|########9 | 1788/2000 [1:06:05<06:46,  1.92s/it]
 89%|########9 | 1789/2000 [1:06:07<06:38,  1.89s/it]
 90%|########9 | 1790/2000 [1:06:09<06:25,  1.84s/it]
 90%|########9 | 1791/2000 [1:06:10<06:18,  1.81s/it]
 90%|########9 | 1792/2000 [1:06:12<06:29,  1.87s/it]
 90%|########9 | 1793/2000 [1:06:14<06:29,  1.88s/it]
 90%|########9 | 1794/2000 [1:06:16<06:25,  1.87s/it]
 90%|########9 | 1795/2000 [1:06:18<06:26,  1.88s/it]
 90%|########9 | 1796/2000 [1:06:20<06:23,  1.88s/it]
 90%|########9 | 1797/2000 [1:06:22<06:23,  1.89s/it]
 90%|########9 | 1798/2000 [1:06:24<06:23,  1.90s/it]
 90%|########9 | 1799/2000 [1:06:26<06:25,  1.92s/it]
 90%|######### | 1800/2000 [1:06:28<06:28,  1.94s/it]
                                                     

{'loss': '3.859', 'grad_norm': '1.644', 'learning_rate': '2.047e-05', 'epoch': '0.2948'}
{'loss': '3.812', 'grad_norm': '1.462', 'learning_rate': '1.698e-05', 'epoch': '0.2991'}
{'loss': '3.75', 'grad_norm': '1.555', 'learning_rate': '1.38e-05', 'epoch': '0.3033'}
{'loss': '3.838', 'grad_norm': '1.909', 'learning_rate': '1.094e-05', 'epoch': '0.3076'}
 90%|######### | 1800/2000 [1:06:28<06:28,  1.94s/it]

  0%|          | 0/239 [00:00<?, ?it/s][A

  1%|1         | 3/239 [00:00<00:12, 19.39it/s][A

  2%|2         | 5/239 [00:00<00:15, 14.95it/s][A

  3%|2         | 7/239 [00:00<00:18, 12.86it/s][A

  4%|3         | 9/239 [00:00<00:18, 12.32it/s][A

  5%|4         | 11/239 [00:00<00:19, 11.77it/s][A

  5%|5         | 13/239 [00:01<00:19, 11.89it/s][A

  6%|6         | 15/239 [00:01<00:19, 11.71it/s][A

  7%|7         | 17/239 [00:01<00:18, 11.93it/s][A

  8%|7         | 19/239 [00:01<00:18, 11.90it/s][A

  9%|8         | 21/239 [00:01<00:18, 11.89it/s][A

 10%|9         | 23/239 [00:01<00:17, 12.09it/s][A

 10%|#         | 25/239 [00:02<00:18, 11.83it/s][A

 11%|#1        | 27/239 [00:02<00:18, 11.66it/s][A

 12%|#2        | 29/239 [00:02<00:17, 11.69it/s][A

 13%|#2        | 31/239 [00:02<00:17, 12.07it/s][A

 14%|#3        | 33/239 [00:02<00:17, 11.71it/s][A

 15%|#4        | 35/239 [00:02<00:17, 11.95it/s][A

 15%|#5        | 37/239 [00:03<00:18, 11.01it/s][A

 16%|#6        | 39/239 [00:03<00:17, 11.20it/s][A

 17%|#7        | 41/239 [00:03<00:17, 11.24it/s][A

 18%|#7        | 43/239 [00:03<00:16, 11.60it/s][A

 19%|#8        | 45/239 [00:03<00:17, 10.84it/s][A

 20%|#9        | 47/239 [00:04<00:18, 10.43it/s][A

 21%|##        | 49/239 [00:04<00:19,  9.99it/s][A

 21%|##1       | 51/239 [00:04<00:18, 10.14it/s][A

 22%|##2       | 53/239 [00:04<00:18, 10.25it/s][A

 23%|##3       | 55/239 [00:04<00:18, 10.20it/s][A

 24%|##3       | 57/239 [00:05<00:18,  9.95it/s][A

 24%|##4       | 58/239 [00:05<00:18,  9.78it/s][A

 25%|##5       | 60/239 [00:05<00:17, 10.00it/s][A

 26%|##5       | 62/239 [00:05<00:16, 10.54it/s][A

 27%|##6       | 64/239 [00:05<00:16, 10.48it/s][A

 28%|##7       | 66/239 [00:05<00:16, 10.73it/s][A

 28%|##8       | 68/239 [00:06<00:16, 10.66it/s][A

 29%|##9       | 70/239 [00:06<00:15, 10.90it/s][A

 30%|###       | 72/239 [00:06<00:15, 10.99it/s][A

 31%|###       | 74/239 [00:06<00:15, 10.91it/s][A

 32%|###1      | 76/239 [00:06<00:14, 11.11it/s][A

 33%|###2      | 78/239 [00:06<00:14, 11.27it/s][A

 33%|###3      | 80/239 [00:07<00:13, 11.55it/s][A

 34%|###4      | 82/239 [00:07<00:12, 12.17it/s][A

 35%|###5      | 84/239 [00:07<00:12, 12.30it/s][A

 36%|###5      | 86/239 [00:07<00:12, 12.28it/s][A

 37%|###6      | 88/239 [00:07<00:12, 12.48it/s][A

 38%|###7      | 90/239 [00:07<00:12, 12.17it/s][A

 38%|###8      | 92/239 [00:08<00:11, 12.30it/s][A

 39%|###9      | 94/239 [00:08<00:11, 12.39it/s][A

 40%|####      | 96/239 [00:08<00:11, 12.00it/s][A

 41%|####1     | 98/239 [00:08<00:11, 12.29it/s][A

 42%|####1     | 100/239 [00:08<00:11, 11.93it/s][A

 43%|####2     | 102/239 [00:08<00:11, 12.20it/s][A

 44%|####3     | 104/239 [00:09<00:11, 11.76it/s][A

 44%|####4     | 106/239 [00:09<00:11, 11.92it/s][A

 45%|####5     | 108/239 [00:09<00:11, 11.73it/s][A

 46%|####6     | 110/239 [00:09<00:10, 12.38it/s][A

 47%|####6     | 112/239 [00:09<00:11, 11.41it/s][A

 48%|####7     | 114/239 [00:09<00:11, 10.83it/s][A

 49%|####8     | 116/239 [00:10<00:11, 10.72it/s][A

 49%|####9     | 118/239 [00:10<00:11, 10.37it/s][A

 50%|#####     | 120/239 [00:10<00:11, 10.15it/s][A

 51%|#####1    | 122/239 [00:10<00:11,  9.77it/s][A

 52%|#####1    | 124/239 [00:10<00:11, 10.19it/s][A

 53%|#####2    | 126/239 [00:11<00:10, 10.43it/s][A

 54%|#####3    | 128/239 [00:11<00:10, 10.50it/s][A

 54%|#####4    | 130/239 [00:11<00:10, 10.86it/s][A

 55%|#####5    | 132/239 [00:11<00:09, 10.77it/s][A

 56%|#####6    | 134/239 [00:11<00:09, 11.08it/s][A

 57%|#####6    | 136/239 [00:12<00:09, 11.09it/s][A

 58%|#####7    | 138/239 [00:12<00:09, 10.92it/s][A

 59%|#####8    | 140/239 [00:12<00:08, 11.06it/s][A

 59%|#####9    | 142/239 [00:12<00:08, 11.40it/s][A

 60%|######    | 144/239 [00:12<00:08, 10.90it/s][A

 61%|######1   | 146/239 [00:12<00:08, 10.78it/s][A

 62%|######1   | 148/239 [00:13<00:08, 11.27it/s][A

 63%|######2   | 150/239 [00:13<00:07, 11.25it/s][A

 64%|######3   | 152/239 [00:13<00:07, 12.00it/s][A

 64%|######4   | 154/239 [00:13<00:06, 12.17it/s][A

 65%|######5   | 156/239 [00:13<00:06, 12.16it/s][A

 66%|######6   | 158/239 [00:13<00:06, 12.26it/s][A

 67%|######6   | 160/239 [00:14<00:06, 12.36it/s][A

 68%|######7   | 162/239 [00:14<00:06, 12.43it/s][A

 69%|######8   | 164/239 [00:14<00:06, 12.33it/s][A

 69%|######9   | 166/239 [00:14<00:05, 12.68it/s][A

 70%|#######   | 168/239 [00:14<00:05, 12.16it/s][A

 71%|#######1  | 170/239 [00:14<00:05, 12.60it/s][A

 72%|#######1  | 172/239 [00:15<00:05, 12.54it/s][A

 73%|#######2  | 174/239 [00:15<00:05, 12.66it/s][A

 74%|#######3  | 176/239 [00:15<00:04, 13.04it/s][A

 74%|#######4  | 178/239 [00:15<00:04, 12.91it/s][A

 75%|#######5  | 180/239 [00:15<00:05, 11.34it/s][A

 76%|#######6  | 182/239 [00:15<00:05, 10.50it/s][A

 77%|#######6  | 184/239 [00:16<00:05, 10.06it/s][A

 78%|#######7  | 186/239 [00:16<00:05, 10.10it/s][A

 79%|#######8  | 188/239 [00:16<00:05,  9.92it/s][A

 79%|#######9  | 190/239 [00:16<00:04, 10.77it/s][A

 80%|########  | 192/239 [00:16<00:04, 10.18it/s][A

 81%|########1 | 194/239 [00:17<00:04, 10.77it/s][A

 82%|########2 | 196/239 [00:17<00:03, 11.01it/s][A

 83%|########2 | 198/239 [00:17<00:03, 11.15it/s][A

 84%|########3 | 200/239 [00:17<00:03, 11.55it/s][A

 85%|########4 | 202/239 [00:17<00:03, 11.57it/s][A

 85%|########5 | 204/239 [00:17<00:03, 11.51it/s][A

 86%|########6 | 206/239 [00:18<00:02, 11.70it/s][A

 87%|########7 | 208/239 [00:18<00:02, 12.47it/s][A

 88%|########7 | 210/239 [00:18<00:02, 12.50it/s][A

 89%|########8 | 212/239 [00:18<00:02, 12.51it/s][A

 90%|########9 | 214/239 [00:18<00:02, 12.15it/s][A

 90%|######### | 216/239 [00:18<00:01, 12.28it/s][A

 91%|#########1| 218/239 [00:19<00:01, 12.37it/s][A

 92%|#########2| 220/239 [00:19<00:01, 12.44it/s][A

 93%|#########2| 222/239 [00:19<00:01, 12.48it/s][A

 94%|#########3| 224/239 [00:19<00:01, 12.51it/s][A

 95%|#########4| 226/239 [00:19<00:01, 11.82it/s][A

 95%|#########5| 228/239 [00:19<00:00, 11.61it/s][A

 96%|#########6| 230/239 [00:20<00:00, 12.71it/s][A

 97%|#########7| 232/239 [00:20<00:00, 11.99it/s][A

 98%|#########7| 234/239 [00:20<00:00, 12.15it/s][A

 99%|#########8| 236/239 [00:20<00:00, 12.29it/s][A

100%|#########9| 238/239 [00:20<00:00, 12.40it/s][A
                                                     


                                                 
[A
 90%|######### | 1800/2000 [1:06:49<06:28,  1.94s/it]

100%|##########| 239/239 [00:20<00:00, 12.40it/s][A

{'eval_loss': '2.755', 'eval_runtime': '20.88', 'eval_samples_per_second': '45.78', 'eval_steps_per_second': '11.44', 'epoch': '0.3076'}
                                                 [A

Writing model shards:   0%|          | 0/1 [00:00<?, ?it/s][A

Writing model shards: 100%|##########| 1/1 [00:00<00:00,  1.90it/s][A
Writing model shards: 100%|##########| 1/1 [00:00<00:00,  1.90it/s]

 90%|######### | 1801/2000 [1:06:52<28:33,  8.61s/it]
 90%|######### | 1802/2000 [1:06:54<21:45,  6.59s/it]
 90%|######### | 1803/2000 [1:06:56<16:54,  5.15s/it]
 90%|######### | 1804/2000 [1:06:57<13:30,  4.14s/it]
 90%|######### | 1805/2000 [1:06:59<11:11,  3.44s/it]
 90%|######### | 1806/2000 [1:07:01<09:38,  2.98s/it]
 90%|######### | 1807/2000 [1:07:03<08:33,  2.66s/it]
 90%|######### | 1808/2000 [1:07:05<07:47,  2.43s/it]
 90%|######### | 1809/2000 [1:07:07<07:16,  2.29s/it]
 90%|######### | 1810/2000 [1:07:09<06:56,  2.19s/it]
 91%|######### | 1811/2000 [1:07:11<06:44,  2.14s/it]
 91%|######### | 1812/2000 [1:07:13<06:31,  2.09s/it]
 91%|######### | 1813/2000 [1:07:15<06:25,  2.06s/it]
 91%|######### | 1814/2000 [1:07:17<06:21,  2.05s/it]
 91%|######### | 1815/2000 [1:07:19<06:32,  2.12s/it]
 91%|######### | 1816/2000 [1:07:21<06:22,  2.08s/it]
 91%|######### | 1817/2000 [1:07:23<06:18,  2.07s/it]
 91%|######### | 1818/2000 [1:07:25<06:20,  2.09s/it]
 91%|######### | 1819/2000 [1:07:28<06:34,  2.18s/it]
 91%|#########1| 1820/2000 [1:07:30<06:19,  2.11s/it]
 91%|#########1| 1821/2000 [1:07:31<06:04,  2.04s/it]
 91%|#########1| 1822/2000 [1:07:33<05:57,  2.01s/it]
 91%|#########1| 1823/2000 [1:07:35<05:52,  1.99s/it]
 91%|#########1| 1824/2000 [1:07:37<05:55,  2.02s/it]
 91%|#########1| 1825/2000 [1:07:40<05:57,  2.04s/it]
                                                     

 91%|#########1| 1825/2000 [1:07:40<05:57,  2.04s/it]
 91%|#########1| 1826/2000 [1:07:42<05:57,  2.06s/it]
 91%|#########1| 1827/2000 [1:07:44<06:09,  2.13s/it]
 91%|#########1| 1828/2000 [1:07:47<06:42,  2.34s/it]
 91%|#########1| 1829/2000 [1:07:49<06:36,  2.32s/it]
 92%|#########1| 1830/2000 [1:07:51<06:32,  2.31s/it]
 92%|#########1| 1831/2000 [1:07:54<06:29,  2.31s/it]
 92%|#########1| 1832/2000 [1:07:56<06:19,  2.26s/it]
 92%|#########1| 1833/2000 [1:07:58<05:53,  2.12s/it]
 92%|#########1| 1834/2000 [1:07:59<05:38,  2.04s/it]
 92%|#########1| 1835/2000 [1:08:01<05:25,  1.97s/it]
 92%|#########1| 1836/2000 [1:08:03<05:23,  1.97s/it]
 92%|#########1| 1837/2000 [1:08:05<05:19,  1.96s/it]
 92%|#########1| 1838/2000 [1:08:07<05:34,  2.07s/it]
 92%|#########1| 1839/2000 [1:08:10<05:38,  2.10s/it]
 92%|#########2| 1840/2000 [1:08:12<05:29,  2.06s/it]
 92%|#########2| 1841/2000 [1:08:13<05:18,  2.00s/it]
 92%|#########2| 1842/2000 [1:08:16<05:20,  2.03s/it]
 92%|#########2| 1843/2000 [1:08:18<05:19,  2.04s/it]
 92%|#########2| 1844/2000 [1:08:19<05:05,  1.96s/it]
 92%|#########2| 1845/2000 [1:08:21<04:58,  1.92s/it]
 92%|#########2| 1846/2000 [1:08:23<04:52,  1.90s/it]
 92%|#########2| 1847/2000 [1:08:25<04:48,  1.88s/it]
 92%|#########2| 1848/2000 [1:08:27<04:46,  1.88s/it]
 92%|#########2| 1849/2000 [1:08:29<04:49,  1.92s/it]
 92%|#########2| 1850/2000 [1:08:31<04:47,  1.91s/it]
                                                     

 92%|#########2| 1850/2000 [1:08:31<04:47,  1.91s/it]
 93%|#########2| 1851/2000 [1:08:33<04:41,  1.89s/it]
 93%|#########2| 1852/2000 [1:08:34<04:37,  1.88s/it]
 93%|#########2| 1853/2000 [1:08:36<04:32,  1.85s/it]
 93%|#########2| 1854/2000 [1:08:38<04:33,  1.88s/it]
 93%|#########2| 1855/2000 [1:08:40<04:32,  1.88s/it]
 93%|#########2| 1856/2000 [1:08:42<04:35,  1.92s/it]
 93%|#########2| 1857/2000 [1:08:44<04:42,  1.97s/it]
 93%|#########2| 1858/2000 [1:08:46<04:38,  1.96s/it]
 93%|#########2| 1859/2000 [1:08:48<04:38,  1.97s/it]
 93%|#########3| 1860/2000 [1:08:50<04:33,  1.95s/it]
 93%|#########3| 1861/2000 [1:08:52<04:32,  1.96s/it]
 93%|#########3| 1862/2000 [1:08:54<04:33,  1.98s/it]
 93%|#########3| 1863/2000 [1:08:56<04:32,  1.99s/it]
 93%|#########3| 1864/2000 [1:08:58<04:34,  2.02s/it]
 93%|#########3| 1865/2000 [1:09:00<04:47,  2.13s/it]
 93%|#########3| 1866/2000 [1:09:03<04:52,  2.18s/it]
 93%|#########3| 1867/2000 [1:09:05<04:47,  2.16s/it]
 93%|#########3| 1868/2000 [1:09:07<04:40,  2.13s/it]
 93%|#########3| 1869/2000 [1:09:09<04:46,  2.18s/it]
 94%|#########3| 1870/2000 [1:09:11<04:38,  2.14s/it]
 94%|#########3| 1871/2000 [1:09:13<04:34,  2.13s/it]
 94%|#########3| 1872/2000 [1:09:15<04:24,  2.07s/it]
 94%|#########3| 1873/2000 [1:09:17<04:20,  2.05s/it]
 94%|#########3| 1874/2000 [1:09:19<04:17,  2.04s/it]
 94%|#########3| 1875/2000 [1:09:22<04:23,  2.11s/it]
                                                     

 94%|#########3| 1875/2000 [1:09:22<04:23,  2.11s/it]
 94%|#########3| 1876/2000 [1:09:24<04:31,  2.19s/it]
 94%|#########3| 1877/2000 [1:09:26<04:34,  2.23s/it]
 94%|#########3| 1878/2000 [1:09:28<04:31,  2.23s/it]
 94%|#########3| 1879/2000 [1:09:31<04:22,  2.17s/it]
 94%|#########3| 1880/2000 [1:09:32<04:08,  2.07s/it]
 94%|#########4| 1881/2000 [1:09:34<03:57,  2.00s/it]
 94%|#########4| 1882/2000 [1:09:36<03:55,  2.00s/it]
 94%|#########4| 1883/2000 [1:09:38<03:53,  2.00s/it]
 94%|#########4| 1884/2000 [1:09:40<03:52,  2.00s/it]
 94%|#########4| 1885/2000 [1:09:42<03:51,  2.01s/it]
 94%|#########4| 1886/2000 [1:09:44<03:56,  2.07s/it]
 94%|#########4| 1887/2000 [1:09:46<03:51,  2.05s/it]
 94%|#########4| 1888/2000 [1:09:48<03:49,  2.05s/it]
 94%|#########4| 1889/2000 [1:09:51<03:47,  2.05s/it]
 94%|#########4| 1890/2000 [1:09:53<03:44,  2.04s/it]
 95%|#########4| 1891/2000 [1:09:54<03:36,  1.99s/it]
 95%|#########4| 1892/2000 [1:09:56<03:32,  1.97s/it]
 95%|#########4| 1893/2000 [1:09:58<03:31,  1.98s/it]
 95%|#########4| 1894/2000 [1:10:01<03:36,  2.04s/it]
 95%|#########4| 1895/2000 [1:10:03<03:36,  2.06s/it]
 95%|#########4| 1896/2000 [1:10:04<03:26,  1.98s/it]
 95%|#########4| 1897/2000 [1:10:06<03:21,  1.96s/it]
 95%|#########4| 1898/2000 [1:10:08<03:19,  1.96s/it]
 95%|#########4| 1899/2000 [1:10:11<03:25,  2.04s/it]
 95%|#########5| 1900/2000 [1:10:13<03:28,  2.09s/it]
                                                     

{'loss': '3.726', 'grad_norm': '1.399', 'learning_rate': '8.409e-06', 'epoch': '0.3119'}
{'loss': '3.798', 'grad_norm': '1.548', 'learning_rate': '6.201e-06', 'epoch': '0.3162'}
{'loss': '3.748', 'grad_norm': '1.647', 'learning_rate': '4.325e-06', 'epoch': '0.3204'}
{'loss': '3.781', 'grad_norm': '1.288', 'learning_rate': '2.782e-06', 'epoch': '0.3247'}
 95%|#########5| 1900/2000 [1:10:13<03:28,  2.09s/it]

  0%|          | 0/239 [00:00<?, ?it/s][A

  1%|          | 2/239 [00:00<00:16, 13.96it/s][A

  2%|1         | 4/239 [00:00<00:27,  8.70it/s][A

  2%|2         | 5/239 [00:00<00:28,  8.15it/s][A

  3%|2         | 6/239 [00:00<00:30,  7.69it/s][A

  3%|2         | 7/239 [00:00<00:30,  7.62it/s][A

  3%|3         | 8/239 [00:00<00:29,  7.92it/s][A

  4%|3         | 9/239 [00:01<00:28,  8.17it/s][A

  4%|4         | 10/239 [00:01<00:27,  8.29it/s][A

  5%|4         | 11/239 [00:01<00:27,  8.38it/s][A

  5%|5         | 12/239 [00:01<00:26,  8.52it/s][A

  5%|5         | 13/239 [00:01<00:25,  8.74it/s][A

  6%|5         | 14/239 [00:01<00:25,  8.81it/s][A

  6%|6         | 15/239 [00:01<00:25,  8.70it/s][A

  7%|6         | 16/239 [00:01<00:24,  8.97it/s][A

  8%|7         | 18/239 [00:02<00:24,  9.12it/s][A

  8%|7         | 19/239 [00:02<00:26,  8.34it/s][A

  8%|8         | 20/239 [00:02<00:26,  8.39it/s][A

  9%|8         | 21/239 [00:02<00:26,  8.18it/s][A

  9%|9         | 22/239 [00:02<00:26,  8.11it/s][A

 10%|9         | 23/239 [00:02<00:28,  7.51it/s][A

 10%|#         | 24/239 [00:02<00:28,  7.53it/s][A

 10%|#         | 25/239 [00:03<00:28,  7.47it/s][A

 11%|#         | 26/239 [00:03<00:29,  7.31it/s][A

 11%|#1        | 27/239 [00:03<00:28,  7.43it/s][A

 12%|#1        | 28/239 [00:03<00:27,  7.66it/s][A

 12%|#2        | 29/239 [00:03<00:26,  7.83it/s][A

 13%|#2        | 30/239 [00:03<00:26,  7.93it/s][A

 13%|#2        | 31/239 [00:03<00:26,  7.87it/s][A

 13%|#3        | 32/239 [00:03<00:26,  7.76it/s][A

 14%|#3        | 33/239 [00:04<00:27,  7.50it/s][A

 14%|#4        | 34/239 [00:04<00:27,  7.54it/s][A

 15%|#4        | 35/239 [00:04<00:26,  7.66it/s][A

 15%|#5        | 36/239 [00:04<00:27,  7.49it/s][A

 15%|#5        | 37/239 [00:04<00:26,  7.56it/s][A

 16%|#5        | 38/239 [00:04<00:25,  7.74it/s][A

 16%|#6        | 39/239 [00:04<00:25,  7.96it/s][A

 17%|#7        | 41/239 [00:05<00:22,  8.95it/s][A

 18%|#7        | 42/239 [00:05<00:22,  8.74it/s][A

 18%|#8        | 44/239 [00:05<00:19,  9.80it/s][A

 19%|#9        | 46/239 [00:05<00:18, 10.35it/s][A

 20%|##        | 48/239 [00:05<00:18, 10.44it/s][A

 21%|##        | 50/239 [00:05<00:17, 10.96it/s][A

 22%|##1       | 52/239 [00:06<00:16, 11.37it/s][A

 23%|##2       | 54/239 [00:06<00:17, 10.77it/s][A

 23%|##3       | 56/239 [00:06<00:18, 10.03it/s][A

 24%|##4       | 58/239 [00:06<00:19,  9.09it/s][A

 25%|##4       | 59/239 [00:06<00:19,  9.00it/s][A

 25%|##5       | 60/239 [00:06<00:19,  9.09it/s][A

 26%|##5       | 61/239 [00:07<00:19,  9.06it/s][A

 26%|##5       | 62/239 [00:07<00:19,  9.17it/s][A

 26%|##6       | 63/239 [00:07<00:18,  9.36it/s][A

 27%|##6       | 64/239 [00:07<00:19,  8.93it/s][A

 27%|##7       | 65/239 [00:07<00:19,  8.98it/s][A

 28%|##7       | 66/239 [00:07<00:20,  8.63it/s][A

 28%|##8       | 67/239 [00:07<00:20,  8.39it/s][A

 28%|##8       | 68/239 [00:07<00:20,  8.19it/s][A

 29%|##8       | 69/239 [00:08<00:20,  8.13it/s][A

 29%|##9       | 70/239 [00:08<00:19,  8.51it/s][A

 30%|##9       | 71/239 [00:08<00:18,  8.87it/s][A

 30%|###       | 72/239 [00:08<00:19,  8.75it/s][A

 31%|###       | 73/239 [00:08<00:20,  8.25it/s][A

 31%|###       | 74/239 [00:08<00:22,  7.42it/s][A

 31%|###1      | 75/239 [00:08<00:23,  6.86it/s][A

 32%|###1      | 76/239 [00:08<00:23,  7.06it/s][A

 32%|###2      | 77/239 [00:09<00:22,  7.15it/s][A

 33%|###2      | 78/239 [00:09<00:20,  7.68it/s][A

 33%|###3      | 79/239 [00:09<00:19,  8.01it/s][A

 33%|###3      | 80/239 [00:09<00:19,  8.27it/s][A

 34%|###3      | 81/239 [00:09<00:18,  8.55it/s][A

 35%|###4      | 83/239 [00:09<00:16,  9.25it/s][A

 35%|###5      | 84/239 [00:09<00:17,  9.08it/s][A

 36%|###5      | 85/239 [00:09<00:16,  9.24it/s][A

 36%|###5      | 86/239 [00:10<00:16,  9.15it/s][A

 36%|###6      | 87/239 [00:10<00:16,  9.07it/s][A

 37%|###6      | 88/239 [00:10<00:18,  7.99it/s][A

 37%|###7      | 89/239 [00:10<00:23,  6.52it/s][A

 38%|###7      | 90/239 [00:10<00:24,  6.02it/s][A

 38%|###8      | 91/239 [00:10<00:24,  6.10it/s][A

 38%|###8      | 92/239 [00:11<00:23,  6.28it/s][A

 39%|###8      | 93/239 [00:11<00:22,  6.60it/s][A

 39%|###9      | 94/239 [00:11<00:22,  6.44it/s][A

 40%|###9      | 95/239 [00:11<00:27,  5.32it/s][A

 40%|####      | 96/239 [00:11<00:24,  5.87it/s][A

 41%|####      | 97/239 [00:11<00:22,  6.28it/s][A

 41%|####1     | 98/239 [00:11<00:20,  6.72it/s][A

 41%|####1     | 99/239 [00:12<00:20,  6.77it/s][A

 42%|####1     | 100/239 [00:12<00:21,  6.48it/s][A

 42%|####2     | 101/239 [00:12<00:21,  6.32it/s][A

 43%|####2     | 102/239 [00:12<00:21,  6.42it/s][A

 43%|####3     | 103/239 [00:12<00:19,  6.91it/s][A

 44%|####3     | 104/239 [00:12<00:19,  6.93it/s][A

 44%|####3     | 105/239 [00:13<00:19,  6.83it/s][A

 44%|####4     | 106/239 [00:13<00:19,  6.96it/s][A

 45%|####4     | 107/239 [00:13<00:17,  7.65it/s][A

 45%|####5     | 108/239 [00:13<00:17,  7.47it/s][A

 46%|####5     | 109/239 [00:13<00:17,  7.56it/s][A

 46%|####6     | 110/239 [00:13<00:16,  8.06it/s][A

 47%|####6     | 112/239 [00:13<00:14,  8.88it/s][A

 48%|####7     | 114/239 [00:14<00:13,  9.24it/s][A

 48%|####8     | 115/239 [00:14<00:13,  8.92it/s][A

 49%|####8     | 116/239 [00:14<00:13,  9.07it/s][A

 49%|####9     | 118/239 [00:14<00:12,  9.50it/s][A

 50%|#####     | 120/239 [00:14<00:12,  9.64it/s][A

 51%|#####1    | 122/239 [00:14<00:11,  9.79it/s][A

 51%|#####1    | 123/239 [00:14<00:12,  9.66it/s][A

 52%|#####2    | 125/239 [00:15<00:11, 10.11it/s][A

 53%|#####2    | 126/239 [00:15<00:11,  9.97it/s][A

 53%|#####3    | 127/239 [00:15<00:11,  9.89it/s][A

 54%|#####3    | 128/239 [00:15<00:11,  9.46it/s][A

 54%|#####4    | 130/239 [00:15<00:11,  9.73it/s][A

 55%|#####4    | 131/239 [00:15<00:11,  9.52it/s][A

 55%|#####5    | 132/239 [00:15<00:12,  8.71it/s][A

 56%|#####5    | 133/239 [00:16<00:13,  7.98it/s][A

 56%|#####6    | 134/239 [00:16<00:13,  7.84it/s][A

 56%|#####6    | 135/239 [00:16<00:13,  7.89it/s][A

 57%|#####6    | 136/239 [00:16<00:13,  7.69it/s][A

 57%|#####7    | 137/239 [00:16<00:13,  7.52it/s][A

 58%|#####7    | 138/239 [00:16<00:12,  7.88it/s][A

 58%|#####8    | 139/239 [00:16<00:12,  7.96it/s][A

 59%|#####8    | 140/239 [00:16<00:12,  8.13it/s][A

 59%|#####8    | 141/239 [00:17<00:12,  8.08it/s][A

 59%|#####9    | 142/239 [00:17<00:12,  7.94it/s][A

 60%|#####9    | 143/239 [00:17<00:12,  7.72it/s][A

 60%|######    | 144/239 [00:17<00:12,  7.66it/s][A

 61%|######    | 145/239 [00:17<00:13,  7.00it/s][A

 61%|######1   | 146/239 [00:17<00:12,  7.27it/s][A

 62%|######1   | 147/239 [00:17<00:11,  7.68it/s][A

 62%|######1   | 148/239 [00:18<00:13,  6.92it/s][A

 62%|######2   | 149/239 [00:18<00:12,  7.18it/s][A

 63%|######2   | 150/239 [00:18<00:11,  7.44it/s][A

 63%|######3   | 151/239 [00:18<00:11,  7.75it/s][A

 64%|######3   | 152/239 [00:18<00:11,  7.55it/s][A

 64%|######4   | 153/239 [00:18<00:11,  7.70it/s][A

 64%|######4   | 154/239 [00:18<00:10,  7.91it/s][A

 65%|######4   | 155/239 [00:18<00:10,  8.02it/s][A

 65%|######5   | 156/239 [00:19<00:09,  8.32it/s][A

 66%|######5   | 157/239 [00:19<00:09,  8.61it/s][A

 67%|######6   | 159/239 [00:19<00:08,  9.31it/s][A

 67%|######6   | 160/239 [00:19<00:08,  9.36it/s][A

 67%|######7   | 161/239 [00:19<00:08,  9.44it/s][A

 68%|######7   | 162/239 [00:19<00:08,  9.38it/s][A

 68%|######8   | 163/239 [00:19<00:08,  9.48it/s][A

 69%|######8   | 164/239 [00:19<00:07,  9.50it/s][A

 69%|######9   | 165/239 [00:20<00:07,  9.41it/s][A

 69%|######9   | 166/239 [00:20<00:07,  9.48it/s][A

 70%|######9   | 167/239 [00:20<00:07,  9.36it/s][A

 70%|#######   | 168/239 [00:20<00:07,  9.46it/s][A

 71%|#######   | 169/239 [00:20<00:07,  9.16it/s][A

 71%|#######1  | 170/239 [00:20<00:07,  9.21it/s][A

 72%|#######1  | 171/239 [00:20<00:07,  8.79it/s][A

 72%|#######2  | 173/239 [00:20<00:07,  8.96it/s][A

 73%|#######3  | 175/239 [00:21<00:06,  9.85it/s][A

 74%|#######3  | 176/239 [00:21<00:06,  9.70it/s][A

 74%|#######4  | 178/239 [00:21<00:06, 10.09it/s][A

 75%|#######4  | 179/239 [00:21<00:06,  9.92it/s][A

 75%|#######5  | 180/239 [00:21<00:05,  9.90it/s][A

 76%|#######5  | 181/239 [00:21<00:06,  9.28it/s][A

 76%|#######6  | 182/239 [00:21<00:06,  9.19it/s][A

 77%|#######6  | 183/239 [00:21<00:06,  8.80it/s][A

 77%|#######6  | 184/239 [00:22<00:06,  8.87it/s][A

 77%|#######7  | 185/239 [00:22<00:06,  8.90it/s][A

 78%|#######7  | 186/239 [00:22<00:06,  8.31it/s][A

 78%|#######8  | 187/239 [00:22<00:06,  7.93it/s][A

 79%|#######8  | 188/239 [00:22<00:06,  7.62it/s][A

 79%|#######9  | 189/239 [00:22<00:06,  7.62it/s][A

 79%|#######9  | 190/239 [00:22<00:06,  7.30it/s][A

 80%|#######9  | 191/239 [00:23<00:06,  7.44it/s][A

 80%|########  | 192/239 [00:23<00:06,  7.47it/s][A

 81%|########  | 193/239 [00:23<00:06,  7.52it/s][A

 81%|########1 | 194/239 [00:23<00:05,  7.60it/s][A

 82%|########1 | 195/239 [00:23<00:06,  7.13it/s][A

 82%|########2 | 196/239 [00:23<00:05,  7.31it/s][A

 82%|########2 | 197/239 [00:23<00:05,  7.39it/s][A

 83%|########2 | 198/239 [00:23<00:05,  6.99it/s][A

 83%|########3 | 199/239 [00:24<00:05,  7.25it/s][A

 84%|########3 | 200/239 [00:24<00:05,  7.52it/s][A

 84%|########4 | 201/239 [00:24<00:05,  7.04it/s][A

 85%|########4 | 202/239 [00:24<00:05,  6.91it/s][A

 85%|########4 | 203/239 [00:24<00:05,  6.82it/s][A

 85%|########5 | 204/239 [00:24<00:04,  7.29it/s][A

 86%|########5 | 205/239 [00:24<00:04,  7.52it/s][A

 86%|########6 | 206/239 [00:25<00:04,  7.71it/s][A

 87%|########6 | 207/239 [00:25<00:03,  8.27it/s][A

 87%|########7 | 208/239 [00:25<00:03,  8.60it/s][A

 88%|########7 | 210/239 [00:25<00:03,  9.59it/s][A

 89%|########8 | 212/239 [00:25<00:02,  9.48it/s][A

 89%|########9 | 213/239 [00:25<00:02,  9.40it/s][A

 90%|########9 | 215/239 [00:25<00:02,  9.76it/s][A

 91%|######### | 217/239 [00:26<00:02, 10.19it/s][A

 92%|#########1| 219/239 [00:26<00:02,  9.85it/s][A

 92%|#########2| 221/239 [00:26<00:01,  9.83it/s][A

 93%|#########2| 222/239 [00:26<00:01,  9.67it/s][A

 93%|#########3| 223/239 [00:26<00:01,  9.34it/s][A

 94%|#########3| 224/239 [00:26<00:01,  9.14it/s][A

 94%|#########4| 225/239 [00:27<00:01,  8.83it/s][A

 95%|#########4| 226/239 [00:27<00:01,  8.07it/s][A

 95%|#########4| 227/239 [00:27<00:01,  8.13it/s][A

 95%|#########5| 228/239 [00:27<00:01,  8.06it/s][A

 96%|#########5| 229/239 [00:27<00:01,  7.78it/s][A

 96%|#########6| 230/239 [00:27<00:01,  7.93it/s][A

 97%|#########6| 231/239 [00:27<00:00,  8.05it/s][A

 97%|#########7| 232/239 [00:27<00:00,  8.22it/s][A

 97%|#########7| 233/239 [00:28<00:00,  8.45it/s][A

 98%|#########7| 234/239 [00:28<00:00,  8.60it/s][A

 98%|#########8| 235/239 [00:28<00:00,  8.54it/s][A

 99%|#########8| 236/239 [00:28<00:00,  8.24it/s][A

 99%|#########9| 237/239 [00:28<00:00,  8.11it/s][A

100%|#########9| 238/239 [00:28<00:00,  8.26it/s][A

100%|##########| 239/239 [00:28<00:00,  8.44it/s][A
                                                     


                                                 
[A
 95%|#########5| 1900/2000 [1:10:42<03:28,  2.09s/it]

100%|##########| 239/239 [00:28<00:00,  8.44it/s][A

{'eval_loss': '2.749', 'eval_runtime': '28.9', 'eval_samples_per_second': '33.08', 'eval_steps_per_second': '8.27', 'epoch': '0.3247'}
                                                 [A

Writing model shards:   0%|          | 0/1 [00:00<?, ?it/s][A

Writing model shards: 100%|##########| 1/1 [00:00<00:00,  1.45it/s][A
Writing model shards: 100%|##########| 1/1 [00:00<00:00,  1.45it/s]

 95%|#########5| 1901/2000 [1:10:46<18:41, 11.33s/it]
 95%|#########5| 1902/2000 [1:10:47<13:46,  8.44s/it]
 95%|#########5| 1903/2000 [1:10:49<10:26,  6.46s/it]
 95%|#########5| 1904/2000 [1:10:51<08:11,  5.12s/it]
 95%|#########5| 1905/2000 [1:10:53<06:40,  4.21s/it]
 95%|#########5| 1906/2000 [1:10:55<05:32,  3.54s/it]
 95%|#########5| 1907/2000 [1:10:57<04:38,  3.00s/it]
 95%|#########5| 1908/2000 [1:10:59<04:08,  2.70s/it]
 95%|#########5| 1909/2000 [1:11:01<03:47,  2.49s/it]
 96%|#########5| 1910/2000 [1:11:03<03:24,  2.27s/it]
 96%|#########5| 1911/2000 [1:11:04<03:08,  2.11s/it]
 96%|#########5| 1912/2000 [1:11:06<02:59,  2.04s/it]
 96%|#########5| 1913/2000 [1:11:08<02:48,  1.94s/it]
 96%|#########5| 1914/2000 [1:11:10<02:41,  1.88s/it]
 96%|#########5| 1915/2000 [1:11:12<02:36,  1.84s/it]
 96%|#########5| 1916/2000 [1:11:13<02:33,  1.83s/it]
 96%|#########5| 1917/2000 [1:11:15<02:33,  1.84s/it]
 96%|#########5| 1918/2000 [1:11:17<02:29,  1.82s/it]
 96%|#########5| 1919/2000 [1:11:19<02:28,  1.83s/it]
 96%|#########6| 1920/2000 [1:11:21<02:33,  1.92s/it]
 96%|#########6| 1921/2000 [1:11:23<02:38,  2.01s/it]
 96%|#########6| 1922/2000 [1:11:25<02:34,  1.98s/it]
 96%|#########6| 1923/2000 [1:11:27<02:30,  1.95s/it]
 96%|#########6| 1924/2000 [1:11:29<02:25,  1.91s/it]
 96%|#########6| 1925/2000 [1:11:31<02:22,  1.91s/it]
                                                     

 96%|#########6| 1925/2000 [1:11:31<02:22,  1.91s/it]
 96%|#########6| 1926/2000 [1:11:32<02:17,  1.86s/it]
 96%|#########6| 1927/2000 [1:11:34<02:16,  1.87s/it]
 96%|#########6| 1928/2000 [1:11:36<02:16,  1.89s/it]
 96%|#########6| 1929/2000 [1:11:38<02:13,  1.89s/it]
 96%|#########6| 1930/2000 [1:11:40<02:10,  1.87s/it]
 97%|#########6| 1931/2000 [1:11:42<02:11,  1.91s/it]
 97%|#########6| 1932/2000 [1:11:44<02:16,  2.01s/it]
 97%|#########6| 1933/2000 [1:11:46<02:17,  2.05s/it]
 97%|#########6| 1934/2000 [1:11:48<02:16,  2.07s/it]
 97%|#########6| 1935/2000 [1:11:50<02:12,  2.04s/it]
 97%|#########6| 1936/2000 [1:11:52<02:08,  2.01s/it]
 97%|#########6| 1937/2000 [1:11:54<02:08,  2.04s/it]
 97%|#########6| 1938/2000 [1:11:57<02:16,  2.20s/it]
 97%|#########6| 1939/2000 [1:11:59<02:12,  2.17s/it]
 97%|#########7| 1940/2000 [1:12:01<02:09,  2.15s/it]
 97%|#########7| 1941/2000 [1:12:03<02:04,  2.11s/it]
 97%|#########7| 1942/2000 [1:12:06<02:07,  2.20s/it]
 97%|#########7| 1943/2000 [1:12:08<02:03,  2.17s/it]
 97%|#########7| 1944/2000 [1:12:10<01:59,  2.13s/it]
 97%|#########7| 1945/2000 [1:12:12<01:55,  2.11s/it]
 97%|#########7| 1946/2000 [1:12:14<01:56,  2.15s/it]
 97%|#########7| 1947/2000 [1:12:17<02:00,  2.27s/it]
 97%|#########7| 1948/2000 [1:12:19<02:01,  2.33s/it]
 97%|#########7| 1949/2000 [1:12:21<01:54,  2.24s/it]
 98%|#########7| 1950/2000 [1:12:24<01:59,  2.40s/it]
                                                     

 98%|#########7| 1950/2000 [1:12:24<01:59,  2.40s/it]
 98%|#########7| 1951/2000 [1:12:26<01:55,  2.35s/it]
 98%|#########7| 1952/2000 [1:12:28<01:49,  2.28s/it]
 98%|#########7| 1953/2000 [1:12:31<01:48,  2.30s/it]
 98%|#########7| 1954/2000 [1:12:33<01:41,  2.21s/it]
 98%|#########7| 1955/2000 [1:12:35<01:44,  2.32s/it]
 98%|#########7| 1956/2000 [1:12:37<01:39,  2.26s/it]
 98%|#########7| 1957/2000 [1:12:39<01:33,  2.18s/it]
 98%|#########7| 1958/2000 [1:12:41<01:29,  2.13s/it]
 98%|#########7| 1959/2000 [1:12:43<01:26,  2.11s/it]
 98%|#########8| 1960/2000 [1:12:46<01:24,  2.10s/it]
 98%|#########8| 1961/2000 [1:12:47<01:20,  2.06s/it]
 98%|#########8| 1962/2000 [1:12:50<01:20,  2.13s/it]
 98%|#########8| 1963/2000 [1:12:52<01:17,  2.09s/it]
 98%|#########8| 1964/2000 [1:12:54<01:17,  2.17s/it]
 98%|#########8| 1965/2000 [1:12:56<01:15,  2.16s/it]
 98%|#########8| 1966/2000 [1:12:58<01:10,  2.08s/it]
 98%|#########8| 1967/2000 [1:13:00<01:07,  2.03s/it]
 98%|#########8| 1968/2000 [1:13:02<01:04,  2.01s/it]
 98%|#########8| 1969/2000 [1:13:04<01:01,  2.00s/it]
 98%|#########8| 1970/2000 [1:13:06<00:59,  2.00s/it]
 99%|#########8| 1971/2000 [1:13:08<00:56,  1.95s/it]
 99%|#########8| 1972/2000 [1:13:10<00:54,  1.93s/it]
 99%|#########8| 1973/2000 [1:13:12<00:51,  1.92s/it]
 99%|#########8| 1974/2000 [1:13:14<00:49,  1.92s/it]
 99%|#########8| 1975/2000 [1:13:16<00:49,  1.97s/it]
                                                     

 99%|#########8| 1975/2000 [1:13:16<00:49,  1.97s/it]
 99%|#########8| 1976/2000 [1:13:18<00:47,  1.97s/it]
 99%|#########8| 1977/2000 [1:13:20<00:45,  1.99s/it]
 99%|#########8| 1978/2000 [1:13:22<00:44,  2.00s/it]
 99%|#########8| 1979/2000 [1:13:24<00:41,  2.00s/it]
 99%|#########9| 1980/2000 [1:13:25<00:38,  1.92s/it]
 99%|#########9| 1981/2000 [1:13:27<00:36,  1.93s/it]
 99%|#########9| 1982/2000 [1:13:29<00:34,  1.94s/it]
 99%|#########9| 1983/2000 [1:13:31<00:32,  1.93s/it]
 99%|#########9| 1984/2000 [1:13:33<00:31,  1.97s/it]
 99%|#########9| 1985/2000 [1:13:35<00:29,  1.98s/it]
 99%|#########9| 1986/2000 [1:13:37<00:27,  1.95s/it]
 99%|#########9| 1987/2000 [1:13:39<00:25,  1.94s/it]
 99%|#########9| 1988/2000 [1:13:41<00:22,  1.87s/it]
 99%|#########9| 1989/2000 [1:13:43<00:20,  1.85s/it]
100%|#########9| 1990/2000 [1:13:45<00:18,  1.87s/it]
100%|#########9| 1991/2000 [1:13:46<00:16,  1.86s/it]
100%|#########9| 1992/2000 [1:13:48<00:15,  1.88s/it]
100%|#########9| 1993/2000 [1:13:50<00:13,  1.89s/it]
100%|#########9| 1994/2000 [1:13:52<00:11,  1.97s/it]
100%|#########9| 1995/2000 [1:13:54<00:09,  1.87s/it]
100%|#########9| 1996/2000 [1:13:56<00:07,  1.86s/it]
100%|#########9| 1997/2000 [1:13:58<00:05,  1.86s/it]
100%|#########9| 1998/2000 [1:14:00<00:03,  1.89s/it]
100%|#########9| 1999/2000 [1:14:02<00:01,  1.93s/it]
100%|##########| 2000/2000 [1:14:03<00:00,  1.87s/it]
                                                     

{'loss': '3.751', 'grad_norm': '1.572', 'learning_rate': '1.577e-06', 'epoch': '0.329'}
{'loss': '3.919', 'grad_norm': '1.602', 'learning_rate': '7.107e-07', 'epoch': '0.3332'}
{'loss': '3.747', 'grad_norm': '1.572', 'learning_rate': '1.848e-07', 'epoch': '0.3375'}
{'loss': '3.829', 'grad_norm': '1.548', 'learning_rate': '2.734e-10', 'epoch': '0.3418'}
100%|##########| 2000/2000 [1:14:03<00:00,  1.87s/it]

  0%|          | 0/239 [00:00<?, ?it/s][A

  1%|1         | 3/239 [00:00<00:15, 14.95it/s][A

  2%|2         | 5/239 [00:00<00:18, 12.68it/s][A

  3%|2         | 7/239 [00:00<00:20, 11.15it/s][A

  4%|3         | 9/239 [00:00<00:20, 11.36it/s][A

  5%|4         | 11/239 [00:00<00:20, 10.97it/s][A

  5%|5         | 13/239 [00:01<00:21, 10.41it/s][A

  6%|6         | 15/239 [00:01<00:21, 10.64it/s][A

  7%|7         | 17/239 [00:01<00:21, 10.45it/s][A

  8%|7         | 19/239 [00:01<00:20, 10.86it/s][A

  9%|8         | 21/239 [00:01<00:19, 10.91it/s][A

 10%|9         | 23/239 [00:02<00:20, 10.61it/s][A

 10%|#         | 25/239 [00:02<00:22,  9.43it/s][A

 11%|#         | 26/239 [00:02<00:23,  9.12it/s][A

 11%|#1        | 27/239 [00:02<00:23,  8.84it/s][A

 12%|#1        | 28/239 [00:02<00:24,  8.67it/s][A

 12%|#2        | 29/239 [00:02<00:24,  8.52it/s][A

 13%|#2        | 30/239 [00:02<00:23,  8.83it/s][A

 13%|#2        | 31/239 [00:03<00:23,  9.02it/s][A

 14%|#3        | 33/239 [00:03<00:22,  9.22it/s][A

 14%|#4        | 34/239 [00:03<00:21,  9.37it/s][A

 15%|#5        | 36/239 [00:03<00:21,  9.23it/s][A

 15%|#5        | 37/239 [00:03<00:21,  9.26it/s][A

 16%|#5        | 38/239 [00:03<00:21,  9.16it/s][A

 16%|#6        | 39/239 [00:03<00:21,  9.17it/s][A

 17%|#6        | 40/239 [00:04<00:21,  9.09it/s][A

 17%|#7        | 41/239 [00:04<00:21,  9.11it/s][A

 18%|#7        | 42/239 [00:04<00:21,  9.09it/s][A

 18%|#7        | 43/239 [00:04<00:21,  9.06it/s][A

 18%|#8        | 44/239 [00:04<00:21,  9.25it/s][A

 19%|#8        | 45/239 [00:04<00:21,  8.98it/s][A

 19%|#9        | 46/239 [00:04<00:21,  8.89it/s][A

 20%|#9        | 47/239 [00:04<00:21,  9.01it/s][A

 21%|##        | 49/239 [00:05<00:21,  9.03it/s][A

 21%|##        | 50/239 [00:05<00:21,  8.99it/s][A

 21%|##1       | 51/239 [00:05<00:22,  8.39it/s][A

 22%|##1       | 52/239 [00:05<00:22,  8.47it/s][A

 22%|##2       | 53/239 [00:05<00:21,  8.70it/s][A

 23%|##2       | 54/239 [00:05<00:21,  8.60it/s][A

 23%|##3       | 55/239 [00:05<00:21,  8.69it/s][A

 23%|##3       | 56/239 [00:05<00:20,  8.93it/s][A

 24%|##3       | 57/239 [00:05<00:20,  9.06it/s][A

 24%|##4       | 58/239 [00:06<00:20,  9.04it/s][A

 25%|##4       | 59/239 [00:06<00:19,  9.27it/s][A

 25%|##5       | 60/239 [00:06<00:19,  9.36it/s][A

 26%|##5       | 62/239 [00:06<00:17,  9.86it/s][A

 26%|##6       | 63/239 [00:06<00:17,  9.78it/s][A

 27%|##6       | 64/239 [00:06<00:18,  9.68it/s][A

 27%|##7       | 65/239 [00:06<00:18,  9.65it/s][A

 28%|##7       | 66/239 [00:06<00:18,  9.48it/s][A

 28%|##8       | 67/239 [00:07<00:18,  9.17it/s][A

 28%|##8       | 68/239 [00:07<00:18,  9.29it/s][A

 29%|##8       | 69/239 [00:07<00:18,  9.30it/s][A

 29%|##9       | 70/239 [00:07<00:17,  9.48it/s][A

 30%|##9       | 71/239 [00:07<00:17,  9.39it/s][A

 30%|###       | 72/239 [00:07<00:19,  8.54it/s][A

 31%|###       | 73/239 [00:07<00:19,  8.34it/s][A

 31%|###       | 74/239 [00:07<00:19,  8.55it/s][A

 31%|###1      | 75/239 [00:07<00:18,  8.66it/s][A

 32%|###1      | 76/239 [00:08<00:18,  8.77it/s][A

 33%|###2      | 78/239 [00:08<00:17,  9.19it/s][A

 33%|###3      | 79/239 [00:08<00:17,  9.00it/s][A

 33%|###3      | 80/239 [00:08<00:17,  8.85it/s][A

 34%|###3      | 81/239 [00:08<00:18,  8.43it/s][A

 34%|###4      | 82/239 [00:08<00:18,  8.59it/s][A

 35%|###4      | 83/239 [00:08<00:18,  8.54it/s][A

 35%|###5      | 84/239 [00:08<00:17,  8.68it/s][A

 36%|###5      | 85/239 [00:09<00:17,  8.83it/s][A

 36%|###5      | 86/239 [00:09<00:17,  8.96it/s][A

 36%|###6      | 87/239 [00:09<00:17,  8.84it/s][A

 37%|###6      | 88/239 [00:09<00:17,  8.72it/s][A

 37%|###7      | 89/239 [00:09<00:16,  9.03it/s][A

 38%|###7      | 90/239 [00:09<00:17,  8.72it/s][A

 38%|###8      | 92/239 [00:09<00:16,  8.89it/s][A

 39%|###8      | 93/239 [00:09<00:16,  8.86it/s][A

 39%|###9      | 94/239 [00:10<00:16,  8.78it/s][A

 40%|####      | 96/239 [00:10<00:15,  9.45it/s][A

 41%|####      | 97/239 [00:10<00:14,  9.54it/s][A

 41%|####1     | 98/239 [00:10<00:14,  9.62it/s][A

 42%|####1     | 100/239 [00:10<00:14,  9.48it/s][A

 42%|####2     | 101/239 [00:10<00:14,  9.31it/s][A

 43%|####2     | 102/239 [00:10<00:14,  9.24it/s][A

 43%|####3     | 103/239 [00:11<00:15,  8.89it/s][A

 44%|####3     | 105/239 [00:11<00:14,  8.96it/s][A

 44%|####4     | 106/239 [00:11<00:14,  9.09it/s][A

 45%|####4     | 107/239 [00:11<00:14,  9.21it/s][A

 45%|####5     | 108/239 [00:11<00:14,  9.15it/s][A

 46%|####5     | 109/239 [00:11<00:14,  8.72it/s][A

 46%|####6     | 110/239 [00:11<00:14,  8.62it/s][A

 46%|####6     | 111/239 [00:11<00:14,  8.57it/s][A

 47%|####6     | 112/239 [00:12<00:14,  8.48it/s][A

 47%|####7     | 113/239 [00:12<00:15,  8.09it/s][A

 48%|####7     | 114/239 [00:12<00:16,  7.81it/s][A

 48%|####8     | 115/239 [00:12<00:16,  7.74it/s][A

 49%|####8     | 116/239 [00:12<00:15,  7.85it/s][A

 49%|####8     | 117/239 [00:12<00:15,  8.04it/s][A

 49%|####9     | 118/239 [00:12<00:14,  8.18it/s][A

 50%|#####     | 120/239 [00:13<00:13,  8.60it/s][A

 51%|#####     | 121/239 [00:13<00:13,  8.74it/s][A

 51%|#####1    | 122/239 [00:13<00:13,  8.73it/s][A

 51%|#####1    | 123/239 [00:13<00:13,  8.90it/s][A

 52%|#####1    | 124/239 [00:13<00:12,  9.15it/s][A

 52%|#####2    | 125/239 [00:13<00:12,  9.16it/s][A

 53%|#####2    | 126/239 [00:13<00:12,  9.36it/s][A

 53%|#####3    | 127/239 [00:13<00:11,  9.51it/s][A

 54%|#####3    | 128/239 [00:13<00:11,  9.26it/s][A

 54%|#####3    | 129/239 [00:14<00:11,  9.29it/s][A

 54%|#####4    | 130/239 [00:14<00:11,  9.48it/s][A

 55%|#####4    | 131/239 [00:14<00:12,  8.83it/s][A

 56%|#####5    | 133/239 [00:14<00:11,  9.11it/s][A

 56%|#####6    | 134/239 [00:14<00:11,  8.81it/s][A

 56%|#####6    | 135/239 [00:14<00:11,  8.96it/s][A

 57%|#####6    | 136/239 [00:14<00:11,  8.70it/s][A

 57%|#####7    | 137/239 [00:14<00:12,  7.90it/s][A

 58%|#####7    | 138/239 [00:15<00:14,  7.04it/s][A

 58%|#####8    | 139/239 [00:15<00:14,  6.99it/s][A

 59%|#####8    | 140/239 [00:15<00:15,  6.42it/s][A

 59%|#####8    | 141/239 [00:15<00:16,  5.91it/s][A

 59%|#####9    | 142/239 [00:15<00:17,  5.48it/s][A

 60%|#####9    | 143/239 [00:16<00:17,  5.37it/s][A

 60%|######    | 144/239 [00:16<00:17,  5.50it/s][A

 61%|######    | 145/239 [00:16<00:15,  6.25it/s][A

 61%|######1   | 146/239 [00:16<00:14,  6.62it/s][A

 62%|######1   | 147/239 [00:16<00:12,  7.11it/s][A

 62%|######1   | 148/239 [00:16<00:11,  7.75it/s][A

 62%|######2   | 149/239 [00:16<00:11,  8.10it/s][A

 63%|######3   | 151/239 [00:17<00:09,  9.25it/s][A

 64%|######3   | 152/239 [00:17<00:09,  9.30it/s][A

 64%|######4   | 154/239 [00:17<00:08,  9.76it/s][A

 65%|######4   | 155/239 [00:17<00:08,  9.76it/s][A

 66%|######5   | 157/239 [00:17<00:07, 10.36it/s][A

 67%|######6   | 159/239 [00:17<00:07, 10.33it/s][A

 67%|######7   | 161/239 [00:17<00:07, 10.74it/s][A

 68%|######8   | 163/239 [00:18<00:06, 11.21it/s][A

 69%|######9   | 165/239 [00:18<00:06, 11.57it/s][A

 70%|######9   | 167/239 [00:18<00:06, 11.41it/s][A

 71%|#######   | 169/239 [00:18<00:06, 11.46it/s][A

 72%|#######1  | 171/239 [00:18<00:06, 11.15it/s][A

 72%|#######2  | 173/239 [00:19<00:06, 10.57it/s][A

 73%|#######3  | 175/239 [00:19<00:06, 10.51it/s][A

 74%|#######4  | 177/239 [00:19<00:06,  9.93it/s][A

 75%|#######4  | 179/239 [00:19<00:06,  9.56it/s][A

 75%|#######5  | 180/239 [00:19<00:06,  9.23it/s][A

 76%|#######6  | 182/239 [00:19<00:05,  9.66it/s][A

 77%|#######6  | 183/239 [00:20<00:05,  9.70it/s][A

 77%|#######7  | 185/239 [00:20<00:05, 10.05it/s][A

 78%|#######8  | 187/239 [00:20<00:05, 10.13it/s][A

 79%|#######9  | 189/239 [00:20<00:04, 10.32it/s][A

 80%|#######9  | 191/239 [00:20<00:04, 10.38it/s][A

 81%|########  | 193/239 [00:21<00:04, 10.41it/s][A

 82%|########1 | 195/239 [00:21<00:04, 10.18it/s][A

 82%|########2 | 197/239 [00:21<00:04, 10.33it/s][A

 83%|########3 | 199/239 [00:21<00:03, 10.11it/s][A

 84%|########4 | 201/239 [00:21<00:03,  9.53it/s][A

 85%|########4 | 202/239 [00:21<00:03,  9.43it/s][A

 85%|########4 | 203/239 [00:22<00:03,  9.33it/s][A

 86%|########5 | 205/239 [00:22<00:03,  9.74it/s][A

 87%|########6 | 207/239 [00:22<00:03,  9.54it/s][A

 87%|########7 | 208/239 [00:22<00:03,  9.61it/s][A

 87%|########7 | 209/239 [00:22<00:03,  9.30it/s][A

 88%|########7 | 210/239 [00:22<00:03,  9.14it/s][A

 89%|########8 | 212/239 [00:23<00:02,  9.18it/s][A

 89%|########9 | 213/239 [00:23<00:02,  9.08it/s][A

 90%|########9 | 214/239 [00:23<00:02,  8.71it/s][A

 90%|########9 | 215/239 [00:23<00:02,  8.73it/s][A

 90%|######### | 216/239 [00:23<00:02,  8.64it/s][A

 91%|######### | 217/239 [00:23<00:02,  8.61it/s][A

 91%|#########1| 218/239 [00:23<00:02,  8.44it/s][A

 92%|#########1| 219/239 [00:23<00:02,  8.35it/s][A

 92%|#########2| 220/239 [00:24<00:02,  8.44it/s][A

 92%|#########2| 221/239 [00:24<00:02,  8.27it/s][A

 93%|#########3| 223/239 [00:24<00:01,  8.63it/s][A

 94%|#########3| 224/239 [00:24<00:01,  8.69it/s][A

 94%|#########4| 225/239 [00:24<00:01,  8.92it/s][A

 95%|#########4| 226/239 [00:24<00:01,  9.11it/s][A

 95%|#########5| 228/239 [00:24<00:01,  9.67it/s][A

 96%|#########5| 229/239 [00:24<00:01,  9.33it/s][A

 97%|#########6| 231/239 [00:25<00:00,  9.78it/s][A

 97%|#########7| 233/239 [00:25<00:00,  9.83it/s][A

 98%|#########8| 235/239 [00:25<00:00, 10.40it/s][A

 99%|#########9| 237/239 [00:25<00:00,  9.80it/s][A

100%|#########9| 238/239 [00:25<00:00,  9.76it/s][A
                                                     


                                                 
[A
100%|##########| 2000/2000 [1:14:30<00:00,  1.87s/it]

100%|##########| 239/239 [00:26<00:00,  9.76it/s][A

{'eval_loss': '2.748', 'eval_runtime': '26.08', 'eval_samples_per_second': '36.66', 'eval_steps_per_second': '9.164', 'epoch': '0.3418'}
                                                 [A

Writing model shards:   0%|          | 0/1 [00:00<?, ?it/s][A

Writing model shards: 100%|##########| 1/1 [00:00<00:00,  1.64it/s][A
Writing model shards: 100%|##########| 1/1 [00:00<00:00,  1.64it/s]

                                                     

100%|##########| 2000/2000 [1:14:31<00:00,  1.87s/it][transformers] There were missing keys in the checkpoint model loaded: ['lm_head.weight'].

100%|##########| 2000/2000 [1:14:32<00:00,  2.24s/it]
{'train_runtime': '4472', 'train_samples_per_second': '3.578', 'train_steps_per_second': '0.447', 'train_loss': '5.55', 'epoch': '0.3418'}

Writing model shards:   0%|          | 0/1 [00:00<?, ?it/s]
Writing model shards: 100%|##########| 1/1 [00:00<00:00,  1.71it/s]
Writing model shards: 100%|##########| 1/1 [00:00<00:00,  1.71it/s]

  0%|          | 0/239 [00:00<?, ?it/s]
  1%|          | 2/239 [00:00<00:20, 11.71it/s]
  2%|1         | 4/239 [00:00<00:21, 10.98it/s]
  3%|2         | 6/239 [00:00<00:22, 10.46it/s]
  3%|3         | 8/239 [00:00<00:22, 10.36it/s]
  4%|4         | 10/239 [00:00<00:22, 10.12it/s]
  5%|5         | 12/239 [00:01<00:22, 10.25it/s]
  6%|5         | 14/239 [00:01<00:22, 10.17it/s]
  7%|6         | 16/239 [00:01<00:21, 10.51it/s]
  8%|7         | 18/239 [00:01<00:21, 10.26it/s]
  8%|8         | 20/239 [00:01<00:21, 10.35it/s]
  9%|9         | 22/239 [00:02<00:19, 10.90it/s]
 10%|#         | 24/239 [00:02<00:19, 11.18it/s]
 11%|#         | 26/239 [00:02<00:19, 11.17it/s]
 12%|#1        | 28/239 [00:02<00:18, 11.15it/s]
 13%|#2        | 30/239 [00:02<00:18, 11.30it/s]
 13%|#3        | 32/239 [00:02<00:17, 11.88it/s]
 14%|#4        | 34/239 [00:03<00:17, 11.83it/s]
 15%|#5        | 36/239 [00:03<00:17, 11.90it/s]
 16%|#5        | 38/239 [00:03<00:17, 11.50it/s]
 17%|#6        | 40/239 [00:03<00:19, 10.11it/s]
 18%|#7        | 42/239 [00:03<00:20,  9.85it/s]
 18%|#8        | 44/239 [00:04<00:18, 10.28it/s]
 19%|#9        | 46/239 [00:04<00:18, 10.34it/s]
 20%|##        | 48/239 [00:04<00:18, 10.26it/s]
 21%|##        | 50/239 [00:04<00:17, 10.59it/s]
 22%|##1       | 52/239 [00:04<00:17, 10.85it/s]
 23%|##2       | 54/239 [00:05<00:16, 10.89it/s]
 23%|##3       | 56/239 [00:05<00:16, 11.07it/s]
 24%|##4       | 58/239 [00:05<00:16, 11.22it/s]
 25%|##5       | 60/239 [00:05<00:15, 11.62it/s]
 26%|##5       | 62/239 [00:05<00:15, 11.55it/s]
 27%|##6       | 64/239 [00:05<00:14, 11.70it/s]
 28%|##7       | 66/239 [00:06<00:15, 11.23it/s]
 28%|##8       | 68/239 [00:06<00:16, 10.59it/s]
 29%|##9       | 70/239 [00:06<00:16, 10.20it/s]
 30%|###       | 72/239 [00:06<00:15, 10.50it/s]
 31%|###       | 74/239 [00:06<00:14, 11.43it/s]
 32%|###1      | 76/239 [00:06<00:14, 11.23it/s]
 33%|###2      | 78/239 [00:07<00:14, 10.83it/s]
 33%|###3      | 80/239 [00:07<00:15, 10.55it/s]
 34%|###4      | 82/239 [00:07<00:14, 10.55it/s]
 35%|###5      | 84/239 [00:07<00:14, 10.53it/s]
 36%|###5      | 86/239 [00:07<00:14, 10.27it/s]
 37%|###6      | 88/239 [00:08<00:14, 10.25it/s]
 38%|###7      | 90/239 [00:08<00:14,  9.95it/s]
 38%|###8      | 92/239 [00:08<00:15,  9.69it/s]
 39%|###8      | 93/239 [00:08<00:15,  9.56it/s]
 39%|###9      | 94/239 [00:08<00:15,  9.59it/s]
 40%|###9      | 95/239 [00:08<00:15,  9.54it/s]
 40%|####      | 96/239 [00:09<00:15,  9.52it/s]
 41%|####      | 97/239 [00:09<00:15,  9.34it/s]
 41%|####1     | 98/239 [00:09<00:15,  9.32it/s]
 41%|####1     | 99/239 [00:09<00:15,  9.14it/s]
 42%|####1     | 100/239 [00:09<00:15,  8.89it/s]
 42%|####2     | 101/239 [00:09<00:15,  8.70it/s]
 43%|####2     | 102/239 [00:09<00:15,  8.70it/s]
 43%|####3     | 103/239 [00:09<00:15,  8.52it/s]
 44%|####3     | 104/239 [00:09<00:15,  8.53it/s]
 44%|####3     | 105/239 [00:10<00:15,  8.91it/s]
 45%|####4     | 107/239 [00:10<00:14,  8.98it/s]
 45%|####5     | 108/239 [00:10<00:15,  8.67it/s]
 46%|####6     | 110/239 [00:10<00:14,  8.86it/s]
 47%|####6     | 112/239 [00:10<00:13,  9.35it/s]
 47%|####7     | 113/239 [00:10<00:13,  9.28it/s]
 48%|####7     | 114/239 [00:11<00:14,  8.88it/s]
 48%|####8     | 115/239 [00:11<00:14,  8.77it/s]
 49%|####8     | 116/239 [00:11<00:14,  8.44it/s]
 49%|####8     | 117/239 [00:11<00:14,  8.27it/s]
 49%|####9     | 118/239 [00:11<00:14,  8.17it/s]
 50%|####9     | 119/239 [00:11<00:14,  8.39it/s]
 50%|#####     | 120/239 [00:11<00:13,  8.55it/s]
 51%|#####     | 121/239 [00:11<00:13,  8.69it/s]
 51%|#####1    | 122/239 [00:12<00:13,  8.69it/s]
 51%|#####1    | 123/239 [00:12<00:13,  8.89it/s]
 52%|#####1    | 124/239 [00:12<00:12,  8.91it/s]
 52%|#####2    | 125/239 [00:12<00:12,  8.85it/s]
 53%|#####2    | 126/239 [00:12<00:12,  8.99it/s]
 53%|#####3    | 127/239 [00:12<00:13,  8.58it/s]
 54%|#####3    | 128/239 [00:12<00:12,  8.76it/s]
 54%|#####3    | 129/239 [00:12<00:12,  8.63it/s]
 54%|#####4    | 130/239 [00:12<00:12,  8.43it/s]
 55%|#####4    | 131/239 [00:13<00:13,  8.24it/s]
 55%|#####5    | 132/239 [00:13<00:12,  8.29it/s]
 56%|#####5    | 133/239 [00:13<00:13,  8.06it/s]
 56%|#####6    | 134/239 [00:13<00:13,  7.88it/s]
 56%|#####6    | 135/239 [00:13<00:15,  6.53it/s]
 57%|#####6    | 136/239 [00:13<00:17,  5.89it/s]
 57%|#####7    | 137/239 [00:14<00:15,  6.38it/s]
 58%|#####7    | 138/239 [00:14<00:14,  6.89it/s]
 58%|#####8    | 139/239 [00:14<00:14,  7.14it/s]
 59%|#####8    | 140/239 [00:14<00:14,  6.96it/s]
 59%|#####8    | 141/239 [00:14<00:13,  7.34it/s]
 59%|#####9    | 142/239 [00:14<00:12,  7.85it/s]
 60%|#####9    | 143/239 [00:14<00:11,  8.17it/s]
 60%|######    | 144/239 [00:14<00:11,  7.98it/s]
 61%|######    | 145/239 [00:14<00:11,  8.09it/s]
 61%|######1   | 146/239 [00:15<00:11,  8.02it/s]
 62%|######1   | 148/239 [00:15<00:10,  9.01it/s]
 63%|######2   | 150/239 [00:15<00:09,  9.57it/s]
 63%|######3   | 151/239 [00:15<00:09,  9.43it/s]
 64%|######4   | 153/239 [00:15<00:08,  9.83it/s]
 65%|######4   | 155/239 [00:15<00:08, 10.10it/s]
 65%|######5   | 156/239 [00:16<00:08, 10.07it/s]
 66%|######6   | 158/239 [00:16<00:08,  9.83it/s]
 67%|######6   | 159/239 [00:16<00:08,  9.77it/s]
 67%|######7   | 161/239 [00:16<00:08,  9.73it/s]
 68%|######8   | 163/239 [00:16<00:07, 10.06it/s]
 69%|######9   | 165/239 [00:17<00:07,  9.70it/s]
 69%|######9   | 166/239 [00:17<00:07,  9.31it/s]
 70%|######9   | 167/239 [00:17<00:07,  9.11it/s]
 70%|#######   | 168/239 [00:17<00:08,  8.71it/s]
 71%|#######   | 169/239 [00:17<00:08,  8.49it/s]
 71%|#######1  | 170/239 [00:17<00:08,  8.22it/s]
 72%|#######1  | 171/239 [00:17<00:08,  8.09it/s]
 72%|#######1  | 172/239 [00:17<00:08,  7.83it/s]
 72%|#######2  | 173/239 [00:18<00:08,  7.84it/s]
 73%|#######2  | 174/239 [00:18<00:08,  7.75it/s]
 73%|#######3  | 175/239 [00:18<00:08,  7.62it/s]
 74%|#######3  | 176/239 [00:18<00:08,  7.72it/s]
 74%|#######4  | 177/239 [00:18<00:07,  7.95it/s]
 74%|#######4  | 178/239 [00:18<00:07,  8.39it/s]
 75%|#######5  | 180/239 [00:18<00:06,  9.24it/s]
 76%|#######5  | 181/239 [00:18<00:06,  9.19it/s]
 76%|#######6  | 182/239 [00:19<00:06,  8.91it/s]
 77%|#######6  | 183/239 [00:19<00:06,  9.03it/s]
 77%|#######6  | 184/239 [00:19<00:06,  8.59it/s]
 77%|#######7  | 185/239 [00:19<00:06,  8.61it/s]
 78%|#######7  | 186/239 [00:19<00:06,  8.37it/s]
 78%|#######8  | 187/239 [00:19<00:06,  8.19it/s]
 79%|#######8  | 188/239 [00:19<00:06,  7.92it/s]
 79%|#######9  | 189/239 [00:19<00:06,  7.78it/s]
 79%|#######9  | 190/239 [00:20<00:06,  7.73it/s]
 80%|#######9  | 191/239 [00:20<00:06,  7.69it/s]
 80%|########  | 192/239 [00:20<00:06,  7.31it/s]
 81%|########  | 193/239 [00:20<00:06,  7.18it/s]
 81%|########1 | 194/239 [00:20<00:06,  7.22it/s]
 82%|########1 | 195/239 [00:20<00:06,  7.28it/s]
 82%|########2 | 197/239 [00:21<00:05,  7.94it/s]
 83%|########2 | 198/239 [00:21<00:05,  7.92it/s]
 84%|########3 | 200/239 [00:21<00:04,  8.51it/s]
 84%|########4 | 201/239 [00:21<00:04,  8.42it/s]
 85%|########4 | 202/239 [00:21<00:04,  8.29it/s]
 85%|########4 | 203/239 [00:21<00:04,  8.47it/s]
 85%|########5 | 204/239 [00:21<00:04,  8.09it/s]
 86%|########5 | 205/239 [00:21<00:04,  8.05it/s]
 86%|########6 | 206/239 [00:22<00:04,  8.17it/s]
 87%|########6 | 207/239 [00:22<00:03,  8.44it/s]
 87%|########7 | 208/239 [00:22<00:03,  7.99it/s]
 87%|########7 | 209/239 [00:22<00:03,  7.64it/s]
 88%|########7 | 210/239 [00:22<00:03,  7.90it/s]
 88%|########8 | 211/239 [00:22<00:03,  8.05it/s]
 89%|########9 | 213/239 [00:22<00:02,  8.77it/s]
 90%|########9 | 214/239 [00:23<00:02,  9.00it/s]
 90%|######### | 216/239 [00:23<00:02,  9.34it/s]
 91%|######### | 217/239 [00:23<00:02,  9.32it/s]
 92%|#########1| 219/239 [00:23<00:02,  9.79it/s]
 92%|#########2| 221/239 [00:23<00:01, 10.01it/s]
 93%|#########3| 223/239 [00:23<00:01, 10.77it/s]
 94%|#########4| 225/239 [00:24<00:01, 10.69it/s]
 95%|#########4| 227/239 [00:24<00:01, 10.16it/s]
 96%|#########5| 229/239 [00:24<00:00, 10.04it/s]
 97%|#########6| 231/239 [00:24<00:00,  9.96it/s]
 97%|#########7| 233/239 [00:24<00:00, 10.26it/s]
 98%|#########8| 235/239 [00:25<00:00, 10.34it/s]
 99%|#########9| 237/239 [00:25<00:00, 10.47it/s]
100%|##########| 239/239 [00:25<00:00, 10.65it/s]
100%|##########| 239/239 [00:25<00:00,  9.38it/s]
[final] summary: {"phase": "kd-t2p-kd", "kd_teacher": "runs/target/final", "kd_tau": 1.0, "kd_alpha": 0.5, "kd_skew": 0.0, "student_params_m": 100.68, "teacher_params_m": 226.53, "best_eval_loss": 2.747582197189331, "best_checkpoint": "E:\\python projects\\nano_SLMs\\runs\\kd-t2p-kd\\checkpoint-2000", "final_eval": {"eval_loss": 2.747582197189331, "eval_runtime": 25.5562, "eval_samples_per_second": 37.408, "eval_steps_per_second": 9.352, "epoch": 0.3417927027257968}, "resumed_from": null}
